{"type":"FeatureCollection","features":[{"type":"Feature","properties":{"code":"AT001","name":"Niederösterreich"},"geometry":{"type":"Polygon","coordinates":[[[15.1706,48.9594],[15.8207,48.8751],[16.6477,48.7862],[16.862,48.7138],[16.9429,48.6241],[16.9436,48.5283],[16.9259,48.5046],[16.8549,48.4531],[16.8471,48.3989],[16.8531,48.3412],[16.9511,48.2448],[17.0339,48.1357],[17.0459,48.1031],[16.7148,48.0122],[16.4595,47.9346],[16.3582,47.8708],[16.2899,47.8175],[16.2817,47.7856],[16.3058,47.7033],[16.3513,47.6664],[16.3651,47.6393],[16.3599,47.6083],[16.3284,47.5062],[16.3094,47.486],[16.2441,47.4393],[16.1678,47.4118],[16.1584,47.4356],[16.1174,47.4821],[16.0939,47.5067],[16.0624,47.5258],[15.7329,47.6898],[15.576,47.7506],[15.4152,47.7849],[15.3099,47.7891],[15.2732,47.7868],[15.1681,47.7541],[14.9233,47.713],[14.866,47.7163],[14.7797,47.7291],[14.7306,47.7508],[14.7336,47.7874],[14.6607,48.1202],[14.6621,48.163],[14.7035,48.1592],[14.9298,48.2004],[14.9571,48.2137],[14.9788,48.2936],[14.9106,48.5058],[14.874,48.5286],[14.7026,48.5828],[14.6738,48.5958],[14.7031,48.6228],[15.1706,48.9594]],[[16.3832,48.1268],[16.4459,48.1324],[16.4874,48.1448],[16.5322,48.1676],[16.5449,48.2033],[16.5481,48.239],[16.538,48.2668],[16.5137,48.2812],[16.4858,48.2897],[16.2752,48.2699],[16.1983,48.2555],[16.1862,48.2239],[16.1885,48.1644],[16.2129,48.1408],[16.2395,48.1306],[16.2706,48.1261],[16.3832,48.1268]]]}},{"type":"Feature","properties":{"code":"AT002","name":"Vorarlberg"},"geometry":{"type":"Polygon","coordinates":[[[9.9497,47.5275],[10.0823,47.4619],[10.197,47.3502],[10.1977,47.313],[10.1772,47.2172],[10.1592,46.9024],[10.16,46.854],[10.1242,46.8504],[10.0926,46.8564],[10.0658,46.8746],[9.9259,46.932],[9.8892,46.9527],[9.8868,46.9973],[9.8669,47.0179],[9.7722,47.041],[9.6664,47.057],[9.6292,47.0532],[9.6064,47.0677],[9.5449,47.2316],[9.5274,47.2623],[9.5552,47.2929],[9.6591,47.3728],[9.6649,47.4044],[9.6545,47.4359],[9.6221,47.4669],[9.589,47.4866],[9.6718,47.5023],[9.7039,47.5167],[9.6797,47.5433],[9.7081,47.5491],[9.8411,47.553],[9.9497,47.5275]]]}},{"type":"Feature","properties":{"code":"AT003","name":"Tirol"},"geometry":{"type":"Polygon","coordinates":[[[12.2696,47.6855],[12.4457,47.67],[12.5718,47.6255],[12.6466,47.5514],[12.6749,47.5168],[12.6904,47.4821],[12.6303,47.4194],[12.4889,47.3309],[12.4529,47.319],[12.3889,47.3084],[12.14,47.3031],[12.1043,47.2947],[12.0817,47.2761],[12.0814,47.2368],[12.09,47.1692],[12.1006,47.1366],[12.1367,47.0814],[11.9393,47.0385],[11.4901,47.0103],[11.3285,46.9933],[11.2082,46.971],[11.1165,46.927],[11.0907,46.901],[11.0726,46.8609],[11.0483,46.8501],[10.7641,46.8031],[10.7243,46.7997],[10.4937,46.8524],[10.4709,46.8654],[10.4808,46.9046],[10.482,46.9368],[10.4009,46.9934],[10.3689,46.989],[10.3383,46.9749],[10.2143,46.8754],[10.16,46.854],[10.1592,46.9024],[10.1772,47.2172],[10.1872,47.2766],[10.2245,47.2864],[10.4642,47.3764],[10.4721,47.5685],[10.8658,47.537],[10.8991,47.5294],[10.9789,47.4114],[11.0158,47.4012],[11.2711,47.4246],[11.2976,47.4308],[11.3579,47.4671],[11.3902,47.4975],[11.4168,47.5024],[11.4407,47.5168],[11.546,47.5114],[11.5904,47.5189],[11.6102,47.5874],[12.035,47.6544],[12.2696,47.6855]]]}},{"type":"Feature","properties":{"code":"AT004","name":"Osttirol"},"geometry":{"type":"Polygon","coordinates":[[[12.6491,46.6578],[12.4544,46.6852],[12.4476,46.715],[12.2593,47.0356],[12.2547,47.068],[12.6267,47.0973],[12.6555,47.1034],[12.6603,46.7114],[12.6491,46.6578]]]}},{"type":"Feature","properties":{"code":"AT005","name":"Salzburg"},"geometry":{"type":"Polygon","coordinates":[[[13.5585,47.4755],[13.5901,47.3263],[13.6065,47.289],[13.6403,47.2727],[13.7007,47.2621],[13.7882,47.2891],[13.8221,47.2888],[13.9605,47.1559],[13.9751,47.1203],[13.8494,46.9835],[13.8289,46.9552],[13.7919,46.9426],[13.7529,46.985],[13.6311,47.0464],[13.4484,47.0802],[12.7163,47.1281],[12.675,47.1212],[12.6555,47.1034],[12.6267,47.0973],[12.2547,47.068],[12.2028,47.073],[12.1367,47.0814],[12.1006,47.1366],[12.09,47.1692],[12.0814,47.2368],[12.0817,47.2761],[12.1043,47.2947],[12.14,47.3031],[12.3889,47.3084],[12.4529,47.319],[12.4889,47.3309],[12.6303,47.4194],[12.6904,47.4821],[12.6749,47.5168],[12.6466,47.5514],[12.5718,47.6255],[12.5913,47.6584],[12.6327,47.6744],[12.707,47.6894],[12.7827,47.6595],[12.7898,47.6245],[12.7903,47.5894],[12.8003,47.5556],[12.9146,47.4952],[12.9783,47.4706],[13.0071,47.4662],[13.0286,47.4827],[13.0479,47.504],[13.0859,47.61],[13.0934,47.6426],[13.0713,47.7011],[12.9982,47.8558],[12.9331,47.9458],[12.8611,48.0004],[12.9291,48.0217],[13.0248,48.0348],[13.0583,48.0286],[13.2711,47.9568],[13.4844,47.7855],[13.5323,47.7261],[13.5406,47.689],[13.5585,47.4755]]]}},{"type":"Feature","properties":{"code":"AT006","name":"Kärnten"},"geometry":{"type":"Polygon","coordinates":[[[13.8289,46.9552],[13.8578,46.9482],[13.9925,46.9678],[14.2357,46.9921],[14.8146,47.047],[14.8491,47.0442],[14.9642,46.9668],[15.0143,46.9205],[15.0212,46.8828],[15.038,46.6823],[15.0526,46.649],[14.9218,46.617],[14.8049,46.5351],[14.6039,46.4079],[14.5839,46.3901],[14.5435,46.4022],[14.0721,46.4885],[13.7478,46.517],[13.7071,46.51],[13.675,46.5252],[12.7471,46.6464],[12.699,46.6472],[12.6491,46.6578],[12.6603,46.7114],[12.6555,47.1034],[12.675,47.1212],[12.7163,47.1281],[12.7619,47.1277],[13.4484,47.0802],[13.6311,47.0464],[13.7529,46.985],[13.7919,46.9426],[13.8289,46.9552]]]}},{"type":"Feature","properties":{"code":"AT007","name":"Oberösterreich"},"geometry":{"type":"Polygon","coordinates":[[[14.6738,48.5958],[14.7026,48.5828],[14.874,48.5286],[14.9106,48.5058],[14.9788,48.2936],[14.9571,48.2137],[14.9298,48.2004],[14.7035,48.1592],[14.6621,48.163],[14.6607,48.1202],[14.7336,47.7874],[14.7306,47.7508],[14.3388,47.6122],[13.7565,47.4997],[13.5928,47.4858],[13.5585,47.4755],[13.5406,47.689],[13.5323,47.7261],[13.4844,47.7855],[13.2987,47.9379],[13.2711,47.9568],[13.0583,48.0286],[13.0248,48.0348],[12.9291,48.0217],[12.8611,48.0004],[12.8272,48.0216],[12.7568,48.079],[12.7419,48.1069],[12.7631,48.127],[13.0322,48.2597],[13.1474,48.2868],[13.1691,48.3019],[13.2058,48.2928],[13.2375,48.2919],[13.2717,48.2978],[13.3275,48.3238],[13.3831,48.3569],[13.4054,48.3774],[13.4456,48.4863],[13.467,48.5254],[13.5083,48.5693],[13.5352,48.5713],[13.6416,48.5385],[13.6778,48.5363],[13.8128,48.6651],[13.8305,48.7253],[13.8488,48.7615],[13.8867,48.7494],[14.0433,48.6802],[14.069,48.6748],[14.6738,48.5958]]]}},{"type":"Feature","properties":{"code":"AT008","name":"Burgenland"},"geometry":{"type":"Polygon","coordinates":[[[17.1477,48.012],[17.1351,47.9759],[17.0559,47.8802],[17.0251,47.8592],[16.7548,47.7507],[16.7188,47.7317],[16.6233,47.6178],[16.31,47.013],[16.2846,46.9861],[16.1168,46.8721],[16.062,46.8531],[16.0143,46.8432],[16.0378,46.8832],[16.1323,47.0099],[16.1134,47.1402],[16.0719,47.2705],[16.073,47.3098],[16.1678,47.4118],[16.2441,47.4393],[16.3094,47.486],[16.3284,47.5062],[16.3599,47.6083],[16.3651,47.6393],[16.3513,47.6664],[16.3058,47.7033],[16.2817,47.7856],[16.2899,47.8175],[16.3582,47.8708],[16.4595,47.9346],[16.7148,48.0122],[17.0459,48.1031],[17.1477,48.012]]]}},{"type":"Feature","properties":{"code":"AT009","name":"Steiermark"},"geometry":{"type":"Polygon","coordinates":[[[16.1678,47.4118],[16.073,47.3098],[16.0719,47.2705],[16.1134,47.1402],[16.1323,47.0099],[16.0378,46.8832],[15.9931,46.8022],[15.9871,46.7616],[15.966,46.7454],[15.8598,46.7158],[15.4263,46.6532],[15.0526,46.649],[15.038,46.6823],[15.0212,46.8828],[15.0143,46.9205],[14.9642,46.9668],[14.8491,47.0442],[14.8146,47.047],[14.2357,46.9921],[13.9925,46.9678],[13.8578,46.9482],[13.8289,46.9552],[13.8494,46.9835],[13.9751,47.1203],[13.9605,47.1559],[13.8221,47.2888],[13.7882,47.2891],[13.7007,47.2621],[13.6403,47.2727],[13.6065,47.289],[13.5901,47.3263],[13.5585,47.4755],[13.5928,47.4858],[13.7565,47.4997],[14.3388,47.6122],[14.7306,47.7508],[14.7797,47.7291],[14.866,47.7163],[14.9233,47.713],[15.1681,47.7541],[15.2732,47.7868],[15.3099,47.7891],[15.4152,47.7849],[15.4544,47.7778],[15.576,47.7506],[15.7072,47.7017],[16.0939,47.5067],[16.1584,47.4356],[16.1678,47.4118]]]}},{"type":"Feature","properties":{"code":"AT010","name":"Wien"},"geometry":{"type":"Polygon","coordinates":[[[16.3832,48.1268],[16.2706,48.1261],[16.2395,48.1306],[16.2129,48.1408],[16.1885,48.1644],[16.1862,48.2239],[16.1983,48.2555],[16.2752,48.2699],[16.4858,48.2897],[16.5137,48.2812],[16.538,48.2668],[16.5481,48.239],[16.5449,48.2033],[16.5322,48.1676],[16.4874,48.1448],[16.4459,48.1324],[16.3832,48.1268]]]}},{"type":"Feature","properties":{"code":"AT101","name":"Eisenstadt (Stadt)"},"geometry":{"type":"Polygon","coordinates":[[[16.5665,47.8839],[16.4839,47.869],[16.4972,47.8423],[16.4875,47.8365],[16.489,47.8296],[16.5308,47.7935],[16.5466,47.7942],[16.5385,47.8208],[16.5504,47.8309],[16.5797,47.8391],[16.584,47.8587],[16.5665,47.8839]]]}},{"type":"Feature","properties":{"code":"AT102","name":"Rust (Stadt)"},"geometry":{"type":"Polygon","coordinates":[[[16.7318,47.8094],[16.6669,47.8155],[16.6672,47.8259],[16.642,47.8188],[16.6494,47.7976],[16.6691,47.7868],[16.7245,47.7818],[16.7318,47.8094]]]}},{"type":"Feature","properties":{"code":"AT103","name":"Eisenstadt-Umgebung"},"geometry":{"type":"Polygon","coordinates":[[[16.5187,47.9436],[16.5053,47.9386],[16.4896,47.943],[16.4792,47.9374],[16.4667,47.9399],[16.4481,47.9336],[16.4192,47.9129],[16.4245,47.9117],[16.4198,47.9059],[16.4228,47.9019],[16.4197,47.8943],[16.4098,47.8931],[16.4162,47.8904],[16.4082,47.8844],[16.4125,47.8814],[16.4003,47.876],[16.3889,47.8816],[16.3691,47.8702],[16.3484,47.868],[16.388,47.8426],[16.3719,47.8311],[16.3772,47.8273],[16.3624,47.8233],[16.4031,47.7987],[16.4062,47.8032],[16.438,47.8001],[16.4446,47.8042],[16.4651,47.7886],[16.4698,47.7937],[16.4889,47.7925],[16.4925,47.787],[16.5013,47.7867],[16.5062,47.777],[16.4992,47.7616],[16.5095,47.7578],[16.5112,47.7496],[16.5376,47.74],[16.5488,47.7432],[16.548,47.7515],[16.6093,47.7604],[16.6339,47.7591],[16.6397,47.7483],[16.656,47.7417],[16.7209,47.7353],[16.7197,47.7635],[16.7245,47.7818],[16.6579,47.7898],[16.6494,47.7976],[16.642,47.8188],[16.6672,47.8259],[16.6669,47.8155],[16.7318,47.8094],[16.7411,47.8446],[16.8042,47.9026],[16.7529,47.9458],[16.7012,47.9738],[16.695,47.9643],[16.6647,47.9569],[16.6593,47.9612],[16.6516,47.9557],[16.6523,47.9492],[16.633,47.9454],[16.6322,47.9294],[16.574,47.8863],[16.5727,47.8936],[16.5566,47.9021],[16.553,47.9114],[16.5234,47.9348],[16.5187,47.9436]],[[16.4839,47.869],[16.5665,47.8839],[16.584,47.8587],[16.5797,47.8391],[16.5504,47.8309],[16.5385,47.8208],[16.5466,47.7942],[16.5308,47.7935],[16.489,47.8296],[16.4875,47.8365],[16.4972,47.8423],[16.4839,47.869]]]}},{"type":"Feature","properties":{"code":"AT104","name":"Güssing"},"geometry":{"type":"Polygon","coordinates":[[[16.4543,47.1423],[16.4416,47.1338],[16.4462,47.1278],[16.4184,47.1181],[16.4166,47.1224],[16.4206,47.1252],[16.4065,47.1325],[16.3975,47.1288],[16.3953,47.1349],[16.3863,47.1369],[16.3276,47.14],[16.3185,47.1567],[16.3273,47.1787],[16.2996,47.1873],[16.2839,47.1873],[16.2821,47.1955],[16.2532,47.2012],[16.2388,47.2119],[16.1935,47.2138],[16.1768,47.1998],[16.1509,47.2012],[16.1301,47.2122],[16.1237,47.2294],[16.0942,47.2349],[16.0848,47.2333],[16.0801,47.2273],[16.0886,47.2178],[16.0856,47.2112],[16.091,47.209],[16.091,47.1993],[16.1082,47.1771],[16.1063,47.171],[16.1135,47.1618],[16.1112,47.1565],[16.1168,47.1439],[16.1125,47.141],[16.1152,47.1325],[16.1379,47.1309],[16.1394,47.1152],[16.1557,47.1028],[16.129,47.0759],[16.1486,47.0718],[16.149,47.05],[16.1645,47.0378],[16.1738,47.046],[16.2328,47.0476],[16.2446,47.04],[16.2334,47.0285],[16.2382,47.0252],[16.235,47.0181],[16.2434,47.0203],[16.2471,47.0141],[16.2574,47.0119],[16.2574,47.016],[16.2685,47.0198],[16.2791,47.0154],[16.2887,47.0177],[16.2994,47.0084],[16.3023,46.9984],[16.3225,47.0026],[16.3434,46.9967],[16.3498,47.0104],[16.3673,47.0063],[16.3729,46.9984],[16.4126,47.0047],[16.4199,46.9963],[16.4314,46.9928],[16.4455,46.9932],[16.4461,47.0025],[16.4513,47.0042],[16.4802,46.9942],[16.4892,47.0004],[16.5123,47.001],[16.4637,47.0322],[16.4478,47.0227],[16.4389,47.0297],[16.4437,47.0382],[16.5065,47.0496],[16.5206,47.0562],[16.5205,47.0615],[16.5101,47.0663],[16.487,47.0689],[16.4825,47.075],[16.4729,47.0736],[16.4747,47.0853],[16.4634,47.095],[16.4747,47.1052],[16.4848,47.1026],[16.4829,47.1088],[16.5007,47.1102],[16.4999,47.1234],[16.5293,47.1272],[16.5288,47.1373],[16.5168,47.1493],[16.4543,47.1423]]]}},{"type":"Feature","properties":{"code":"AT105","name":"Jennersdorf"},"geometry":{"type":"Polygon","coordinates":[[[16.2759,46.9844],[16.2887,47.0177],[16.2791,47.0154],[16.2685,47.0198],[16.2574,47.016],[16.2574,47.0119],[16.2471,47.0141],[16.2434,47.0203],[16.235,47.0181],[16.2382,47.0252],[16.2334,47.0285],[16.2446,47.04],[16.2328,47.0476],[16.1738,47.046],[16.1645,47.0378],[16.155,47.0443],[16.1477,47.0534],[16.1486,47.0718],[16.129,47.0759],[16.1524,47.0972],[16.1549,47.1047],[16.1394,47.1152],[16.1379,47.1309],[16.115,47.1332],[16.1051,47.1145],[16.0929,47.1092],[16.0942,47.0938],[16.0866,47.0879],[16.0902,47.0816],[16.0866,47.0744],[16.0969,47.059],[16.1047,47.0608],[16.1112,47.0488],[16.1211,47.0447],[16.1182,47.0404],[16.1215,47.0396],[16.1144,47.0353],[16.1214,47.0308],[16.1143,47.0296],[16.1243,47.0271],[16.12,47.0244],[16.1309,47.0119],[16.1401,47.0091],[16.1352,47.007],[16.1381,47.0027],[16.1446,46.9982],[16.1488,47.0006],[16.1478,46.9946],[16.1555,46.9923],[16.1349,46.9948],[16.1217,46.9907],[16.1186,46.9801],[16.1069,46.972],[16.1093,46.9661],[16.095,46.9533],[16.0948,46.9343],[16.0702,46.9355],[16.0615,46.9133],[16.0462,46.9098],[16.0365,46.903],[16.0359,46.8931],[16.0139,46.8846],[16.0084,46.8579],[16.0013,46.8492],[16.0061,46.8452],[15.9962,46.8354],[16.0077,46.8307],[16.0281,46.8409],[16.0324,46.8327],[16.0423,46.8405],[16.0583,46.8387],[16.0656,46.8499],[16.079,46.8526],[16.0919,46.8646],[16.1,46.8607],[16.1103,46.8688],[16.1328,46.8756],[16.163,46.9049],[16.1792,46.9066],[16.1999,46.9418],[16.2172,46.9408],[16.2175,46.9361],[16.2221,46.9356],[16.2284,46.9432],[16.2455,46.9466],[16.2428,46.956],[16.2495,46.9613],[16.2764,46.9627],[16.2759,46.9844]]]}},{"type":"Feature","properties":{"code":"AT106","name":"Mattersburg"},"geometry":{"type":"Polygon","coordinates":[[[16.5376,47.74],[16.5112,47.7496],[16.5095,47.7578],[16.4992,47.7616],[16.5062,47.777],[16.5013,47.7867],[16.4925,47.787],[16.4889,47.7925],[16.4698,47.7937],[16.4651,47.7886],[16.4446,47.8042],[16.438,47.8001],[16.4062,47.8032],[16.4031,47.7987],[16.3978,47.8001],[16.3642,47.8233],[16.3498,47.8177],[16.3475,47.8047],[16.3316,47.8005],[16.3156,47.7846],[16.3075,47.7908],[16.3109,47.7969],[16.3078,47.8034],[16.3147,47.8048],[16.309,47.8073],[16.2782,47.8103],[16.2686,47.7949],[16.2687,47.7911],[16.2789,47.7926],[16.3035,47.7852],[16.2938,47.7683],[16.2998,47.7598],[16.2994,47.7488],[16.2911,47.7287],[16.2926,47.7183],[16.3108,47.6934],[16.3087,47.6872],[16.3332,47.6787],[16.3566,47.6793],[16.3517,47.6718],[16.3602,47.6574],[16.3849,47.6328],[16.4037,47.6366],[16.4215,47.6653],[16.4429,47.6738],[16.4473,47.6963],[16.454,47.6968],[16.4619,47.6827],[16.4747,47.6813],[16.476,47.6901],[16.4843,47.6914],[16.4863,47.6974],[16.4999,47.7047],[16.5169,47.7069],[16.5206,47.7123],[16.5422,47.7129],[16.5522,47.7225],[16.5365,47.7366],[16.5376,47.74]]]}},{"type":"Feature","properties":{"code":"AT107","name":"Neusiedl am See"},"geometry":{"type":"Polygon","coordinates":[[[16.7012,47.9738],[16.7529,47.9458],[16.8042,47.9026],[16.7411,47.8446],[16.7197,47.7635],[16.7215,47.7226],[16.749,47.6814],[16.8283,47.6827],[16.8391,47.7046],[16.8555,47.7111],[16.8669,47.7216],[16.8752,47.6883],[16.9125,47.6877],[17.0931,47.7082],[17.0704,47.728],[17.0672,47.7669],[17.051,47.794],[17.0745,47.8083],[17.0608,47.8227],[17.0469,47.8284],[17.0515,47.8379],[17.01,47.8584],[17.0178,47.8684],[17.04,47.8668],[17.0778,47.8775],[17.0852,47.8744],[17.1042,47.8993],[17.0956,47.9043],[17.1127,47.9274],[17.0909,47.9344],[17.117,47.9609],[17.0947,47.9709],[17.1607,48.0067],[17.1438,48.0202],[17.1267,48.0209],[17.1101,48.0312],[17.0899,48.0198],[17.0674,48.0314],[17.0878,48.0457],[17.0682,48.0554],[17.0868,48.0654],[17.0722,48.0705],[17.0789,48.0782],[17.0716,48.0809],[17.0746,48.0859],[17.0931,48.0914],[17.0878,48.0966],[17.0927,48.0996],[17.0729,48.1103],[17.077,48.115],[17.0667,48.1187],[17.0639,48.1098],[17.0438,48.1036],[17.036,48.0843],[17.0025,48.0927],[17.0288,48.1001],[17.0202,48.1056],[17.005,48.0991],[16.9977,48.1092],[16.9856,48.112],[16.9821,48.1046],[16.9755,48.1056],[16.9687,48.0962],[17.017,48.0741],[16.9968,48.0524],[16.9866,48.0291],[16.9792,48.0235],[16.969,48.0262],[16.975,48.0355],[16.969,48.041],[16.9196,48.051],[16.9152,48.0568],[16.92,48.0629],[16.9164,48.0677],[16.8965,48.0743],[16.8821,48.0682],[16.8738,48.0723],[16.8577,48.0608],[16.8565,48.0548],[16.8476,48.0567],[16.8409,48.0444],[16.8296,48.0405],[16.838,48.0328],[16.8299,48.0291],[16.7997,48.0289],[16.7943,48.0229],[16.782,48.0231],[16.7536,48.0119],[16.7457,48.015],[16.7374,48.0142],[16.7356,48.0097],[16.7021,48.0117],[16.7013,47.9883],[16.6956,47.9864],[16.7012,47.9738]]]}},{"type":"Feature","properties":{"code":"AT108","name":"Oberpullendorf"},"geometry":{"type":"Polygon","coordinates":[[[16.4218,47.6647],[16.4037,47.6366],[16.3849,47.6328],[16.3725,47.6425],[16.3677,47.6358],[16.3714,47.6234],[16.3542,47.62],[16.348,47.6162],[16.3533,47.6091],[16.3289,47.5979],[16.3302,47.5824],[16.3132,47.5653],[16.3158,47.5597],[16.3092,47.5465],[16.3378,47.5259],[16.3397,47.5162],[16.3278,47.4979],[16.312,47.489],[16.3143,47.4829],[16.297,47.478],[16.3054,47.4746],[16.3043,47.4688],[16.2902,47.464],[16.2811,47.4551],[16.2965,47.4531],[16.2923,47.4394],[16.3014,47.4292],[16.3023,47.4165],[16.3124,47.4059],[16.3347,47.3926],[16.3506,47.3949],[16.3501,47.3915],[16.3653,47.3862],[16.3765,47.3588],[16.3693,47.3526],[16.3864,47.3443],[16.4523,47.3571],[16.457,47.3672],[16.452,47.3811],[16.4614,47.3833],[16.4475,47.3979],[16.4454,47.4067],[16.4498,47.4102],[16.4582,47.4131],[16.4853,47.4089],[16.4901,47.4058],[16.4838,47.3979],[16.4966,47.3963],[16.4968,47.3893],[16.51,47.3965],[16.5079,47.405],[16.5169,47.4106],[16.574,47.4058],[16.5818,47.4197],[16.6118,47.4316],[16.6204,47.4308],[16.6268,47.4416],[16.6516,47.4489],[16.6491,47.4513],[16.662,47.4557],[16.6598,47.4614],[16.6705,47.4743],[16.6523,47.5003],[16.6625,47.509],[16.6689,47.5035],[16.6898,47.5104],[16.7056,47.5232],[16.7034,47.5334],[16.7145,47.5399],[16.6982,47.5456],[16.6889,47.5595],[16.6711,47.5601],[16.6644,47.5664],[16.6751,47.5788],[16.6664,47.5962],[16.6731,47.605],[16.6595,47.6061],[16.6521,47.6229],[16.6316,47.6282],[16.5936,47.6179],[16.5725,47.6199],[16.5144,47.6461],[16.5067,47.6385],[16.4969,47.6393],[16.4873,47.6418],[16.4805,47.6497],[16.4399,47.6567],[16.4218,47.6647]]]}},{"type":"Feature","properties":{"code":"AT109","name":"Oberwart"},"geometry":{"type":"Polygon","coordinates":[[[16.224,47.4274],[16.1269,47.4129],[16.1012,47.4148],[16.1002,47.407],[16.1076,47.4019],[16.1073,47.3967],[16.093,47.3901],[16.0822,47.3973],[16.0894,47.4007],[16.0881,47.4053],[16.0967,47.4065],[16.0835,47.4087],[16.0665,47.3977],[16.0639,47.385],[16.0301,47.3793],[16.034,47.3722],[16.0152,47.3671],[16.0307,47.3548],[16.0338,47.3566],[16.0353,47.344],[16.0435,47.3432],[16.0421,47.3395],[16.051,47.3335],[16.0478,47.327],[16.0531,47.3221],[16.0498,47.3188],[16.0596,47.3152],[16.0582,47.3065],[16.0625,47.3047],[16.059,47.2956],[16.0646,47.2948],[16.0633,47.2866],[16.0823,47.2623],[16.0787,47.2603],[16.0878,47.243],[16.0853,47.234],[16.1253,47.2286],[16.1301,47.2122],[16.1509,47.2012],[16.1768,47.1998],[16.1935,47.2138],[16.2373,47.2124],[16.2532,47.2012],[16.2821,47.1955],[16.2839,47.1873],[16.2996,47.1873],[16.3273,47.1787],[16.3185,47.1567],[16.3276,47.14],[16.3863,47.1369],[16.3953,47.1349],[16.3975,47.1288],[16.4065,47.1325],[16.4206,47.1252],[16.4166,47.1224],[16.4184,47.1181],[16.4462,47.1278],[16.4416,47.1338],[16.4543,47.1403],[16.4491,47.1519],[16.4606,47.1591],[16.4643,47.1686],[16.4543,47.188],[16.4282,47.185],[16.4169,47.2053],[16.4194,47.211],[16.4234,47.2077],[16.4366,47.2099],[16.435,47.2154],[16.4393,47.2179],[16.4367,47.2231],[16.4428,47.2337],[16.4417,47.2486],[16.4318,47.2529],[16.4487,47.2505],[16.4466,47.2534],[16.4611,47.256],[16.4671,47.2529],[16.4799,47.2626],[16.4799,47.2783],[16.4894,47.2803],[16.463,47.3358],[16.4485,47.3395],[16.4338,47.3529],[16.3864,47.3443],[16.3726,47.3491],[16.3693,47.3526],[16.3764,47.3598],[16.3653,47.3862],[16.3501,47.3915],[16.3506,47.3949],[16.3347,47.3926],[16.3023,47.4165],[16.3014,47.4292],[16.2919,47.4409],[16.2958,47.4535],[16.2725,47.4568],[16.2566,47.4514],[16.224,47.4274]]]}},{"type":"Feature","properties":{"code":"AT201","name":"Klagenfurt (Stadt)"},"geometry":{"type":"Polygon","coordinates":[[[14.2814,46.6854],[14.3053,46.6982],[14.2987,46.6995],[14.3047,46.7087],[14.2731,46.7075],[14.2538,46.697],[14.2372,46.7001],[14.215,46.6793],[14.2171,46.6759],[14.2109,46.6691],[14.2198,46.6655],[14.2193,46.6547],[14.2431,46.6537],[14.2241,46.6438],[14.2326,46.6432],[14.2334,46.637],[14.2409,46.635],[14.2385,46.6224],[14.2439,46.6186],[14.2393,46.6037],[14.2436,46.5997],[14.2365,46.5974],[14.2418,46.5928],[14.2366,46.5877],[14.2436,46.5787],[14.2668,46.5785],[14.2785,46.5846],[14.2867,46.5818],[14.2897,46.5744],[14.3169,46.5767],[14.3192,46.5878],[14.3263,46.5931],[14.32,46.5966],[14.3388,46.5989],[14.3581,46.6097],[14.3529,46.6128],[14.3547,46.6175],[14.3908,46.619],[14.388,46.6265],[14.4102,46.6287],[14.4142,46.6333],[14.4163,46.6402],[14.3994,46.6452],[14.3742,46.6407],[14.3684,46.6463],[14.3747,46.6536],[14.3691,46.6538],[14.3605,46.6648],[14.3519,46.6642],[14.3533,46.6762],[14.3339,46.6758],[14.3179,46.6634],[14.3174,46.6692],[14.2931,46.6663],[14.3005,46.6709],[14.2921,46.6745],[14.2968,46.6793],[14.2918,46.6845],[14.2814,46.6854]]]}},{"type":"Feature","properties":{"code":"AT202","name":"Villach (Stadt)"},"geometry":{"type":"Polygon","coordinates":[[[13.9532,46.6658],[13.879,46.648],[13.8403,46.6529],[13.8259,46.6649],[13.8083,46.6681],[13.7995,46.6621],[13.7955,46.6506],[13.8005,46.6442],[13.7917,46.6329],[13.7643,46.635],[13.7477,46.624],[13.7281,46.6219],[13.7294,46.6132],[13.6937,46.6074],[13.7138,46.5917],[13.7459,46.5889],[13.7451,46.5657],[13.7507,46.5625],[13.7584,46.5654],[13.7654,46.5587],[13.7867,46.5618],[13.7926,46.568],[13.8421,46.5707],[13.8394,46.5779],[13.8774,46.5858],[13.8923,46.5803],[13.9399,46.5772],[13.9406,46.583],[13.9597,46.583],[13.962,46.5891],[13.9787,46.5924],[13.9568,46.593],[13.9244,46.6132],[13.9274,46.6197],[13.9222,46.6231],[13.9313,46.632],[13.9273,46.6337],[13.932,46.6343],[13.9221,46.6454],[13.9447,46.6528],[13.9532,46.6658]]]}},{"type":"Feature","properties":{"code":"AT203","name":"Hermagor"},"geometry":{"type":"Polygon","coordinates":[[[13.465,46.656],[13.4065,46.6558],[13.3995,46.6637],[13.3813,46.6713],[13.3605,46.6721],[13.3268,46.6828],[13.3109,46.6971],[13.2972,46.6967],[13.2879,46.6908],[13.2457,46.7141],[13.2237,46.7134],[13.222,46.7044],[13.2147,46.7058],[13.206,46.6947],[13.1113,46.6833],[13.1024,46.6845],[13.0943,46.6984],[13.037,46.7011],[13.0238,46.7074],[12.9901,46.712],[12.9646,46.7258],[12.9116,46.7213],[12.8978,46.7287],[12.8893,46.7183],[12.8711,46.7245],[12.878,46.7375],[12.8432,46.7421],[12.8412,46.7493],[12.8137,46.749],[12.8126,46.7553],[12.8058,46.7567],[12.7571,46.7503],[12.7384,46.741],[12.7183,46.7406],[12.7119,46.7357],[12.7144,46.731],[12.7091,46.715],[12.7215,46.7029],[12.6902,46.7033],[12.6936,46.6931],[12.6837,46.68],[12.6901,46.6749],[12.6912,46.656],[12.7167,46.6487],[12.7301,46.6347],[12.7442,46.6374],[12.7563,46.6472],[12.7939,46.6429],[12.8091,46.6311],[12.819,46.6282],[12.8302,46.6315],[12.8373,46.6273],[12.8331,46.612],[12.8425,46.6064],[12.9286,46.6105],[12.9489,46.6022],[12.9565,46.6065],[12.9872,46.5994],[13.0215,46.6022],[13.0276,46.5972],[13.0466,46.5953],[13.0856,46.6018],[13.1463,46.5871],[13.1686,46.5889],[13.1791,46.5778],[13.1932,46.5723],[13.2173,46.5705],[13.2324,46.559],[13.2326,46.5536],[13.2397,46.5519],[13.2528,46.5605],[13.2608,46.5575],[13.2695,46.5613],[13.285,46.5573],[13.2973,46.5603],[13.3206,46.5512],[13.3439,46.5696],[13.3705,46.567],[13.3684,46.5738],[13.3722,46.5793],[13.4091,46.5715],[13.4075,46.5615],[13.4272,46.5575],[13.4747,46.5573],[13.5221,46.5686],[13.5493,46.5772],[13.5618,46.5933],[13.5646,46.602],[13.5479,46.6121],[13.544,46.6309],[13.5707,46.6389],[13.5775,46.6533],[13.5724,46.657],[13.564,46.6534],[13.5063,46.6537],[13.4797,46.6683],[13.4644,46.663],[13.465,46.656]]]}},{"type":"Feature","properties":{"code":"AT204","name":"Klagenfurt (Land)"},"geometry":{"type":"Polygon","coordinates":[[[14.2334,46.7002],[14.2271,46.6963],[14.2035,46.702],[14.2008,46.6975],[14.197,46.7043],[14.1859,46.7008],[14.1596,46.6761],[14.142,46.687],[14.1264,46.6735],[14.0967,46.6716],[14.0872,46.6768],[14.052,46.6611],[14.0548,46.6424],[14.0625,46.6362],[14.0551,46.6326],[14.056,46.6258],[14.0712,46.6237],[14.0698,46.6161],[14.0776,46.6123],[14.0791,46.6008],[14.0484,46.5914],[14.0562,46.5914],[14.0628,46.5847],[14.0604,46.5815],[14.0936,46.5597],[14.0844,46.5498],[14.0938,46.5366],[14.1041,46.5405],[14.124,46.5346],[14.1185,46.5248],[14.1194,46.5088],[14.1131,46.4972],[14.1162,46.49],[14.1114,46.4788],[14.1215,46.4766],[14.1351,46.4587],[14.1349,46.4511],[14.1632,46.4336],[14.1765,46.434],[14.1913,46.4428],[14.2077,46.4393],[14.2158,46.4432],[14.2372,46.4322],[14.2832,46.4435],[14.3017,46.4382],[14.3111,46.4304],[14.4108,46.4465],[14.4296,46.447],[14.4354,46.4431],[14.4379,46.4493],[14.4641,46.4592],[14.4659,46.4946],[14.4871,46.506],[14.4769,46.5145],[14.45,46.5187],[14.4558,46.5251],[14.4551,46.5332],[14.4698,46.5425],[14.4575,46.5517],[14.4567,46.5643],[14.4629,46.5693],[14.4743,46.5597],[14.488,46.564],[14.4973,46.5834],[14.5258,46.6079],[14.5218,46.6093],[14.5294,46.6218],[14.528,46.6287],[14.506,46.6487],[14.5412,46.6582],[14.4951,46.6879],[14.4858,46.6911],[14.4667,46.6879],[14.4707,46.7023],[14.4539,46.7058],[14.4484,46.7115],[14.4592,46.7123],[14.4645,46.7169],[14.4586,46.7147],[14.4471,46.7199],[14.4448,46.7289],[14.4389,46.7276],[14.4377,46.7212],[14.4242,46.7338],[14.3908,46.7169],[14.3834,46.7255],[14.3747,46.7174],[14.3577,46.7242],[14.3575,46.7109],[14.3423,46.7],[14.3346,46.7075],[14.3027,46.6937],[14.2949,46.6959],[14.2814,46.6854],[14.2918,46.6845],[14.2975,46.6779],[14.2921,46.6745],[14.3005,46.6709],[14.2931,46.6663],[14.3012,46.6648],[14.3174,46.6692],[14.3179,46.6634],[14.3339,46.6758],[14.3533,46.6762],[14.3519,46.6642],[14.3605,46.6648],[14.3691,46.6538],[14.3747,46.6536],[14.3684,46.6463],[14.3742,46.6407],[14.3994,46.6452],[14.4163,46.6402],[14.4142,46.6333],[14.4102,46.6287],[14.388,46.6265],[14.3908,46.619],[14.3547,46.6175],[14.3529,46.6128],[14.3581,46.6097],[14.3388,46.5989],[14.32,46.5966],[14.3263,46.5931],[14.3192,46.5878],[14.3169,46.5767],[14.2897,46.5744],[14.2867,46.5818],[14.2785,46.5846],[14.2668,46.5785],[14.2436,46.5787],[14.2366,46.5877],[14.2418,46.5928],[14.2365,46.5974],[14.2436,46.5997],[14.2393,46.6037],[14.2439,46.6186],[14.2385,46.6224],[14.2409,46.635],[14.2334,46.637],[14.2326,46.6432],[14.2241,46.6438],[14.2431,46.6537],[14.2193,46.6547],[14.2198,46.6655],[14.2109,46.6691],[14.2334,46.7002]]]}},{"type":"Feature","properties":{"code":"AT205","name":"Sankt Veit an der Glan"},"geometry":{"type":"Polygon","coordinates":[[[14.2949,46.6959],[14.3027,46.6937],[14.3346,46.7075],[14.3423,46.7],[14.3575,46.7109],[14.3577,46.7242],[14.3747,46.7174],[14.3834,46.7255],[14.3928,46.7171],[14.4272,46.7338],[14.4377,46.7212],[14.4389,46.7276],[14.4448,46.7289],[14.4471,46.7199],[14.4586,46.7147],[14.4645,46.7169],[14.4592,46.7123],[14.4484,46.7115],[14.4539,46.7058],[14.4707,46.7023],[14.4667,46.6879],[14.4858,46.6911],[14.4974,46.6864],[14.5111,46.7023],[14.5094,46.7056],[14.528,46.7121],[14.5199,46.7189],[14.5298,46.7257],[14.5288,46.7362],[14.5363,46.7413],[14.568,46.7192],[14.5728,46.7222],[14.5744,46.735],[14.5857,46.739],[14.5994,46.7362],[14.6028,46.7407],[14.5966,46.7462],[14.6045,46.7491],[14.5914,46.7564],[14.5943,46.7616],[14.6337,46.7505],[14.6329,46.7799],[14.6482,46.795],[14.6469,46.8059],[14.6571,46.8155],[14.6497,46.8317],[14.6513,46.8537],[14.6424,46.8616],[14.641,46.8752],[14.647,46.8893],[14.6628,46.8976],[14.6738,46.9151],[14.6782,46.9242],[14.6731,46.9435],[14.6849,46.9552],[14.6704,46.9653],[14.6347,46.9778],[14.6153,46.9979],[14.5928,47.0016],[14.5868,47.0115],[14.516,47.0099],[14.5164,47.0134],[14.5032,47.019],[14.5058,47.0282],[14.4779,47.0194],[14.4719,47.0077],[14.4582,47.0139],[14.4567,46.9959],[14.4302,47.0005],[14.431,46.9971],[14.4058,46.9895],[14.3962,46.9807],[14.3859,46.98],[14.3768,46.9938],[14.377,47.0079],[14.3828,47.0139],[14.3657,47.0247],[14.3376,47.0242],[14.3285,47.0298],[14.2648,47.0259],[14.2502,47.0347],[14.235,47.0258],[14.2245,47.0355],[14.2222,47.0505],[14.2031,47.0772],[14.1625,47.0524],[14.131,47.062],[14.1235,47.0558],[14.1235,47.0422],[14.1018,47.0381],[14.068,47.0104],[14.049,47.004],[14.0297,47.0069],[14.0124,47.0038],[14.0164,46.9876],[14.0057,46.9785],[14.0093,46.9749],[14.0061,46.9705],[13.9497,46.9579],[13.9517,46.9426],[13.9429,46.936],[13.9479,46.925],[13.9449,46.9223],[13.955,46.9176],[13.9835,46.9175],[13.9849,46.9114],[13.9934,46.91],[13.9999,46.8639],[14.0346,46.8472],[14.0495,46.8516],[14.0779,46.8428],[14.0871,46.8447],[14.1051,46.8351],[14.103,46.8317],[14.1359,46.8523],[14.1373,46.8482],[14.1225,46.8429],[14.1234,46.8384],[14.1299,46.8378],[14.1257,46.8283],[14.1178,46.8162],[14.1079,46.8107],[14.1362,46.8028],[14.1384,46.8108],[14.1527,46.8092],[14.1596,46.8059],[14.1612,46.799],[14.1676,46.8021],[14.1735,46.7978],[14.1575,46.7911],[14.1596,46.7832],[14.1693,46.7845],[14.171,46.78],[14.1822,46.7771],[14.1832,46.782],[14.1959,46.7859],[14.2078,46.7788],[14.2081,46.7736],[14.2026,46.7719],[14.2094,46.7673],[14.2055,46.7624],[14.1977,46.7637],[14.1825,46.7567],[14.1871,46.7481],[14.2047,46.7493],[14.202,46.7363],[14.2427,46.7416],[14.2588,46.7379],[14.2625,46.729],[14.2485,46.7262],[14.2511,46.7188],[14.2336,46.71],[14.2384,46.7069],[14.2314,46.6967],[14.2433,46.7007],[14.2538,46.697],[14.2731,46.7075],[14.3047,46.7087],[14.2987,46.6995],[14.3053,46.6982],[14.2949,46.6959]]]}},{"type":"Feature","properties":{"code":"AT206","name":"Spittal an der Drau"},"geometry":{"type":"Polygon","coordinates":[[[13.8278,46.7827],[13.8432,46.7976],[13.839,46.8167],[13.8462,46.8312],[13.8346,46.8379],[13.8434,46.8436],[13.8289,46.8543],[13.8115,46.8536],[13.8162,46.8686],[13.788,46.8815],[13.7969,46.8936],[13.795,46.9126],[13.8154,46.9185],[13.8044,46.9292],[13.7848,46.9376],[13.7847,46.9439],[13.7756,46.9483],[13.778,46.9574],[13.7717,46.9771],[13.7586,46.9823],[13.7584,46.9892],[13.7453,46.9939],[13.7337,46.9892],[13.7221,46.9913],[13.707,46.9955],[13.6937,47.0061],[13.6875,47.0291],[13.6955,47.0333],[13.6933,47.0402],[13.647,47.0396],[13.6376,47.0555],[13.6157,47.0592],[13.5788,47.0522],[13.458,47.0803],[13.4391,47.0779],[13.4276,47.0814],[13.4028,47.0695],[13.3821,47.0803],[13.3801,47.0925],[13.3629,47.0988],[13.3326,47.0956],[13.3101,47.0861],[13.2773,47.0952],[13.2482,47.0858],[13.2394,47.0715],[13.2455,47.0679],[13.2481,47.0506],[13.1332,47.0348],[13.1236,47.0266],[13.0803,47.0268],[13.073,47.0134],[13.0199,47.0302],[13.0179,47.0415],[13.0031,47.0439],[12.9854,47.0356],[12.9648,47.039],[12.953,47.0493],[12.9556,47.0542],[12.9432,47.0592],[12.9375,47.0762],[12.9193,47.0816],[12.8709,47.0863],[12.8597,47.0807],[12.8465,47.0812],[12.8368,47.0828],[12.8203,47.0977],[12.7838,47.0925],[12.7728,47.1009],[12.7388,47.1003],[12.7331,47.1044],[12.7357,47.1115],[12.7309,47.131],[12.713,47.1281],[12.7039,47.1215],[12.666,47.1224],[12.673,47.1093],[12.6569,47.1],[12.6996,47.0731],[12.7146,47.0447],[12.7424,47.0418],[12.7578,47.0458],[12.7723,47.0402],[12.7561,47.0335],[12.7549,47.0249],[12.7358,47.013],[12.7375,47.0038],[12.7246,46.9958],[12.7259,46.9924],[12.739,46.9788],[12.7446,46.9605],[12.7596,46.9566],[12.7696,46.9448],[12.7864,46.9396],[12.7829,46.9319],[12.8371,46.9125],[12.8318,46.9008],[12.8419,46.893],[12.8412,46.861],[12.8865,46.8425],[12.8979,46.8245],[12.9141,46.8214],[12.9648,46.7966],[12.9639,46.7857],[12.9531,46.7822],[12.9448,46.7695],[12.9314,46.764],[12.8994,46.7768],[12.8787,46.7635],[12.8568,46.7602],[12.8412,46.7493],[12.8432,46.7421],[12.878,46.7375],[12.8711,46.7245],[12.8893,46.7183],[12.8978,46.7287],[12.9116,46.7213],[12.9646,46.7258],[12.9901,46.712],[13.0238,46.7074],[13.037,46.7011],[13.0943,46.6984],[13.1024,46.6845],[13.1125,46.6832],[13.206,46.6947],[13.2147,46.7058],[13.222,46.7044],[13.2237,46.7134],[13.2457,46.7141],[13.2879,46.6908],[13.2972,46.6967],[13.3119,46.6969],[13.3268,46.6828],[13.3605,46.6721],[13.3813,46.6713],[13.4128,46.6551],[13.4328,46.6572],[13.43,46.6764],[13.4384,46.6809],[13.4183,46.6871],[13.4201,46.6973],[13.4089,46.6977],[13.4092,46.7054],[13.4416,46.7023],[13.4403,46.7138],[13.4226,46.7293],[13.4375,46.7359],[13.428,46.7488],[13.4421,46.7592],[13.4435,46.7657],[13.4537,46.7698],[13.4626,46.7569],[13.4926,46.7547],[13.5059,46.7459],[13.531,46.7536],[13.5333,46.7501],[13.5407,46.7565],[13.5876,46.744],[13.6165,46.7587],[13.6038,46.7652],[13.608,46.7715],[13.6191,46.7765],[13.6502,46.7663],[13.6804,46.7946],[13.7267,46.7864],[13.7525,46.7898],[13.7581,46.7855],[13.775,46.7938],[13.8278,46.7827]]]}},{"type":"Feature","properties":{"code":"AT207","name":"Villach (Land)"},"geometry":{"type":"Polygon","coordinates":[[[13.9549,46.6551],[13.9219,46.6448],[13.932,46.6343],[13.9273,46.6337],[13.9313,46.632],[13.9222,46.6231],[13.9274,46.6197],[13.9244,46.6132],[13.954,46.5941],[13.9784,46.5937],[13.9779,46.5908],[13.962,46.5891],[13.9597,46.583],[13.9406,46.583],[13.9399,46.5772],[13.8923,46.5803],[13.8815,46.5858],[13.8603,46.5836],[13.8394,46.5779],[13.8426,46.5708],[13.7926,46.568],[13.7867,46.5618],[13.7674,46.5585],[13.7584,46.5654],[13.7507,46.5625],[13.7451,46.5657],[13.7459,46.5889],[13.7327,46.5924],[13.723,46.5887],[13.6967,46.6042],[13.6947,46.6081],[13.7294,46.6132],[13.7281,46.6219],[13.7477,46.624],[13.7643,46.635],[13.7917,46.6329],[13.8005,46.6442],[13.7955,46.6506],[13.7995,46.6621],[13.8083,46.6681],[13.8259,46.6649],[13.8403,46.6529],[13.879,46.648],[13.9532,46.6658],[13.9591,46.6745],[13.938,46.6832],[13.9376,46.6878],[13.925,46.6884],[13.9202,46.6951],[13.9304,46.7041],[13.9532,46.7087],[13.9609,46.7157],[13.9547,46.7211],[13.9592,46.7252],[13.9547,46.7288],[13.9563,46.7344],[13.9531,46.7382],[13.9468,46.7354],[13.9488,46.7464],[13.9404,46.7557],[13.924,46.7567],[13.924,46.7638],[13.9101,46.7653],[13.9118,46.7711],[13.9071,46.7651],[13.8772,46.7601],[13.8565,46.7799],[13.8293,46.7782],[13.8278,46.7827],[13.8138,46.7876],[13.775,46.7938],[13.7581,46.7855],[13.7525,46.7898],[13.7267,46.7864],[13.6804,46.7946],[13.6502,46.7663],[13.6191,46.7765],[13.608,46.7715],[13.6038,46.7652],[13.6165,46.7587],[13.5876,46.744],[13.5407,46.7565],[13.5333,46.7501],[13.531,46.7536],[13.5059,46.7459],[13.4926,46.7547],[13.4626,46.7569],[13.4537,46.7698],[13.4435,46.7657],[13.4421,46.7592],[13.428,46.7488],[13.4375,46.7359],[13.4226,46.7293],[13.4403,46.7138],[13.4416,46.7023],[13.4092,46.7054],[13.4089,46.6977],[13.4201,46.6973],[13.4183,46.6871],[13.4384,46.6809],[13.43,46.6764],[13.4328,46.6572],[13.4371,46.6546],[13.465,46.656],[13.4644,46.663],[13.4797,46.6683],[13.5063,46.6537],[13.564,46.6534],[13.5724,46.657],[13.5775,46.6533],[13.5707,46.6389],[13.5542,46.6309],[13.545,46.6341],[13.5433,46.6213],[13.5494,46.6175],[13.5479,46.6121],[13.5655,46.5996],[13.5493,46.5772],[13.5042,46.5663],[13.5054,46.5559],[13.5115,46.5554],[13.5167,46.5479],[13.5427,46.5536],[13.561,46.5519],[13.5709,46.5388],[13.5829,46.5397],[13.592,46.5462],[13.6229,46.5421],[13.6808,46.5217],[13.7215,46.5235],[13.7374,46.5171],[13.778,46.5174],[13.7801,46.5121],[13.7944,46.5053],[13.8122,46.5062],[13.8313,46.5187],[13.8553,46.5139],[13.882,46.5228],[13.912,46.5211],[13.9888,46.4929],[13.9895,46.4883],[14.0065,46.4814],[14.0209,46.4816],[14.0346,46.491],[14.0507,46.4932],[14.1114,46.4788],[14.1162,46.49],[14.1131,46.4972],[14.1194,46.5088],[14.1185,46.5248],[14.1244,46.5338],[14.1041,46.5405],[14.0938,46.5366],[14.0844,46.5498],[14.0936,46.5597],[14.0604,46.5815],[14.0628,46.5847],[14.0562,46.5914],[14.0484,46.5914],[14.0791,46.6008],[14.0776,46.6123],[14.0698,46.6161],[14.0712,46.6237],[14.056,46.6258],[14.0551,46.6326],[14.0625,46.6362],[14.0548,46.6424],[14.0497,46.6647],[14.0124,46.6659],[13.9855,46.6552],[13.9549,46.6551]]]}},{"type":"Feature","properties":{"code":"AT208","name":"Völkermarkt"},"geometry":{"type":"Polygon","coordinates":[[[14.6522,46.8257],[14.6571,46.8155],[14.6469,46.8059],[14.6482,46.795],[14.6329,46.7799],[14.6337,46.7505],[14.5943,46.7616],[14.5914,46.7564],[14.6045,46.7491],[14.5966,46.7462],[14.6028,46.7407],[14.5994,46.7362],[14.5857,46.739],[14.5744,46.735],[14.5728,46.7222],[14.568,46.7192],[14.5363,46.7413],[14.5288,46.7362],[14.5298,46.7257],[14.5199,46.7189],[14.528,46.7121],[14.5094,46.7056],[14.5111,46.7023],[14.5004,46.6941],[14.5045,46.6918],[14.4976,46.6852],[14.5163,46.6768],[14.5179,46.6704],[14.5429,46.6562],[14.506,46.6487],[14.528,46.6287],[14.5294,46.6218],[14.5218,46.6093],[14.5258,46.6079],[14.4973,46.5834],[14.488,46.564],[14.4743,46.5597],[14.4629,46.5693],[14.4567,46.5643],[14.4575,46.5517],[14.4698,46.5425],[14.4551,46.5332],[14.4558,46.5251],[14.45,46.5187],[14.4769,46.5145],[14.4871,46.506],[14.4659,46.4946],[14.4641,46.4592],[14.4379,46.4493],[14.4345,46.4429],[14.4387,46.4408],[14.4302,46.4372],[14.4435,46.4226],[14.4764,46.4198],[14.4794,46.4134],[14.4922,46.4129],[14.5032,46.4229],[14.5218,46.4273],[14.5399,46.4116],[14.5537,46.3916],[14.5568,46.377],[14.5635,46.3723],[14.5817,46.3816],[14.5787,46.3841],[14.5861,46.3923],[14.5894,46.4096],[14.5825,46.4181],[14.5863,46.4296],[14.596,46.4368],[14.6597,46.4445],[14.6748,46.4507],[14.6792,46.458],[14.6757,46.4616],[14.6832,46.4679],[14.6991,46.4636],[14.7024,46.4673],[14.6979,46.4746],[14.7092,46.481],[14.7148,46.4999],[14.7279,46.4912],[14.7413,46.5052],[14.7483,46.4976],[14.7591,46.5044],[14.7768,46.5046],[14.7855,46.4995],[14.8186,46.5094],[14.8176,46.522],[14.8252,46.53],[14.8228,46.5352],[14.8317,46.5391],[14.8231,46.5459],[14.8323,46.5487],[14.8403,46.5728],[14.852,46.5806],[14.8565,46.5922],[14.8646,46.5934],[14.8671,46.6044],[14.8867,46.6126],[14.9008,46.6119],[14.9044,46.6049],[14.9205,46.6024],[14.9228,46.6209],[14.9313,46.6153],[14.9557,46.6327],[14.9199,46.654],[14.8887,46.6479],[14.8796,46.6501],[14.8544,46.6677],[14.86,46.678],[14.8336,46.6734],[14.8063,46.6758],[14.8021,46.6911],[14.7605,46.7172],[14.7539,46.7314],[14.7606,46.7374],[14.7559,46.7439],[14.7597,46.7479],[14.7525,46.7617],[14.732,46.7672],[14.7294,46.7777],[14.7162,46.7848],[14.7142,46.7908],[14.6965,46.7982],[14.6839,46.8124],[14.6522,46.8257]]]}},{"type":"Feature","properties":{"code":"AT209","name":"Wolfsberg"},"geometry":{"type":"Polygon","coordinates":[[[15.027,46.9097],[15.0171,46.9227],[14.9976,46.9309],[14.9669,46.9818],[14.9587,46.9885],[14.904,47.0003],[14.8732,47.0225],[14.8562,47.0253],[14.8404,47.0384],[14.8424,47.0486],[14.8305,47.0496],[14.7953,47.0365],[14.7672,47.0385],[14.7322,47.0268],[14.7269,47.0224],[14.7291,47.0162],[14.7226,47.0206],[14.6277,47.0136],[14.6153,46.9979],[14.6347,46.9778],[14.6704,46.9653],[14.6855,46.9541],[14.6731,46.9435],[14.6782,46.9242],[14.6738,46.9151],[14.6628,46.8976],[14.647,46.8893],[14.641,46.8752],[14.6424,46.8616],[14.6513,46.8537],[14.6497,46.8317],[14.6543,46.8225],[14.6839,46.8124],[14.6965,46.7982],[14.7073,46.7955],[14.7294,46.7777],[14.732,46.7672],[14.7525,46.7617],[14.7597,46.7479],[14.7559,46.7439],[14.7606,46.7374],[14.7539,46.7314],[14.7605,46.7172],[14.8021,46.6911],[14.8063,46.6758],[14.8336,46.6734],[14.86,46.678],[14.8544,46.6677],[14.8863,46.6478],[14.9206,46.6538],[14.9692,46.626],[14.9794,46.6014],[15.0162,46.6408],[15.041,46.6518],[15.0651,46.6521],[15.0635,46.6589],[15.0494,46.6661],[15.0507,46.6701],[15.0346,46.6659],[15.0224,46.6725],[15.0305,46.678],[15.0345,46.7058],[15.0444,46.7147],[15.0427,46.7234],[15.0359,46.7283],[15.0446,46.733],[15.0331,46.7425],[15.0272,46.7593],[15.0308,46.7689],[14.9763,46.7848],[14.9904,46.8224],[15.0134,46.8332],[15.0196,46.8443],[15.0091,46.8565],[15.0082,46.8799],[15.0175,46.8836],[15.027,46.9097]]]}},{"type":"Feature","properties":{"code":"AT210","name":"Feldkirchen"},"geometry":{"type":"Polygon","coordinates":[[[13.8278,46.7827],[13.8293,46.7782],[13.8565,46.7799],[13.8829,46.7589],[13.9071,46.7651],[13.9118,46.7711],[13.9101,46.7653],[13.924,46.7638],[13.9228,46.7575],[13.9394,46.7561],[13.9481,46.7481],[13.9468,46.7354],[13.955,46.7365],[13.9592,46.7252],[13.9547,46.7211],[13.9609,46.7157],[13.9532,46.7087],[13.9304,46.7041],[13.9202,46.6951],[13.925,46.6884],[13.9376,46.6878],[13.938,46.6832],[13.9593,46.675],[13.9447,46.6528],[13.9245,46.6492],[13.927,46.6472],[13.9549,46.6551],[13.9855,46.6552],[14.0124,46.6659],[14.0497,46.6647],[14.052,46.6611],[14.0872,46.6768],[14.0967,46.6716],[14.1264,46.6735],[14.142,46.687],[14.1596,46.6761],[14.1859,46.7008],[14.196,46.704],[14.2008,46.6975],[14.2035,46.702],[14.2271,46.6963],[14.2382,46.7061],[14.2336,46.71],[14.2383,46.7092],[14.24,46.7159],[14.2511,46.7188],[14.2485,46.7262],[14.2625,46.729],[14.2588,46.7379],[14.2518,46.7414],[14.202,46.7363],[14.2047,46.7493],[14.1871,46.7481],[14.1825,46.7567],[14.1977,46.7637],[14.2055,46.7624],[14.2094,46.7673],[14.2026,46.7719],[14.2081,46.7736],[14.2078,46.7788],[14.1959,46.7859],[14.1832,46.782],[14.1822,46.7771],[14.171,46.78],[14.1693,46.7845],[14.1596,46.7832],[14.1575,46.7911],[14.1735,46.7978],[14.1676,46.8021],[14.1612,46.799],[14.1596,46.8059],[14.1527,46.8092],[14.1384,46.8108],[14.1362,46.8028],[14.1079,46.8107],[14.1178,46.8162],[14.1257,46.8283],[14.1299,46.8378],[14.1234,46.8384],[14.1225,46.8429],[14.1373,46.8482],[14.1359,46.8523],[14.103,46.8317],[14.1051,46.8351],[14.0871,46.8447],[14.0779,46.8428],[14.0495,46.8516],[14.0346,46.8472],[14.0141,46.8546],[13.9986,46.865],[14.0007,46.8788],[13.9934,46.91],[13.9849,46.9114],[13.9835,46.9175],[13.946,46.9204],[13.9426,46.9328],[13.9467,46.9406],[13.9344,46.9456],[13.9112,46.933],[13.9003,46.9337],[13.8809,46.917],[13.866,46.9199],[13.8482,46.9093],[13.8427,46.9139],[13.8094,46.9189],[13.795,46.9126],[13.7969,46.8936],[13.788,46.8815],[13.8162,46.8686],[13.8115,46.8536],[13.8289,46.8543],[13.8434,46.8436],[13.8346,46.8379],[13.8462,46.8312],[13.839,46.8167],[13.8432,46.7976],[13.8278,46.7827]]]}},{"type":"Feature","properties":{"code":"AT301","name":"Krems an der Donau (Stadt)"},"geometry":{"type":"Polygon","coordinates":[[[15.7286,48.3758],[15.7063,48.3882],[15.6928,48.3859],[15.6758,48.391],[15.6663,48.4031],[15.6718,48.4043],[15.6717,48.4096],[15.6579,48.4073],[15.6526,48.4138],[15.643,48.4155],[15.6361,48.4357],[15.6377,48.4432],[15.6457,48.4434],[15.6457,48.4508],[15.6301,48.4494],[15.6199,48.4416],[15.614,48.4435],[15.6147,48.4387],[15.5947,48.4433],[15.5799,48.4339],[15.5372,48.4394],[15.5257,48.4363],[15.5354,48.4293],[15.5338,48.4195],[15.525,48.4164],[15.5359,48.4093],[15.5479,48.4131],[15.5591,48.4087],[15.5526,48.4037],[15.5616,48.3992],[15.5594,48.3913],[15.5864,48.4009],[15.634,48.4046],[15.6366,48.3972],[15.6291,48.3818],[15.6388,48.379],[15.6277,48.3713],[15.6541,48.3765],[15.6675,48.374],[15.6667,48.3685],[15.6933,48.3684],[15.7286,48.3758]]]}},{"type":"Feature","properties":{"code":"AT302","name":"Sankt Pölten (Stadt)"},"geometry":{"type":"Polygon","coordinates":[[[15.6656,48.193],[15.6762,48.1994],[15.6926,48.1967],[15.6948,48.205],[15.7213,48.2094],[15.7295,48.217],[15.7219,48.2176],[15.7318,48.2196],[15.7368,48.23],[15.7263,48.2495],[15.7347,48.2581],[15.7326,48.2605],[15.7392,48.2622],[15.7361,48.2665],[15.7167,48.2628],[15.7078,48.2683],[15.6957,48.2616],[15.6712,48.2625],[15.6626,48.2426],[15.6378,48.248],[15.6271,48.2388],[15.6121,48.2359],[15.6135,48.2324],[15.5927,48.2277],[15.5857,48.2322],[15.5792,48.2231],[15.5829,48.2183],[15.5755,48.2125],[15.5765,48.2085],[15.5814,48.2099],[15.5758,48.2062],[15.5775,48.1986],[15.5726,48.1982],[15.5745,48.1904],[15.5617,48.1871],[15.5613,48.1823],[15.556,48.1821],[15.5561,48.1745],[15.5648,48.1627],[15.5703,48.1638],[15.5698,48.1678],[15.5902,48.166],[15.5928,48.1491],[15.5785,48.1439],[15.579,48.1321],[15.6057,48.1212],[15.6178,48.1236],[15.6411,48.1186],[15.6533,48.1267],[15.6485,48.1302],[15.6551,48.1332],[15.655,48.1429],[15.6477,48.1448],[15.6552,48.1506],[15.6421,48.1585],[15.6415,48.1667],[15.6456,48.1757],[15.6655,48.1807],[15.6656,48.193]]]}},{"type":"Feature","properties":{"code":"AT303","name":"Waidhofen an der Ybbs (Stadt)"},"geometry":{"type":"Polygon","coordinates":[[[14.7696,47.8796],[14.7869,47.8816],[14.8085,47.8979],[14.822,47.8991],[14.8196,47.9087],[14.8278,47.9138],[14.8343,47.9097],[14.8368,47.9218],[14.8278,47.9259],[14.8204,47.9467],[14.8307,47.9683],[14.8722,47.9712],[14.8979,47.9787],[14.9193,47.9737],[14.9256,47.9828],[14.9329,47.9837],[14.9177,47.9911],[14.914,47.9899],[14.9173,47.9847],[14.8989,47.9869],[14.9021,47.9913],[14.881,47.9974],[14.9036,48.0053],[14.9019,48.0111],[14.8877,48.0141],[14.8908,48.0076],[14.8773,48.0095],[14.8708,48.0157],[14.8746,48.0171],[14.8596,48.0231],[14.8596,48.0116],[14.8409,48.0127],[14.8169,47.9986],[14.8142,47.9927],[14.7786,47.9884],[14.7665,47.9823],[14.7525,47.9848],[14.7517,47.9786],[14.737,47.9865],[14.7308,47.9978],[14.7081,48.0009],[14.6943,47.9902],[14.6852,47.9917],[14.6935,47.9852],[14.6895,47.9796],[14.6606,47.9719],[14.6602,47.9675],[14.6694,47.9641],[14.6613,47.9539],[14.6667,47.9516],[14.6642,47.9441],[14.6496,47.9415],[14.7038,47.9256],[14.709,47.9318],[14.7279,47.935],[14.7292,47.9244],[14.7435,47.9175],[14.7596,47.9005],[14.7715,47.8842],[14.7696,47.8796]]]}},{"type":"Feature","properties":{"code":"AT304","name":"Wiener Neustadt (Stadt)"},"geometry":{"type":"Polygon","coordinates":[[[16.2859,47.8115],[16.284,47.8224],[16.2677,47.8293],[16.2829,47.8392],[16.2763,47.8531],[16.2722,47.8544],[16.2708,47.8445],[16.2217,47.8472],[16.2236,47.8714],[16.206,47.8676],[16.204,47.8625],[16.2128,47.8573],[16.2081,47.8581],[16.2041,47.8493],[16.1981,47.852],[16.189,47.8343],[16.2109,47.8227],[16.2027,47.8224],[16.1972,47.808],[16.1909,47.8072],[16.1858,47.774],[16.1836,47.7709],[16.1783,47.7739],[16.1465,47.7552],[16.1607,47.7427],[16.1746,47.7473],[16.1873,47.759],[16.1955,47.7496],[16.2153,47.7511],[16.2252,47.7757],[16.2416,47.7737],[16.2453,47.7931],[16.2687,47.7911],[16.2773,47.8098],[16.2859,47.8115]]]}},{"type":"Feature","properties":{"code":"AT305","name":"Amstetten"},"geometry":{"type":"MultiPolygon","coordinates":[[[[14.954,47.9721],[14.8979,47.9787],[14.8722,47.9712],[14.8307,47.9683],[14.8204,47.9467],[14.8278,47.9259],[14.8368,47.9218],[14.8343,47.9097],[14.8278,47.9138],[14.8196,47.9087],[14.822,47.8991],[14.8085,47.8979],[14.7869,47.8816],[14.7696,47.8796],[14.7582,47.8681],[14.7348,47.8636],[14.71,47.8506],[14.7112,47.8461],[14.725,47.8411],[14.7228,47.8322],[14.7102,47.8234],[14.7114,47.8154],[14.7318,47.8041],[14.7315,47.7991],[14.7119,47.7901],[14.7224,47.768],[14.7464,47.7559],[14.736,47.7467],[14.7403,47.7414],[14.7579,47.735],[14.767,47.7263],[14.7991,47.7381],[14.8094,47.7371],[14.8183,47.7442],[14.8329,47.7437],[14.8309,47.7389],[14.84,47.734],[14.8581,47.7405],[14.8473,47.7478],[14.8488,47.7514],[14.8745,47.7669],[14.854,47.7729],[14.844,47.7901],[14.8927,47.8028],[14.8922,47.8069],[14.8852,47.8078],[14.8865,47.8111],[14.9039,47.8152],[14.9067,47.8295],[14.9476,47.8392],[14.9484,47.8458],[14.934,47.8525],[14.9322,47.8635],[14.9667,47.8892],[14.9671,47.9018],[14.9915,47.9093],[15.001,47.9073],[15.0093,47.9135],[14.9974,47.9228],[14.9953,47.9314],[14.9815,47.9314],[14.9771,47.9272],[14.9721,47.931],[14.956,47.9298],[14.9517,47.9238],[14.9452,47.9271],[14.9459,47.9443],[14.9572,47.959],[14.9436,47.9609],[14.9526,47.9646],[14.954,47.9721]]],[[[14.5212,48.2376],[14.4917,48.2239],[14.4813,48.2033],[14.479,48.1825],[14.4839,48.1746],[14.4674,48.1486],[14.477,48.1406],[14.4777,48.1341],[14.4677,48.1225],[14.4947,48.1118],[14.4681,48.0997],[14.4582,48.0898],[14.4596,48.0857],[14.4699,48.0856],[14.4542,48.0792],[14.4594,48.0726],[14.4526,48.0639],[14.4604,48.0609],[14.4561,48.043],[14.4699,48.0381],[14.4675,48.0341],[14.473,48.027],[14.4921,48.0109],[14.4932,47.998],[14.554,47.9819],[14.5599,47.9752],[14.5851,47.9675],[14.6078,47.9493],[14.626,47.9433],[14.6637,47.9433],[14.6667,47.9516],[14.6613,47.9539],[14.6694,47.9641],[14.6602,47.9675],[14.6606,47.9719],[14.6895,47.9796],[14.6935,47.9852],[14.6852,47.9917],[14.6943,47.9902],[14.7081,48.0009],[14.7308,47.9978],[14.737,47.9865],[14.7517,47.9786],[14.7525,47.9848],[14.7665,47.9823],[14.7786,47.9884],[14.8142,47.9927],[14.8169,47.9986],[14.8409,48.0127],[14.8596,48.0116],[14.8596,48.0231],[14.883,48.0226],[14.8842,48.028],[14.8898,48.0256],[14.8895,48.0201],[14.8971,48.019],[14.903,48.0222],[14.9003,48.0324],[14.9121,48.0298],[14.9114,48.0334],[14.9208,48.0326],[14.9248,48.0377],[14.9542,48.0388],[14.9507,48.0435],[14.9737,48.0418],[14.9659,48.0556],[14.9658,48.0663],[14.9842,48.0727],[15.0008,48.0715],[15.0101,48.0865],[15.0052,48.0945],[15.0153,48.0955],[15.0076,48.1],[15.0126,48.1024],[15.0154,48.1171],[14.9992,48.1186],[14.9772,48.1118],[14.973,48.1362],[14.9768,48.1431],[14.9635,48.1538],[14.9718,48.1596],[14.9711,48.1755],[14.9581,48.1812],[14.9591,48.185],[14.9779,48.1842],[14.9798,48.1942],[14.993,48.1955],[14.961,48.2033],[14.9383,48.2308],[14.9145,48.2328],[14.8952,48.2279],[14.8822,48.2326],[14.8589,48.2265],[14.8549,48.2088],[14.8452,48.1957],[14.8323,48.1901],[14.7393,48.1721],[14.7153,48.1787],[14.7051,48.1626],[14.6902,48.1571],[14.6345,48.1801],[14.6115,48.1958],[14.5833,48.2237],[14.5212,48.2376]]]]}},{"type":"Feature","properties":{"code":"AT306","name":"Baden"},"geometry":{"type":"Polygon","coordinates":[[[15.8719,47.9601],[15.8969,47.9517],[15.9183,47.956],[15.9318,47.9468],[15.9452,47.9468],[15.9508,47.9419],[15.9435,47.9332],[15.9473,47.9268],[15.9615,47.929],[15.9667,47.9346],[15.9778,47.9324],[15.9982,47.9422],[15.9965,47.9374],[15.9913,47.9383],[15.9929,47.9326],[15.9881,47.9274],[15.9978,47.9235],[16.0026,47.9297],[16.0159,47.9321],[16.0228,47.9285],[16.014,47.9212],[16.0154,47.9141],[16.0078,47.9046],[16.0119,47.893],[16.0269,47.8929],[16.0481,47.9007],[16.0935,47.9024],[16.0954,47.8991],[16.0838,47.8972],[16.0911,47.8931],[16.086,47.8851],[16.1037,47.8837],[16.1122,47.8752],[16.1225,47.8773],[16.1078,47.8857],[16.1488,47.8837],[16.1574,47.8918],[16.1745,47.8951],[16.1809,47.9028],[16.1936,47.907],[16.2189,47.898],[16.2225,47.9084],[16.2318,47.9098],[16.2218,47.9137],[16.2295,47.9198],[16.2372,47.9162],[16.2338,47.913],[16.2439,47.9112],[16.2847,47.9147],[16.348,47.8946],[16.3587,47.886],[16.3783,47.903],[16.3898,47.8929],[16.3831,47.8825],[16.3919,47.886],[16.3889,47.8816],[16.4003,47.876],[16.4125,47.8814],[16.4082,47.8844],[16.4162,47.8904],[16.4098,47.8931],[16.4202,47.8951],[16.4198,47.9059],[16.4245,47.9117],[16.4192,47.9129],[16.4481,47.9336],[16.4667,47.9399],[16.4792,47.9374],[16.4896,47.943],[16.5053,47.9386],[16.5396,47.9525],[16.5354,47.9572],[16.5458,47.9728],[16.5559,47.9788],[16.5529,47.9879],[16.5603,47.9924],[16.5055,48.0249],[16.4954,48.0211],[16.488,48.0094],[16.4747,48.0044],[16.4579,47.9875],[16.4098,48.0016],[16.4079,48.0059],[16.3918,48.0032],[16.3753,48.0078],[16.3517,48.0186],[16.3559,48.0228],[16.3025,48.0439],[16.296,48.0382],[16.2976,48.0344],[16.2853,48.0292],[16.2505,48.0397],[16.2458,48.0355],[16.2345,48.0361],[16.2272,48.0255],[16.2066,48.0379],[16.1608,48.0481],[16.1566,48.0584],[16.1609,48.0644],[16.1373,48.0783],[16.1288,48.0731],[16.1302,48.0764],[16.1143,48.0748],[16.1045,48.0623],[16.095,48.0667],[16.0956,48.0735],[16.084,48.0722],[16.0793,48.0885],[16.0724,48.086],[16.0606,48.0901],[16.0478,48.0823],[16.0419,48.0983],[16.051,48.107],[16.0395,48.1128],[16.0398,48.1229],[16.0583,48.1322],[16.0317,48.1413],[16.004,48.1385],[15.9957,48.1457],[15.9514,48.1183],[15.9353,48.1155],[15.9292,48.1074],[15.9126,48.1069],[15.9202,48.0906],[15.8755,48.076],[15.8813,48.054],[15.9014,48.0495],[15.9233,48.0534],[15.9373,48.0462],[15.9345,48.0262],[15.9492,48.0237],[15.9366,48.0173],[15.9323,48.0084],[15.948,47.9983],[15.918,47.9931],[15.8767,48.0009],[15.8668,47.9964],[15.8732,47.9786],[15.8662,47.9721],[15.8719,47.9601]]]}},{"type":"Feature","properties":{"code":"AT307","name":"Bruck an der Leitha"},"geometry":{"type":"Polygon","coordinates":[[[17.0667,48.1187],[17.0622,48.123],[17.0684,48.1237],[17.0679,48.127],[17.0572,48.1437],[17.0273,48.1408],[16.9762,48.1722],[16.9612,48.1688],[16.9448,48.1766],[16.9303,48.1695],[16.9257,48.1608],[16.931,48.1572],[16.9191,48.1555],[16.9005,48.1412],[16.8887,48.1456],[16.8802,48.1392],[16.8741,48.1411],[16.8723,48.1482],[16.8555,48.1477],[16.848,48.141],[16.8503,48.1245],[16.8246,48.1188],[16.8066,48.1235],[16.7889,48.1151],[16.7561,48.1197],[16.7439,48.1309],[16.7255,48.1229],[16.6943,48.1181],[16.6712,48.1166],[16.6691,48.1216],[16.6589,48.1227],[16.6543,48.1178],[16.654,48.1255],[16.648,48.1291],[16.6136,48.1347],[16.5893,48.1447],[16.577,48.1444],[16.576,48.1352],[16.5433,48.1432],[16.5166,48.1584],[16.4934,48.1588],[16.4785,48.1566],[16.4553,48.1395],[16.4331,48.1379],[16.437,48.1199],[16.4229,48.1231],[16.4083,48.1179],[16.3883,48.1254],[16.3851,48.1113],[16.3753,48.0994],[16.4151,48.0909],[16.4001,48.08],[16.4044,48.0744],[16.3997,48.0732],[16.405,48.0628],[16.4028,48.0533],[16.4169,48.0495],[16.4155,48.0389],[16.4117,48.0377],[16.4166,48.0293],[16.4098,48.0016],[16.4579,47.9875],[16.4747,48.0044],[16.488,48.0094],[16.4954,48.0211],[16.5055,48.0249],[16.5601,47.9937],[16.5529,47.9879],[16.5559,47.9788],[16.5458,47.9728],[16.5354,47.9572],[16.5396,47.9525],[16.5187,47.9436],[16.5234,47.9348],[16.553,47.9114],[16.5566,47.9021],[16.5727,47.8936],[16.574,47.8863],[16.6322,47.9294],[16.633,47.9454],[16.6523,47.9492],[16.6516,47.9557],[16.6593,47.9612],[16.6647,47.9569],[16.6993,47.9663],[16.7022,47.9721],[16.6956,47.9864],[16.7013,47.9883],[16.7033,48.0123],[16.7356,48.0097],[16.7374,48.0142],[16.7457,48.015],[16.7536,48.0119],[16.782,48.0231],[16.7943,48.0229],[16.7997,48.0289],[16.8299,48.0291],[16.838,48.0328],[16.8296,48.0405],[16.8409,48.0444],[16.8447,48.0547],[16.8565,48.0548],[16.8577,48.0608],[16.8702,48.071],[16.8821,48.0682],[16.8901,48.0745],[16.9171,48.0674],[16.92,48.0629],[16.9152,48.0568],[16.9196,48.051],[16.9712,48.0399],[16.975,48.0355],[16.969,48.0262],[16.9792,48.0235],[16.9866,48.0291],[16.9968,48.0524],[17.017,48.0741],[16.9687,48.0962],[16.9755,48.1056],[16.9821,48.1046],[16.9856,48.112],[16.9977,48.1092],[17.005,48.0991],[17.0202,48.1056],[17.0288,48.1001],[17.0025,48.0927],[17.036,48.0843],[17.0414,48.1017],[17.0639,48.1098],[17.0667,48.1187]]]}},{"type":"Feature","properties":{"code":"AT308","name":"Gänserndorf"},"geometry":{"type":"Polygon","coordinates":[[[16.9762,48.1722],[16.9764,48.1894],[16.9618,48.2207],[16.9461,48.2358],[16.9571,48.2637],[16.9458,48.2705],[16.9202,48.2735],[16.8947,48.3101],[16.9084,48.3264],[16.8716,48.338],[16.8728,48.3489],[16.8437,48.3508],[16.8409,48.3723],[16.8332,48.3802],[16.8505,48.3833],[16.8559,48.3964],[16.8504,48.4098],[16.8636,48.4193],[16.8522,48.4338],[16.8506,48.4499],[16.8636,48.4535],[16.8595,48.4593],[16.8736,48.4672],[16.881,48.4776],[16.8901,48.4765],[16.8963,48.486],[16.89,48.4917],[16.8954,48.496],[16.917,48.4954],[16.9143,48.5124],[16.9222,48.5135],[16.9218,48.5203],[16.9429,48.5214],[16.9402,48.5267],[16.9536,48.5424],[16.9428,48.5522],[16.9444,48.5606],[16.9354,48.5727],[16.9392,48.5833],[16.9337,48.6014],[16.9421,48.6065],[16.94,48.6174],[16.9187,48.6228],[16.926,48.6324],[16.9264,48.6414],[16.9231,48.6389],[16.9151,48.6449],[16.9039,48.6408],[16.9066,48.6254],[16.8592,48.6343],[16.8467,48.6238],[16.859,48.6169],[16.8531,48.617],[16.8581,48.6107],[16.8459,48.6074],[16.8015,48.6193],[16.803,48.6258],[16.7854,48.6291],[16.779,48.6354],[16.7603,48.6258],[16.7318,48.6264],[16.7275,48.6148],[16.7351,48.6096],[16.7254,48.6061],[16.7061,48.616],[16.7102,48.6212],[16.6777,48.6307],[16.6923,48.6195],[16.7015,48.6027],[16.704,48.5876],[16.6801,48.5726],[16.6832,48.5631],[16.68,48.5613],[16.7016,48.5302],[16.6886,48.5316],[16.6647,48.5223],[16.6543,48.5085],[16.6425,48.5089],[16.6357,48.5022],[16.6314,48.4896],[16.6572,48.4805],[16.6371,48.465],[16.6128,48.4746],[16.6065,48.465],[16.5926,48.4719],[16.573,48.4716],[16.5562,48.4673],[16.5566,48.4642],[16.5486,48.4662],[16.5444,48.4613],[16.5538,48.4547],[16.5583,48.4424],[16.5566,48.4302],[16.57,48.4251],[16.578,48.4275],[16.5812,48.4202],[16.5699,48.4159],[16.5847,48.3961],[16.5969,48.3907],[16.5976,48.3793],[16.6133,48.3776],[16.6291,48.364],[16.6271,48.358],[16.6421,48.3551],[16.6357,48.3453],[16.661,48.3381],[16.6499,48.3279],[16.617,48.3158],[16.6128,48.321],[16.603,48.3144],[16.549,48.332],[16.5452,48.3253],[16.5257,48.3285],[16.5133,48.3133],[16.5022,48.2904],[16.5149,48.2855],[16.5067,48.2736],[16.5245,48.2635],[16.547,48.263],[16.5394,48.2428],[16.5527,48.239],[16.5363,48.2004],[16.5418,48.1914],[16.5367,48.1735],[16.5448,48.1729],[16.5409,48.1761],[16.5479,48.1778],[16.551,48.1731],[16.5469,48.1707],[16.5531,48.1621],[16.5752,48.1618],[16.577,48.1444],[16.648,48.1291],[16.654,48.1255],[16.6543,48.1178],[16.6589,48.1227],[16.6691,48.1216],[16.6712,48.1166],[16.6943,48.1181],[16.7255,48.1229],[16.7439,48.1309],[16.7561,48.1197],[16.7889,48.1151],[16.8066,48.1235],[16.8246,48.1188],[16.8503,48.1245],[16.848,48.141],[16.8555,48.1477],[16.8723,48.1482],[16.8741,48.1411],[16.8802,48.1392],[16.8887,48.1456],[16.9005,48.1412],[16.9191,48.1555],[16.931,48.1572],[16.9257,48.1608],[16.9369,48.1756],[16.952,48.1757],[16.9612,48.1688],[16.9762,48.1722]]]}},{"type":"Feature","properties":{"code":"AT309","name":"Gmünd"},"geometry":{"type":"Polygon","coordinates":[[[15.1392,48.6884],[15.1521,48.7147],[15.1469,48.7185],[15.1575,48.722],[15.1431,48.7255],[15.1472,48.7293],[15.1433,48.7322],[15.1448,48.7474],[15.1171,48.7596],[15.1338,48.7722],[15.1267,48.7804],[15.1309,48.7877],[15.1283,48.7928],[15.1472,48.8003],[15.1541,48.7964],[15.1581,48.8103],[15.17,48.8124],[15.165,48.8226],[15.1544,48.826],[15.1572,48.835],[15.1455,48.8387],[15.1523,48.8427],[15.1473,48.8445],[15.1534,48.8503],[15.1516,48.8554],[15.1721,48.8578],[15.1725,48.8635],[15.1622,48.876],[15.1735,48.8823],[15.1878,48.8794],[15.1874,48.8858],[15.1801,48.8875],[15.1843,48.8945],[15.1791,48.8965],[15.1846,48.8999],[15.18,48.9021],[15.1812,48.9191],[15.187,48.9227],[15.1554,48.9461],[15.1696,48.9615],[15.1595,48.9721],[15.162,48.9777],[15.1511,48.9809],[15.1586,48.9899],[15.1328,49.0007],[15.1082,48.9991],[15.1026,48.9938],[15.0644,48.9997],[15.0654,49.0142],[15.0587,49.0155],[15.0408,49.0115],[15.0208,49.0205],[15.003,49.0115],[14.9959,49.0151],[14.9906,49.0098],[15.0008,49.0037],[14.9964,48.9919],[14.9784,48.9804],[14.9762,48.971],[14.9765,48.9558],[14.9865,48.9359],[14.979,48.928],[14.99,48.9159],[14.9929,48.904],[14.9889,48.891],[14.9835,48.891],[14.9838,48.8747],[14.9729,48.8747],[14.9734,48.8531],[14.9777,48.8531],[14.9845,48.8424],[14.9721,48.8423],[14.9683,48.8368],[14.9696,48.8238],[14.9582,48.8139],[14.9605,48.8045],[14.9532,48.7952],[14.9534,48.7895],[14.9801,48.7791],[14.9795,48.7723],[14.9558,48.7581],[14.917,48.7695],[14.8881,48.7701],[14.8813,48.7801],[14.8683,48.781],[14.8572,48.7758],[14.8425,48.784],[14.8293,48.7805],[14.8255,48.7838],[14.8087,48.7788],[14.8063,48.7717],[14.8115,48.7614],[14.8005,48.7474],[14.8081,48.7339],[14.7947,48.73],[14.774,48.7116],[14.7571,48.7093],[14.7557,48.7035],[14.7366,48.6989],[14.727,48.6871],[14.727,48.6787],[14.7124,48.6501],[14.7188,48.6486],[14.7221,48.6382],[14.7141,48.6174],[14.7211,48.6024],[14.7082,48.5936],[14.7062,48.5851],[14.6902,48.5816],[14.7118,48.5787],[14.7394,48.5515],[14.7496,48.5627],[14.7618,48.564],[14.7733,48.5554],[14.7828,48.5603],[14.8111,48.5538],[14.814,48.5623],[14.7986,48.5727],[14.8006,48.5764],[14.7847,48.5791],[14.7951,48.5846],[14.7866,48.5892],[14.7912,48.5933],[14.7978,48.5913],[14.8131,48.6002],[14.8303,48.5942],[14.8351,48.6057],[14.8434,48.6035],[14.8453,48.6073],[14.8542,48.6021],[14.8582,48.6118],[14.8751,48.62],[14.8825,48.6176],[14.8864,48.6201],[14.8842,48.6237],[14.9005,48.6233],[14.9106,48.6157],[14.9355,48.61],[14.9528,48.6316],[14.9661,48.6238],[14.9882,48.6346],[14.9989,48.6263],[15.006,48.6272],[15.0037,48.6324],[15.0092,48.6446],[15.0181,48.6482],[15.0055,48.6525],[14.998,48.6575],[14.9979,48.6636],[14.981,48.6692],[14.9767,48.6753],[14.9887,48.6777],[14.9885,48.6861],[14.9781,48.697],[14.9954,48.6952],[14.9926,48.7042],[15.0171,48.7004],[15.0336,48.7053],[15.0658,48.6954],[15.08,48.7014],[15.1132,48.6891],[15.1092,48.702],[15.0997,48.7075],[15.12,48.7131],[15.1275,48.7087],[15.1245,48.7053],[15.1295,48.6947],[15.1392,48.6884]]]}},{"type":"Feature","properties":{"code":"AT310","name":"Hollabrunn"},"geometry":{"type":"Polygon","coordinates":[[[16.2235,48.7401],[16.154,48.7488],[16.1499,48.7432],[16.1389,48.7427],[16.0803,48.7498],[15.9944,48.7793],[15.9596,48.7984],[15.9496,48.8052],[15.9584,48.8231],[15.9467,48.8225],[15.9479,48.8267],[15.9409,48.8275],[15.9403,48.8194],[15.9354,48.8189],[15.9242,48.8246],[15.9309,48.8336],[15.9198,48.8388],[15.8927,48.835],[15.8928,48.8433],[15.899,48.8377],[15.9046,48.841],[15.8954,48.8491],[15.8837,48.8424],[15.8769,48.8595],[15.8714,48.8603],[15.8747,48.8547],[15.8648,48.8524],[15.8427,48.8596],[15.8521,48.8664],[15.845,48.8757],[15.8387,48.8775],[15.8276,48.871],[15.7795,48.8749],[15.7333,48.8292],[15.7578,48.8242],[15.8048,48.8255],[15.8062,48.8145],[15.8239,48.8119],[15.8187,48.801],[15.8342,48.7964],[15.829,48.792],[15.8568,48.7896],[15.8671,48.7935],[15.8876,48.7851],[15.8801,48.782],[15.8779,48.7749],[15.8848,48.7673],[15.8729,48.7632],[15.8649,48.7656],[15.8618,48.7486],[15.8534,48.7422],[15.8467,48.7452],[15.8148,48.7364],[15.8067,48.7277],[15.8221,48.7255],[15.8201,48.7198],[15.8243,48.7167],[15.799,48.7064],[15.8131,48.7083],[15.8154,48.6927],[15.8328,48.6914],[15.8315,48.6864],[15.8407,48.6889],[15.9305,48.6744],[15.9409,48.6717],[15.9375,48.6676],[15.9407,48.6669],[15.9112,48.6531],[15.9063,48.6217],[15.9083,48.5982],[15.8406,48.6039],[15.8343,48.5984],[15.8285,48.6027],[15.8157,48.6003],[15.8253,48.5874],[15.819,48.5853],[15.7977,48.5886],[15.7871,48.5816],[15.7726,48.5852],[15.7674,48.5793],[15.7591,48.5832],[15.7382,48.5701],[15.7492,48.5648],[15.7479,48.5527],[15.7628,48.542],[15.7614,48.5386],[15.7417,48.5429],[15.7341,48.5375],[15.7348,48.5262],[15.7517,48.5194],[15.755,48.5058],[15.7737,48.5013],[15.7731,48.4961],[15.7791,48.4945],[15.7755,48.4886],[15.7839,48.4862],[15.8033,48.4849],[15.8054,48.4931],[15.8128,48.4972],[15.8533,48.4821],[15.8557,48.4879],[15.8519,48.4885],[15.8571,48.4949],[15.8991,48.4957],[15.906,48.4942],[15.9102,48.4782],[15.9297,48.4787],[15.935,48.4857],[15.9773,48.4898],[15.9869,48.5008],[15.9978,48.4945],[16.0242,48.4952],[16.0309,48.4888],[16.0717,48.4944],[16.066,48.4744],[16.0889,48.4662],[16.0973,48.4651],[16.1052,48.4756],[16.1211,48.4652],[16.1336,48.4631],[16.1449,48.4674],[16.1552,48.4797],[16.1699,48.4722],[16.1798,48.4879],[16.1833,48.4861],[16.1891,48.4932],[16.1843,48.497],[16.1893,48.5158],[16.1808,48.5208],[16.183,48.5294],[16.191,48.5345],[16.1883,48.5385],[16.2211,48.5485],[16.2212,48.5625],[16.2307,48.5641],[16.2318,48.5709],[16.2466,48.5677],[16.2661,48.5721],[16.2831,48.5543],[16.2893,48.5664],[16.2884,48.5904],[16.3018,48.5946],[16.3043,48.6031],[16.3014,48.6089],[16.2684,48.6026],[16.2626,48.6088],[16.2565,48.6221],[16.2551,48.6336],[16.2594,48.6343],[16.2527,48.6412],[16.2617,48.6435],[16.2576,48.6547],[16.2339,48.6575],[16.2329,48.6525],[16.2015,48.6485],[16.2009,48.6728],[16.2151,48.6908],[16.2158,48.6978],[16.2096,48.6981],[16.21,48.7023],[16.2256,48.7058],[16.2209,48.7093],[16.2278,48.7228],[16.222,48.7242],[16.2244,48.7304],[16.2158,48.7356],[16.2224,48.7343],[16.2235,48.7401]]]}},{"type":"Feature","properties":{"code":"AT311","name":"Horn"},"geometry":{"type":"Polygon","coordinates":[[[15.7416,48.5734],[15.7591,48.5832],[15.7674,48.5793],[15.7726,48.5852],[15.7856,48.5815],[15.7977,48.5886],[15.814,48.5845],[15.8253,48.5874],[15.8157,48.6003],[15.8285,48.6027],[15.8343,48.5984],[15.8406,48.6039],[15.9083,48.5982],[15.9063,48.6217],[15.9112,48.6531],[15.9285,48.6633],[15.9373,48.663],[15.9409,48.6717],[15.8407,48.6889],[15.8315,48.6864],[15.8328,48.6914],[15.8154,48.6927],[15.8131,48.7083],[15.799,48.7064],[15.8243,48.7167],[15.8201,48.7198],[15.8221,48.7255],[15.8067,48.7277],[15.8148,48.7364],[15.8467,48.7452],[15.8534,48.7422],[15.8618,48.7486],[15.8649,48.7656],[15.8729,48.7632],[15.8848,48.7673],[15.8779,48.7749],[15.8801,48.782],[15.8876,48.7851],[15.8671,48.7935],[15.8568,48.7896],[15.829,48.792],[15.8342,48.7964],[15.8187,48.801],[15.8239,48.8119],[15.8062,48.8145],[15.8048,48.8255],[15.7578,48.8242],[15.7333,48.8292],[15.753,48.8521],[15.7091,48.8607],[15.6897,48.8557],[15.6557,48.8814],[15.6389,48.8873],[15.6303,48.885],[15.6124,48.8982],[15.5818,48.8937],[15.5861,48.8835],[15.6098,48.8783],[15.6096,48.8751],[15.5927,48.8779],[15.5899,48.8733],[15.5818,48.8759],[15.5781,48.8684],[15.5892,48.8617],[15.59,48.8541],[15.5995,48.8564],[15.6081,48.8431],[15.576,48.8386],[15.5725,48.8309],[15.5603,48.8263],[15.5525,48.8295],[15.5492,48.8238],[15.5343,48.8267],[15.5358,48.8199],[15.525,48.8223],[15.5143,48.8168],[15.5265,48.8082],[15.5136,48.7944],[15.5215,48.7862],[15.5004,48.7748],[15.5225,48.7679],[15.5261,48.7612],[15.5168,48.7587],[15.502,48.764],[15.4986,48.7619],[15.5027,48.7541],[15.4905,48.7495],[15.4941,48.7376],[15.4827,48.7357],[15.4792,48.7265],[15.4507,48.7289],[15.4439,48.7188],[15.4364,48.7204],[15.4299,48.7014],[15.4508,48.6908],[15.4559,48.6744],[15.4455,48.6713],[15.4287,48.6745],[15.4242,48.6688],[15.447,48.656],[15.4455,48.6504],[15.4727,48.6425],[15.477,48.6506],[15.482,48.6487],[15.4868,48.6531],[15.5393,48.6427],[15.54,48.6363],[15.5279,48.6294],[15.5439,48.6297],[15.5539,48.6228],[15.5837,48.6229],[15.578,48.6087],[15.585,48.6106],[15.6009,48.6046],[15.6054,48.5985],[15.5972,48.5945],[15.6017,48.5766],[15.6256,48.5614],[15.6376,48.5618],[15.6229,48.573],[15.6301,48.5777],[15.662,48.5657],[15.6677,48.5704],[15.694,48.5659],[15.7069,48.5716],[15.7104,48.5822],[15.7469,48.5822],[15.7416,48.5734]]]}},{"type":"Feature","properties":{"code":"AT312","name":"Korneuburg"},"geometry":{"type":"MultiPolygon","coordinates":[[[[15.9856,48.4339],[15.9834,48.4276],[15.9946,48.4262],[15.9963,48.4341],[15.9856,48.4339]]],[[[16.0262,48.4914],[16.0302,48.4783],[16.0113,48.457],[16.0185,48.4551],[16.0196,48.4321],[15.9943,48.425],[15.9898,48.4143],[15.9902,48.4089],[15.9985,48.4087],[15.9949,48.3802],[15.9878,48.3802],[15.9949,48.3733],[16.0064,48.3729],[16.0065,48.3774],[16.0213,48.3796],[16.0321,48.3742],[16.0387,48.3772],[16.0418,48.3705],[16.0617,48.3717],[16.0551,48.3666],[16.0729,48.358],[16.0695,48.3554],[16.0746,48.352],[16.0768,48.3584],[16.0719,48.3608],[16.0814,48.3604],[16.085,48.3657],[16.1103,48.342],[16.1154,48.3459],[16.1359,48.3444],[16.1265,48.3502],[16.141,48.3583],[16.1485,48.3571],[16.1461,48.3532],[16.1678,48.3577],[16.1655,48.3632],[16.1737,48.3666],[16.1813,48.3622],[16.189,48.3669],[16.2206,48.3526],[16.2285,48.358],[16.2221,48.3648],[16.237,48.3565],[16.2622,48.3542],[16.2737,48.3595],[16.2938,48.3525],[16.2909,48.3492],[16.3261,48.3341],[16.3428,48.3202],[16.3463,48.3015],[16.3669,48.281],[16.3706,48.2817],[16.3671,48.2868],[16.3783,48.2888],[16.3756,48.2959],[16.3798,48.302],[16.3862,48.3017],[16.3817,48.3171],[16.391,48.3224],[16.4029,48.3168],[16.4199,48.3227],[16.4378,48.3168],[16.4404,48.2919],[16.4812,48.2734],[16.4812,48.2935],[16.5023,48.2904],[16.5257,48.3285],[16.482,48.3522],[16.4727,48.3453],[16.4581,48.3536],[16.4432,48.3552],[16.4413,48.3683],[16.4223,48.3754],[16.4216,48.3808],[16.4163,48.3793],[16.4275,48.4062],[16.4206,48.4089],[16.4354,48.4068],[16.4449,48.4242],[16.4323,48.4295],[16.4455,48.4337],[16.4373,48.4421],[16.4105,48.4376],[16.4078,48.4493],[16.4196,48.4561],[16.4262,48.4689],[16.4376,48.4694],[16.4325,48.4731],[16.436,48.4886],[16.4309,48.495],[16.4353,48.5036],[16.4274,48.5038],[16.4306,48.5128],[16.4101,48.5081],[16.3966,48.5134],[16.4011,48.5246],[16.409,48.5244],[16.406,48.5317],[16.4147,48.5342],[16.3879,48.5391],[16.3651,48.5496],[16.395,48.5744],[16.3801,48.5735],[16.3683,48.58],[16.358,48.5978],[16.3402,48.5973],[16.3441,48.5807],[16.3402,48.5765],[16.3146,48.592],[16.3088,48.5676],[16.2893,48.5664],[16.2831,48.5543],[16.2661,48.5721],[16.2466,48.5677],[16.2296,48.5699],[16.2307,48.5641],[16.2212,48.5625],[16.2211,48.5485],[16.1883,48.5385],[16.191,48.5345],[16.183,48.5294],[16.1808,48.5208],[16.1893,48.5158],[16.1843,48.497],[16.1891,48.4932],[16.1833,48.4861],[16.1798,48.4879],[16.1699,48.4722],[16.1552,48.4797],[16.1449,48.4674],[16.1336,48.4631],[16.1211,48.4652],[16.1052,48.4756],[16.0973,48.4651],[16.0889,48.4662],[16.066,48.4744],[16.0717,48.4944],[16.0607,48.4949],[16.0512,48.4894],[16.046,48.4935],[16.0358,48.4889],[16.0262,48.4914]]]]}},{"type":"Feature","properties":{"code":"AT313","name":"Krems (Land)"},"geometry":{"type":"Polygon","coordinates":[[[15.6704,48.3639],[15.6675,48.374],[15.6563,48.3764],[15.6277,48.3713],[15.6388,48.379],[15.6291,48.3818],[15.6366,48.3972],[15.634,48.4046],[15.5864,48.4009],[15.5594,48.3913],[15.5616,48.3992],[15.5526,48.4037],[15.5591,48.4087],[15.5479,48.4131],[15.5359,48.4093],[15.525,48.4164],[15.5338,48.4195],[15.5354,48.4293],[15.5257,48.4363],[15.5372,48.4394],[15.5799,48.4339],[15.5947,48.4433],[15.6147,48.4387],[15.614,48.4435],[15.6199,48.4416],[15.6301,48.4494],[15.6457,48.4508],[15.6457,48.4434],[15.6377,48.4432],[15.6361,48.4357],[15.643,48.4155],[15.6526,48.4138],[15.6579,48.4073],[15.6717,48.4096],[15.6718,48.4043],[15.6663,48.4031],[15.6758,48.391],[15.6928,48.3859],[15.7063,48.3882],[15.7253,48.3788],[15.7304,48.3819],[15.7312,48.3871],[15.7254,48.3839],[15.7125,48.393],[15.7257,48.3926],[15.7306,48.3986],[15.7459,48.3978],[15.747,48.4084],[15.7571,48.4126],[15.7651,48.4261],[15.7643,48.4371],[15.7571,48.4388],[15.7666,48.4412],[15.7784,48.4712],[15.7857,48.475],[15.7809,48.4823],[15.783,48.4875],[15.7755,48.4886],[15.7791,48.4945],[15.7731,48.4961],[15.7737,48.5013],[15.7566,48.5046],[15.7517,48.5194],[15.7348,48.5262],[15.7341,48.5375],[15.7401,48.5421],[15.7529,48.5433],[15.761,48.5383],[15.7628,48.542],[15.7479,48.5527],[15.7492,48.5648],[15.7382,48.5701],[15.7469,48.5822],[15.7077,48.5819],[15.708,48.5729],[15.694,48.5659],[15.6677,48.5704],[15.662,48.5657],[15.6301,48.5777],[15.6229,48.573],[15.6376,48.5618],[15.6256,48.5614],[15.6017,48.5766],[15.5972,48.5945],[15.6054,48.5985],[15.6009,48.6046],[15.585,48.6106],[15.578,48.6087],[15.5837,48.6229],[15.5539,48.6228],[15.5439,48.6297],[15.5177,48.6327],[15.5026,48.6215],[15.503,48.6145],[15.516,48.6071],[15.5008,48.6062],[15.5042,48.6037],[15.5042,48.6018],[15.5104,48.6],[15.5112,48.5982],[15.5095,48.5976],[15.5106,48.5994],[15.5038,48.6017],[15.4989,48.6067],[15.491,48.5986],[15.4834,48.6102],[15.4647,48.6159],[15.438,48.6172],[15.4273,48.6042],[15.4383,48.5923],[15.4269,48.5895],[15.4176,48.5954],[15.4181,48.588],[15.412,48.5849],[15.3969,48.5927],[15.3778,48.5776],[15.3593,48.5844],[15.3635,48.5912],[15.3517,48.5992],[15.3529,48.6132],[15.3472,48.6079],[15.3454,48.6116],[15.3219,48.607],[15.3239,48.6025],[15.3174,48.5953],[15.3253,48.5905],[15.3075,48.5792],[15.3133,48.5761],[15.3141,48.5691],[15.3213,48.5666],[15.3176,48.5648],[15.322,48.5639],[15.32,48.5555],[15.3251,48.5532],[15.3277,48.5376],[15.3225,48.5381],[15.325,48.5347],[15.318,48.5338],[15.3075,48.5216],[15.311,48.5123],[15.3232,48.5019],[15.3209,48.4969],[15.2877,48.4932],[15.2917,48.4909],[15.2811,48.4872],[15.2807,48.4823],[15.2879,48.4665],[15.3094,48.4656],[15.3268,48.4502],[15.3294,48.4415],[15.3378,48.4405],[15.3309,48.4311],[15.3366,48.4255],[15.3543,48.4307],[15.3577,48.4267],[15.3542,48.4213],[15.3681,48.4203],[15.3657,48.4096],[15.3775,48.4101],[15.3604,48.4004],[15.3591,48.3944],[15.3499,48.3932],[15.3396,48.3997],[15.3362,48.3961],[15.3386,48.3877],[15.3288,48.3857],[15.3217,48.3939],[15.3129,48.3923],[15.3034,48.3859],[15.2911,48.3873],[15.2932,48.3822],[15.2886,48.3779],[15.2706,48.3737],[15.2931,48.3523],[15.3129,48.3515],[15.3163,48.3473],[15.3285,48.3505],[15.3372,48.3444],[15.3355,48.335],[15.3144,48.3232],[15.3032,48.3227],[15.3027,48.3151],[15.2936,48.3097],[15.3057,48.304],[15.2899,48.2903],[15.293,48.287],[15.2878,48.2819],[15.2887,48.2758],[15.2979,48.2788],[15.313,48.2756],[15.3072,48.2708],[15.31,48.2693],[15.3513,48.2809],[15.3681,48.2795],[15.3825,48.272],[15.4031,48.2859],[15.4117,48.316],[15.4102,48.3248],[15.4416,48.3237],[15.4453,48.318],[15.4407,48.3088],[15.4423,48.3074],[15.4611,48.3182],[15.468,48.3124],[15.4854,48.3218],[15.5105,48.3197],[15.5069,48.328],[15.5312,48.3278],[15.5492,48.3374],[15.5722,48.3376],[15.5788,48.3425],[15.5884,48.3407],[15.5885,48.3344],[15.6146,48.3326],[15.6166,48.3271],[15.6313,48.3264],[15.6385,48.3348],[15.6693,48.3449],[15.6665,48.3578],[15.6704,48.3639]]]}},{"type":"Feature","properties":{"code":"AT314","name":"Lilienfeld"},"geometry":{"type":"Polygon","coordinates":[[[15.336,47.89],[15.3247,47.8849],[15.3132,47.8882],[15.29,47.8785],[15.2623,47.8813],[15.2551,47.8693],[15.224,47.8709],[15.2145,47.8639],[15.161,47.8487],[15.1644,47.8413],[15.1795,47.8324],[15.18,47.8261],[15.2005,47.825],[15.2073,47.8186],[15.2284,47.8143],[15.2162,47.8063],[15.2173,47.796],[15.2343,47.7988],[15.2872,47.7902],[15.2951,47.8004],[15.2927,47.8096],[15.2987,47.8206],[15.3223,47.8208],[15.3379,47.8279],[15.3749,47.8254],[15.3912,47.8129],[15.4061,47.8128],[15.4031,47.8004],[15.41,47.7851],[15.4387,47.7908],[15.4499,47.7728],[15.5104,47.7666],[15.5167,47.7618],[15.5085,47.753],[15.5138,47.7466],[15.5511,47.7495],[15.5613,47.7455],[15.6117,47.7511],[15.6087,47.7588],[15.6144,47.7605],[15.62,47.7786],[15.6007,47.7961],[15.6014,47.8],[15.6159,47.8039],[15.6184,47.8123],[15.6319,47.8176],[15.6322,47.8259],[15.6157,47.841],[15.6283,47.8502],[15.6291,47.8547],[15.6224,47.8596],[15.6241,47.8749],[15.6384,47.8792],[15.6396,47.8842],[15.6509,47.8845],[15.6669,47.9029],[15.6788,47.8995],[15.6758,47.8866],[15.6878,47.8872],[15.6903,47.8951],[15.7136,47.9069],[15.7122,47.9125],[15.7386,47.9193],[15.7588,47.9348],[15.7745,47.9316],[15.7921,47.9366],[15.8111,47.9354],[15.8267,47.944],[15.8582,47.9474],[15.8719,47.9601],[15.8662,47.9721],[15.8732,47.9786],[15.8668,47.9964],[15.8767,48.0009],[15.918,47.9931],[15.948,47.9983],[15.9323,48.0084],[15.9366,48.0173],[15.9492,48.0237],[15.9345,48.0262],[15.9373,48.0462],[15.9233,48.0534],[15.9014,48.0495],[15.8813,48.054],[15.8755,48.076],[15.8452,48.0626],[15.8216,48.0728],[15.8194,48.08],[15.7704,48.0712],[15.7636,48.0797],[15.7315,48.0774],[15.7003,48.0852],[15.701,48.0898],[15.6623,48.0878],[15.6389,48.0809],[15.6346,48.0745],[15.6265,48.0769],[15.6297,48.0696],[15.622,48.0678],[15.6013,48.0676],[15.5909,48.0741],[15.5825,48.0678],[15.5515,48.0703],[15.5551,48.0646],[15.5436,48.0645],[15.527,48.0564],[15.5236,48.0503],[15.5296,48.0437],[15.5197,48.0376],[15.5198,48.0265],[15.5306,48.0179],[15.5335,48.0082],[15.498,47.9958],[15.4984,47.9804],[15.4913,47.9705],[15.4652,47.9598],[15.4325,47.9575],[15.4387,47.9498],[15.4313,47.9487],[15.4273,47.9398],[15.4299,47.9335],[15.4193,47.9288],[15.4164,47.9208],[15.3947,47.9167],[15.3904,47.9114],[15.3963,47.902],[15.3718,47.8989],[15.3595,47.891],[15.336,47.89]]]}},{"type":"Feature","properties":{"code":"AT315","name":"Melk"},"geometry":{"type":"Polygon","coordinates":[[[15.0154,48.1171],[15.0763,48.1417],[15.0786,48.1379],[15.1022,48.1368],[15.1193,48.1423],[15.1229,48.1369],[15.1321,48.1359],[15.1425,48.1415],[15.1415,48.146],[15.1544,48.1381],[15.1515,48.1337],[15.1612,48.1296],[15.1627,48.1265],[15.156,48.1227],[15.1639,48.1157],[15.1724,48.1244],[15.1814,48.1223],[15.1966,48.1315],[15.2061,48.1251],[15.1908,48.1279],[15.1893,48.1212],[15.1954,48.1175],[15.1898,48.1154],[15.1909,48.1119],[15.2138,48.1138],[15.2386,48.0976],[15.2377,48.0932],[15.248,48.0896],[15.2523,48.0811],[15.2847,48.0747],[15.2797,48.0711],[15.2871,48.0688],[15.2917,48.0538],[15.2815,48.0508],[15.2767,48.0554],[15.2772,48.0505],[15.2664,48.0488],[15.2725,48.0475],[15.2634,48.034],[15.2672,48.0251],[15.2615,48.0218],[15.274,48.0146],[15.2762,48.0068],[15.2908,48.0122],[15.2941,48.0181],[15.3429,48.0257],[15.3545,48.023],[15.3715,48.0396],[15.3934,48.0438],[15.3969,48.0523],[15.4115,48.0533],[15.4137,48.0604],[15.4236,48.0595],[15.431,48.0739],[15.4419,48.0775],[15.4367,48.0909],[15.4462,48.0928],[15.4386,48.1007],[15.4907,48.1124],[15.4901,48.1165],[15.5044,48.1175],[15.5033,48.1274],[15.5167,48.1292],[15.5079,48.1333],[15.518,48.1355],[15.5176,48.1392],[15.5098,48.138],[15.5075,48.1422],[15.5063,48.1377],[15.4786,48.1453],[15.4729,48.1384],[15.4549,48.1425],[15.4718,48.1531],[15.4639,48.1532],[15.4588,48.1596],[15.4431,48.1652],[15.4452,48.1789],[15.4401,48.1784],[15.4401,48.1965],[15.4229,48.211],[15.4309,48.2137],[15.4384,48.2257],[15.4553,48.2323],[15.4526,48.2369],[15.4616,48.2453],[15.4517,48.254],[15.4835,48.2593],[15.4803,48.2664],[15.4991,48.267],[15.5024,48.2729],[15.493,48.2817],[15.5017,48.2893],[15.5205,48.284],[15.5224,48.2944],[15.5262,48.2932],[15.5235,48.3061],[15.5318,48.3082],[15.5101,48.3105],[15.5119,48.3164],[15.5077,48.3196],[15.4854,48.3218],[15.468,48.3124],[15.4611,48.3182],[15.4423,48.3074],[15.4453,48.318],[15.4416,48.3237],[15.4102,48.3248],[15.4117,48.316],[15.4031,48.2859],[15.3896,48.2758],[15.3825,48.272],[15.3681,48.2795],[15.3386,48.2804],[15.3349,48.2746],[15.31,48.2693],[15.3072,48.2708],[15.313,48.2756],[15.2866,48.278],[15.2924,48.2848],[15.2899,48.2903],[15.3057,48.304],[15.2936,48.3097],[15.3027,48.3151],[15.3032,48.3227],[15.3144,48.3232],[15.3355,48.335],[15.3372,48.3444],[15.3285,48.3505],[15.3163,48.3473],[15.3129,48.3515],[15.2931,48.3523],[15.2706,48.3737],[15.2438,48.3758],[15.241,48.3717],[15.2518,48.3547],[15.2023,48.366],[15.1856,48.3539],[15.1746,48.3628],[15.1746,48.3521],[15.1657,48.3488],[15.1654,48.3423],[15.1527,48.347],[15.1383,48.3441],[15.1347,48.3407],[15.1389,48.3329],[15.1255,48.3292],[15.1156,48.3346],[15.11,48.332],[15.1048,48.3385],[15.0973,48.3342],[15.0942,48.3375],[15.0994,48.3438],[15.0956,48.3446],[15.0977,48.3509],[15.0889,48.3463],[15.058,48.3516],[15.0507,48.3615],[15.0522,48.3556],[15.0418,48.3626],[15.0072,48.3697],[14.9986,48.3774],[14.9902,48.3712],[14.9794,48.3756],[14.9651,48.364],[14.9644,48.3785],[14.9536,48.362],[14.9532,48.3413],[14.9437,48.3238],[14.9612,48.3254],[14.9864,48.3193],[14.9839,48.2981],[14.992,48.2559],[14.9708,48.2469],[14.9703,48.238],[14.9747,48.2348],[14.9621,48.2321],[14.9522,48.2191],[14.9639,48.2149],[14.969,48.2084],[14.9648,48.204],[14.993,48.1941],[14.9811,48.1951],[14.9779,48.1842],[14.9591,48.185],[14.9581,48.1812],[14.9711,48.1755],[14.9718,48.1596],[14.9635,48.1538],[14.9768,48.1431],[14.973,48.1362],[14.9772,48.1118],[14.9992,48.1186],[15.0154,48.1171]]]}},{"type":"Feature","properties":{"code":"AT316","name":"Mistelbach"},"geometry":{"type":"Polygon","coordinates":[[[16.5257,48.3285],[16.5452,48.3253],[16.549,48.332],[16.603,48.3144],[16.6128,48.321],[16.617,48.3158],[16.6499,48.3279],[16.661,48.3381],[16.6357,48.3453],[16.6421,48.3551],[16.6271,48.358],[16.6291,48.364],[16.6133,48.3776],[16.5976,48.3793],[16.5969,48.3907],[16.5847,48.3961],[16.5699,48.4159],[16.5812,48.4202],[16.578,48.4275],[16.57,48.4251],[16.5566,48.4302],[16.5583,48.4424],[16.5538,48.4547],[16.5444,48.4613],[16.5486,48.4662],[16.5566,48.4642],[16.5562,48.4673],[16.573,48.4716],[16.5926,48.4719],[16.6065,48.465],[16.6128,48.4746],[16.6371,48.465],[16.6572,48.4805],[16.6314,48.4896],[16.6357,48.5022],[16.6425,48.5089],[16.6543,48.5085],[16.6647,48.5223],[16.6886,48.5316],[16.7016,48.5302],[16.68,48.5613],[16.6832,48.5631],[16.6801,48.5726],[16.704,48.5876],[16.7015,48.6027],[16.6923,48.6195],[16.6777,48.6307],[16.7102,48.6212],[16.7061,48.616],[16.7254,48.6061],[16.7351,48.6096],[16.7275,48.6148],[16.7318,48.6264],[16.7603,48.6258],[16.779,48.6354],[16.7854,48.6291],[16.803,48.6258],[16.8015,48.6193],[16.8459,48.6074],[16.8581,48.6107],[16.8531,48.617],[16.859,48.6169],[16.8467,48.6238],[16.8592,48.6343],[16.9066,48.6254],[16.9039,48.6408],[16.9151,48.6449],[16.9273,48.6384],[16.9284,48.6428],[16.9207,48.6452],[16.9193,48.6516],[16.9247,48.6723],[16.9104,48.676],[16.9184,48.6879],[16.918,48.6994],[16.9039,48.71],[16.9058,48.7152],[16.886,48.7158],[16.8796,48.7233],[16.8694,48.7125],[16.8417,48.7115],[16.8343,48.7165],[16.8273,48.7111],[16.8054,48.7121],[16.8003,48.7059],[16.7899,48.7139],[16.7758,48.7119],[16.7637,48.7186],[16.7573,48.717],[16.7473,48.7321],[16.7367,48.7293],[16.7248,48.738],[16.7011,48.7365],[16.6826,48.7278],[16.6735,48.7406],[16.6809,48.751],[16.6776,48.7666],[16.664,48.7755],[16.6638,48.781],[16.6417,48.7859],[16.6292,48.7802],[16.5936,48.7827],[16.5935,48.7869],[16.5827,48.7919],[16.5647,48.7939],[16.5407,48.8143],[16.5186,48.7982],[16.5161,48.8027],[16.4783,48.8021],[16.4604,48.809],[16.4619,48.8046],[16.4487,48.7994],[16.4477,48.7906],[16.4358,48.7782],[16.4393,48.7743],[16.435,48.7656],[16.4192,48.7592],[16.4104,48.7434],[16.3955,48.7364],[16.3889,48.7391],[16.378,48.7285],[16.3598,48.7281],[16.3514,48.7336],[16.3567,48.7385],[16.343,48.7456],[16.3362,48.7323],[16.3299,48.7312],[16.2779,48.7415],[16.2631,48.737],[16.2235,48.7401],[16.2224,48.7343],[16.2158,48.7356],[16.2244,48.7304],[16.222,48.7242],[16.2281,48.719],[16.2209,48.7093],[16.2256,48.7058],[16.21,48.7023],[16.2096,48.6981],[16.2158,48.6978],[16.2151,48.6908],[16.2009,48.6728],[16.2015,48.6485],[16.2329,48.6525],[16.2339,48.6575],[16.2576,48.6547],[16.2617,48.6435],[16.2527,48.6412],[16.2594,48.6343],[16.2551,48.6336],[16.2565,48.6221],[16.2684,48.6026],[16.3041,48.6069],[16.3018,48.5946],[16.2884,48.5904],[16.2893,48.5664],[16.3088,48.5676],[16.3166,48.5886],[16.3129,48.5902],[16.3178,48.5934],[16.3211,48.5874],[16.3441,48.5777],[16.3402,48.5973],[16.3492,48.5998],[16.3608,48.5957],[16.3668,48.5812],[16.3775,48.5746],[16.395,48.5744],[16.3651,48.5496],[16.3879,48.5391],[16.4147,48.5342],[16.406,48.5317],[16.409,48.5244],[16.4011,48.5246],[16.3966,48.5134],[16.4101,48.5081],[16.4306,48.5128],[16.4274,48.5038],[16.4353,48.5036],[16.4309,48.495],[16.436,48.4886],[16.4325,48.4731],[16.4376,48.4694],[16.4262,48.4689],[16.4196,48.4561],[16.4078,48.4493],[16.4105,48.4376],[16.4373,48.4421],[16.4455,48.4337],[16.4323,48.4295],[16.4449,48.4242],[16.4382,48.4093],[16.4206,48.4089],[16.4275,48.4062],[16.4163,48.3793],[16.4216,48.3808],[16.4223,48.3754],[16.4413,48.3683],[16.4432,48.3552],[16.4581,48.3536],[16.4727,48.3453],[16.482,48.3522],[16.5257,48.3285]]]}},{"type":"Feature","properties":{"code":"AT317","name":"Mödling"},"geometry":{"type":"Polygon","coordinates":[[[16.3883,48.1254],[16.3246,48.1378],[16.3118,48.1194],[16.2979,48.1295],[16.2711,48.1338],[16.2189,48.1238],[16.2147,48.1259],[16.2386,48.132],[16.2384,48.1372],[16.2208,48.1356],[16.2099,48.1476],[16.2232,48.1532],[16.1982,48.1541],[16.1937,48.1664],[16.1642,48.1705],[16.1541,48.169],[16.1526,48.1589],[16.1272,48.1455],[16.1138,48.1319],[16.0927,48.1426],[16.0825,48.1379],[16.0794,48.1301],[16.0583,48.1322],[16.0398,48.1229],[16.0395,48.1128],[16.051,48.107],[16.0419,48.0983],[16.0478,48.0823],[16.0606,48.0901],[16.0724,48.086],[16.0793,48.0885],[16.084,48.0722],[16.0956,48.0735],[16.095,48.0667],[16.1045,48.0623],[16.1143,48.0748],[16.1302,48.0764],[16.1288,48.0731],[16.1373,48.0783],[16.1609,48.0644],[16.1566,48.0584],[16.1608,48.0481],[16.2066,48.0379],[16.2272,48.0255],[16.2345,48.0361],[16.2458,48.0355],[16.2505,48.0397],[16.2853,48.0292],[16.2976,48.0344],[16.296,48.0382],[16.3025,48.0439],[16.3559,48.0228],[16.3517,48.0186],[16.3753,48.0078],[16.3918,48.0032],[16.4079,48.0059],[16.416,48.0234],[16.4159,48.0358],[16.4117,48.0377],[16.4155,48.0389],[16.4169,48.0495],[16.4028,48.0533],[16.405,48.0628],[16.3997,48.0732],[16.4044,48.0744],[16.4001,48.08],[16.4151,48.0909],[16.3753,48.0994],[16.3851,48.1113],[16.3883,48.1254]]]}},{"type":"Feature","properties":{"code":"AT318","name":"Neunkirchen"},"geometry":{"type":"Polygon","coordinates":[[[15.6087,47.7588],[15.6357,47.7156],[15.6516,47.7176],[15.6702,47.71],[15.6787,47.699],[15.6967,47.7129],[15.7176,47.7115],[15.7144,47.6966],[15.7287,47.6642],[15.7251,47.6465],[15.7441,47.641],[15.7409,47.6333],[15.7631,47.635],[15.7801,47.6426],[15.8051,47.6351],[15.8218,47.638],[15.8296,47.6328],[15.833,47.6224],[15.842,47.6176],[15.8567,47.6208],[15.8623,47.6138],[15.848,47.5968],[15.8445,47.5863],[15.847,47.5678],[15.8644,47.566],[15.8743,47.5733],[15.9043,47.5628],[15.9023,47.5463],[15.9139,47.5304],[15.9562,47.5171],[15.974,47.5202],[16.016,47.517],[16.0577,47.4846],[16.0651,47.4863],[16.0652,47.5019],[16.079,47.4994],[16.0814,47.506],[16.0942,47.5113],[16.0978,47.5241],[16.1095,47.525],[16.1116,47.5165],[16.116,47.5155],[16.1124,47.5075],[16.1214,47.5111],[16.1128,47.4978],[16.1208,47.4871],[16.1203,47.4779],[16.1151,47.4743],[16.133,47.4695],[16.138,47.4614],[16.1595,47.4669],[16.1607,47.478],[16.1668,47.482],[16.1633,47.4893],[16.1693,47.4914],[16.1595,47.4972],[16.1655,47.5026],[16.1568,47.5095],[16.1552,47.5184],[16.1613,47.5231],[16.1425,47.5559],[16.169,47.5548],[16.1659,47.5455],[16.1695,47.5351],[16.1758,47.532],[16.1732,47.5444],[16.1775,47.5506],[16.1816,47.548],[16.1777,47.5411],[16.1864,47.5452],[16.1884,47.5371],[16.1982,47.5342],[16.2101,47.538],[16.1849,47.5582],[16.1941,47.5811],[16.1737,47.6061],[16.2026,47.6365],[16.201,47.6466],[16.2082,47.665],[16.2015,47.6765],[16.2194,47.7045],[16.2176,47.7086],[16.2074,47.7092],[16.2124,47.7125],[16.201,47.7223],[16.186,47.7245],[16.1654,47.7169],[16.1567,47.7216],[16.1792,47.7222],[16.1842,47.7298],[16.2054,47.7342],[16.1873,47.759],[16.1746,47.7473],[16.1607,47.7427],[16.1556,47.7464],[16.1465,47.7552],[16.1784,47.774],[16.1285,47.8003],[16.1322,47.8027],[16.1294,47.8049],[16.0897,47.797],[16.082,47.8034],[16.0538,47.8032],[16.0302,47.8179],[16.0235,47.8121],[15.9975,47.8164],[15.9702,47.8069],[15.9736,47.8126],[15.9658,47.8179],[15.9651,47.827],[15.9326,47.8117],[15.9252,47.8146],[15.9174,47.8103],[15.9064,47.8271],[15.8601,47.8195],[15.8457,47.8098],[15.8521,47.8037],[15.8192,47.7989],[15.809,47.7848],[15.7903,47.7844],[15.7968,47.7891],[15.7962,47.7981],[15.8017,47.8052],[15.8027,47.8113],[15.7962,47.8189],[15.8011,47.8224],[15.8001,47.8322],[15.7805,47.842],[15.7526,47.8324],[15.7532,47.8416],[15.7401,47.862],[15.7158,47.8637],[15.6957,47.8581],[15.6779,47.867],[15.6481,47.8562],[15.6291,47.8547],[15.628,47.8491],[15.6159,47.8418],[15.6322,47.8259],[15.6319,47.8176],[15.6184,47.8123],[15.6159,47.8039],[15.6011,47.799],[15.6099,47.784],[15.62,47.7786],[15.6144,47.7605],[15.6087,47.7588]]]}},{"type":"Feature","properties":{"code":"AT319","name":"Sankt Pölten (Land)"},"geometry":{"type":"Polygon","coordinates":[[[15.5077,48.3196],[15.5119,48.3164],[15.5101,48.3105],[15.5318,48.3082],[15.5235,48.3061],[15.5262,48.2932],[15.5224,48.2944],[15.5226,48.2859],[15.5017,48.2893],[15.493,48.2817],[15.5024,48.2729],[15.4991,48.267],[15.4803,48.2664],[15.4835,48.2593],[15.4517,48.254],[15.4616,48.2453],[15.4526,48.2369],[15.4553,48.2323],[15.4384,48.2257],[15.4309,48.2137],[15.4229,48.211],[15.4401,48.1965],[15.4401,48.1784],[15.4452,48.1789],[15.4431,48.1652],[15.4588,48.1596],[15.4639,48.1532],[15.4718,48.1531],[15.4549,48.1425],[15.4729,48.1384],[15.4786,48.1453],[15.5063,48.1377],[15.5075,48.1422],[15.5098,48.138],[15.5176,48.1392],[15.518,48.1355],[15.5079,48.1333],[15.5167,48.1292],[15.5033,48.1274],[15.5044,48.1175],[15.4901,48.1165],[15.4907,48.1124],[15.4386,48.1007],[15.4462,48.0928],[15.4367,48.0909],[15.4419,48.0775],[15.431,48.0739],[15.4236,48.0595],[15.4137,48.0604],[15.4115,48.0533],[15.3969,48.0523],[15.3934,48.0438],[15.3715,48.0396],[15.3545,48.023],[15.3429,48.0257],[15.2941,48.0181],[15.2908,48.0122],[15.2636,47.9981],[15.2741,47.9859],[15.2742,47.9731],[15.2844,47.9659],[15.2839,47.9583],[15.2742,47.9583],[15.2733,47.9536],[15.2828,47.9502],[15.2955,47.9363],[15.3041,47.9404],[15.3225,47.9355],[15.3318,47.9162],[15.3286,47.9115],[15.3369,47.9075],[15.3269,47.8982],[15.336,47.89],[15.3595,47.891],[15.3718,47.8989],[15.3963,47.902],[15.3904,47.9114],[15.3947,47.9167],[15.4164,47.9208],[15.4193,47.9288],[15.4299,47.9335],[15.4273,47.9398],[15.4313,47.9487],[15.4387,47.9498],[15.4325,47.9575],[15.4652,47.9598],[15.4913,47.9705],[15.4984,47.9804],[15.498,47.9958],[15.5335,48.0082],[15.5306,48.0179],[15.5198,48.0265],[15.5197,48.0376],[15.5296,48.0437],[15.5236,48.0503],[15.527,48.0564],[15.5436,48.0645],[15.5551,48.0646],[15.5515,48.0703],[15.5825,48.0678],[15.5909,48.0741],[15.6013,48.0676],[15.622,48.0678],[15.6297,48.0696],[15.6265,48.0769],[15.6346,48.0745],[15.6389,48.0809],[15.6623,48.0878],[15.701,48.0898],[15.7003,48.0852],[15.7315,48.0774],[15.7636,48.0797],[15.7704,48.0712],[15.8194,48.08],[15.8216,48.0728],[15.8467,48.0628],[15.9202,48.0906],[15.9126,48.1069],[15.9292,48.1074],[15.9353,48.1155],[15.9514,48.1183],[15.9957,48.1457],[16.004,48.1385],[16.0317,48.1413],[16.0368,48.137],[16.0492,48.1381],[16.053,48.1316],[16.0794,48.1301],[16.0825,48.1379],[16.0939,48.1425],[16.1138,48.1319],[16.1272,48.1455],[16.1526,48.1589],[16.1541,48.169],[16.1872,48.1736],[16.2031,48.191],[16.2074,48.2023],[16.2019,48.2048],[16.2096,48.2096],[16.1979,48.2142],[16.1978,48.2229],[16.1852,48.2232],[16.1991,48.2286],[16.193,48.2347],[16.1935,48.2433],[16.2081,48.2641],[16.1777,48.2768],[16.1775,48.2837],[16.1593,48.28],[16.1655,48.2754],[16.1629,48.2654],[16.1485,48.2675],[16.1425,48.2764],[16.1387,48.2744],[16.142,48.2712],[16.1355,48.2728],[16.1341,48.2689],[16.1429,48.2616],[16.1393,48.2576],[16.1183,48.2598],[16.1102,48.2517],[16.121,48.2422],[16.091,48.2428],[16.0945,48.25],[16.0854,48.2559],[16.0792,48.254],[16.0863,48.2487],[16.0846,48.2436],[16.0764,48.2421],[16.0653,48.2481],[16.0635,48.2396],[16.0708,48.2372],[16.0564,48.2362],[16.0402,48.2242],[16.0405,48.2187],[16.0117,48.223],[16.0151,48.2154],[16.0394,48.2132],[16.0449,48.2078],[16.0338,48.2074],[16.0339,48.2014],[16.0135,48.195],[16.0062,48.1976],[15.988,48.2223],[15.9759,48.2237],[15.976,48.2319],[15.9811,48.2328],[15.9777,48.2354],[15.9473,48.2391],[15.9634,48.2486],[15.9561,48.2518],[15.9615,48.2541],[15.9512,48.2633],[15.9381,48.2552],[15.9284,48.2608],[15.9138,48.2602],[15.9127,48.2647],[15.8932,48.2613],[15.8866,48.2584],[15.8888,48.2515],[15.8944,48.2502],[15.8922,48.2441],[15.8854,48.2422],[15.8853,48.2316],[15.8418,48.2304],[15.846,48.2368],[15.8422,48.2408],[15.848,48.2434],[15.8416,48.2515],[15.8181,48.2519],[15.8252,48.2605],[15.8321,48.2613],[15.8373,48.2747],[15.8454,48.2772],[15.8419,48.2832],[15.8309,48.2892],[15.8037,48.2866],[15.8093,48.2918],[15.8165,48.2882],[15.8248,48.3032],[15.8197,48.3058],[15.816,48.3013],[15.7939,48.3003],[15.7894,48.3088],[15.7973,48.3125],[15.7602,48.3139],[15.7689,48.315],[15.7676,48.3251],[15.7827,48.3362],[15.7963,48.331],[15.8241,48.3356],[15.824,48.3475],[15.8066,48.3491],[15.809,48.3542],[15.8138,48.3583],[15.8327,48.3556],[15.8418,48.3686],[15.8146,48.3649],[15.8134,48.3586],[15.7984,48.3558],[15.7989,48.3642],[15.7936,48.369],[15.7826,48.367],[15.7725,48.3773],[15.7751,48.379],[15.7557,48.3882],[15.7485,48.3832],[15.7314,48.3842],[15.7253,48.3788],[15.7286,48.3758],[15.7216,48.3732],[15.6667,48.3685],[15.6704,48.3639],[15.6665,48.3578],[15.6693,48.3449],[15.6385,48.3348],[15.6313,48.3264],[15.6166,48.3271],[15.6146,48.3326],[15.5885,48.3344],[15.5884,48.3407],[15.5788,48.3425],[15.5722,48.3376],[15.5492,48.3374],[15.5312,48.3278],[15.5069,48.328],[15.5106,48.3221],[15.5077,48.3196]],[[15.6656,48.193],[15.6655,48.1807],[15.6456,48.1757],[15.6415,48.1667],[15.6421,48.1585],[15.6552,48.1506],[15.6477,48.1448],[15.655,48.1429],[15.6551,48.1332],[15.6485,48.1302],[15.6533,48.1267],[15.6411,48.1186],[15.6178,48.1236],[15.6057,48.1212],[15.579,48.1321],[15.5785,48.1439],[15.5928,48.1491],[15.5902,48.166],[15.5698,48.1678],[15.5703,48.1638],[15.5648,48.1627],[15.5561,48.1745],[15.556,48.1821],[15.5613,48.1823],[15.5617,48.1871],[15.5745,48.1904],[15.5726,48.1982],[15.5775,48.1986],[15.5758,48.2062],[15.5814,48.2099],[15.5765,48.2085],[15.5755,48.2125],[15.5829,48.2183],[15.5792,48.2231],[15.5857,48.2322],[15.5927,48.2277],[15.6135,48.2324],[15.6121,48.2359],[15.6271,48.2388],[15.6378,48.248],[15.6626,48.2426],[15.6712,48.2625],[15.6957,48.2616],[15.7078,48.2683],[15.7167,48.2628],[15.7361,48.2665],[15.7392,48.2622],[15.7326,48.2605],[15.7347,48.2581],[15.7263,48.2495],[15.7368,48.23],[15.7318,48.2196],[15.7219,48.2176],[15.7295,48.217],[15.7213,48.2094],[15.6948,48.205],[15.6926,48.1967],[15.6762,48.1994],[15.6656,48.193]]]}},{"type":"Feature","properties":{"code":"AT320","name":"Scheibbs"},"geometry":{"type":"Polygon","coordinates":[[[15.2762,48.0068],[15.274,48.0146],[15.2615,48.0218],[15.2672,48.0251],[15.2634,48.034],[15.2725,48.0475],[15.2664,48.0488],[15.2772,48.0505],[15.2767,48.0554],[15.2815,48.0508],[15.2917,48.0538],[15.2871,48.0688],[15.2797,48.0711],[15.2847,48.0747],[15.2523,48.0811],[15.248,48.0896],[15.2377,48.0932],[15.2386,48.0976],[15.2138,48.1138],[15.1909,48.1119],[15.1898,48.1154],[15.1954,48.1175],[15.1893,48.1212],[15.1908,48.1279],[15.2061,48.1251],[15.1971,48.1314],[15.1908,48.1298],[15.1814,48.1223],[15.1724,48.1244],[15.1639,48.1157],[15.156,48.1227],[15.1627,48.1265],[15.1612,48.1296],[15.1515,48.1337],[15.1544,48.1381],[15.1415,48.146],[15.1425,48.1415],[15.1321,48.1359],[15.1229,48.1369],[15.1193,48.1423],[15.1022,48.1368],[15.0786,48.1379],[15.0763,48.1417],[15.0582,48.1316],[15.0373,48.1279],[15.0326,48.1216],[15.0211,48.1215],[15.0116,48.113],[15.0142,48.1067],[15.0077,48.0995],[15.0153,48.0955],[15.0052,48.0945],[15.0101,48.0865],[15.0014,48.072],[14.9842,48.0727],[14.9658,48.0663],[14.9659,48.0556],[14.9737,48.0418],[14.9507,48.0435],[14.9542,48.0388],[14.9248,48.0377],[14.9208,48.0326],[14.9114,48.0334],[14.9121,48.0298],[14.9003,48.0324],[14.903,48.0222],[14.8971,48.019],[14.8895,48.0201],[14.8898,48.0256],[14.8842,48.028],[14.883,48.0226],[14.8596,48.0231],[14.8746,48.0171],[14.8708,48.0157],[14.8773,48.0095],[14.8908,48.0076],[14.8877,48.0141],[14.9019,48.0111],[14.9036,48.0053],[14.881,47.9974],[14.9021,47.9913],[14.8996,47.9866],[14.9173,47.9847],[14.914,47.9899],[14.9177,47.9911],[14.9329,47.9837],[14.9256,47.9828],[14.9211,47.9735],[14.954,47.9721],[14.9526,47.9646],[14.9436,47.9609],[14.9572,47.959],[14.9459,47.9443],[14.9452,47.9271],[14.9517,47.9238],[14.956,47.9298],[14.9721,47.931],[14.9771,47.9272],[14.9815,47.9314],[14.9953,47.9314],[14.9974,47.9228],[15.0099,47.9145],[15.0031,47.9079],[14.9915,47.9093],[14.9671,47.9018],[14.9667,47.8892],[14.9322,47.8635],[14.934,47.8525],[14.9484,47.8458],[14.9476,47.8392],[14.9067,47.8295],[14.9039,47.8152],[14.8865,47.8111],[14.8852,47.8078],[14.8922,47.8069],[14.8927,47.8028],[14.844,47.7901],[14.854,47.7729],[14.8745,47.7669],[14.8473,47.7478],[14.8726,47.7315],[14.8766,47.716],[14.9128,47.709],[14.9278,47.7106],[14.952,47.7329],[14.9676,47.7373],[14.9728,47.7436],[14.9972,47.7414],[15.0293,47.7526],[15.0567,47.7406],[15.0699,47.74],[15.1302,47.7472],[15.1301,47.753],[15.1388,47.7612],[15.1685,47.7537],[15.2007,47.7538],[15.2105,47.7644],[15.2009,47.7751],[15.2065,47.7777],[15.2094,47.7891],[15.2151,47.7906],[15.2162,47.8063],[15.2295,47.8134],[15.2073,47.8186],[15.2005,47.825],[15.18,47.8261],[15.1795,47.8324],[15.1644,47.8413],[15.1613,47.8492],[15.2145,47.8639],[15.224,47.8709],[15.2551,47.8693],[15.2623,47.8813],[15.29,47.8785],[15.3132,47.8882],[15.3247,47.8849],[15.336,47.89],[15.3269,47.8982],[15.3369,47.9075],[15.3286,47.9115],[15.3318,47.9162],[15.3225,47.9355],[15.3041,47.9404],[15.2955,47.9363],[15.2828,47.9502],[15.2733,47.9536],[15.2742,47.9583],[15.2839,47.9583],[15.2844,47.9659],[15.2742,47.9731],[15.2741,47.9859],[15.2635,47.9977],[15.2762,48.0068]]]}},{"type":"Feature","properties":{"code":"AT321","name":"Tulln"},"geometry":{"type":"Polygon","coordinates":[[[15.7314,48.3842],[15.7485,48.3832],[15.7557,48.3882],[15.7654,48.3855],[15.7826,48.367],[15.7936,48.369],[15.7989,48.3642],[15.7984,48.3558],[15.8134,48.3586],[15.8146,48.3649],[15.8418,48.3686],[15.8327,48.3556],[15.8138,48.3583],[15.809,48.3542],[15.8066,48.3491],[15.824,48.3475],[15.8241,48.3356],[15.7963,48.331],[15.7827,48.3362],[15.7676,48.3251],[15.7689,48.315],[15.7602,48.3139],[15.7973,48.3125],[15.7894,48.3088],[15.7939,48.3003],[15.816,48.3013],[15.8197,48.3058],[15.8248,48.3032],[15.8165,48.2882],[15.8093,48.2918],[15.8037,48.2866],[15.8309,48.2892],[15.8419,48.2832],[15.8454,48.2772],[15.8373,48.2747],[15.8321,48.2613],[15.8252,48.2605],[15.8181,48.2519],[15.8416,48.2515],[15.848,48.2434],[15.8422,48.2408],[15.846,48.2368],[15.8418,48.2304],[15.8853,48.2316],[15.8854,48.2422],[15.8922,48.2441],[15.8944,48.2502],[15.8888,48.2515],[15.8866,48.2584],[15.8932,48.2613],[15.9127,48.2647],[15.9138,48.2602],[15.9284,48.2608],[15.9381,48.2552],[15.9512,48.2633],[15.9615,48.2541],[15.9561,48.2518],[15.9634,48.2486],[15.9473,48.2391],[15.9777,48.2354],[15.9811,48.2328],[15.976,48.2319],[15.9759,48.2237],[15.988,48.2223],[15.9896,48.2158],[16.0127,48.195],[16.0339,48.2014],[16.0338,48.2074],[16.0449,48.2078],[16.0394,48.2132],[16.0151,48.2154],[16.0117,48.223],[16.0405,48.2187],[16.0402,48.2242],[16.0564,48.2362],[16.0708,48.2372],[16.0635,48.2396],[16.0653,48.2481],[16.0764,48.2421],[16.0846,48.2436],[16.0863,48.2487],[16.0792,48.254],[16.0854,48.2559],[16.0945,48.25],[16.091,48.2428],[16.121,48.2422],[16.1102,48.2517],[16.1183,48.2598],[16.1393,48.2576],[16.1415,48.2658],[16.1341,48.2689],[16.1355,48.2728],[16.142,48.2712],[16.1407,48.2764],[16.1485,48.2675],[16.1621,48.2652],[16.1656,48.2747],[16.1593,48.28],[16.1775,48.2837],[16.1777,48.2768],[16.241,48.2484],[16.2373,48.2428],[16.2415,48.2383],[16.2563,48.2399],[16.2587,48.2461],[16.2704,48.2519],[16.265,48.255],[16.2921,48.2622],[16.2941,48.2645],[16.286,48.2676],[16.2913,48.2714],[16.329,48.2772],[16.3481,48.2905],[16.3535,48.2837],[16.3632,48.2823],[16.3463,48.3015],[16.3428,48.3202],[16.3261,48.3341],[16.2909,48.3492],[16.2938,48.3525],[16.2737,48.3595],[16.2622,48.3542],[16.237,48.3565],[16.2221,48.3648],[16.2285,48.358],[16.2206,48.3526],[16.189,48.3669],[16.1813,48.3622],[16.1737,48.3666],[16.1655,48.3632],[16.1678,48.3577],[16.1461,48.3532],[16.1485,48.3571],[16.141,48.3583],[16.1265,48.3502],[16.1359,48.3444],[16.1154,48.3459],[16.1103,48.342],[16.085,48.3657],[16.0814,48.3604],[16.0719,48.3608],[16.0768,48.3584],[16.0767,48.3522],[16.0731,48.3522],[16.0695,48.3554],[16.0729,48.358],[16.0551,48.3666],[16.0617,48.3717],[16.0418,48.3705],[16.0387,48.3772],[16.0321,48.3742],[16.0213,48.3796],[16.0065,48.3774],[16.0064,48.3729],[15.9877,48.377],[15.9949,48.3802],[15.998,48.4001],[15.9985,48.4087],[15.9892,48.4112],[15.9943,48.425],[16.0196,48.4321],[16.0185,48.4551],[16.0113,48.457],[16.0302,48.4783],[16.0242,48.4952],[16.0162,48.4971],[15.9978,48.4945],[15.9869,48.5008],[15.9773,48.4898],[15.935,48.4857],[15.9297,48.4787],[15.9102,48.4782],[15.906,48.4942],[15.8991,48.4957],[15.8571,48.4949],[15.8519,48.4885],[15.8557,48.4879],[15.8533,48.4821],[15.8128,48.4972],[15.8054,48.4931],[15.8033,48.4849],[15.7839,48.4862],[15.7809,48.4823],[15.7857,48.475],[15.7784,48.4712],[15.7666,48.4412],[15.7571,48.4388],[15.7643,48.4371],[15.7634,48.421],[15.747,48.4084],[15.7474,48.3997],[15.7125,48.393],[15.7314,48.3842]],[[15.9856,48.4339],[15.9963,48.4341],[15.9946,48.4262],[15.9834,48.4276],[15.9856,48.4339]]]}},{"type":"Feature","properties":{"code":"AT322","name":"Waidhofen an der Thaya"},"geometry":{"type":"Polygon","coordinates":[[[15.1489,48.7051],[15.1647,48.7004],[15.1738,48.7036],[15.1746,48.7116],[15.1599,48.7249],[15.1661,48.7401],[15.1907,48.7289],[15.2082,48.7311],[15.2102,48.7363],[15.2209,48.7364],[15.2196,48.7421],[15.2327,48.7438],[15.2386,48.7511],[15.2652,48.7484],[15.2667,48.7523],[15.2623,48.7544],[15.2746,48.7626],[15.2988,48.7449],[15.3096,48.7484],[15.3111,48.7534],[15.3201,48.7514],[15.3186,48.7555],[15.3274,48.7664],[15.3368,48.7749],[15.3449,48.7756],[15.3771,48.7628],[15.3875,48.7747],[15.4041,48.7778],[15.4127,48.774],[15.4095,48.7708],[15.4292,48.7599],[15.4142,48.7598],[15.4174,48.7466],[15.4441,48.7413],[15.4471,48.7355],[15.4225,48.7315],[15.4216,48.7222],[15.4439,48.7188],[15.4507,48.7289],[15.4792,48.7265],[15.4827,48.7357],[15.4941,48.7376],[15.4905,48.7495],[15.5027,48.7541],[15.4992,48.7624],[15.5261,48.7612],[15.5225,48.7679],[15.5004,48.7748],[15.5215,48.7862],[15.5136,48.7944],[15.5265,48.8082],[15.5143,48.8168],[15.525,48.8223],[15.5358,48.8199],[15.5343,48.8267],[15.5492,48.8238],[15.5525,48.8295],[15.5603,48.8263],[15.5725,48.8309],[15.576,48.8386],[15.6081,48.8431],[15.5995,48.8564],[15.59,48.8541],[15.5892,48.8617],[15.5781,48.8684],[15.5818,48.8759],[15.5899,48.8733],[15.5927,48.8779],[15.6096,48.8751],[15.6098,48.8783],[15.5861,48.8835],[15.5814,48.8892],[15.5871,48.896],[15.5134,48.9141],[15.5061,48.9196],[15.502,48.936],[15.4685,48.9518],[15.4559,48.9453],[15.4505,48.9498],[15.4247,48.9516],[15.367,48.9819],[15.3322,48.9848],[15.3217,48.9761],[15.3121,48.9807],[15.3057,48.9779],[15.291,48.9843],[15.2937,48.9891],[15.2895,48.9927],[15.2778,48.9946],[15.2758,48.9858],[15.2814,48.9794],[15.2719,48.9664],[15.2671,48.9672],[15.2691,48.9583],[15.2619,48.9576],[15.2613,48.9536],[15.2464,48.9595],[15.2244,48.9601],[15.2096,48.9575],[15.1903,48.9433],[15.177,48.9477],[15.1593,48.9411],[15.187,48.9227],[15.1812,48.9191],[15.18,48.9021],[15.1846,48.8999],[15.1791,48.8965],[15.1843,48.8945],[15.1801,48.8875],[15.1874,48.8858],[15.1878,48.8794],[15.1735,48.8823],[15.1622,48.876],[15.1725,48.8635],[15.1721,48.8578],[15.1516,48.8554],[15.1534,48.8503],[15.1473,48.8445],[15.1523,48.8427],[15.1455,48.8387],[15.1572,48.835],[15.1544,48.826],[15.165,48.8226],[15.17,48.8124],[15.1581,48.8103],[15.1541,48.7964],[15.1472,48.8003],[15.1283,48.7928],[15.1309,48.7877],[15.1267,48.7804],[15.1338,48.7722],[15.1171,48.7596],[15.1448,48.7474],[15.1433,48.7322],[15.1472,48.7293],[15.1431,48.7255],[15.1575,48.722],[15.1469,48.7185],[15.1521,48.7147],[15.1489,48.7051]]]}},{"type":"Feature","properties":{"code":"AT323","name":"Wiener Neustadt (Land)"},"geometry":{"type":"MultiPolygon","coordinates":[[[[15.6291,47.8547],[15.6481,47.8562],[15.6779,47.867],[15.6957,47.8581],[15.7158,47.8637],[15.7401,47.862],[15.7532,47.8416],[15.7526,47.8324],[15.7805,47.842],[15.8001,47.8322],[15.8011,47.8224],[15.7962,47.8189],[15.8027,47.8113],[15.8017,47.8052],[15.7962,47.7981],[15.7968,47.7891],[15.7903,47.7844],[15.809,47.7848],[15.8192,47.7989],[15.8521,47.8037],[15.8468,47.8117],[15.8644,47.8206],[15.9064,47.8271],[15.9174,47.8103],[15.9252,47.8146],[15.931,47.8111],[15.9651,47.827],[15.9658,47.8179],[15.9736,47.8126],[15.9702,47.8069],[15.9975,47.8164],[16.0235,47.8121],[16.0302,47.8179],[16.0538,47.8032],[16.082,47.8034],[16.0897,47.797],[16.1294,47.8049],[16.1322,47.8027],[16.1285,47.8003],[16.1836,47.7709],[16.1909,47.8072],[16.1972,47.808],[16.2027,47.8224],[16.2109,47.8227],[16.189,47.8343],[16.1981,47.852],[16.2041,47.8493],[16.2081,47.8581],[16.2128,47.8573],[16.204,47.8625],[16.206,47.8676],[16.2236,47.8714],[16.2217,47.8472],[16.2708,47.8445],[16.2722,47.8544],[16.2763,47.8531],[16.2829,47.8392],[16.2677,47.8293],[16.284,47.8224],[16.2852,47.8117],[16.3147,47.8048],[16.3078,47.8034],[16.3109,47.7969],[16.3075,47.7908],[16.3156,47.7846],[16.3316,47.8005],[16.3475,47.8047],[16.3498,47.8177],[16.3772,47.8273],[16.3719,47.8311],[16.388,47.8426],[16.3484,47.868],[16.3577,47.8665],[16.3778,47.8731],[16.3925,47.8846],[16.3831,47.8825],[16.3898,47.8929],[16.3783,47.903],[16.3587,47.886],[16.348,47.8946],[16.2847,47.9147],[16.2439,47.9112],[16.2338,47.913],[16.2372,47.9162],[16.2295,47.9198],[16.2218,47.9137],[16.2318,47.9098],[16.2225,47.9084],[16.2189,47.898],[16.1936,47.907],[16.1809,47.9028],[16.1745,47.8951],[16.1574,47.8918],[16.1488,47.8837],[16.1078,47.8857],[16.1225,47.8773],[16.1128,47.8751],[16.1037,47.8837],[16.086,47.8851],[16.0911,47.8931],[16.0838,47.8972],[16.0954,47.8991],[16.0935,47.9024],[16.0481,47.9007],[16.0269,47.8929],[16.0119,47.893],[16.0078,47.9046],[16.0154,47.9141],[16.014,47.9212],[16.0228,47.9285],[16.0159,47.9321],[16.0026,47.9297],[15.9978,47.9235],[15.9881,47.9274],[15.9929,47.9326],[15.9913,47.9383],[15.9965,47.9374],[15.9982,47.9422],[15.9778,47.9324],[15.9667,47.9346],[15.9615,47.929],[15.9473,47.9268],[15.9435,47.9332],[15.9508,47.9419],[15.9452,47.9468],[15.9318,47.9468],[15.9183,47.956],[15.8969,47.9517],[15.8743,47.9609],[15.8582,47.9474],[15.8267,47.944],[15.8111,47.9354],[15.7541,47.9332],[15.7386,47.9193],[15.7122,47.9125],[15.7136,47.9069],[15.6903,47.8951],[15.6878,47.8872],[15.6758,47.8866],[15.6765,47.9011],[15.6614,47.9009],[15.6517,47.885],[15.6396,47.8842],[15.6384,47.8792],[15.6232,47.8739],[15.6224,47.8596],[15.6291,47.8547]]],[[[16.1963,47.7501],[16.2054,47.7342],[16.1842,47.7298],[16.1792,47.7222],[16.1567,47.7216],[16.1654,47.7169],[16.186,47.7245],[16.201,47.7223],[16.2124,47.7125],[16.2074,47.7092],[16.2176,47.7086],[16.2194,47.7045],[16.2015,47.6765],[16.2082,47.665],[16.201,47.6466],[16.2026,47.6365],[16.1737,47.6061],[16.1941,47.5811],[16.1849,47.5582],[16.2101,47.538],[16.1982,47.5342],[16.1884,47.5371],[16.1864,47.5452],[16.1777,47.5411],[16.1816,47.548],[16.1775,47.5506],[16.1732,47.5444],[16.1758,47.532],[16.1695,47.5351],[16.1659,47.5455],[16.169,47.5548],[16.1425,47.5559],[16.1613,47.5231],[16.1552,47.5184],[16.1568,47.5095],[16.1655,47.5026],[16.1595,47.4972],[16.1693,47.4914],[16.1633,47.4893],[16.1668,47.482],[16.1607,47.478],[16.1595,47.4669],[16.1351,47.4604],[16.1319,47.4534],[16.144,47.438],[16.1721,47.4222],[16.224,47.4274],[16.2566,47.4514],[16.2811,47.4551],[16.2902,47.464],[16.3043,47.4688],[16.3054,47.4746],[16.297,47.478],[16.3143,47.4829],[16.312,47.489],[16.3278,47.4979],[16.3397,47.5162],[16.3378,47.5259],[16.3098,47.5452],[16.3158,47.5597],[16.3132,47.5653],[16.3302,47.5824],[16.3289,47.5979],[16.3471,47.6042],[16.3536,47.6098],[16.348,47.6162],[16.3685,47.621],[16.3723,47.6273],[16.3677,47.6358],[16.3722,47.6437],[16.3517,47.6718],[16.3566,47.6793],[16.3332,47.6787],[16.3087,47.6872],[16.3102,47.6947],[16.2926,47.7183],[16.2912,47.7299],[16.2998,47.7587],[16.2938,47.7683],[16.3035,47.7852],[16.2773,47.7929],[16.2453,47.7931],[16.2416,47.7737],[16.2252,47.7757],[16.2153,47.7511],[16.1963,47.7501]]]]}},{"type":"Feature","properties":{"code":"AT325","name":"Zwettl"},"geometry":{"type":"Polygon","coordinates":[[[15.4364,48.7204],[15.4216,48.7222],[15.4225,48.7315],[15.4471,48.7355],[15.4441,48.7413],[15.4174,48.7466],[15.4142,48.7598],[15.4292,48.7599],[15.4041,48.7778],[15.3875,48.7747],[15.3771,48.7628],[15.3606,48.7663],[15.3579,48.7732],[15.3368,48.7749],[15.3186,48.7555],[15.3214,48.7523],[15.3111,48.7534],[15.3096,48.7484],[15.2988,48.7449],[15.2746,48.7626],[15.2623,48.7544],[15.2667,48.7523],[15.2652,48.7484],[15.2386,48.7511],[15.2327,48.7438],[15.2196,48.7421],[15.2209,48.7364],[15.2102,48.7363],[15.2082,48.7311],[15.1907,48.7289],[15.1661,48.7401],[15.1599,48.7249],[15.1746,48.7116],[15.1738,48.7036],[15.1647,48.7004],[15.1489,48.7051],[15.1392,48.6884],[15.1295,48.6947],[15.1245,48.7053],[15.1275,48.7087],[15.12,48.7131],[15.0997,48.7075],[15.1092,48.702],[15.1132,48.6891],[15.08,48.7014],[15.0658,48.6954],[15.0336,48.7053],[15.0171,48.7004],[14.9926,48.7042],[14.9954,48.6952],[14.9781,48.697],[14.9885,48.6861],[14.9887,48.6777],[14.9767,48.6753],[14.981,48.6692],[14.9979,48.6636],[14.998,48.6575],[15.0055,48.6525],[15.0181,48.6482],[15.0092,48.6446],[15.0039,48.6257],[14.9882,48.6346],[14.9719,48.6243],[14.9528,48.6316],[14.9355,48.61],[14.9106,48.6157],[14.9005,48.6233],[14.8842,48.6237],[14.8864,48.6201],[14.8825,48.6176],[14.8751,48.62],[14.8582,48.6118],[14.8542,48.6021],[14.8453,48.6073],[14.8434,48.6035],[14.8351,48.6057],[14.8303,48.5942],[14.8131,48.6002],[14.7978,48.5913],[14.7912,48.5933],[14.7866,48.5892],[14.7951,48.5846],[14.7847,48.5791],[14.8006,48.5764],[14.7986,48.5727],[14.814,48.5623],[14.8102,48.5559],[14.8129,48.5498],[14.8386,48.5438],[14.8493,48.5353],[14.8448,48.5301],[14.8962,48.5232],[14.9124,48.514],[14.9122,48.5074],[14.921,48.5057],[14.9184,48.4987],[14.9016,48.5019],[14.8923,48.499],[14.8873,48.4924],[14.8897,48.4866],[14.8665,48.48],[14.8772,48.4682],[14.8753,48.4559],[14.8983,48.4506],[14.9117,48.4302],[14.9389,48.4232],[14.9424,48.4153],[14.9494,48.4136],[14.9475,48.4077],[14.916,48.3894],[14.9233,48.3882],[14.9371,48.3952],[14.9639,48.3883],[14.9651,48.364],[14.9794,48.3756],[14.9902,48.3712],[14.9986,48.3774],[15.0072,48.3697],[15.0418,48.3626],[15.0522,48.3556],[15.0507,48.3615],[15.058,48.3516],[15.0889,48.3463],[15.0977,48.3509],[15.0956,48.3446],[15.0994,48.3438],[15.0942,48.3375],[15.0973,48.3342],[15.1048,48.3385],[15.11,48.332],[15.1156,48.3346],[15.1255,48.3292],[15.1389,48.3329],[15.1347,48.3407],[15.1383,48.3441],[15.1527,48.347],[15.1654,48.3423],[15.1657,48.3488],[15.1746,48.3521],[15.1746,48.3628],[15.1856,48.3539],[15.2023,48.366],[15.2518,48.3547],[15.241,48.3717],[15.2438,48.3758],[15.2766,48.3734],[15.2932,48.3822],[15.2911,48.3873],[15.3034,48.3859],[15.3217,48.3939],[15.3288,48.3857],[15.3386,48.3877],[15.3375,48.3992],[15.3499,48.3932],[15.3591,48.3944],[15.3604,48.4004],[15.3775,48.4101],[15.3657,48.4096],[15.3681,48.4203],[15.3542,48.4213],[15.3577,48.4267],[15.3543,48.4307],[15.3366,48.4255],[15.3309,48.4311],[15.3378,48.4405],[15.3294,48.4415],[15.3268,48.4502],[15.3094,48.4656],[15.2879,48.4665],[15.2807,48.4823],[15.2811,48.4872],[15.2917,48.4909],[15.2877,48.4932],[15.3209,48.4969],[15.3232,48.5019],[15.311,48.5123],[15.3075,48.5216],[15.318,48.5338],[15.325,48.5347],[15.3225,48.5381],[15.3277,48.5376],[15.3251,48.5532],[15.32,48.5555],[15.322,48.5639],[15.3176,48.5648],[15.3213,48.5666],[15.3141,48.5691],[15.3133,48.5761],[15.3075,48.5792],[15.3253,48.5905],[15.3174,48.5953],[15.3239,48.6025],[15.3219,48.607],[15.3454,48.6116],[15.3472,48.6079],[15.3529,48.6132],[15.3517,48.5992],[15.3635,48.5912],[15.3593,48.5844],[15.3778,48.5776],[15.3969,48.5927],[15.412,48.5849],[15.4181,48.588],[15.4176,48.5954],[15.4269,48.5895],[15.4383,48.5923],[15.4273,48.6042],[15.438,48.6172],[15.4595,48.6169],[15.4834,48.6102],[15.491,48.5986],[15.4989,48.6067],[15.5038,48.6017],[15.5051,48.6009],[15.5106,48.5994],[15.5095,48.5976],[15.5112,48.5994],[15.5008,48.6062],[15.516,48.6071],[15.503,48.6145],[15.5026,48.6215],[15.5148,48.6325],[15.5279,48.6294],[15.5404,48.6369],[15.5386,48.6431],[15.4868,48.6531],[15.482,48.6487],[15.477,48.6506],[15.4738,48.6424],[15.4455,48.6504],[15.447,48.656],[15.4242,48.6688],[15.4287,48.6745],[15.4455,48.6713],[15.4559,48.6744],[15.4508,48.6908],[15.4299,48.7014],[15.4364,48.7204]]]}},{"type":"Feature","properties":{"code":"AT401","name":"Linz (Stadt)"},"geometry":{"type":"Polygon","coordinates":[[[14.3037,48.358],[14.2946,48.3556],[14.2958,48.366],[14.2919,48.3691],[14.2962,48.3715],[14.2956,48.3785],[14.2914,48.3777],[14.2901,48.3619],[14.2818,48.3601],[14.2818,48.3533],[14.2719,48.3434],[14.256,48.3395],[14.2608,48.3318],[14.2549,48.3332],[14.2575,48.3277],[14.254,48.3186],[14.2588,48.3101],[14.2457,48.3073],[14.2587,48.3047],[14.2682,48.2907],[14.2617,48.288],[14.2814,48.2804],[14.2751,48.2756],[14.2769,48.261],[14.2711,48.2592],[14.2794,48.2529],[14.2627,48.2467],[14.2817,48.2342],[14.3043,48.2318],[14.3144,48.2218],[14.3119,48.2188],[14.3245,48.2115],[14.3397,48.2189],[14.3374,48.2243],[14.3424,48.2285],[14.3556,48.2277],[14.3677,48.2357],[14.3869,48.2306],[14.393,48.243],[14.4092,48.2489],[14.3985,48.2529],[14.4037,48.2571],[14.3512,48.2778],[14.3445,48.2836],[14.3338,48.3088],[14.3147,48.3217],[14.3602,48.3256],[14.3395,48.3311],[14.3366,48.3357],[14.3486,48.3403],[14.3465,48.3443],[14.3346,48.3446],[14.3285,48.3528],[14.3037,48.358]]]}},{"type":"Feature","properties":{"code":"AT402","name":"Steyr (Stadt)"},"geometry":{"type":"Polygon","coordinates":[[[14.4561,48.043],[14.4604,48.0609],[14.4526,48.0639],[14.4594,48.0726],[14.4542,48.0792],[14.468,48.0829],[14.4684,48.0874],[14.4567,48.0889],[14.4489,48.0795],[14.4344,48.0801],[14.422,48.0726],[14.4073,48.0755],[14.3788,48.0569],[14.3767,48.0513],[14.3807,48.0354],[14.3934,48.0358],[14.4165,48.0236],[14.4343,48.0347],[14.449,48.0374],[14.4496,48.0452],[14.4561,48.043]]]}},{"type":"Feature","properties":{"code":"AT403","name":"Wels (Stadt)"},"geometry":{"type":"Polygon","coordinates":[[[14.0187,48.2086],[14.0163,48.2025],[13.9964,48.2054],[13.9924,48.1974],[13.9865,48.1966],[13.9941,48.194],[13.9919,48.1901],[13.9658,48.1866],[13.9637,48.1822],[13.9719,48.1784],[13.9666,48.1703],[13.9789,48.1623],[13.9671,48.1518],[13.9734,48.1472],[13.9656,48.143],[13.9723,48.1377],[13.966,48.1285],[13.9713,48.1258],[13.9798,48.1377],[14.0359,48.156],[14.054,48.1573],[14.0895,48.172],[14.0886,48.1778],[14.0773,48.1817],[14.0798,48.1862],[14.0703,48.1944],[14.0713,48.1989],[14.0516,48.1964],[14.0475,48.2085],[14.0187,48.2086]]]}},{"type":"Feature","properties":{"code":"AT404","name":"Braunau am Inn"},"geometry":{"type":"Polygon","coordinates":[[[12.8602,47.9966],[12.892,47.991],[12.9104,48.022],[12.9208,48.0233],[12.9404,48.0367],[12.9614,48.0328],[12.9774,48.0235],[13.0046,48.0298],[13.0123,48.0365],[13.029,48.0325],[13.0422,48.0415],[13.0484,48.035],[13.0441,48.0281],[13.0587,48.0297],[13.0557,48.0256],[13.0633,48.0191],[13.0577,48.0133],[13.0731,48.0158],[13.0778,48.0111],[13.0751,48.004],[13.0898,48.0036],[13.094,47.9958],[13.1243,47.9962],[13.1213,47.9892],[13.1501,47.9945],[13.1405,47.9839],[13.1465,47.9701],[13.1647,47.9758],[13.1987,47.9742],[13.2256,47.9882],[13.2824,47.997],[13.2834,48.0069],[13.2968,48.0106],[13.3065,48.0077],[13.3119,48.0101],[13.307,48.0127],[13.3099,48.0168],[13.3068,48.0195],[13.3205,48.0223],[13.3204,48.0299],[13.3018,48.0248],[13.2972,48.0293],[13.3214,48.0503],[13.3338,48.076],[13.3339,48.0831],[13.3139,48.0938],[13.3232,48.0961],[13.3251,48.0912],[13.324,48.0978],[13.3282,48.0955],[13.3223,48.1033],[13.3274,48.1045],[13.325,48.1108],[13.3314,48.1175],[13.3349,48.1392],[13.3263,48.1441],[13.331,48.1454],[13.3274,48.1507],[13.3365,48.1673],[13.3232,48.1843],[13.3444,48.1907],[13.3422,48.1937],[13.3597,48.2045],[13.3362,48.218],[13.3451,48.2223],[13.3467,48.2304],[13.3328,48.2303],[13.3193,48.2398],[13.3078,48.2305],[13.3077,48.2372],[13.2986,48.2412],[13.2972,48.2473],[13.2914,48.2443],[13.2852,48.2523],[13.273,48.2514],[13.2672,48.2589],[13.2539,48.2547],[13.2573,48.2566],[13.2501,48.2575],[13.2492,48.2623],[13.2566,48.2738],[13.2391,48.2743],[13.2066,48.2627],[13.1955,48.2955],[13.1884,48.2956],[13.1275,48.2783],[13.0818,48.2774],[13.0563,48.2659],[13.0211,48.2576],[12.998,48.2368],[12.9521,48.208],[12.8701,48.2013],[12.8472,48.1669],[12.8363,48.1654],[12.8279,48.1531],[12.8,48.1472],[12.7865,48.1234],[12.7597,48.1274],[12.7589,48.1192],[12.7493,48.1092],[12.753,48.0868],[12.7608,48.0738],[12.8485,48.0177],[12.8602,47.9966]]]}},{"type":"Feature","properties":{"code":"AT405","name":"Eferding"},"geometry":{"type":"Polygon","coordinates":[[[14.0303,48.3732],[13.9948,48.4178],[13.9841,48.4218],[13.9556,48.4173],[13.949,48.4055],[13.9408,48.4034],[13.9261,48.4186],[13.9177,48.4496],[13.9065,48.4548],[13.8867,48.445],[13.8569,48.4498],[13.854,48.4425],[13.8735,48.4322],[13.8695,48.4241],[13.8755,48.4165],[13.8933,48.4044],[13.9183,48.3972],[13.9237,48.3907],[13.9149,48.3908],[13.9178,48.3894],[13.9054,48.3736],[13.8964,48.3709],[13.8922,48.3625],[13.8916,48.3582],[13.9002,48.356],[13.8908,48.35],[13.9004,48.3429],[13.9082,48.3441],[13.911,48.3391],[13.9061,48.335],[13.9089,48.333],[13.8975,48.3275],[13.9047,48.3211],[13.8898,48.3209],[13.8777,48.3118],[13.8698,48.3153],[13.8643,48.303],[13.8551,48.3044],[13.8512,48.2923],[13.8688,48.2877],[13.8968,48.2969],[13.9102,48.2947],[13.9074,48.284],[13.883,48.2785],[13.8853,48.2658],[13.8953,48.2521],[13.9332,48.2466],[13.9473,48.2502],[13.9648,48.2429],[13.9678,48.2459],[13.9689,48.2379],[13.984,48.2343],[13.9985,48.2405],[14.0168,48.2413],[14.0241,48.249],[14.0489,48.2445],[14.059,48.2518],[14.0802,48.2481],[14.0943,48.2596],[14.1315,48.2653],[14.1377,48.2669],[14.1361,48.2709],[14.1436,48.2703],[14.1446,48.2757],[14.1643,48.2774],[14.1528,48.2826],[14.1531,48.2955],[14.1419,48.2922],[14.1431,48.3006],[14.1362,48.3019],[14.143,48.3055],[14.1456,48.3201],[14.1137,48.3094],[14.0668,48.3193],[14.0321,48.3329],[14.0214,48.3469],[14.0303,48.3732]]]}},{"type":"Feature","properties":{"code":"AT406","name":"Freistadt"},"geometry":{"type":"Polygon","coordinates":[[[14.3937,48.5775],[14.4027,48.5713],[14.4064,48.5506],[14.4168,48.5491],[14.4237,48.5415],[14.4363,48.5422],[14.4371,48.5348],[14.4241,48.5357],[14.4137,48.5405],[14.4203,48.542],[14.4161,48.5435],[14.3983,48.5403],[14.3901,48.5296],[14.3877,48.5375],[14.3841,48.5379],[14.3843,48.5334],[14.3734,48.5348],[14.371,48.5311],[14.3792,48.523],[14.3749,48.5197],[14.3796,48.5151],[14.3719,48.5156],[14.3703,48.5108],[14.3825,48.501],[14.376,48.4968],[14.3783,48.4926],[14.3861,48.4931],[14.4083,48.4708],[14.399,48.4658],[14.4142,48.4469],[14.4103,48.4331],[14.4272,48.4304],[14.4329,48.4141],[14.4501,48.41],[14.4664,48.3957],[14.4663,48.3803],[14.4437,48.3725],[14.4459,48.3662],[14.432,48.365],[14.4405,48.356],[14.4606,48.3522],[14.4627,48.343],[14.4779,48.3282],[14.494,48.3273],[14.5029,48.3192],[14.5145,48.3199],[14.517,48.3151],[14.5316,48.3175],[14.5408,48.3249],[14.5574,48.3244],[14.5736,48.3176],[14.5705,48.3064],[14.5806,48.2974],[14.5958,48.3046],[14.6091,48.3011],[14.6169,48.3073],[14.6109,48.3128],[14.6136,48.3145],[14.6313,48.3141],[14.6309,48.3245],[14.6366,48.3226],[14.6317,48.3264],[14.6329,48.337],[14.6413,48.3394],[14.6508,48.3291],[14.6576,48.3305],[14.659,48.3259],[14.6538,48.3253],[14.6682,48.32],[14.6779,48.3092],[14.7117,48.3379],[14.7367,48.3311],[14.745,48.3391],[14.7635,48.3335],[14.7671,48.3354],[14.7647,48.3421],[14.776,48.3439],[14.7899,48.3366],[14.7977,48.3486],[14.8106,48.3532],[14.8154,48.3647],[14.8324,48.3632],[14.839,48.3767],[14.8478,48.3745],[14.8479,48.3701],[14.8601,48.3741],[14.8574,48.379],[14.8649,48.3788],[14.8786,48.3874],[14.8754,48.3937],[14.8877,48.3953],[14.8904,48.4024],[14.9157,48.4031],[14.9193,48.4133],[14.9304,48.411],[14.935,48.4159],[14.9213,48.4286],[14.9117,48.4302],[14.8983,48.4506],[14.8753,48.4559],[14.8772,48.4682],[14.8665,48.48],[14.8897,48.4866],[14.8873,48.4924],[14.896,48.5004],[14.9184,48.4987],[14.921,48.5057],[14.9122,48.5074],[14.909,48.5167],[14.8821,48.5268],[14.8448,48.5301],[14.8493,48.5353],[14.8363,48.5451],[14.7921,48.5593],[14.7733,48.5554],[14.7629,48.5638],[14.7551,48.5637],[14.7433,48.5584],[14.7432,48.5522],[14.7365,48.5523],[14.7382,48.5562],[14.7243,48.5623],[14.7118,48.5787],[14.6917,48.5806],[14.6913,48.5852],[14.6635,48.582],[14.6539,48.6041],[14.646,48.6099],[14.6264,48.6045],[14.6111,48.6279],[14.5809,48.6169],[14.5621,48.6033],[14.5535,48.6058],[14.5474,48.6142],[14.5264,48.6147],[14.5162,48.6198],[14.5023,48.6179],[14.4952,48.6223],[14.4941,48.6319],[14.4765,48.6395],[14.4699,48.6485],[14.4591,48.6433],[14.4438,48.6434],[14.4559,48.6255],[14.4473,48.6198],[14.4418,48.6003],[14.4304,48.5885],[14.3862,48.5927],[14.3937,48.5775]]]}},{"type":"Feature","properties":{"code":"AT407","name":"Gmunden"},"geometry":{"type":"Polygon","coordinates":[[[13.5548,47.7756],[13.5152,47.772],[13.4653,47.7862],[13.4463,47.772],[13.4361,47.7395],[13.483,47.7227],[13.5509,47.7141],[13.5464,47.703],[13.5356,47.6953],[13.5326,47.6827],[13.5169,47.6755],[13.5116,47.6774],[13.5,47.669],[13.5004,47.6589],[13.4906,47.6439],[13.4841,47.6415],[13.4899,47.6303],[13.5131,47.6327],[13.5233,47.6183],[13.5063,47.6008],[13.5053,47.582],[13.4783,47.5681],[13.4848,47.5528],[13.4754,47.5431],[13.4772,47.5294],[13.4901,47.5133],[13.502,47.5117],[13.5203,47.4943],[13.5343,47.4949],[13.589,47.473],[13.61,47.4751],[13.6304,47.4664],[13.7168,47.4611],[13.7226,47.4621],[13.7174,47.4737],[13.751,47.4992],[13.7607,47.5203],[13.752,47.5263],[13.7463,47.5417],[13.757,47.5448],[13.7559,47.5527],[13.7355,47.577],[13.7131,47.5753],[13.7129,47.5796],[13.6943,47.58],[13.6917,47.5887],[13.6994,47.5986],[13.6941,47.6232],[13.7088,47.6577],[13.7065,47.6644],[13.737,47.6741],[13.7342,47.6849],[13.7496,47.6874],[13.7553,47.6999],[13.7786,47.7185],[13.793,47.7124],[13.8402,47.7187],[13.8509,47.7144],[13.8603,47.7272],[13.8683,47.7235],[13.8764,47.7261],[13.8784,47.7215],[13.9034,47.7177],[13.9069,47.7111],[13.92,47.7051],[13.9517,47.7097],[13.9834,47.6973],[14.0177,47.7029],[14.0299,47.7127],[14.0462,47.7108],[14.0633,47.717],[14.0551,47.7358],[14.028,47.7601],[14.0345,47.7741],[14.0115,47.7765],[14.004,47.7868],[14.0067,47.7938],[13.9995,47.8004],[14.0293,47.8041],[14.0611,47.8236],[14.0921,47.8274],[14.0978,47.845],[14.0862,47.8474],[14.0856,47.8566],[14.0453,47.8719],[14.0161,47.87],[13.9919,47.8792],[13.9824,47.8953],[13.9877,47.8962],[13.9855,47.9036],[13.9769,47.9133],[13.9798,47.9238],[13.9923,47.9264],[13.994,47.9442],[13.9804,47.956],[13.9902,47.9658],[13.9513,47.9777],[13.959,47.9781],[13.9591,47.9853],[13.9722,47.988],[13.9745,47.9969],[13.9796,47.9915],[13.9878,47.9943],[13.9872,48.0036],[13.9769,48.0141],[13.9639,48.0173],[13.9653,48.0242],[13.9596,48.0224],[13.9472,48.0317],[13.9313,48.026],[13.9136,48.0293],[13.9063,48.0276],[13.9077,48.0204],[13.889,48.0226],[13.8821,48.0143],[13.8657,48.0315],[13.8758,48.0363],[13.8672,48.041],[13.8581,48.0391],[13.861,48.0429],[13.8436,48.0552],[13.8381,48.0531],[13.8419,48.0489],[13.8216,48.0386],[13.8195,48.0286],[13.8111,48.0269],[13.795,48.0115],[13.795,47.9965],[13.7751,48.0041],[13.7689,47.9975],[13.7684,47.9853],[13.7398,47.9807],[13.741,47.9688],[13.7486,47.9609],[13.7399,47.9554],[13.738,47.9452],[13.7415,47.9409],[13.7087,47.9293],[13.6996,47.9207],[13.7008,47.9165],[13.6923,47.9152],[13.6937,47.9071],[13.6688,47.9089],[13.6626,47.901],[13.6652,47.8967],[13.6546,47.8907],[13.6633,47.8786],[13.6574,47.8714],[13.6323,47.868],[13.6274,47.8534],[13.6177,47.8526],[13.6217,47.8452],[13.6061,47.8266],[13.6412,47.815],[13.6236,47.8058],[13.6082,47.7868],[13.6057,47.7732],[13.5772,47.7613],[13.5616,47.7642],[13.5548,47.7756]]]}},{"type":"Feature","properties":{"code":"AT408","name":"Grieskirchen"},"geometry":{"type":"Polygon","coordinates":[[[13.9964,48.2338],[13.9716,48.2371],[13.9685,48.2455],[13.9648,48.2429],[13.9473,48.2502],[13.9332,48.2466],[13.8953,48.2521],[13.8853,48.2658],[13.883,48.2785],[13.9074,48.284],[13.9102,48.2947],[13.8968,48.2969],[13.8688,48.2877],[13.8512,48.2923],[13.8551,48.3044],[13.8643,48.303],[13.8698,48.3153],[13.8777,48.3118],[13.8898,48.3209],[13.9047,48.3211],[13.8975,48.3275],[13.9089,48.333],[13.9061,48.335],[13.911,48.3391],[13.9082,48.3441],[13.9004,48.3429],[13.8908,48.35],[13.9002,48.356],[13.8916,48.3582],[13.8922,48.3625],[13.8964,48.3709],[13.9054,48.3736],[13.9178,48.3894],[13.9149,48.3908],[13.9237,48.3907],[13.9203,48.3957],[13.8933,48.4044],[13.8692,48.4259],[13.8532,48.4127],[13.8398,48.418],[13.8252,48.4171],[13.8217,48.4199],[13.8281,48.4282],[13.8045,48.419],[13.7804,48.4306],[13.775,48.4381],[13.7628,48.435],[13.7429,48.4487],[13.7316,48.449],[13.6966,48.4349],[13.6983,48.4176],[13.6852,48.407],[13.6958,48.4013],[13.7008,48.3893],[13.7289,48.3652],[13.7144,48.3525],[13.7215,48.3377],[13.7105,48.3308],[13.7202,48.3279],[13.716,48.3221],[13.7188,48.3174],[13.69,48.309],[13.6897,48.3041],[13.6716,48.3046],[13.6642,48.2933],[13.6674,48.2879],[13.6516,48.2827],[13.6547,48.2729],[13.6475,48.2712],[13.6477,48.2642],[13.6568,48.2549],[13.6516,48.2503],[13.624,48.2508],[13.6102,48.2453],[13.6039,48.252],[13.5908,48.2538],[13.5834,48.2485],[13.567,48.2477],[13.5701,48.2338],[13.5844,48.2257],[13.5848,48.2131],[13.6028,48.211],[13.6042,48.2022],[13.6251,48.1954],[13.617,48.1931],[13.6195,48.1879],[13.6124,48.1823],[13.6133,48.1648],[13.6058,48.1567],[13.6051,48.1329],[13.6324,48.1299],[13.6481,48.1334],[13.6642,48.1259],[13.6801,48.1325],[13.6851,48.1222],[13.7145,48.1253],[13.7328,48.1137],[13.748,48.1104],[13.7585,48.1235],[13.7729,48.127],[13.774,48.1341],[13.7794,48.1361],[13.772,48.1433],[13.792,48.1496],[13.7865,48.1534],[13.8038,48.1466],[13.8013,48.152],[13.8164,48.157],[13.8215,48.1753],[13.8335,48.1662],[13.8676,48.1616],[13.8734,48.1641],[13.8693,48.1682],[13.8719,48.1726],[13.8854,48.1749],[13.88,48.1814],[13.8573,48.1889],[13.8541,48.1962],[13.8418,48.1975],[13.8461,48.1991],[13.8431,48.2054],[13.8889,48.207],[13.9154,48.221],[13.9421,48.2093],[13.9512,48.2114],[13.9538,48.2185],[13.961,48.2146],[13.9713,48.2224],[13.9952,48.2176],[14.0,48.2273],[13.9946,48.2287],[13.9964,48.2338]]]}},{"type":"Feature","properties":{"code":"AT409","name":"Kirchdorf an der Krems"},"geometry":{"type":"Polygon","coordinates":[[[13.9873,48.0026],[13.9878,47.9943],[13.9796,47.9915],[13.9745,47.9969],[13.9722,47.988],[13.9591,47.9853],[13.959,47.9781],[13.9513,47.9777],[13.9902,47.9658],[13.9804,47.956],[13.994,47.9442],[13.9923,47.9264],[13.9798,47.9238],[13.9769,47.9133],[13.9855,47.9036],[13.9877,47.8962],[13.9824,47.8953],[13.9919,47.8792],[14.0161,47.87],[14.0453,47.8719],[14.0856,47.8566],[14.0862,47.8474],[14.0978,47.845],[14.0921,47.8274],[14.0611,47.8236],[14.0293,47.8041],[13.9995,47.8004],[14.0067,47.7938],[14.004,47.7868],[14.0115,47.7765],[14.0345,47.7741],[14.028,47.7601],[14.0551,47.7358],[14.0632,47.7188],[14.0462,47.7108],[14.0299,47.7127],[14.0106,47.7009],[14.0554,47.6679],[14.0463,47.6264],[14.0544,47.6252],[14.0508,47.6172],[14.0931,47.6195],[14.1456,47.637],[14.1776,47.6379],[14.2058,47.6525],[14.2326,47.6506],[14.2231,47.6421],[14.2553,47.6128],[14.282,47.6145],[14.2965,47.6079],[14.3264,47.6076],[14.3345,47.6184],[14.395,47.6378],[14.3926,47.6484],[14.3975,47.6527],[14.4209,47.6566],[14.4367,47.6526],[14.4473,47.6567],[14.4493,47.6638],[14.4713,47.6693],[14.4886,47.682],[14.4916,47.6939],[14.4816,47.7032],[14.4655,47.7071],[14.4661,47.7132],[14.4603,47.7178],[14.4812,47.7211],[14.4834,47.7255],[14.4799,47.7272],[14.4895,47.7374],[14.4859,47.7431],[14.4897,47.7474],[14.4787,47.7525],[14.4799,47.7567],[14.4684,47.7705],[14.4396,47.7823],[14.4433,47.7926],[14.44,47.7953],[14.4195,47.7922],[14.4194,47.7984],[14.4075,47.8049],[14.4058,47.8172],[14.3914,47.8221],[14.4012,47.8358],[14.3977,47.8415],[14.407,47.8519],[14.4022,47.8583],[14.4127,47.8711],[14.4129,47.8801],[14.3802,47.8867],[14.3771,47.8936],[14.369,47.8926],[14.3604,47.9051],[14.3204,47.9039],[14.2921,47.9087],[14.2926,47.9201],[14.309,47.9297],[14.2981,47.9355],[14.2941,47.9436],[14.3043,47.9489],[14.3062,47.9638],[14.3172,47.964],[14.3044,47.981],[14.2941,47.9863],[14.2994,47.9962],[14.2946,48.0032],[14.2792,47.9962],[14.2771,47.9832],[14.2679,47.9733],[14.2546,47.9694],[14.2316,47.9749],[14.21,47.9702],[14.1943,47.9793],[14.1905,47.985],[14.1949,47.989],[14.1882,47.9898],[14.1865,47.996],[14.1655,48.0005],[14.1783,48.0141],[14.1593,48.0183],[14.1588,48.0261],[14.1752,48.0231],[14.1709,48.0305],[14.1839,48.0392],[14.1782,48.0412],[14.1918,48.0488],[14.1918,48.0536],[14.1813,48.0544],[14.1683,48.0443],[14.1519,48.0499],[14.15,48.0573],[14.1788,48.0615],[14.1905,48.0736],[14.1618,48.071],[14.1639,48.0766],[14.1464,48.089],[14.1485,48.0936],[14.1541,48.0923],[14.1556,48.1011],[14.1419,48.0954],[14.1319,48.0973],[14.1285,48.0883],[14.1243,48.0889],[14.1259,48.0939],[14.1177,48.0937],[14.1081,48.0777],[14.0965,48.0794],[14.0874,48.0718],[14.0906,48.0613],[14.0805,48.0528],[14.0378,48.0536],[14.0328,48.0215],[14.0031,48.0045],[13.9873,48.0026]]]}},{"type":"Feature","properties":{"code":"AT410","name":"Linz (Land)"},"geometry":{"type":"Polygon","coordinates":[[[14.1618,48.071],[14.1975,48.0744],[14.2027,48.0839],[14.2102,48.0754],[14.2307,48.0876],[14.2468,48.0886],[14.2526,48.0968],[14.249,48.1047],[14.2815,48.1022],[14.2829,48.1124],[14.2917,48.1153],[14.3208,48.1081],[14.3233,48.1157],[14.33,48.115],[14.3369,48.1258],[14.3627,48.1353],[14.3741,48.1275],[14.389,48.1358],[14.4002,48.1254],[14.4234,48.125],[14.4223,48.1199],[14.4154,48.1218],[14.4142,48.116],[14.4246,48.1074],[14.4532,48.1113],[14.4712,48.1037],[14.4926,48.1097],[14.4947,48.1128],[14.4895,48.1165],[14.4679,48.1218],[14.4779,48.1358],[14.4675,48.1494],[14.4839,48.1746],[14.479,48.1825],[14.4826,48.1894],[14.48,48.1976],[14.4896,48.2219],[14.5212,48.2376],[14.4972,48.244],[14.4562,48.2365],[14.4406,48.2444],[14.4364,48.2393],[14.4148,48.243],[14.4089,48.2484],[14.393,48.243],[14.3869,48.2306],[14.3677,48.2357],[14.3556,48.2277],[14.3424,48.2285],[14.3374,48.2243],[14.3397,48.2189],[14.3245,48.2115],[14.3119,48.2188],[14.3144,48.2218],[14.3043,48.2318],[14.2817,48.2342],[14.2627,48.2467],[14.2794,48.2529],[14.2711,48.2592],[14.2769,48.261],[14.2751,48.2756],[14.2814,48.2804],[14.2617,48.288],[14.2682,48.2907],[14.2587,48.3047],[14.2457,48.3073],[14.2482,48.3098],[14.2194,48.3107],[14.1875,48.3321],[14.1704,48.3273],[14.1684,48.3202],[14.1591,48.3156],[14.1447,48.3152],[14.143,48.3055],[14.1362,48.3019],[14.1431,48.3006],[14.1401,48.2939],[14.1531,48.2955],[14.1528,48.2826],[14.1643,48.2774],[14.1446,48.2757],[14.1436,48.2703],[14.1361,48.2709],[14.1377,48.2669],[14.1315,48.2653],[14.0943,48.2596],[14.093,48.2555],[14.1084,48.2462],[14.0954,48.2427],[14.0915,48.2347],[14.1057,48.2262],[14.1132,48.2267],[14.1126,48.2199],[14.154,48.2199],[14.1571,48.2034],[14.1514,48.194],[14.1557,48.1832],[14.1629,48.1828],[14.1604,48.1796],[14.1652,48.1803],[14.1712,48.1705],[14.162,48.1684],[14.1478,48.1505],[14.1301,48.148],[14.1257,48.1332],[14.1173,48.1241],[14.1602,48.1133],[14.1354,48.0986],[14.1419,48.0954],[14.1572,48.0998],[14.1541,48.0923],[14.1485,48.0936],[14.1464,48.089],[14.1639,48.0766],[14.1618,48.071]]]}},{"type":"Feature","properties":{"code":"AT411","name":"Perg"},"geometry":{"type":"Polygon","coordinates":[[[14.9282,48.4238],[14.935,48.4169],[14.9304,48.411],[14.9193,48.4133],[14.9157,48.4031],[14.8904,48.4024],[14.8877,48.3953],[14.8754,48.3937],[14.8786,48.3874],[14.8649,48.3788],[14.8574,48.379],[14.8601,48.3741],[14.8514,48.3705],[14.839,48.3767],[14.8324,48.3632],[14.8154,48.3647],[14.8106,48.3532],[14.7977,48.3486],[14.7899,48.3366],[14.776,48.3439],[14.7647,48.3421],[14.7671,48.3354],[14.7635,48.3335],[14.745,48.3391],[14.7367,48.3311],[14.7117,48.3379],[14.6779,48.3092],[14.6682,48.32],[14.6538,48.3253],[14.659,48.3259],[14.6576,48.3305],[14.6508,48.3291],[14.6413,48.3394],[14.6329,48.337],[14.6317,48.3264],[14.6366,48.3226],[14.6309,48.3245],[14.6303,48.3131],[14.6136,48.3145],[14.6109,48.3128],[14.6169,48.3073],[14.6139,48.3024],[14.5958,48.3046],[14.5806,48.2974],[14.5705,48.3064],[14.5736,48.3176],[14.5574,48.3244],[14.5408,48.3249],[14.5316,48.3175],[14.517,48.3151],[14.5145,48.3199],[14.5024,48.3194],[14.494,48.3273],[14.4733,48.33],[14.4645,48.3257],[14.4689,48.3234],[14.4615,48.3123],[14.4845,48.3117],[14.4787,48.3061],[14.4812,48.3027],[14.4452,48.2955],[14.4332,48.3026],[14.4156,48.3039],[14.4245,48.297],[14.4068,48.2905],[14.4109,48.282],[14.404,48.2765],[14.406,48.2589],[14.3985,48.2529],[14.4148,48.243],[14.4364,48.2393],[14.4406,48.2444],[14.4585,48.2363],[14.4998,48.244],[14.5725,48.2273],[14.5872,48.2215],[14.6115,48.1958],[14.6345,48.1801],[14.6902,48.1571],[14.7051,48.1626],[14.7153,48.1787],[14.7393,48.1721],[14.8323,48.1901],[14.8452,48.1957],[14.8565,48.211],[14.8573,48.2255],[14.8811,48.2325],[14.8952,48.2279],[14.9145,48.2328],[14.9383,48.2308],[14.9592,48.2046],[14.9742,48.1988],[14.9648,48.204],[14.969,48.2084],[14.9639,48.2149],[14.9522,48.2191],[14.9621,48.2321],[14.9747,48.2348],[14.9703,48.238],[14.9708,48.2469],[14.992,48.2559],[14.9839,48.2981],[14.9872,48.3172],[14.9802,48.3234],[14.9437,48.3238],[14.9532,48.3413],[14.9522,48.3568],[14.9644,48.3785],[14.9645,48.3879],[14.9371,48.3952],[14.9169,48.3885],[14.9191,48.3942],[14.9386,48.4017],[14.9492,48.4125],[14.9414,48.4162],[14.9389,48.4232],[14.9282,48.4238]]]}},{"type":"Feature","properties":{"code":"AT412","name":"Ried im Innkreis"},"geometry":{"type":"Polygon","coordinates":[[[13.4078,48.3722],[13.3661,48.3522],[13.326,48.3214],[13.2617,48.2952],[13.1955,48.2955],[13.2066,48.2627],[13.2281,48.2716],[13.2546,48.2745],[13.249,48.2583],[13.2557,48.2584],[13.2558,48.2536],[13.2672,48.2589],[13.273,48.2514],[13.2852,48.2523],[13.2914,48.2443],[13.2972,48.2473],[13.2986,48.2412],[13.3077,48.2372],[13.3078,48.2305],[13.3193,48.2398],[13.3328,48.2303],[13.3467,48.2304],[13.3451,48.2223],[13.3362,48.218],[13.3597,48.2045],[13.3422,48.1937],[13.3444,48.1907],[13.3232,48.1843],[13.3365,48.1673],[13.3274,48.1507],[13.331,48.1454],[13.3263,48.1441],[13.3349,48.1392],[13.3314,48.1175],[13.325,48.1108],[13.3274,48.1045],[13.3223,48.1033],[13.3282,48.0955],[13.324,48.0978],[13.3251,48.0912],[13.3232,48.0961],[13.3139,48.0938],[13.3339,48.0831],[13.3299,48.0697],[13.3458,48.0693],[13.3511,48.0515],[13.3527,48.0552],[13.3591,48.0514],[13.3788,48.0575],[13.3884,48.0549],[13.3829,48.0512],[13.3899,48.0534],[13.3956,48.0787],[13.4049,48.0848],[13.4228,48.0855],[13.4231,48.0924],[13.4518,48.1062],[13.4974,48.107],[13.5154,48.1157],[13.5515,48.1198],[13.5614,48.1139],[13.5686,48.1176],[13.5818,48.1156],[13.5901,48.1232],[13.6036,48.124],[13.6078,48.1283],[13.6027,48.1383],[13.6075,48.1411],[13.6058,48.1567],[13.6133,48.1648],[13.6124,48.1823],[13.6195,48.1879],[13.617,48.1931],[13.6251,48.1954],[13.6042,48.2022],[13.6028,48.211],[13.5848,48.2131],[13.5844,48.2257],[13.5701,48.2338],[13.567,48.2477],[13.5897,48.2504],[13.6037,48.2628],[13.6161,48.2639],[13.6286,48.2886],[13.6212,48.2913],[13.6233,48.2986],[13.5999,48.2951],[13.5954,48.3006],[13.5765,48.3025],[13.5783,48.3074],[13.5723,48.3103],[13.5633,48.3095],[13.5604,48.3349],[13.5524,48.3286],[13.5304,48.3309],[13.5259,48.3257],[13.5007,48.3346],[13.483,48.3291],[13.4426,48.3402],[13.4354,48.334],[13.4343,48.3432],[13.421,48.3396],[13.4259,48.352],[13.4085,48.3571],[13.4078,48.3722]]]}},{"type":"Feature","properties":{"code":"AT413","name":"Rohrbach"},"geometry":{"type":"Polygon","coordinates":[[[13.8545,48.4302],[13.874,48.4275],[13.8735,48.4322],[13.856,48.4407],[13.8548,48.4487],[13.8867,48.445],[13.9086,48.4543],[13.9198,48.4478],[13.9261,48.4186],[13.939,48.4043],[13.949,48.4055],[13.9556,48.4173],[13.9862,48.4216],[13.9993,48.4151],[14.0332,48.3738],[14.0492,48.3794],[14.0469,48.3859],[14.0556,48.389],[14.0506,48.3993],[14.0798,48.3998],[14.0762,48.413],[14.0916,48.4211],[14.0926,48.4306],[14.1038,48.4372],[14.1044,48.4446],[14.1179,48.4412],[14.1218,48.4471],[14.1386,48.4281],[14.148,48.4288],[14.158,48.4393],[14.1596,48.4507],[14.1798,48.4578],[14.1713,48.4816],[14.1742,48.4887],[14.1692,48.4949],[14.1784,48.5037],[14.1875,48.4929],[14.1978,48.4942],[14.2035,48.5049],[14.1905,48.5161],[14.1978,48.5289],[14.1898,48.5313],[14.1902,48.5356],[14.1843,48.5297],[14.1709,48.5324],[14.1686,48.5364],[14.1785,48.5384],[14.1714,48.5405],[14.1747,48.5456],[14.1717,48.5509],[14.1672,48.5439],[14.159,48.5463],[14.1639,48.5538],[14.1571,48.5672],[14.163,48.5741],[14.1597,48.5768],[14.1678,48.578],[14.169,48.5848],[14.1628,48.5926],[14.1302,48.5976],[14.1159,48.5892],[14.1064,48.5895],[14.0956,48.5922],[14.0971,48.5998],[14.0733,48.5999],[14.0673,48.5952],[14.069,48.607],[14.0542,48.6041],[14.0422,48.6129],[14.0481,48.6274],[14.03,48.6267],[14.0113,48.6391],[14.0229,48.6456],[14.0246,48.6526],[14.053,48.6527],[14.0585,48.6589],[14.0594,48.6737],[14.0389,48.6761],[14.0247,48.6833],[14.0287,48.6854],[14.0162,48.6919],[14.0156,48.6978],[14.0099,48.6954],[14.0134,48.6984],[14.0033,48.7086],[13.9559,48.7144],[13.9537,48.7207],[13.9392,48.7232],[13.8955,48.7571],[13.8684,48.7696],[13.8432,48.7726],[13.8361,48.7627],[13.8211,48.7545],[13.8191,48.7318],[13.7949,48.7151],[13.8031,48.7081],[13.8114,48.7087],[13.8141,48.7009],[13.8371,48.7007],[13.8336,48.6919],[13.8166,48.6948],[13.8135,48.6902],[13.8198,48.6701],[13.8141,48.6496],[13.8241,48.6417],[13.8256,48.6184],[13.8155,48.6141],[13.8074,48.605],[13.8084,48.5999],[13.8013,48.5973],[13.8073,48.5846],[13.801,48.5736],[13.7903,48.5718],[13.7703,48.5536],[13.7603,48.5655],[13.7541,48.5636],[13.7467,48.5524],[13.7548,48.5511],[13.7437,48.5438],[13.749,48.5378],[13.7479,48.5297],[13.7334,48.5253],[13.7271,48.513],[13.7484,48.4893],[13.7791,48.4687],[13.8062,48.4629],[13.8545,48.4302]]]}},{"type":"Feature","properties":{"code":"AT414","name":"Schärding"},"geometry":{"type":"Polygon","coordinates":[[[13.5908,48.2538],[13.6039,48.252],[13.6102,48.2453],[13.624,48.2508],[13.6516,48.2503],[13.6568,48.2549],[13.6477,48.2642],[13.6475,48.2712],[13.6547,48.2729],[13.6516,48.2827],[13.6674,48.2879],[13.6642,48.2933],[13.6716,48.3046],[13.6897,48.3041],[13.69,48.309],[13.7197,48.3189],[13.716,48.3221],[13.7202,48.3279],[13.7105,48.3308],[13.7215,48.3377],[13.7144,48.3525],[13.7289,48.3652],[13.7008,48.3893],[13.6958,48.4013],[13.6852,48.407],[13.6983,48.4176],[13.6952,48.4245],[13.6982,48.4362],[13.7088,48.4369],[13.7316,48.449],[13.7429,48.4487],[13.761,48.4355],[13.775,48.4381],[13.7804,48.4306],[13.8045,48.419],[13.8281,48.4282],[13.8217,48.4199],[13.8252,48.4171],[13.8398,48.418],[13.8532,48.4127],[13.8654,48.4258],[13.8062,48.4629],[13.7774,48.4697],[13.7484,48.4893],[13.7271,48.513],[13.6632,48.5347],[13.6532,48.5492],[13.6237,48.5549],[13.5974,48.5699],[13.5891,48.5681],[13.5813,48.5596],[13.5696,48.5613],[13.5272,48.5874],[13.5091,48.5907],[13.5016,48.5809],[13.507,48.5777],[13.504,48.5725],[13.4914,48.5691],[13.4892,48.563],[13.4745,48.5624],[13.4754,48.5561],[13.4636,48.554],[13.45,48.5639],[13.4372,48.5559],[13.439,48.5479],[13.4502,48.5377],[13.4461,48.5245],[13.4582,48.5119],[13.4275,48.4582],[13.4397,48.4321],[13.4219,48.4051],[13.407,48.3605],[13.4259,48.352],[13.421,48.3396],[13.4343,48.3432],[13.4354,48.334],[13.4426,48.3402],[13.483,48.3291],[13.5007,48.3346],[13.5259,48.3257],[13.5304,48.3309],[13.5524,48.3286],[13.5604,48.3349],[13.5633,48.3095],[13.5723,48.3103],[13.5783,48.3074],[13.5765,48.3025],[13.5954,48.3006],[13.5999,48.2951],[13.6233,48.2986],[13.6212,48.2913],[13.6286,48.2886],[13.6221,48.2809],[13.622,48.2715],[13.6161,48.2639],[13.6037,48.2628],[13.5908,48.2538]]]}},{"type":"Feature","properties":{"code":"AT415","name":"Steyr (Land)"},"geometry":{"type":"Polygon","coordinates":[[[14.188,48.0737],[14.1788,48.0615],[14.15,48.0573],[14.1519,48.0499],[14.1683,48.0443],[14.1813,48.0544],[14.1918,48.0536],[14.1918,48.0488],[14.1782,48.0412],[14.1839,48.0392],[14.1709,48.0305],[14.1752,48.0231],[14.1588,48.0261],[14.1593,48.0183],[14.1783,48.0141],[14.1655,48.0005],[14.1865,47.996],[14.1882,47.9898],[14.1949,47.989],[14.1905,47.985],[14.1943,47.9793],[14.21,47.9702],[14.2316,47.9749],[14.2546,47.9694],[14.2679,47.9733],[14.2771,47.9832],[14.2792,47.9962],[14.2961,48.0021],[14.2994,47.9962],[14.2941,47.9863],[14.3044,47.981],[14.3172,47.964],[14.3062,47.9638],[14.3043,47.9489],[14.2941,47.9436],[14.2981,47.9355],[14.309,47.9297],[14.2926,47.9201],[14.2921,47.9087],[14.3204,47.9039],[14.3604,47.9051],[14.369,47.8926],[14.3771,47.8936],[14.3802,47.8867],[14.4129,47.8801],[14.4127,47.8711],[14.4022,47.8583],[14.407,47.8519],[14.3977,47.8415],[14.4012,47.8358],[14.3914,47.8221],[14.4058,47.8172],[14.4075,47.8049],[14.4194,47.7984],[14.4195,47.7922],[14.44,47.7953],[14.4433,47.7926],[14.4396,47.7823],[14.4684,47.7705],[14.4799,47.7567],[14.4787,47.7525],[14.4897,47.7474],[14.4859,47.7431],[14.4895,47.7374],[14.4799,47.7272],[14.4834,47.7255],[14.4812,47.7211],[14.4603,47.7178],[14.4661,47.7132],[14.4655,47.7071],[14.4816,47.7032],[14.4916,47.6939],[14.4886,47.682],[14.5014,47.6783],[14.5172,47.6818],[14.5276,47.6953],[14.5214,47.7033],[14.5236,47.7068],[14.5507,47.7191],[14.5871,47.7183],[14.6034,47.7297],[14.6164,47.7307],[14.6477,47.7257],[14.6523,47.7384],[14.6711,47.7415],[14.697,47.7658],[14.7388,47.7485],[14.7464,47.7559],[14.7224,47.768],[14.7119,47.7901],[14.7315,47.7991],[14.7318,47.8041],[14.7114,47.8154],[14.7102,47.8234],[14.7228,47.8322],[14.725,47.8411],[14.7112,47.8461],[14.71,47.8506],[14.7348,47.8636],[14.7582,47.8681],[14.7719,47.883],[14.7435,47.9175],[14.7292,47.9244],[14.7279,47.935],[14.709,47.9318],[14.7038,47.9256],[14.6656,47.9392],[14.6078,47.9493],[14.5851,47.9675],[14.5599,47.9752],[14.554,47.9819],[14.4932,47.998],[14.4921,48.0109],[14.473,48.027],[14.4675,48.0341],[14.4699,48.0381],[14.4586,48.0427],[14.4496,48.0452],[14.449,48.0374],[14.4343,48.0347],[14.4165,48.0236],[14.3934,48.0358],[14.3807,48.0354],[14.3764,48.0461],[14.3788,48.0569],[14.3985,48.0711],[14.4102,48.0761],[14.422,48.0726],[14.4344,48.0801],[14.4489,48.0795],[14.4539,48.0879],[14.4785,48.1052],[14.4712,48.1037],[14.4532,48.1113],[14.4246,48.1074],[14.4142,48.116],[14.4154,48.1218],[14.4223,48.1199],[14.4234,48.125],[14.4002,48.1254],[14.389,48.1358],[14.3741,48.1275],[14.3627,48.1353],[14.3369,48.1258],[14.33,48.115],[14.3233,48.1157],[14.3208,48.1081],[14.2917,48.1153],[14.2829,48.1124],[14.2815,48.1022],[14.249,48.1047],[14.2526,48.0968],[14.2468,48.0886],[14.2307,48.0876],[14.2102,48.0754],[14.2027,48.0839],[14.1975,48.0744],[14.188,48.0737]]]}},{"type":"Feature","properties":{"code":"AT416","name":"Urfahr-Umgebung"},"geometry":{"type":"Polygon","coordinates":[[[14.3037,48.358],[14.3285,48.3528],[14.3346,48.3446],[14.3465,48.3443],[14.3486,48.3403],[14.3366,48.3357],[14.3395,48.3311],[14.3602,48.3256],[14.3147,48.3217],[14.3338,48.3088],[14.346,48.282],[14.4037,48.2571],[14.4074,48.2697],[14.404,48.2765],[14.4109,48.282],[14.4068,48.2905],[14.4245,48.297],[14.4156,48.3039],[14.4332,48.3026],[14.4452,48.2955],[14.4812,48.3027],[14.4787,48.3061],[14.4845,48.3117],[14.4615,48.3123],[14.4689,48.3234],[14.4658,48.3276],[14.478,48.3295],[14.4627,48.343],[14.4617,48.3513],[14.4405,48.356],[14.432,48.365],[14.4459,48.3662],[14.4437,48.3725],[14.4663,48.3803],[14.4664,48.3957],[14.4501,48.41],[14.4329,48.4141],[14.4272,48.4304],[14.4103,48.4331],[14.4142,48.4469],[14.399,48.4658],[14.4083,48.4708],[14.3861,48.4931],[14.3783,48.4926],[14.3762,48.4986],[14.3825,48.501],[14.3703,48.5108],[14.3719,48.5156],[14.3796,48.5151],[14.3749,48.5197],[14.3792,48.523],[14.371,48.5311],[14.3734,48.5348],[14.3843,48.5334],[14.3841,48.5379],[14.3877,48.5375],[14.3901,48.5296],[14.3983,48.5403],[14.4161,48.5435],[14.4203,48.542],[14.4137,48.5405],[14.435,48.5336],[14.4363,48.5422],[14.4237,48.5415],[14.4168,48.5491],[14.4064,48.5506],[14.4027,48.5713],[14.3937,48.5775],[14.3797,48.5693],[14.3685,48.5698],[14.3659,48.5758],[14.358,48.5747],[14.3524,48.5689],[14.3531,48.5625],[14.3332,48.5518],[14.3271,48.5541],[14.3241,48.5641],[14.297,48.5677],[14.2707,48.5814],[14.2406,48.5777],[14.2282,48.5852],[14.1817,48.5939],[14.1635,48.5892],[14.169,48.5848],[14.1678,48.578],[14.1597,48.5768],[14.163,48.5741],[14.1569,48.5639],[14.1639,48.5538],[14.1612,48.5432],[14.1705,48.5462],[14.1717,48.5509],[14.1747,48.5456],[14.1714,48.5405],[14.1785,48.5384],[14.1678,48.535],[14.1832,48.5295],[14.1902,48.5356],[14.1898,48.5313],[14.1978,48.5289],[14.1905,48.5161],[14.2035,48.5049],[14.1978,48.4942],[14.1875,48.4929],[14.1784,48.5037],[14.1692,48.4949],[14.1742,48.4887],[14.1713,48.4816],[14.1798,48.4578],[14.1596,48.4507],[14.1569,48.4378],[14.1415,48.4263],[14.1218,48.4471],[14.1179,48.4412],[14.1017,48.4429],[14.1038,48.4372],[14.0926,48.4306],[14.0916,48.4211],[14.0762,48.413],[14.0798,48.3998],[14.0506,48.3993],[14.0556,48.389],[14.0469,48.3859],[14.0492,48.3794],[14.0303,48.3732],[14.0214,48.3469],[14.0371,48.33],[14.1109,48.3098],[14.1275,48.3109],[14.1456,48.3201],[14.1447,48.3152],[14.1591,48.3156],[14.1684,48.3202],[14.1704,48.3273],[14.1875,48.3321],[14.2176,48.3115],[14.2334,48.3077],[14.2588,48.3101],[14.254,48.3186],[14.2575,48.3277],[14.2549,48.3332],[14.2608,48.3318],[14.256,48.3395],[14.2719,48.3434],[14.2818,48.3533],[14.2818,48.3601],[14.2901,48.3619],[14.2914,48.3777],[14.2956,48.3785],[14.2962,48.3715],[14.2919,48.3691],[14.2958,48.366],[14.2946,48.3556],[14.3037,48.358]]]}},{"type":"Feature","properties":{"code":"AT417","name":"Vöcklabruck"},"geometry":{"type":"Polygon","coordinates":[[[13.3039,48.0079],[13.3043,48.0036],[13.2983,48.0025],[13.3012,47.9954],[13.3266,47.9916],[13.3535,47.9782],[13.371,47.9771],[13.3734,47.9658],[13.3608,47.9554],[13.3631,47.9441],[13.3585,47.9398],[13.3402,47.9435],[13.34,47.9526],[13.3131,47.9578],[13.3075,47.964],[13.2803,47.9547],[13.2782,47.9445],[13.2852,47.9292],[13.2776,47.9207],[13.2824,47.9143],[13.2812,47.8972],[13.2701,47.8914],[13.2759,47.877],[13.2852,47.8728],[13.2956,47.857],[13.2877,47.8553],[13.2916,47.8485],[13.284,47.8442],[13.2882,47.8425],[13.2897,47.8244],[13.3097,47.8213],[13.3122,47.8128],[13.348,47.8139],[13.3893,47.7943],[13.402,47.7997],[13.4513,47.8042],[13.4825,47.8017],[13.4845,47.7926],[13.4906,47.7892],[13.507,47.7906],[13.511,47.797],[13.5283,47.7973],[13.5269,47.7932],[13.5385,47.7831],[13.5355,47.776],[13.5548,47.7756],[13.5616,47.7642],[13.5772,47.7613],[13.6057,47.7732],[13.6082,47.7868],[13.6236,47.8058],[13.6412,47.815],[13.6061,47.8266],[13.6217,47.8452],[13.6177,47.8526],[13.6274,47.8534],[13.6323,47.868],[13.6574,47.8714],[13.6633,47.8786],[13.6546,47.8907],[13.6652,47.8967],[13.6626,47.901],[13.6688,47.9089],[13.6937,47.9071],[13.6923,47.9152],[13.7008,47.9165],[13.6996,47.9207],[13.7087,47.9293],[13.7415,47.9409],[13.738,47.9452],[13.7399,47.9554],[13.7486,47.9609],[13.741,47.9688],[13.7398,47.9807],[13.7684,47.9853],[13.7689,47.9975],[13.7751,48.0041],[13.795,47.9965],[13.795,48.0115],[13.8111,48.0269],[13.8195,48.0286],[13.8216,48.0386],[13.8358,48.0466],[13.8221,48.0539],[13.8245,48.0596],[13.8206,48.0629],[13.8319,48.071],[13.8296,48.0765],[13.8022,48.0849],[13.8012,48.0994],[13.7961,48.1032],[13.7628,48.1085],[13.7541,48.1185],[13.748,48.1104],[13.7414,48.1111],[13.7145,48.1253],[13.6851,48.1222],[13.6831,48.1298],[13.6801,48.1325],[13.6642,48.1259],[13.6481,48.1334],[13.6324,48.1299],[13.6062,48.1326],[13.6036,48.124],[13.5901,48.1232],[13.5818,48.1156],[13.5686,48.1176],[13.5614,48.1139],[13.5515,48.1198],[13.5154,48.1157],[13.4974,48.107],[13.4518,48.1062],[13.4231,48.0924],[13.4228,48.0855],[13.4049,48.0848],[13.3956,48.0787],[13.3904,48.0538],[13.3829,48.0512],[13.3884,48.0549],[13.3788,48.0575],[13.3591,48.0514],[13.3527,48.0552],[13.3511,48.0515],[13.3458,48.0693],[13.3301,48.0693],[13.3214,48.0503],[13.2972,48.0293],[13.2982,48.0249],[13.3195,48.0301],[13.3219,48.0258],[13.3157,48.0197],[13.3118,48.0228],[13.3068,48.0195],[13.3099,48.0168],[13.307,48.0127],[13.3119,48.0101],[13.3039,48.0079]]]}},{"type":"Feature","properties":{"code":"AT418","name":"Wels (Land)"},"geometry":{"type":"Polygon","coordinates":[[[13.8358,48.0466],[13.8433,48.0503],[13.8381,48.0531],[13.8477,48.0555],[13.852,48.0464],[13.8543,48.0489],[13.8619,48.0416],[13.8581,48.0391],[13.8672,48.041],[13.8758,48.0363],[13.8657,48.0315],[13.8821,48.0143],[13.889,48.0226],[13.9077,48.0204],[13.9082,48.0281],[13.9313,48.026],[13.9472,48.0317],[13.9596,48.0224],[13.9653,48.0242],[13.9639,48.0173],[13.9769,48.0141],[13.9873,48.0026],[14.0031,48.0045],[14.0166,48.0149],[14.0232,48.0132],[14.0328,48.0215],[14.0378,48.0536],[14.0805,48.0528],[14.0906,48.0613],[14.0874,48.0718],[14.0931,48.0778],[14.1081,48.0777],[14.1182,48.0939],[14.1259,48.0939],[14.1243,48.0889],[14.1285,48.0883],[14.1302,48.096],[14.1604,48.1126],[14.1173,48.1241],[14.1257,48.1332],[14.1301,48.148],[14.1478,48.1505],[14.162,48.1684],[14.1712,48.1705],[14.1652,48.1803],[14.1604,48.1796],[14.1629,48.1828],[14.1557,48.1832],[14.1514,48.194],[14.1571,48.2034],[14.154,48.2199],[14.1126,48.2199],[14.1132,48.2267],[14.0921,48.2332],[14.0954,48.2427],[14.1084,48.2462],[14.093,48.2555],[14.077,48.2478],[14.059,48.2518],[14.0489,48.2445],[14.0241,48.249],[14.0168,48.2413],[13.9914,48.2382],[13.9964,48.2338],[13.9946,48.2287],[14.0,48.2273],[13.9952,48.2176],[13.9713,48.2224],[13.961,48.2146],[13.9538,48.2185],[13.9512,48.2114],[13.9421,48.2093],[13.9154,48.221],[13.8889,48.207],[13.8431,48.2054],[13.8461,48.1991],[13.8418,48.1975],[13.8541,48.1962],[13.8573,48.1889],[13.88,48.1814],[13.8854,48.1749],[13.8719,48.1726],[13.8693,48.1682],[13.8734,48.1641],[13.8676,48.1616],[13.8335,48.1662],[13.8215,48.1753],[13.8164,48.157],[13.8013,48.152],[13.8038,48.1466],[13.7865,48.1534],[13.792,48.1496],[13.772,48.1433],[13.7794,48.1361],[13.774,48.1341],[13.7729,48.127],[13.7538,48.1186],[13.7628,48.1085],[13.7961,48.1032],[13.8012,48.0994],[13.8022,48.0849],[13.8296,48.0765],[13.8319,48.071],[13.8206,48.0629],[13.8245,48.0596],[13.8221,48.0539],[13.8358,48.0466]],[[14.0187,48.2086],[14.0475,48.2085],[14.0516,48.1964],[14.0713,48.1989],[14.0703,48.1944],[14.0798,48.1862],[14.0773,48.1817],[14.0886,48.1778],[14.0895,48.172],[14.054,48.1573],[14.0359,48.156],[13.9798,48.1377],[13.9713,48.1258],[13.966,48.1285],[13.9723,48.1377],[13.9656,48.143],[13.9734,48.1472],[13.9671,48.1518],[13.9789,48.1623],[13.9666,48.1703],[13.9719,48.1784],[13.9637,48.1822],[13.9658,48.1866],[13.9919,48.1901],[13.9941,48.194],[13.9865,48.1966],[13.9924,48.1974],[13.9964,48.2054],[14.0163,48.2025],[14.0187,48.2086]]]}},{"type":"Feature","properties":{"code":"AT501","name":"Salzburg (Stadt)"},"geometry":{"type":"Polygon","coordinates":[[[12.9891,47.832],[13.0061,47.8197],[12.9856,47.7956],[13.0053,47.7759],[13.0,47.7629],[13.0157,47.7512],[13.0594,47.762],[13.071,47.7513],[13.0791,47.755],[13.075,47.7711],[13.0875,47.7728],[13.0907,47.7797],[13.1104,47.7808],[13.1168,47.7973],[13.1273,47.8012],[13.1098,47.8041],[13.1019,47.8121],[13.0889,47.8103],[13.0806,47.8206],[13.088,47.8273],[13.0816,47.8299],[13.0814,47.8353],[13.066,47.8362],[13.0602,47.8429],[13.0565,47.8332],[13.0353,47.8296],[13.0227,47.8373],[13.0203,47.8457],[13.0119,47.8455],[13.0014,47.8544],[13.0032,47.8424],[12.9891,47.832]]]}},{"type":"Feature","properties":{"code":"AT502","name":"Hallein"},"geometry":{"type":"Polygon","coordinates":[[[13.0461,47.5205],[13.0939,47.5155],[13.1185,47.5282],[13.1217,47.5219],[13.1306,47.5198],[13.1251,47.5327],[13.1411,47.5372],[13.1504,47.5476],[13.1664,47.554],[13.1722,47.5483],[13.1851,47.5558],[13.1961,47.547],[13.2113,47.5478],[13.2345,47.53],[13.2722,47.5343],[13.2936,47.5146],[13.3083,47.5099],[13.3453,47.5124],[13.3647,47.5206],[13.3873,47.5024],[13.3876,47.4953],[13.3999,47.4937],[13.3939,47.4832],[13.4097,47.4688],[13.4358,47.4584],[13.4834,47.4749],[13.4819,47.4808],[13.5008,47.4831],[13.5162,47.4965],[13.502,47.5117],[13.4901,47.5133],[13.4814,47.5228],[13.4754,47.5431],[13.4848,47.5528],[13.4783,47.5681],[13.5053,47.582],[13.5063,47.6008],[13.5233,47.6183],[13.5131,47.6327],[13.4761,47.625],[13.4634,47.6288],[13.4622,47.6336],[13.4453,47.6358],[13.4391,47.6408],[13.4396,47.6508],[13.4285,47.6566],[13.4326,47.6567],[13.4307,47.6626],[13.4089,47.6619],[13.403,47.6575],[13.3954,47.6642],[13.3733,47.6662],[13.3631,47.6731],[13.3467,47.6719],[13.3287,47.6791],[13.2989,47.6747],[13.2728,47.6892],[13.2562,47.6909],[13.2441,47.7224],[13.2209,47.7265],[13.218,47.737],[13.1984,47.7506],[13.1928,47.7671],[13.1807,47.7671],[13.1829,47.7632],[13.1746,47.7531],[13.1517,47.7595],[13.1198,47.7432],[13.0926,47.7495],[13.0857,47.7405],[13.0811,47.7435],[13.0829,47.7312],[13.0423,47.7229],[13.048,47.7091],[13.0609,47.6971],[13.0807,47.687],[13.0779,47.6673],[13.0989,47.6352],[13.0626,47.6015],[13.0706,47.587],[13.0437,47.5834],[13.0427,47.5737],[13.0507,47.5635],[13.0575,47.5622],[13.0309,47.5326],[13.0461,47.5205]]]}},{"type":"Feature","properties":{"code":"AT503","name":"Salzburg-Umgebung"},"geometry":{"type":"Polygon","coordinates":[[[13.3039,48.0079],[13.2877,48.0096],[13.281,48.005],[13.2824,47.997],[13.2256,47.9882],[13.1987,47.9742],[13.1647,47.9758],[13.1475,47.9699],[13.1405,47.9839],[13.1501,47.9945],[13.1213,47.9892],[13.1243,47.9962],[13.094,47.9958],[13.0898,48.0036],[13.0751,48.004],[13.0778,48.0111],[13.0731,48.0158],[13.0577,48.0133],[13.0633,48.0191],[13.0557,48.0256],[13.0587,48.0297],[13.0441,48.0281],[13.0484,48.035],[13.0422,48.0415],[13.029,48.0325],[13.0123,48.0365],[13.0046,48.0298],[12.9774,48.0235],[12.9614,48.0328],[12.9404,48.0367],[12.9208,48.0233],[12.9104,48.022],[12.892,47.991],[12.8602,47.9966],[12.8693,47.9692],[12.8759,47.9626],[12.9181,47.9546],[12.9233,47.9392],[12.9387,47.9427],[12.9438,47.926],[12.9846,47.8728],[13.0119,47.8455],[13.0203,47.8457],[13.0188,47.8417],[13.0251,47.8353],[13.0353,47.8296],[13.0519,47.8314],[13.0597,47.8362],[13.0602,47.8429],[13.066,47.8362],[13.0814,47.8353],[13.0816,47.8299],[13.088,47.8273],[13.0806,47.8206],[13.0889,47.8103],[13.1019,47.8121],[13.1098,47.8041],[13.1273,47.8012],[13.1168,47.7973],[13.1104,47.7808],[13.0907,47.7797],[13.0875,47.7728],[13.075,47.7711],[13.0791,47.755],[13.071,47.7513],[13.0594,47.762],[13.0157,47.7512],[13.0,47.7629],[13.0053,47.7759],[12.9856,47.7956],[13.0061,47.8197],[12.9891,47.832],[12.9641,47.7999],[12.9393,47.7847],[12.9395,47.7783],[12.9302,47.7736],[12.9277,47.7699],[12.9422,47.771],[12.9448,47.7644],[12.9351,47.7579],[12.9352,47.7473],[12.9182,47.7426],[12.9053,47.7234],[12.9283,47.7098],[12.9462,47.7122],[12.9555,47.7078],[12.9872,47.7074],[13.0023,47.7134],[13.0105,47.7229],[13.0459,47.7127],[13.0429,47.7246],[13.0577,47.7231],[13.0829,47.7312],[13.0811,47.7435],[13.0904,47.7434],[13.0893,47.7488],[13.1198,47.7432],[13.1517,47.7595],[13.1746,47.7531],[13.1829,47.7632],[13.1807,47.7671],[13.1928,47.7671],[13.1984,47.7506],[13.218,47.737],[13.2209,47.7265],[13.2441,47.7224],[13.2562,47.6909],[13.2728,47.6892],[13.2989,47.6747],[13.3287,47.6791],[13.3467,47.6719],[13.3631,47.6731],[13.3733,47.6662],[13.3954,47.6642],[13.403,47.6575],[13.4089,47.6619],[13.4307,47.6626],[13.4326,47.6567],[13.4285,47.6566],[13.4396,47.6508],[13.4391,47.6408],[13.4453,47.6358],[13.4622,47.6336],[13.4634,47.6288],[13.4761,47.625],[13.4893,47.6297],[13.4841,47.6415],[13.4906,47.6439],[13.5004,47.6589],[13.5,47.669],[13.5116,47.6774],[13.5169,47.6755],[13.5326,47.6827],[13.5356,47.6953],[13.5464,47.703],[13.5509,47.7141],[13.5063,47.7178],[13.506,47.7214],[13.4766,47.7242],[13.4366,47.7384],[13.4438,47.7654],[13.4463,47.772],[13.4653,47.7862],[13.5152,47.772],[13.5354,47.7761],[13.5385,47.7831],[13.5269,47.7932],[13.5283,47.7973],[13.511,47.797],[13.507,47.7906],[13.4906,47.7892],[13.4845,47.7926],[13.4825,47.8017],[13.4671,47.804],[13.402,47.7997],[13.3893,47.7943],[13.348,47.8139],[13.3122,47.8128],[13.3097,47.8213],[13.2897,47.8244],[13.2882,47.8425],[13.284,47.8442],[13.2916,47.8485],[13.2877,47.8553],[13.2956,47.857],[13.2852,47.8728],[13.2759,47.877],[13.2701,47.8914],[13.2812,47.8972],[13.2824,47.9143],[13.2776,47.9207],[13.2852,47.9292],[13.2782,47.9445],[13.2803,47.9547],[13.3075,47.964],[13.3131,47.9578],[13.34,47.9526],[13.3402,47.9435],[13.3585,47.9398],[13.3631,47.9441],[13.3608,47.9554],[13.3734,47.9658],[13.371,47.9771],[13.3535,47.9782],[13.3266,47.9916],[13.3012,47.9954],[13.2983,48.0025],[13.3043,48.0036],[13.3039,48.0079]]]}},{"type":"Feature","properties":{"code":"AT504","name":"Sankt Johann im Pongau"},"geometry":{"type":"Polygon","coordinates":[[[13.6076,47.2836],[13.5977,47.2936],[13.6028,47.3109],[13.5955,47.3148],[13.6035,47.3297],[13.5856,47.3609],[13.5817,47.3824],[13.5721,47.3933],[13.5737,47.406],[13.5644,47.4127],[13.5633,47.4205],[13.5739,47.427],[13.5765,47.4379],[13.5927,47.4606],[13.5919,47.4684],[13.5682,47.4825],[13.5343,47.4949],[13.5162,47.4965],[13.5008,47.4831],[13.4819,47.4808],[13.4834,47.4749],[13.4358,47.4584],[13.4097,47.4688],[13.3939,47.4832],[13.3999,47.4937],[13.3876,47.4953],[13.3873,47.5024],[13.3647,47.5206],[13.3453,47.5124],[13.3083,47.5099],[13.2936,47.5146],[13.2722,47.5343],[13.2345,47.53],[13.2113,47.5478],[13.1961,47.547],[13.1851,47.5558],[13.1722,47.5483],[13.1664,47.554],[13.1504,47.5476],[13.1411,47.5372],[13.1251,47.5327],[13.1306,47.5198],[13.1217,47.5219],[13.1185,47.5282],[13.0939,47.5155],[13.0443,47.5205],[13.0476,47.4922],[13.0262,47.4862],[13.0179,47.4747],[13.0226,47.4713],[13.0098,47.458],[13.0271,47.4443],[13.0307,47.431],[13.0531,47.4202],[13.0574,47.4066],[13.0469,47.3934],[13.0429,47.3708],[13.0602,47.3663],[13.0661,47.3589],[13.0626,47.355],[13.0566,47.3587],[13.046,47.3467],[13.0339,47.3423],[13.0361,47.3352],[13.0445,47.3322],[13.0306,47.3294],[13.0257,47.317],[13.0367,47.3029],[13.0636,47.2991],[13.0584,47.2948],[13.0608,47.2901],[13.0762,47.2872],[13.051,47.2759],[13.0482,47.2707],[13.0404,47.2446],[13.0535,47.2344],[13.049,47.2305],[13.0479,47.2145],[13.0519,47.2076],[13.0432,47.1997],[13.043,47.1914],[13.0365,47.1887],[13.0375,47.1764],[13.0316,47.1666],[13.0336,47.1528],[13.0224,47.1476],[13.0195,47.1403],[13.0302,47.1201],[13.0266,47.1115],[13.0301,47.0979],[13.0379,47.0905],[13.0256,47.0814],[13.0284,47.0754],[13.0378,47.0743],[13.0158,47.0659],[13.0007,47.0515],[13.0014,47.0463],[13.0212,47.0393],[13.0199,47.0302],[13.073,47.0134],[13.0803,47.0268],[13.1236,47.0266],[13.1332,47.0348],[13.2481,47.0506],[13.2455,47.0679],[13.2394,47.0715],[13.2498,47.0875],[13.2773,47.0952],[13.3101,47.0861],[13.3326,47.0956],[13.3545,47.0971],[13.348,47.11],[13.3331,47.1235],[13.3366,47.1422],[13.3178,47.159],[13.3348,47.1727],[13.3327,47.1862],[13.3532,47.1973],[13.3582,47.2085],[13.3719,47.2165],[13.3825,47.2082],[13.3957,47.2063],[13.4069,47.2093],[13.4108,47.2168],[13.4403,47.2211],[13.4608,47.2178],[13.472,47.2261],[13.5025,47.232],[13.5102,47.2286],[13.5302,47.239],[13.553,47.2405],[13.5649,47.2528],[13.5792,47.2559],[13.5801,47.2658],[13.6051,47.2781],[13.6076,47.2836]]]}},{"type":"Feature","properties":{"code":"AT505","name":"Tamsweg"},"geometry":{"type":"Polygon","coordinates":[[[13.7847,46.9439],[13.813,46.9518],[13.8318,46.9654],[13.8324,46.9737],[13.842,46.98],[13.845,46.9891],[13.8647,46.9962],[13.8637,47.0196],[13.9068,47.0701],[13.8783,47.0942],[13.8812,47.108],[13.9395,47.1364],[13.9599,47.1237],[13.9873,47.1258],[13.9961,47.1328],[13.9916,47.1376],[13.9936,47.1421],[13.9679,47.1505],[13.9522,47.1644],[13.9173,47.1702],[13.9091,47.1854],[13.8943,47.1855],[13.9032,47.1947],[13.8825,47.2043],[13.8501,47.2296],[13.8681,47.241],[13.8642,47.2522],[13.8213,47.2702],[13.8272,47.2742],[13.8234,47.2782],[13.8271,47.283],[13.8253,47.2932],[13.8172,47.2962],[13.7976,47.2874],[13.7893,47.289],[13.7911,47.2814],[13.7839,47.2752],[13.7606,47.2663],[13.7477,47.2778],[13.7253,47.2783],[13.7139,47.2702],[13.7119,47.2595],[13.696,47.2604],[13.6956,47.2651],[13.6748,47.2746],[13.6311,47.2742],[13.6219,47.2831],[13.6076,47.2836],[13.6051,47.2781],[13.5801,47.2658],[13.5792,47.2559],[13.5649,47.2528],[13.553,47.2405],[13.5302,47.239],[13.5102,47.2286],[13.5025,47.232],[13.472,47.2261],[13.4608,47.2178],[13.4403,47.2211],[13.4108,47.2168],[13.4069,47.2093],[13.3957,47.2063],[13.3825,47.2082],[13.3719,47.2165],[13.3582,47.2085],[13.3532,47.1973],[13.3327,47.1862],[13.3348,47.1727],[13.3178,47.159],[13.3366,47.1422],[13.3331,47.1235],[13.348,47.11],[13.3545,47.0971],[13.3629,47.0988],[13.3801,47.0925],[13.3821,47.0803],[13.3981,47.0705],[13.4061,47.0692],[13.4276,47.0814],[13.4391,47.0779],[13.458,47.0803],[13.5788,47.0522],[13.6157,47.0592],[13.6376,47.0555],[13.649,47.0392],[13.6933,47.0402],[13.6955,47.0333],[13.6875,47.0291],[13.6937,47.0061],[13.707,46.9955],[13.7221,46.9913],[13.7337,46.9892],[13.7453,46.9939],[13.7584,46.9892],[13.7586,46.9823],[13.7717,46.9771],[13.778,46.9574],[13.7756,46.9483],[13.7847,46.9439]]]}},{"type":"Feature","properties":{"code":"AT506","name":"Zell am See"},"geometry":{"type":"Polygon","coordinates":[[[13.0031,47.0439],[13.0007,47.0515],[13.0158,47.0659],[13.0378,47.0743],[13.0284,47.0754],[13.0256,47.0814],[13.0379,47.0905],[13.0301,47.0979],[13.0266,47.1115],[13.0302,47.1201],[13.0195,47.1403],[13.0224,47.1476],[13.0336,47.1528],[13.0316,47.1666],[13.0375,47.1764],[13.0365,47.1887],[13.043,47.1914],[13.0432,47.1997],[13.0519,47.2076],[13.0479,47.2145],[13.049,47.2305],[13.0535,47.2344],[13.0404,47.2446],[13.0482,47.2707],[13.051,47.2759],[13.0762,47.2872],[13.0608,47.2901],[13.0584,47.2948],[13.0636,47.2991],[13.0367,47.3029],[13.0257,47.317],[13.0306,47.3294],[13.0445,47.3322],[13.0361,47.3352],[13.0339,47.3423],[13.046,47.3467],[13.0566,47.3587],[13.0626,47.355],[13.0661,47.3589],[13.0602,47.3663],[13.0429,47.3708],[13.0469,47.3934],[13.0574,47.4066],[13.0531,47.4202],[13.0307,47.431],[13.0271,47.4443],[13.0098,47.458],[13.0226,47.4713],[13.0179,47.4747],[13.0037,47.4634],[12.9934,47.4717],[12.9947,47.4787],[12.9777,47.4846],[12.9735,47.4833],[12.9726,47.4742],[12.9527,47.4792],[12.9087,47.497],[12.8845,47.5128],[12.8828,47.5206],[12.8572,47.5269],[12.8507,47.5321],[12.8471,47.5462],[12.8177,47.5449],[12.7945,47.5568],[12.7793,47.5793],[12.7953,47.5931],[12.7929,47.6006],[12.8074,47.6103],[12.8245,47.6121],[12.7897,47.6332],[12.7809,47.6327],[12.7586,47.6516],[12.7785,47.6609],[12.784,47.6715],[12.7812,47.6738],[12.7719,47.6656],[12.7572,47.663],[12.7461,47.675],[12.7335,47.6793],[12.7152,47.6763],[12.6831,47.6827],[12.6661,47.681],[12.6483,47.6704],[12.6297,47.6762],[12.6073,47.6737],[12.5969,47.6661],[12.5745,47.6314],[12.5702,47.6117],[12.5783,47.6037],[12.6407,47.5933],[12.6666,47.5786],[12.652,47.5697],[12.6416,47.5545],[12.6282,47.5495],[12.6536,47.5364],[12.6609,47.5107],[12.6651,47.5061],[12.6693,47.5082],[12.672,47.4997],[12.6972,47.4881],[12.6996,47.4779],[12.6652,47.4648],[12.6447,47.4682],[12.6314,47.4645],[12.6375,47.4366],[12.627,47.4298],[12.6223,47.4184],[12.6011,47.4132],[12.5786,47.3925],[12.5645,47.3948],[12.5627,47.3995],[12.5236,47.3907],[12.5061,47.3941],[12.498,47.3814],[12.4827,47.3779],[12.4793,47.371],[12.479,47.365],[12.4879,47.3594],[12.4862,47.3524],[12.4982,47.3487],[12.4984,47.3447],[12.4952,47.3374],[12.4871,47.3375],[12.4783,47.3264],[12.4698,47.3238],[12.4419,47.3286],[12.4187,47.3217],[12.4103,47.3136],[12.3746,47.3113],[12.3422,47.3218],[12.3353,47.3285],[12.3189,47.3257],[12.3169,47.3297],[12.2966,47.3326],[12.2918,47.3225],[12.2641,47.3022],[12.2547,47.308],[12.2373,47.3014],[12.23,47.312],[12.2229,47.3127],[12.197,47.2985],[12.1646,47.3015],[12.1441,47.2881],[12.1145,47.3064],[12.0942,47.2856],[12.0818,47.2808],[12.0761,47.2696],[12.1016,47.2577],[12.111,47.2425],[12.0862,47.2154],[12.0901,47.2071],[12.0819,47.1919],[12.0892,47.1769],[12.0859,47.1707],[12.0929,47.1636],[12.0934,47.1458],[12.1118,47.1385],[12.1146,47.1217],[12.1294,47.1053],[12.1252,47.0926],[12.136,47.0807],[12.1515,47.0793],[12.186,47.0921],[12.227,47.0821],[12.2407,47.0692],[12.2614,47.0727],[12.2838,47.0925],[12.3086,47.0931],[12.3131,47.1029],[12.3456,47.1093],[12.3587,47.1168],[12.3633,47.1414],[12.3995,47.1528],[12.4178,47.1423],[12.4346,47.1505],[12.4509,47.1437],[12.4656,47.1444],[12.4817,47.1514],[12.4835,47.1578],[12.5216,47.1506],[12.5279,47.1376],[12.5451,47.1289],[12.5528,47.1276],[12.5664,47.136],[12.5875,47.1321],[12.5922,47.1249],[12.6166,47.1215],[12.6419,47.1036],[12.6568,47.0995],[12.673,47.1093],[12.666,47.1224],[12.7039,47.1215],[12.713,47.1281],[12.7309,47.131],[12.7357,47.1115],[12.7331,47.1044],[12.7388,47.1003],[12.7728,47.1009],[12.7838,47.0925],[12.8203,47.0977],[12.8368,47.0828],[12.8465,47.0812],[12.8597,47.0807],[12.8709,47.0863],[12.9193,47.0816],[12.9375,47.0762],[12.9432,47.0592],[12.9556,47.0542],[12.953,47.0493],[12.9648,47.039],[12.9854,47.0356],[13.0031,47.0439]]]}},{"type":"Feature","properties":{"code":"AT601","name":"Graz (Stadt)"},"geometry":{"type":"Polygon","coordinates":[[[15.4558,47.0215],[15.4608,47.0119],[15.4782,47.0162],[15.4886,47.0207],[15.4824,47.0245],[15.4866,47.0261],[15.4843,47.0313],[15.506,47.0406],[15.497,47.0549],[15.5086,47.0676],[15.5066,47.0762],[15.5129,47.0827],[15.5118,47.0912],[15.5337,47.0992],[15.5258,47.1029],[15.5305,47.1104],[15.5102,47.1081],[15.5212,47.1201],[15.5175,47.1265],[15.511,47.1293],[15.4954,47.1242],[15.4655,47.1313],[15.4271,47.1257],[15.4008,47.1345],[15.3916,47.1129],[15.3785,47.1126],[15.3738,47.1204],[15.3592,47.1195],[15.3633,47.1097],[15.3515,47.1074],[15.3508,47.1012],[15.3638,47.0993],[15.3666,47.088],[15.3726,47.0873],[15.3669,47.0805],[15.3765,47.0782],[15.3804,47.0715],[15.3748,47.0707],[15.3765,47.0657],[15.3697,47.0608],[15.368,47.0507],[15.3612,47.0512],[15.3729,47.0231],[15.3971,47.0163],[15.4376,47.021],[15.4428,47.0153],[15.4558,47.0215]]]}},{"type":"Feature","properties":{"code":"AT603","name":"Deutschlandsberg"},"geometry":{"type":"Polygon","coordinates":[[[15.027,46.9097],[15.0175,46.8836],[15.0082,46.8799],[15.0091,46.8565],[15.0196,46.8443],[15.0134,46.8332],[14.9904,46.8224],[14.9763,46.7848],[15.0302,46.7698],[15.0276,46.7579],[15.0331,46.7425],[15.0446,46.733],[15.0359,46.7283],[15.0427,46.7234],[15.0444,46.7147],[15.0345,46.7058],[15.0305,46.678],[15.0224,46.6725],[15.0346,46.6659],[15.0507,46.6701],[15.0494,46.6661],[15.0635,46.6589],[15.0651,46.6521],[15.0824,46.6451],[15.0889,46.6523],[15.1084,46.6598],[15.1286,46.65],[15.1453,46.6598],[15.1694,46.6538],[15.1811,46.6563],[15.1974,46.6457],[15.2359,46.6394],[15.2768,46.6436],[15.2948,46.6526],[15.308,46.6524],[15.3173,46.6602],[15.3181,46.6668],[15.3062,46.6759],[15.3236,46.6911],[15.3249,46.7034],[15.3373,46.7076],[15.3303,46.7249],[15.3388,46.7308],[15.3305,46.7408],[15.3355,46.7466],[15.3588,46.7527],[15.3562,46.762],[15.338,46.7705],[15.3476,46.7771],[15.3458,46.7878],[15.3935,46.8058],[15.3973,46.8165],[15.4087,46.822],[15.402,46.8242],[15.4127,46.8297],[15.4135,46.8394],[15.4299,46.8488],[15.4238,46.8572],[15.4241,46.8621],[15.4304,46.8623],[15.4194,46.8743],[15.4028,46.8766],[15.398,46.8837],[15.3928,46.8813],[15.3856,46.9041],[15.377,46.9046],[15.3795,46.9093],[15.3701,46.9077],[15.3758,46.9117],[15.368,46.9108],[15.3733,46.9157],[15.3641,46.9173],[15.3569,46.9287],[15.3483,46.9251],[15.3396,46.9352],[15.3381,46.9383],[15.3496,46.948],[15.3493,46.9552],[15.3153,46.9727],[15.3003,46.9575],[15.3027,46.9518],[15.2938,46.9485],[15.2877,46.9565],[15.2641,46.9611],[15.2519,46.9693],[15.2429,46.9639],[15.2054,46.9625],[15.1734,46.95],[15.1318,46.9618],[15.1223,46.9506],[15.116,46.9279],[15.0933,46.9186],[15.0508,46.9162],[15.027,46.9097]]]}},{"type":"Feature","properties":{"code":"AT606","name":"Graz-Umgebung"},"geometry":{"type":"Polygon","coordinates":[[[15.7247,47.0249],[15.6946,47.0247],[15.6846,47.0302],[15.6883,47.0473],[15.6771,47.0582],[15.6719,47.0548],[15.6492,47.0634],[15.652,47.0685],[15.64,47.0662],[15.6328,47.0707],[15.6362,47.0789],[15.6317,47.0807],[15.6354,47.0842],[15.6323,47.0934],[15.6485,47.1047],[15.6296,47.1149],[15.6539,47.1054],[15.6583,47.1243],[15.6409,47.1287],[15.5836,47.167],[15.5904,47.174],[15.5858,47.1861],[15.5891,47.1897],[15.5826,47.1903],[15.5797,47.1833],[15.5709,47.1866],[15.5665,47.1959],[15.5292,47.2006],[15.5094,47.1895],[15.5043,47.1963],[15.4913,47.1992],[15.4871,47.2062],[15.4704,47.21],[15.4675,47.2066],[15.4718,47.2009],[15.4655,47.1985],[15.4421,47.2225],[15.4366,47.2504],[15.4659,47.2613],[15.4585,47.2648],[15.44,47.2611],[15.4386,47.2664],[15.4188,47.2719],[15.4074,47.3006],[15.3967,47.3122],[15.3914,47.3078],[15.3691,47.3196],[15.3372,47.312],[15.3088,47.3328],[15.2846,47.3423],[15.2656,47.3396],[15.2429,47.3433],[15.232,47.3345],[15.1962,47.321],[15.1873,47.2982],[15.1531,47.2804],[15.1255,47.2748],[15.1161,47.2649],[15.0978,47.2617],[15.0833,47.2424],[15.0755,47.2386],[15.066,47.2411],[15.0607,47.2312],[15.0484,47.227],[15.0528,47.2113],[15.0787,47.2135],[15.1135,47.2071],[15.1346,47.2111],[15.1471,47.2014],[15.1618,47.2028],[15.1616,47.1945],[15.1756,47.1845],[15.1849,47.1694],[15.1757,47.1623],[15.1825,47.1522],[15.1714,47.1404],[15.1734,47.1319],[15.2034,47.105],[15.2104,47.089],[15.2451,47.0797],[15.2597,47.0631],[15.2533,47.0555],[15.2587,47.0538],[15.2528,47.0372],[15.2628,47.0449],[15.265,47.0354],[15.2595,47.0267],[15.2671,47.0213],[15.2652,47.0165],[15.2831,47.008],[15.2963,47.018],[15.298,47.0078],[15.3077,47.0046],[15.3015,47.0016],[15.3064,47.002],[15.3122,46.9935],[15.3022,46.9898],[15.2988,46.9796],[15.3493,46.9552],[15.3496,46.948],[15.3381,46.9383],[15.3396,46.9352],[15.3483,46.9251],[15.3569,46.9287],[15.3641,46.9173],[15.3733,46.9157],[15.368,46.9108],[15.3758,46.9117],[15.3701,46.9077],[15.3795,46.9093],[15.377,46.9046],[15.3856,46.9041],[15.3928,46.8813],[15.3995,46.8832],[15.4028,46.8766],[15.4226,46.8782],[15.4215,46.8859],[15.4272,46.8774],[15.4306,46.8775],[15.4257,46.8853],[15.422,46.8865],[15.4154,46.8856],[15.4172,46.8934],[15.4363,46.8895],[15.4346,46.8934],[15.442,46.8927],[15.4499,46.9048],[15.4669,46.9119],[15.4799,46.913],[15.4916,46.9039],[15.4967,46.9107],[15.5146,46.9148],[15.5184,46.9271],[15.529,46.9336],[15.5225,46.9466],[15.5282,46.9457],[15.5466,46.9771],[15.54,46.9867],[15.5595,46.9953],[15.5758,46.9941],[15.5875,47.019],[15.593,47.0202],[15.5962,47.0148],[15.6082,47.0166],[15.6102,47.0115],[15.6225,47.0093],[15.6158,47.0069],[15.6161,47.0027],[15.6383,46.9988],[15.6456,46.9955],[15.6494,46.9837],[15.6759,46.9778],[15.6839,46.9825],[15.6793,46.9859],[15.7188,46.9908],[15.7119,46.9948],[15.7116,47.0016],[15.7306,47.004],[15.7247,47.0249]],[[15.4558,47.0215],[15.4428,47.0153],[15.4376,47.021],[15.3971,47.0163],[15.3729,47.0231],[15.3612,47.0512],[15.368,47.0507],[15.3697,47.0608],[15.3765,47.0657],[15.3748,47.0707],[15.3804,47.0715],[15.3765,47.0782],[15.3669,47.0805],[15.3726,47.0873],[15.3666,47.088],[15.3638,47.0993],[15.3508,47.1012],[15.3515,47.1074],[15.3633,47.1097],[15.3592,47.1195],[15.3738,47.1204],[15.3785,47.1126],[15.3916,47.1129],[15.4008,47.1345],[15.4271,47.1257],[15.4655,47.1313],[15.4954,47.1242],[15.511,47.1293],[15.5175,47.1265],[15.5212,47.1201],[15.5102,47.1081],[15.5305,47.1104],[15.5258,47.1029],[15.5337,47.0992],[15.5118,47.0912],[15.5129,47.0827],[15.5066,47.0762],[15.5086,47.0676],[15.497,47.0549],[15.506,47.0406],[15.4843,47.0313],[15.4866,47.0261],[15.4824,47.0245],[15.4886,47.0207],[15.4782,47.0162],[15.4608,47.0119],[15.4558,47.0215]]]}},{"type":"Feature","properties":{"code":"AT610","name":"Leibnitz"},"geometry":{"type":"Polygon","coordinates":[[[15.414,46.8778],[15.4304,46.8623],[15.4241,46.8621],[15.4238,46.8572],[15.4299,46.8488],[15.4135,46.8394],[15.4127,46.8297],[15.402,46.8242],[15.4087,46.822],[15.3973,46.8165],[15.3935,46.8058],[15.3458,46.7878],[15.3476,46.7771],[15.338,46.7705],[15.3562,46.762],[15.3588,46.7527],[15.3355,46.7466],[15.3305,46.7408],[15.3388,46.7308],[15.3303,46.7249],[15.3373,46.7076],[15.3249,46.7034],[15.3236,46.6911],[15.3062,46.6759],[15.3181,46.6668],[15.3173,46.6602],[15.308,46.6524],[15.3207,46.6479],[15.3284,46.6532],[15.3442,46.6508],[15.3538,46.655],[15.3723,46.6497],[15.4199,46.655],[15.4217,46.6472],[15.4394,46.6399],[15.4569,46.639],[15.4551,46.6301],[15.4622,46.6259],[15.4639,46.6146],[15.4758,46.6123],[15.4882,46.6207],[15.5025,46.614],[15.5361,46.6334],[15.5425,46.6299],[15.5499,46.6385],[15.5439,46.6461],[15.5515,46.6477],[15.553,46.653],[15.5437,46.6693],[15.5592,46.6711],[15.5702,46.6809],[15.5904,46.6835],[15.595,46.69],[15.6085,46.6876],[15.6054,46.6811],[15.63,46.68],[15.6387,46.6914],[15.6537,46.6921],[15.65,46.7058],[15.6771,46.7066],[15.6958,46.6988],[15.7216,46.6958],[15.7524,46.698],[15.7493,46.7018],[15.7588,46.7025],[15.7415,46.712],[15.7421,46.7172],[15.7462,46.7156],[15.7534,46.7165],[15.7445,46.7224],[15.7361,46.7192],[15.7307,46.7235],[15.7179,46.7234],[15.7173,46.7343],[15.7001,46.7447],[15.7191,46.749],[15.7401,46.7407],[15.7439,46.7466],[15.7369,46.7544],[15.7416,46.7586],[15.7489,46.7567],[15.7508,46.7645],[15.7433,46.7799],[15.7274,46.7731],[15.7153,46.783],[15.6872,46.7831],[15.6825,46.8057],[15.6773,46.8108],[15.6825,46.814],[15.6853,46.8318],[15.6889,46.8321],[15.6919,46.8622],[15.677,46.8612],[15.673,46.8706],[15.684,46.8833],[15.6782,46.8893],[15.6647,46.8863],[15.666,46.8933],[15.6312,46.8945],[15.6086,46.9012],[15.6108,46.9176],[15.6044,46.9312],[15.5988,46.9306],[15.5974,46.9447],[15.5872,46.9626],[15.6,46.9909],[15.6034,46.9896],[15.6158,47.0069],[15.6225,47.0093],[15.6102,47.0115],[15.6082,47.0166],[15.5962,47.0148],[15.593,47.0202],[15.5875,47.019],[15.5758,46.9941],[15.5595,46.9953],[15.54,46.9867],[15.5466,46.9771],[15.5282,46.9457],[15.5225,46.9466],[15.529,46.9336],[15.5184,46.9271],[15.5146,46.9148],[15.4967,46.9107],[15.4916,46.9039],[15.4799,46.913],[15.4669,46.9119],[15.4499,46.9048],[15.442,46.8927],[15.4346,46.8934],[15.4363,46.8895],[15.4172,46.8934],[15.4154,46.8856],[15.422,46.8865],[15.4257,46.8853],[15.4306,46.8775],[15.4222,46.8859],[15.4226,46.8782],[15.414,46.8778]]]}},{"type":"Feature","properties":{"code":"AT611","name":"Leoben"},"geometry":{"type":"Polygon","coordinates":[[[15.2313,47.3373],[15.2175,47.3374],[15.1968,47.3641],[15.1914,47.379],[15.1975,47.3991],[15.1743,47.4055],[15.1758,47.4127],[15.1677,47.4247],[15.1517,47.4304],[15.1534,47.4416],[15.1609,47.443],[15.1408,47.4483],[15.1108,47.4388],[15.0932,47.4426],[15.0763,47.4581],[15.0775,47.4613],[15.0559,47.4717],[15.0452,47.5087],[15.0382,47.5146],[15.0393,47.5264],[15.0274,47.5321],[15.0199,47.5295],[14.9867,47.5359],[14.9776,47.542],[14.9834,47.5516],[14.9711,47.5685],[14.9552,47.5626],[14.946,47.5679],[14.9387,47.5773],[14.9402,47.5866],[14.9317,47.591],[14.9341,47.6015],[14.954,47.5989],[14.962,47.6111],[14.9138,47.6145],[14.9107,47.6046],[14.874,47.5992],[14.861,47.5921],[14.8318,47.5908],[14.8241,47.5828],[14.8279,47.5788],[14.8149,47.57],[14.8127,47.5506],[14.7984,47.5581],[14.7775,47.579],[14.761,47.585],[14.7628,47.5817],[14.735,47.5648],[14.7079,47.5386],[14.6874,47.5303],[14.6838,47.518],[14.6662,47.4966],[14.6514,47.4983],[14.6347,47.4938],[14.6403,47.4734],[14.6349,47.4506],[14.6302,47.4494],[14.6304,47.4441],[14.6135,47.4415],[14.6029,47.4321],[14.6052,47.413],[14.6012,47.4013],[14.6026,47.3946],[14.6135,47.3877],[14.6137,47.3786],[14.6325,47.3744],[14.6504,47.3773],[14.6658,47.3682],[14.6772,47.3681],[14.7007,47.3523],[14.721,47.3475],[14.7292,47.3396],[14.7532,47.3434],[14.7514,47.3492],[14.761,47.3568],[14.7775,47.3587],[14.7857,47.3686],[14.8096,47.3549],[14.8198,47.3573],[14.8567,47.3468],[14.8638,47.3509],[14.8788,47.3256],[14.8981,47.3197],[14.8955,47.3156],[14.905,47.2972],[14.9187,47.2863],[14.9424,47.2842],[14.9436,47.3003],[14.9689,47.2785],[14.9774,47.2833],[14.9872,47.2806],[14.9942,47.2723],[15.004,47.2693],[15.0047,47.2617],[15.0162,47.2543],[15.0215,47.2439],[15.0303,47.2448],[15.0409,47.2292],[15.0484,47.227],[15.0607,47.2312],[15.066,47.2411],[15.0755,47.2386],[15.0833,47.2424],[15.0978,47.2617],[15.1161,47.2649],[15.1255,47.2748],[15.1531,47.2804],[15.1873,47.2982],[15.1962,47.321],[15.2313,47.3373]]]}},{"type":"Feature","properties":{"code":"AT612","name":"Liezen"},"geometry":{"type":"Polygon","coordinates":[[[14.6029,47.4268],[14.6029,47.4321],[14.6135,47.4415],[14.6304,47.4441],[14.6302,47.4494],[14.6349,47.4506],[14.6403,47.4734],[14.6347,47.4938],[14.6514,47.4983],[14.6662,47.4966],[14.6838,47.518],[14.6874,47.5303],[14.7079,47.5386],[14.735,47.5648],[14.7628,47.5817],[14.761,47.585],[14.7775,47.579],[14.7984,47.5581],[14.8127,47.5506],[14.8149,47.57],[14.8279,47.5788],[14.8241,47.5828],[14.8318,47.5908],[14.861,47.5921],[14.874,47.5992],[14.9107,47.6046],[14.9138,47.6145],[14.962,47.6111],[14.954,47.5989],[14.9618,47.597],[15.0652,47.6102],[15.0704,47.6189],[15.0663,47.6261],[15.0741,47.6333],[15.0673,47.6514],[15.0822,47.6643],[15.0824,47.6736],[15.0746,47.6856],[15.0798,47.6976],[15.0847,47.6982],[15.0825,47.7028],[15.0988,47.7198],[15.1391,47.7342],[15.1382,47.7429],[15.0567,47.7406],[15.0293,47.7526],[14.9972,47.7414],[14.9728,47.7436],[14.9676,47.7373],[14.952,47.7329],[14.9278,47.7106],[14.9128,47.709],[14.8766,47.716],[14.8766,47.726],[14.8606,47.7414],[14.84,47.734],[14.8309,47.7389],[14.8329,47.7437],[14.8183,47.7442],[14.8094,47.7371],[14.7991,47.7381],[14.767,47.7263],[14.7579,47.735],[14.7403,47.7414],[14.7338,47.7516],[14.697,47.7658],[14.6711,47.7415],[14.6523,47.7384],[14.6477,47.7257],[14.6034,47.7297],[14.5871,47.7183],[14.5539,47.7197],[14.5317,47.7136],[14.5212,47.704],[14.5276,47.6953],[14.5172,47.6818],[14.503,47.6783],[14.4848,47.6809],[14.4713,47.6693],[14.4493,47.6638],[14.4473,47.6567],[14.4367,47.6526],[14.4209,47.6566],[14.3975,47.6527],[14.3926,47.6484],[14.395,47.6378],[14.3915,47.6359],[14.3605,47.6289],[14.3345,47.6184],[14.3264,47.6076],[14.3126,47.6064],[14.282,47.6145],[14.2553,47.6128],[14.2231,47.6421],[14.2326,47.6506],[14.2058,47.6525],[14.1776,47.6379],[14.1456,47.637],[14.0931,47.6195],[14.0508,47.6172],[14.0544,47.6252],[14.0463,47.6264],[14.0554,47.6679],[14.0106,47.7009],[14.0017,47.703],[13.9834,47.6973],[13.9517,47.7097],[13.92,47.7051],[13.9069,47.7111],[13.9034,47.7177],[13.8784,47.7215],[13.8764,47.7261],[13.8683,47.7235],[13.8603,47.7272],[13.8509,47.7144],[13.8402,47.7187],[13.793,47.7124],[13.7786,47.7185],[13.7553,47.6999],[13.7496,47.6874],[13.7342,47.6849],[13.737,47.6741],[13.7065,47.6644],[13.7088,47.6577],[13.6941,47.6232],[13.6994,47.5986],[13.6917,47.5887],[13.6947,47.5793],[13.7355,47.577],[13.7559,47.5527],[13.757,47.5448],[13.7462,47.5428],[13.752,47.5263],[13.7607,47.5203],[13.751,47.4992],[13.7243,47.4819],[13.7174,47.4737],[13.7226,47.4621],[13.7168,47.4611],[13.6337,47.466],[13.61,47.4751],[13.5857,47.4748],[13.5911,47.4713],[13.5927,47.4606],[13.5765,47.4379],[13.5739,47.427],[13.5633,47.4205],[13.5644,47.4127],[13.5737,47.406],[13.5721,47.3933],[13.5817,47.3824],[13.5856,47.3609],[13.6035,47.3297],[13.5955,47.3148],[13.6028,47.3109],[13.5977,47.2936],[13.6076,47.2836],[13.6219,47.2831],[13.6311,47.2742],[13.6748,47.2746],[13.6956,47.2651],[13.696,47.2604],[13.7119,47.2595],[13.7139,47.2702],[13.7253,47.2783],[13.7477,47.2778],[13.7606,47.2663],[13.7839,47.2752],[13.7911,47.2814],[13.7893,47.289],[13.7976,47.2874],[13.8172,47.2962],[13.8253,47.2932],[13.8271,47.283],[13.8234,47.2782],[13.8272,47.2742],[13.8213,47.2702],[13.8236,47.267],[13.8642,47.2522],[13.9092,47.2595],[13.9193,47.249],[13.9304,47.2487],[13.9572,47.2581],[13.9548,47.2651],[13.9692,47.2711],[14.0124,47.2621],[14.0173,47.273],[14.0304,47.274],[14.0473,47.2889],[14.0608,47.274],[14.0839,47.2712],[14.0984,47.2627],[14.1123,47.2678],[14.1359,47.2952],[14.1556,47.296],[14.1703,47.3081],[14.1911,47.3039],[14.2256,47.3242],[14.2235,47.338],[14.2287,47.3416],[14.2251,47.3583],[14.239,47.3749],[14.2877,47.3847],[14.304,47.3987],[14.3216,47.4002],[14.3762,47.4201],[14.4037,47.4434],[14.396,47.4486],[14.399,47.4555],[14.4082,47.4515],[14.4271,47.4603],[14.4588,47.4628],[14.4699,47.459],[14.4762,47.4677],[14.498,47.4547],[14.5144,47.4624],[14.5537,47.4541],[14.5549,47.4443],[14.5708,47.4388],[14.5722,47.4265],[14.6029,47.4268]]]}},{"type":"Feature","properties":{"code":"AT614","name":"Murau"},"geometry":{"type":"Polygon","coordinates":[[[14.5859,47.0117],[14.59,47.0239],[14.5772,47.0416],[14.5798,47.0456],[14.5707,47.0508],[14.5721,47.0567],[14.56,47.0718],[14.5486,47.0766],[14.5497,47.0938],[14.5401,47.1083],[14.5466,47.1137],[14.5458,47.1216],[14.5158,47.1384],[14.5119,47.1443],[14.5139,47.159],[14.4734,47.1706],[14.4651,47.1654],[14.4415,47.163],[14.4242,47.1688],[14.4185,47.1748],[14.4222,47.1793],[14.4194,47.1816],[14.4086,47.1799],[14.4104,47.1747],[14.407,47.1746],[14.3864,47.1912],[14.3908,47.1941],[14.3808,47.1983],[14.3816,47.2047],[14.3759,47.2082],[14.3935,47.2293],[14.3801,47.2425],[14.3754,47.2657],[14.3562,47.2751],[14.3301,47.2704],[14.3014,47.2921],[14.2743,47.2989],[14.2668,47.3171],[14.2567,47.3241],[14.2276,47.3291],[14.1999,47.307],[14.1911,47.3039],[14.1703,47.3081],[14.1556,47.296],[14.1359,47.2952],[14.1123,47.2678],[14.0984,47.2627],[14.0839,47.2712],[14.0608,47.274],[14.0473,47.2889],[14.0304,47.274],[14.0173,47.273],[14.0124,47.2621],[13.9692,47.2711],[13.9548,47.2651],[13.9572,47.2581],[13.9304,47.2487],[13.9193,47.249],[13.9092,47.2595],[13.8642,47.2522],[13.8681,47.241],[13.8501,47.2296],[13.8825,47.2043],[13.9032,47.1947],[13.8943,47.1855],[13.9091,47.1854],[13.9173,47.1702],[13.9522,47.1644],[13.9679,47.1505],[13.9936,47.1421],[13.9916,47.1376],[13.9961,47.1328],[13.9873,47.1258],[13.9599,47.1237],[13.9395,47.1364],[13.8812,47.108],[13.8778,47.0952],[13.9068,47.0701],[13.9036,47.0629],[13.8914,47.0548],[13.8637,47.0196],[13.8647,46.9962],[13.845,46.9891],[13.8276,46.9617],[13.813,46.9518],[13.7847,46.9439],[13.7835,46.9397],[13.8288,46.9132],[13.8427,46.9139],[13.8482,46.9093],[13.866,46.9199],[13.8809,46.917],[13.9003,46.9337],[13.9112,46.933],[13.9344,46.9456],[13.9517,46.9426],[13.9503,46.9582],[14.0061,46.9705],[14.0093,46.9749],[14.0057,46.9785],[14.0164,46.9876],[14.0124,47.0038],[14.0297,47.0069],[14.049,47.004],[14.0644,47.0087],[14.1018,47.0381],[14.1235,47.0422],[14.1235,47.0558],[14.1284,47.0608],[14.1625,47.0524],[14.2031,47.0772],[14.2222,47.0505],[14.2245,47.0355],[14.235,47.0258],[14.2502,47.0347],[14.2648,47.0259],[14.3285,47.0298],[14.3376,47.0242],[14.3657,47.0247],[14.3828,47.0139],[14.377,47.0079],[14.3768,46.9938],[14.3859,46.98],[14.3962,46.9807],[14.4058,46.9895],[14.431,46.9971],[14.4302,47.0005],[14.4567,46.9959],[14.4582,47.0139],[14.4719,47.0077],[14.4779,47.0194],[14.5058,47.0282],[14.5032,47.019],[14.5164,47.0134],[14.516,47.0099],[14.5859,47.0117]]]}},{"type":"Feature","properties":{"code":"AT616","name":"Voitsberg"},"geometry":{"type":"Polygon","coordinates":[[[15.3138,46.9726],[15.2979,46.982],[15.3039,46.9862],[15.3022,46.9898],[15.3122,46.9935],[15.3064,47.002],[15.3015,47.0016],[15.3077,47.0046],[15.298,47.0078],[15.2963,47.018],[15.2831,47.008],[15.2652,47.0165],[15.2671,47.0213],[15.2595,47.0267],[15.265,47.0354],[15.2628,47.0449],[15.2528,47.0372],[15.2587,47.0538],[15.2533,47.0555],[15.2597,47.0631],[15.2451,47.0797],[15.2104,47.089],[15.2034,47.105],[15.1734,47.1319],[15.1714,47.1404],[15.1825,47.1522],[15.1757,47.1623],[15.185,47.1682],[15.1756,47.1845],[15.1616,47.1945],[15.1618,47.2028],[15.1471,47.2014],[15.1346,47.2111],[15.1135,47.2071],[15.0787,47.2135],[15.0528,47.2113],[15.0303,47.2014],[15.0296,47.1959],[14.9947,47.1904],[14.9776,47.1717],[14.9535,47.1555],[14.9444,47.1543],[14.9405,47.1422],[14.9445,47.1309],[14.9299,47.1222],[14.9303,47.1145],[14.9164,47.1121],[14.9217,47.0845],[14.9153,47.0736],[14.8833,47.0842],[14.8639,47.0554],[14.8504,47.0554],[14.8615,47.051],[14.8618,47.0444],[14.8445,47.0481],[14.8401,47.0423],[14.8562,47.0253],[14.8732,47.0225],[14.904,47.0003],[14.9587,46.9885],[14.9669,46.9818],[14.9976,46.9309],[15.0171,46.9227],[15.027,46.9097],[15.0508,46.9162],[15.0933,46.9186],[15.116,46.9279],[15.1223,46.9506],[15.1318,46.9618],[15.1734,46.95],[15.2054,46.9625],[15.2429,46.9639],[15.2519,46.9693],[15.2641,46.9611],[15.2877,46.9565],[15.2938,46.9485],[15.3027,46.9518],[15.3003,46.9575],[15.3138,46.9726]]]}},{"type":"Feature","properties":{"code":"AT617","name":"Weiz"},"geometry":{"type":"Polygon","coordinates":[[[15.3967,47.3122],[15.4074,47.3006],[15.4188,47.2719],[15.4386,47.2664],[15.44,47.2611],[15.4585,47.2648],[15.4659,47.2613],[15.4366,47.2504],[15.4421,47.2225],[15.4655,47.1985],[15.4718,47.2009],[15.4675,47.2066],[15.4704,47.21],[15.4871,47.2062],[15.4913,47.1992],[15.5043,47.1963],[15.5094,47.1895],[15.5292,47.2006],[15.5665,47.1959],[15.5709,47.1866],[15.5797,47.1833],[15.5826,47.1903],[15.5879,47.1903],[15.5904,47.174],[15.5836,47.167],[15.6409,47.1287],[15.6583,47.1243],[15.6539,47.1054],[15.6296,47.1149],[15.6485,47.1047],[15.6323,47.0934],[15.6354,47.0842],[15.6317,47.0807],[15.6362,47.0789],[15.6317,47.0729],[15.64,47.0662],[15.652,47.0685],[15.6492,47.0634],[15.657,47.0591],[15.6629,47.0612],[15.6719,47.0548],[15.6771,47.0582],[15.6883,47.0473],[15.6846,47.0302],[15.6946,47.0247],[15.7252,47.0249],[15.7457,47.0149],[15.7626,47.014],[15.7678,47.0202],[15.7763,47.0205],[15.7791,47.0314],[15.7954,47.0468],[15.8232,47.0429],[15.8208,47.0354],[15.8395,47.0286],[15.8433,47.0206],[15.8507,47.028],[15.8665,47.0288],[15.8776,47.0408],[15.8787,47.0593],[15.8693,47.0676],[15.854,47.0663],[15.8489,47.0691],[15.8499,47.074],[15.8394,47.0788],[15.8483,47.0913],[15.8607,47.0895],[15.8675,47.096],[15.8613,47.1007],[15.8653,47.1042],[15.8537,47.1255],[15.8673,47.12],[15.8954,47.0907],[15.9036,47.0934],[15.9049,47.1043],[15.8896,47.131],[15.8698,47.1478],[15.8727,47.1562],[15.8609,47.1614],[15.8567,47.1752],[15.8475,47.1769],[15.8391,47.1852],[15.8232,47.1791],[15.7956,47.2059],[15.7764,47.2098],[15.7763,47.2144],[15.7587,47.2249],[15.77,47.236],[15.76,47.2411],[15.7747,47.2428],[15.7749,47.2506],[15.76,47.2603],[15.7575,47.292],[15.7364,47.3022],[15.7344,47.3191],[15.7495,47.3439],[15.7434,47.3513],[15.7744,47.3567],[15.8006,47.373],[15.7737,47.3945],[15.7734,47.4077],[15.7507,47.4233],[15.7557,47.4381],[15.7476,47.4607],[15.7263,47.4615],[15.7104,47.4736],[15.723,47.4848],[15.7518,47.4964],[15.7555,47.5035],[15.7689,47.5052],[15.7697,47.5097],[15.7892,47.4978],[15.7984,47.4983],[15.8004,47.5046],[15.8053,47.5048],[15.8448,47.4963],[15.8666,47.505],[15.8919,47.507],[15.9139,47.5304],[15.9023,47.5463],[15.9055,47.5611],[15.8743,47.5733],[15.8644,47.566],[15.8466,47.5679],[15.8258,47.5621],[15.8014,47.5764],[15.7906,47.574],[15.7837,47.5655],[15.7679,47.563],[15.6973,47.5199],[15.681,47.5183],[15.6489,47.5043],[15.6456,47.4833],[15.6298,47.4861],[15.5969,47.4734],[15.6072,47.4661],[15.5835,47.4448],[15.5878,47.4278],[15.5799,47.4219],[15.5824,47.4132],[15.5698,47.4068],[15.5367,47.4023],[15.5313,47.3916],[15.5372,47.3725],[15.5315,47.3628],[15.5154,47.3577],[15.4815,47.3581],[15.4766,47.3619],[15.454,47.359],[15.4421,47.3658],[15.4243,47.3628],[15.4192,47.351],[15.4218,47.3446],[15.3921,47.3269],[15.3981,47.3196],[15.3967,47.3122]]]}},{"type":"Feature","properties":{"code":"AT620","name":"Murtal"},"geometry":{"type":"Polygon","coordinates":[[[15.0484,47.227],[15.0409,47.2292],[15.0303,47.2448],[15.0215,47.2439],[15.0162,47.2543],[15.0047,47.2617],[15.004,47.2693],[14.9942,47.2723],[14.9872,47.2806],[14.9774,47.2833],[14.9689,47.2785],[14.9436,47.3003],[14.9424,47.2842],[14.9187,47.2863],[14.905,47.2972],[14.8955,47.3156],[14.8981,47.3197],[14.8788,47.3256],[14.8638,47.3509],[14.8567,47.3468],[14.8198,47.3573],[14.8096,47.3549],[14.7857,47.3686],[14.7775,47.3587],[14.761,47.3568],[14.7514,47.3492],[14.7532,47.3434],[14.7292,47.3396],[14.721,47.3475],[14.7007,47.3523],[14.6772,47.3681],[14.6658,47.3682],[14.6504,47.3773],[14.6325,47.3744],[14.6137,47.3786],[14.6135,47.3877],[14.6026,47.3946],[14.6012,47.4013],[14.6033,47.4265],[14.5722,47.4265],[14.5708,47.4388],[14.5549,47.4443],[14.5537,47.4541],[14.5144,47.4624],[14.498,47.4547],[14.4762,47.4677],[14.4699,47.459],[14.4588,47.4628],[14.4271,47.4603],[14.4082,47.4515],[14.399,47.4555],[14.396,47.4486],[14.4037,47.4434],[14.3843,47.4242],[14.3216,47.4002],[14.304,47.3987],[14.2877,47.3847],[14.2409,47.3758],[14.2251,47.3583],[14.2287,47.3416],[14.2235,47.338],[14.226,47.3307],[14.2649,47.3192],[14.2743,47.2989],[14.3014,47.2921],[14.3301,47.2704],[14.3562,47.2751],[14.3754,47.2657],[14.3801,47.2425],[14.3935,47.2293],[14.3759,47.2082],[14.3816,47.2047],[14.3808,47.1983],[14.3908,47.1941],[14.3864,47.1912],[14.407,47.1746],[14.4104,47.1747],[14.4086,47.1799],[14.4194,47.1816],[14.4222,47.1793],[14.4185,47.1748],[14.4242,47.1688],[14.4415,47.163],[14.4651,47.1654],[14.4734,47.1706],[14.5139,47.159],[14.5119,47.1443],[14.5158,47.1384],[14.5458,47.1216],[14.5466,47.1137],[14.5401,47.1083],[14.5497,47.0938],[14.5486,47.0766],[14.56,47.0718],[14.5721,47.0567],[14.5707,47.0508],[14.5798,47.0456],[14.5772,47.0416],[14.59,47.0239],[14.5856,47.0165],[14.5901,47.0037],[14.6098,46.9986],[14.6153,46.9979],[14.6277,47.0136],[14.7226,47.0206],[14.7291,47.0162],[14.7269,47.0224],[14.7322,47.0268],[14.7714,47.0395],[14.7953,47.0365],[14.8305,47.0496],[14.8618,47.0444],[14.8615,47.051],[14.8504,47.0554],[14.8639,47.0554],[14.8833,47.0842],[14.912,47.0727],[14.918,47.077],[14.9173,47.0824],[14.9217,47.0845],[14.9164,47.1121],[14.9303,47.1145],[14.9299,47.1222],[14.9445,47.1309],[14.9405,47.1422],[14.9444,47.1543],[14.9535,47.1555],[14.9776,47.1717],[14.9947,47.1904],[15.0296,47.1959],[15.0303,47.2014],[15.044,47.2048],[15.0528,47.2113],[15.0484,47.227]]]}},{"type":"Feature","properties":{"code":"AT621","name":"Bruck-Mürzzuschlag"},"geometry":{"type":"Polygon","coordinates":[[[14.954,47.5989],[14.9341,47.6015],[14.9315,47.5937],[14.9402,47.5866],[14.9387,47.5773],[14.946,47.5679],[14.9552,47.5626],[14.9711,47.5685],[14.9834,47.5516],[14.9776,47.542],[14.9867,47.5359],[15.0199,47.5295],[15.0274,47.5321],[15.0393,47.5264],[15.0382,47.5146],[15.0452,47.5087],[15.0559,47.4717],[15.0775,47.4613],[15.0763,47.4581],[15.0932,47.4426],[15.1108,47.4388],[15.1408,47.4483],[15.1609,47.443],[15.1534,47.4416],[15.1517,47.4304],[15.1677,47.4247],[15.1758,47.4127],[15.1743,47.4055],[15.1975,47.3991],[15.1915,47.3777],[15.1995,47.3594],[15.2175,47.3374],[15.2313,47.3373],[15.2429,47.3433],[15.2656,47.3396],[15.2815,47.343],[15.3088,47.3328],[15.3372,47.312],[15.3691,47.3196],[15.3914,47.3078],[15.3981,47.3196],[15.3921,47.3269],[15.4218,47.3446],[15.4192,47.351],[15.4243,47.3628],[15.4421,47.3658],[15.454,47.359],[15.4766,47.3619],[15.4815,47.3581],[15.5154,47.3577],[15.5315,47.3628],[15.5372,47.3725],[15.5313,47.3916],[15.5367,47.4023],[15.5809,47.4116],[15.5799,47.4219],[15.5878,47.4278],[15.5835,47.4448],[15.6072,47.4661],[15.5969,47.4734],[15.6298,47.4861],[15.6456,47.4833],[15.6438,47.4889],[15.6497,47.4921],[15.6462,47.4989],[15.6519,47.5061],[15.681,47.5183],[15.6973,47.5199],[15.7482,47.553],[15.7855,47.5663],[15.7906,47.574],[15.8014,47.5764],[15.8258,47.5621],[15.8415,47.5639],[15.8472,47.5681],[15.8445,47.5863],[15.848,47.5968],[15.8623,47.6138],[15.8567,47.6208],[15.8446,47.6171],[15.8352,47.621],[15.8218,47.638],[15.8051,47.6351],[15.7801,47.6426],[15.7631,47.635],[15.7409,47.6333],[15.7441,47.641],[15.7251,47.6465],[15.7287,47.6642],[15.7144,47.6966],[15.7193,47.7087],[15.7154,47.7126],[15.6967,47.7129],[15.6787,47.699],[15.6702,47.71],[15.6516,47.7176],[15.6357,47.7156],[15.6155,47.7467],[15.6068,47.7523],[15.5613,47.7455],[15.5511,47.7495],[15.5138,47.7466],[15.5085,47.753],[15.5167,47.7618],[15.5104,47.7666],[15.4499,47.7728],[15.4387,47.7908],[15.412,47.7844],[15.4031,47.8004],[15.4061,47.8128],[15.3912,47.8129],[15.3749,47.8254],[15.3379,47.8279],[15.3223,47.8208],[15.2987,47.8206],[15.2927,47.8096],[15.2951,47.8004],[15.2872,47.7902],[15.2343,47.7988],[15.2173,47.796],[15.2009,47.7751],[15.2105,47.7644],[15.2007,47.7538],[15.1685,47.7537],[15.1388,47.7612],[15.1301,47.753],[15.1302,47.7472],[15.0892,47.7415],[15.1382,47.7429],[15.1391,47.7342],[15.0988,47.7198],[15.0825,47.7028],[15.0847,47.6982],[15.0798,47.6976],[15.0746,47.6856],[15.0824,47.6736],[15.0822,47.6643],[15.0673,47.6514],[15.0741,47.6333],[15.0663,47.6261],[15.0704,47.6189],[15.0652,47.6102],[15.0513,47.6057],[14.954,47.5989]]]}},{"type":"Feature","properties":{"code":"AT622","name":"Hartberg-Fürstenfeld"},"geometry":{"type":"Polygon","coordinates":[[[16.115,47.1332],[16.1125,47.141],[16.1168,47.1439],[16.1112,47.1565],[16.1135,47.1618],[16.1063,47.171],[16.1082,47.1771],[16.091,47.1993],[16.091,47.209],[16.0856,47.2112],[16.0886,47.2178],[16.0801,47.2273],[16.0852,47.2295],[16.0878,47.243],[16.0789,47.2589],[16.0817,47.2639],[16.0633,47.2866],[16.0646,47.2948],[16.059,47.2956],[16.0625,47.3047],[16.0582,47.3065],[16.0596,47.3152],[16.0498,47.3188],[16.0531,47.3221],[16.0478,47.327],[16.051,47.3335],[16.0421,47.3395],[16.0435,47.3432],[16.0353,47.344],[16.0338,47.3566],[16.0307,47.3548],[16.0152,47.3671],[16.034,47.3722],[16.0301,47.3793],[16.0639,47.385],[16.0665,47.3977],[16.0835,47.4087],[16.0954,47.4086],[16.0967,47.4065],[16.0881,47.4053],[16.0894,47.4007],[16.0822,47.3973],[16.093,47.3901],[16.1073,47.3967],[16.1076,47.4019],[16.1002,47.407],[16.1012,47.4148],[16.1269,47.4129],[16.1718,47.4224],[16.142,47.4403],[16.1405,47.4472],[16.1319,47.4534],[16.138,47.4614],[16.133,47.4695],[16.1151,47.4743],[16.1203,47.4779],[16.1208,47.4871],[16.1128,47.4978],[16.1214,47.5111],[16.1124,47.5075],[16.116,47.5155],[16.1116,47.5165],[16.1095,47.525],[16.0978,47.5241],[16.0942,47.5113],[16.0814,47.506],[16.079,47.4994],[16.0652,47.5019],[16.0619,47.4851],[16.0469,47.4912],[16.0409,47.5009],[16.016,47.517],[15.974,47.5202],[15.9562,47.5171],[15.9139,47.5304],[15.8873,47.5051],[15.8666,47.505],[15.8448,47.4963],[15.8298,47.5024],[15.8015,47.5048],[15.7984,47.4983],[15.7892,47.4978],[15.7697,47.5097],[15.7689,47.5052],[15.7555,47.5035],[15.7518,47.4964],[15.7113,47.476],[15.7149,47.4673],[15.7234,47.4627],[15.7476,47.4607],[15.7557,47.4381],[15.7507,47.4233],[15.7734,47.4077],[15.7737,47.3945],[15.8006,47.373],[15.7744,47.3567],[15.7434,47.3513],[15.7495,47.3439],[15.7344,47.3191],[15.7364,47.3022],[15.7575,47.292],[15.76,47.2603],[15.7749,47.2506],[15.7747,47.2428],[15.76,47.2411],[15.77,47.236],[15.7587,47.2249],[15.7763,47.2144],[15.7764,47.2098],[15.7956,47.2059],[15.8232,47.1791],[15.8391,47.1852],[15.8475,47.1769],[15.8567,47.1752],[15.8609,47.1614],[15.8727,47.1562],[15.8698,47.1478],[15.8896,47.131],[15.9049,47.1043],[15.9036,47.0934],[15.8954,47.0907],[15.8673,47.12],[15.8537,47.1255],[15.8653,47.1042],[15.8613,47.1007],[15.8675,47.096],[15.8607,47.0895],[15.8483,47.0913],[15.8394,47.0788],[15.8499,47.074],[15.8489,47.0691],[15.854,47.0663],[15.8744,47.0654],[15.8796,47.0573],[15.8776,47.0408],[15.8851,47.0366],[15.9144,47.0436],[15.9194,47.0497],[15.9302,47.0472],[15.9372,47.0516],[15.9418,47.0631],[15.9434,47.0592],[15.9667,47.0572],[15.9724,47.0501],[15.9699,47.0449],[15.9814,47.0338],[15.9731,47.0265],[15.9794,47.0197],[15.9967,47.0194],[15.9968,47.0069],[16.0212,47.0086],[16.0538,46.9981],[16.064,47.0041],[16.0611,46.9935],[16.0667,46.9878],[16.0815,46.9786],[16.0999,46.9824],[16.1078,46.9653],[16.1069,46.972],[16.1186,46.9801],[16.1217,46.9907],[16.1349,46.9948],[16.1442,46.9919],[16.1533,46.9909],[16.1555,46.9923],[16.1478,46.9946],[16.1488,47.0006],[16.1446,46.9982],[16.1381,47.0027],[16.1352,47.007],[16.1401,47.0091],[16.1309,47.0119],[16.12,47.0244],[16.1243,47.0271],[16.1143,47.0296],[16.1214,47.0308],[16.1144,47.0353],[16.1215,47.0396],[16.1182,47.0404],[16.1211,47.0447],[16.1112,47.0488],[16.1047,47.0608],[16.0969,47.059],[16.0866,47.0744],[16.0902,47.0816],[16.0866,47.0879],[16.0942,47.0938],[16.0929,47.1092],[16.1051,47.1145],[16.115,47.1332]]]}},{"type":"Feature","properties":{"code":"AT623","name":"Südoststeiermark"},"geometry":{"type":"Polygon","coordinates":[[[15.6161,47.0027],[15.6034,46.9896],[15.6,46.9909],[15.5872,46.9626],[15.5974,46.9447],[15.5988,46.9306],[15.6044,46.9312],[15.6108,46.9176],[15.6086,46.9012],[15.6312,46.8945],[15.666,46.8933],[15.6647,46.8863],[15.6793,46.8884],[15.684,46.8833],[15.6744,46.876],[15.6733,46.8687],[15.677,46.8612],[15.6922,46.8599],[15.6889,46.8321],[15.6853,46.8318],[15.6825,46.814],[15.6773,46.8108],[15.6825,46.8057],[15.6872,46.7831],[15.7153,46.783],[15.7274,46.7731],[15.7433,46.7799],[15.7508,46.7645],[15.7489,46.7567],[15.7416,46.7586],[15.7369,46.7544],[15.7439,46.7466],[15.7401,46.7407],[15.7191,46.749],[15.7001,46.7447],[15.7173,46.7343],[15.7179,46.7234],[15.7307,46.7235],[15.7361,46.7192],[15.7445,46.7224],[15.7534,46.7165],[15.7421,46.7172],[15.7415,46.712],[15.7466,46.7066],[15.7574,46.7061],[15.7588,46.7025],[15.7493,46.7018],[15.7543,46.6979],[15.7711,46.6997],[15.7994,46.7147],[15.8216,46.7201],[15.8761,46.7199],[15.9166,46.7081],[15.9484,46.6886],[15.9984,46.6806],[16.0108,46.6649],[16.0381,46.6561],[16.0425,46.6855],[16.0288,46.7009],[16.0299,46.7114],[16.0037,46.7171],[16.0035,46.7232],[15.9883,46.7406],[15.9848,46.7521],[15.9897,46.7575],[15.9924,46.8031],[15.9981,46.8092],[15.9855,46.8271],[16.0061,46.8452],[16.0013,46.8492],[16.0084,46.8579],[16.0139,46.8846],[16.0359,46.8931],[16.0365,46.903],[16.0462,46.9098],[16.0615,46.9133],[16.0702,46.9355],[16.0948,46.9343],[16.095,46.9533],[16.1078,46.9653],[16.0999,46.9824],[16.0815,46.9786],[16.0739,46.9824],[16.0611,46.9935],[16.064,47.0041],[16.0538,46.9981],[16.0212,47.0086],[15.9968,47.0069],[15.9967,47.0194],[15.9794,47.0197],[15.9731,47.0265],[15.9814,47.0338],[15.9699,47.0449],[15.9724,47.0501],[15.9667,47.0572],[15.9434,47.0592],[15.9418,47.0631],[15.9372,47.0516],[15.9302,47.0472],[15.9194,47.0497],[15.9144,47.0436],[15.8851,47.0366],[15.8776,47.0408],[15.8665,47.0288],[15.8507,47.028],[15.847,47.021],[15.8402,47.0217],[15.8395,47.0286],[15.8208,47.0354],[15.8232,47.0429],[15.7954,47.0468],[15.7791,47.0314],[15.7763,47.0205],[15.7678,47.0202],[15.7626,47.014],[15.7457,47.0149],[15.7247,47.0249],[15.7306,47.004],[15.7116,47.0016],[15.7119,46.9948],[15.7188,46.9908],[15.6793,46.9859],[15.6839,46.9825],[15.6776,46.978],[15.6585,46.98],[15.6494,46.9837],[15.6453,46.9958],[15.6161,47.0027]]]}},{"type":"Feature","properties":{"code":"AT701","name":"Innsbruck (Stadt)"},"geometry":{"type":"Polygon","coordinates":[[[11.4441,47.2788],[11.4486,47.2796],[11.4479,47.2863],[11.4339,47.2955],[11.4163,47.2946],[11.4137,47.3031],[11.3997,47.3152],[11.4261,47.3206],[11.4272,47.3467],[11.3579,47.3599],[11.3465,47.3526],[11.3388,47.3396],[11.3315,47.3425],[11.3391,47.322],[11.3324,47.3176],[11.336,47.3136],[11.3075,47.2937],[11.3016,47.2704],[11.3052,47.2644],[11.3228,47.2646],[11.3387,47.2525],[11.3521,47.25],[11.3465,47.2415],[11.3812,47.2468],[11.3932,47.2428],[11.3949,47.2382],[11.3887,47.2368],[11.3873,47.2272],[11.3929,47.2121],[11.4066,47.2214],[11.4184,47.2149],[11.423,47.2196],[11.4308,47.2132],[11.4474,47.2108],[11.454,47.213],[11.4287,47.2267],[11.418,47.2395],[11.4118,47.2386],[11.4096,47.2468],[11.4314,47.2468],[11.4291,47.2522],[11.4549,47.2601],[11.4441,47.2788]]]}},{"type":"Feature","properties":{"code":"AT702","name":"Imst"},"geometry":{"type":"Polygon","coordinates":[[[10.9912,47.3961],[10.9857,47.3883],[10.987,47.3612],[10.9219,47.3682],[10.9128,47.3514],[10.9019,47.3519],[10.8725,47.3373],[10.8622,47.3368],[10.8537,47.3499],[10.8206,47.37],[10.8249,47.3736],[10.8198,47.3854],[10.8041,47.3854],[10.7733,47.3821],[10.7686,47.3774],[10.7722,47.3721],[10.7608,47.3677],[10.7641,47.3618],[10.7585,47.3593],[10.7424,47.3601],[10.7387,47.356],[10.7065,47.3618],[10.7008,47.3587],[10.7019,47.3505],[10.6927,47.3472],[10.6922,47.3367],[10.6746,47.3409],[10.6518,47.324],[10.6419,47.323],[10.6353,47.3306],[10.6096,47.3284],[10.6075,47.3232],[10.615,47.3142],[10.6121,47.3093],[10.6291,47.3113],[10.634,47.2934],[10.6546,47.2931],[10.6569,47.279],[10.6517,47.2675],[10.6253,47.2733],[10.5955,47.2732],[10.5875,47.2839],[10.5545,47.3002],[10.5384,47.294],[10.5527,47.2825],[10.5688,47.2774],[10.5653,47.2478],[10.5757,47.239],[10.6023,47.2337],[10.6088,47.246],[10.6232,47.2504],[10.6319,47.2467],[10.6419,47.2327],[10.6648,47.2262],[10.6663,47.2123],[10.6726,47.2036],[10.6793,47.2026],[10.6813,47.1906],[10.6828,47.1719],[10.6731,47.156],[10.6809,47.1512],[10.6775,47.1473],[10.7087,47.1424],[10.6931,47.1315],[10.7029,47.1227],[10.7108,47.1245],[10.7374,47.0956],[10.7579,47.0932],[10.786,47.0811],[10.7921,47.0652],[10.8007,47.059],[10.8006,47.0439],[10.8203,47.029],[10.8118,47.0141],[10.7977,47.0115],[10.7937,47.0065],[10.7916,46.9957],[10.7985,46.9795],[10.7911,46.9591],[10.7835,46.9543],[10.7825,46.9451],[10.7931,46.9379],[10.7918,46.9289],[10.786,46.9159],[10.7735,46.9091],[10.7749,46.8908],[10.7882,46.8881],[10.7943,46.8812],[10.7922,46.8578],[10.7765,46.8495],[10.7837,46.8384],[10.7829,46.8319],[10.7513,46.8151],[10.7439,46.803],[10.7261,46.7978],[10.7301,46.7884],[10.7571,46.7852],[10.7868,46.7962],[10.8141,46.7751],[10.8255,46.7731],[10.8318,46.7802],[10.8406,46.7818],[10.853,46.774],[10.8673,46.7724],[10.8685,46.7658],[10.8829,46.7628],[10.9232,46.7753],[10.9748,46.7726],[10.9949,46.767],[11.0138,46.7721],[11.0247,46.7664],[11.0361,46.7939],[11.0442,46.8009],[11.0394,46.8051],[11.057,46.8081],[11.0834,46.8225],[11.0776,46.8344],[11.0703,46.8384],[11.0748,46.8434],[11.0714,46.8533],[11.1017,46.8899],[11.0971,46.8913],[11.0959,46.9119],[11.1089,46.9159],[11.1145,46.9311],[11.1388,46.9275],[11.1681,46.945],[11.1627,46.9498],[11.1643,46.9657],[11.1489,46.9638],[11.1432,46.9708],[11.1045,46.9803],[11.0901,46.9886],[11.0964,46.9996],[11.098,47.0174],[11.1091,47.0235],[11.1187,47.0462],[11.0689,47.1003],[11.0591,47.1321],[11.0649,47.1424],[11.0521,47.1521],[11.044,47.1664],[11.0463,47.1754],[11.0386,47.1942],[11.0537,47.2041],[11.0815,47.2118],[11.0947,47.2251],[11.0721,47.2298],[11.0593,47.2413],[11.0586,47.2463],[11.0694,47.2529],[11.066,47.2591],[11.0712,47.2701],[11.064,47.2752],[11.0663,47.2941],[11.0497,47.2978],[11.0295,47.2947],[11.0268,47.3043],[11.0308,47.3048],[11.0307,47.3059],[11.0189,47.3046],[11.0199,47.3107],[11.0152,47.3124],[10.9949,47.3122],[10.9897,47.3311],[10.9929,47.3527],[11.0105,47.3688],[11.0165,47.3964],[10.9912,47.3961]]]}},{"type":"Feature","properties":{"code":"AT703","name":"Innsbruck (Land)"},"geometry":{"type":"Polygon","coordinates":[[[11.1489,46.9638],[11.1762,46.9626],[11.1953,46.9705],[11.2073,46.9626],[11.2208,46.9692],[11.2566,46.9742],[11.2635,46.9808],[11.2881,46.986],[11.3076,46.9841],[11.3205,46.9924],[11.3368,46.9849],[11.3457,46.9907],[11.3587,46.9905],[11.3822,46.9706],[11.4056,46.9648],[11.4405,46.9753],[11.4526,46.9923],[11.4699,46.9952],[11.4698,47.0022],[11.4788,47.011],[11.5126,47.0051],[11.5385,46.9841],[11.5814,46.9971],[11.5812,47.0021],[11.5897,47.0054],[11.6272,47.0133],[11.6281,47.0248],[11.6471,47.0304],[11.6493,47.0466],[11.6586,47.0529],[11.6435,47.0821],[11.649,47.0897],[11.6415,47.0918],[11.6443,47.0941],[11.6342,47.104],[11.6385,47.1228],[11.6327,47.1401],[11.6447,47.1415],[11.673,47.161],[11.6718,47.1666],[11.6626,47.1712],[11.6711,47.18],[11.6648,47.1906],[11.6668,47.1977],[11.6845,47.1972],[11.7036,47.205],[11.7052,47.2161],[11.697,47.2292],[11.6929,47.2605],[11.6541,47.2864],[11.6515,47.2945],[11.6319,47.3113],[11.6212,47.3087],[11.613,47.3183],[11.6193,47.3209],[11.6117,47.3207],[11.5947,47.3403],[11.5986,47.3484],[11.5778,47.3464],[11.5375,47.3573],[11.5166,47.3518],[11.496,47.3532],[11.5,47.3632],[11.5156,47.3657],[11.5221,47.3808],[11.5141,47.3883],[11.482,47.3904],[11.4627,47.402],[11.4507,47.403],[11.4273,47.4252],[11.4357,47.4379],[11.4154,47.447],[11.3755,47.4491],[11.3645,47.4448],[11.3386,47.4499],[11.3296,47.4381],[11.291,47.4271],[11.29,47.4073],[11.2699,47.3976],[11.225,47.3953],[11.2239,47.4013],[11.2534,47.4282],[11.249,47.4326],[11.207,47.4339],[11.1979,47.4275],[11.128,47.4122],[11.1226,47.4064],[11.1238,47.3996],[11.1154,47.3956],[11.0165,47.3964],[11.0105,47.3688],[10.9929,47.3527],[10.9897,47.3311],[10.9949,47.3122],[11.0152,47.3124],[11.0199,47.3107],[11.0189,47.3046],[11.0307,47.3059],[11.0268,47.3043],[11.0295,47.2947],[11.0497,47.2978],[11.0663,47.2941],[11.064,47.2752],[11.0712,47.2701],[11.066,47.2591],[11.0694,47.2529],[11.0586,47.2463],[11.0593,47.2413],[11.0721,47.2298],[11.0947,47.2251],[11.0815,47.2118],[11.0537,47.2041],[11.0386,47.1942],[11.0463,47.1754],[11.044,47.1664],[11.0521,47.1521],[11.0649,47.1424],[11.0591,47.1321],[11.0689,47.1003],[11.1187,47.0462],[11.1091,47.0235],[11.098,47.0174],[11.0964,46.9996],[11.0901,46.9886],[11.1045,46.9803],[11.1432,46.9708],[11.1489,46.9638]],[[11.4441,47.2788],[11.4549,47.2601],[11.4291,47.2522],[11.4314,47.2468],[11.4096,47.2468],[11.4118,47.2386],[11.418,47.2395],[11.4287,47.2267],[11.454,47.213],[11.4474,47.2108],[11.4308,47.2132],[11.423,47.2196],[11.4184,47.2149],[11.4066,47.2214],[11.3929,47.2121],[11.3873,47.2272],[11.3887,47.2368],[11.3949,47.2382],[11.3932,47.2428],[11.3812,47.2468],[11.3465,47.2415],[11.3521,47.25],[11.3387,47.2525],[11.3228,47.2646],[11.3052,47.2644],[11.3016,47.2704],[11.3075,47.2937],[11.336,47.3136],[11.3324,47.3176],[11.3391,47.322],[11.3315,47.3425],[11.3388,47.3396],[11.3465,47.3526],[11.3579,47.3599],[11.4272,47.3467],[11.4261,47.3206],[11.3997,47.3152],[11.4137,47.3031],[11.4163,47.2946],[11.4339,47.2955],[11.4479,47.2863],[11.4486,47.2796],[11.4441,47.2788]]]}},{"type":"Feature","properties":{"code":"AT704","name":"Kitzbühel"},"geometry":{"type":"Polygon","coordinates":[[[12.34,47.6904],[12.3551,47.6659],[12.3302,47.6577],[12.3324,47.6471],[12.3251,47.6394],[12.3374,47.6307],[12.3191,47.6045],[12.3241,47.5923],[12.3084,47.5818],[12.3081,47.5729],[12.3196,47.5661],[12.3207,47.5538],[12.3247,47.5523],[12.3192,47.5443],[12.3228,47.5387],[12.3139,47.5144],[12.322,47.5026],[12.3161,47.4955],[12.3161,47.4795],[12.3011,47.4724],[12.2769,47.4776],[12.2368,47.478],[12.2041,47.4652],[12.1921,47.4691],[12.1875,47.481],[12.1675,47.4889],[12.1565,47.491],[12.15,47.483],[12.1308,47.4824],[12.1379,47.4758],[12.1342,47.4682],[12.1217,47.4629],[12.1097,47.4648],[12.1061,47.4561],[12.0899,47.4536],[12.1034,47.4405],[12.1039,47.4323],[12.083,47.4312],[12.0676,47.4211],[12.0694,47.4071],[12.0851,47.3855],[12.0821,47.3827],[12.0875,47.3714],[12.0798,47.366],[12.0626,47.3321],[12.0222,47.3211],[12.0135,47.2863],[12.0041,47.2714],[12.0321,47.2697],[12.0677,47.2795],[12.0786,47.2752],[12.1145,47.3064],[12.1441,47.2881],[12.1646,47.3015],[12.197,47.2985],[12.2229,47.3127],[12.23,47.312],[12.2373,47.3014],[12.2547,47.308],[12.2641,47.3022],[12.2918,47.3225],[12.2966,47.3326],[12.3169,47.3297],[12.3189,47.3257],[12.3353,47.3285],[12.3422,47.3218],[12.3746,47.3113],[12.4103,47.3136],[12.4187,47.3217],[12.4419,47.3286],[12.4698,47.3238],[12.4783,47.3264],[12.4871,47.3375],[12.4952,47.3374],[12.4982,47.3487],[12.4862,47.3524],[12.4879,47.3594],[12.479,47.365],[12.4793,47.371],[12.4827,47.3779],[12.498,47.3814],[12.5061,47.3941],[12.5236,47.3907],[12.5627,47.3995],[12.5645,47.3948],[12.5786,47.3925],[12.6011,47.4132],[12.6223,47.4184],[12.627,47.4298],[12.6375,47.4366],[12.6314,47.4645],[12.6447,47.4682],[12.6652,47.4648],[12.6996,47.4779],[12.6972,47.4881],[12.672,47.4997],[12.6693,47.5082],[12.6651,47.5061],[12.6609,47.5107],[12.6536,47.5364],[12.6282,47.5495],[12.6416,47.5545],[12.652,47.5697],[12.6666,47.5786],[12.6526,47.5891],[12.5745,47.605],[12.57,47.6163],[12.575,47.6323],[12.5364,47.6365],[12.5123,47.6253],[12.4992,47.6251],[12.4913,47.6369],[12.4651,47.6497],[12.4528,47.6679],[12.4408,47.6739],[12.4401,47.6952],[12.3636,47.6838],[12.3514,47.6921],[12.34,47.6904]]]}},{"type":"Feature","properties":{"code":"AT705","name":"Kufstein"},"geometry":{"type":"Polygon","coordinates":[[[11.7751,47.5904],[11.7776,47.5774],[11.7665,47.5744],[11.7623,47.5635],[11.7545,47.5591],[11.7947,47.5567],[11.7984,47.5533],[11.7887,47.5462],[11.8018,47.546],[11.8082,47.5416],[11.8072,47.5375],[11.8328,47.538],[11.8435,47.5218],[11.8316,47.5146],[11.8358,47.4928],[11.8282,47.4816],[11.8273,47.471],[11.7805,47.4558],[11.782,47.4485],[11.773,47.4353],[11.785,47.4249],[11.7987,47.4252],[11.8193,47.412],[11.8191,47.4021],[11.838,47.4079],[11.8392,47.3983],[11.85,47.4016],[11.8744,47.3847],[11.8854,47.3838],[11.9052,47.3728],[11.91,47.3633],[11.9229,47.3612],[11.9289,47.3352],[11.9496,47.3293],[11.9727,47.3314],[11.976,47.3368],[11.997,47.324],[12.0228,47.3216],[12.0626,47.3321],[12.0798,47.366],[12.0875,47.3714],[12.0821,47.3827],[12.0851,47.3855],[12.0694,47.4071],[12.0676,47.4211],[12.083,47.4312],[12.1039,47.4323],[12.1034,47.4405],[12.0899,47.4536],[12.1061,47.4561],[12.1097,47.4648],[12.1217,47.4629],[12.1342,47.4682],[12.1379,47.4758],[12.1308,47.4824],[12.15,47.483],[12.1565,47.491],[12.1675,47.4889],[12.1875,47.481],[12.1921,47.4691],[12.2041,47.4652],[12.2368,47.478],[12.2769,47.4776],[12.3011,47.4724],[12.3148,47.4781],[12.3161,47.4955],[12.322,47.5026],[12.3139,47.5144],[12.3228,47.5387],[12.3192,47.5443],[12.3247,47.5523],[12.3207,47.5538],[12.3196,47.5661],[12.3081,47.5729],[12.3084,47.5818],[12.3241,47.5923],[12.3191,47.6045],[12.3374,47.6307],[12.3251,47.6394],[12.3324,47.6471],[12.3302,47.6577],[12.3534,47.665],[12.3552,47.6705],[12.3497,47.6719],[12.3351,47.6927],[12.338,47.697],[12.2847,47.6901],[12.2632,47.6783],[12.2552,47.6795],[12.2413,47.6944],[12.2469,47.711],[12.265,47.7325],[12.257,47.743],[12.2497,47.7416],[12.2267,47.7181],[12.2036,47.7074],[12.1955,47.7081],[12.1835,47.7005],[12.1624,47.7012],[12.1685,47.6803],[12.1822,47.6681],[12.1991,47.6408],[12.2083,47.6129],[12.203,47.6064],[12.1781,47.6009],[12.179,47.6144],[12.129,47.6056],[12.1152,47.6114],[12.0823,47.6097],[12.0607,47.6188],[12.0512,47.6149],[12.0373,47.6176],[12.0219,47.6111],[12.0086,47.625],[11.9809,47.6189],[11.9762,47.613],[11.9682,47.6172],[11.9137,47.6139],[11.9022,47.6082],[11.855,47.6024],[11.8443,47.5812],[11.7751,47.5904]]]}},{"type":"Feature","properties":{"code":"AT706","name":"Landeck"},"geometry":{"type":"Polygon","coordinates":[[[10.5653,47.2478],[10.5551,47.2491],[10.5441,47.2336],[10.5322,47.2384],[10.5136,47.2339],[10.497,47.2358],[10.4791,47.245],[10.4581,47.2383],[10.4488,47.2326],[10.4528,47.2307],[10.4473,47.2253],[10.4435,47.228],[10.4367,47.2219],[10.4448,47.2143],[10.4288,47.2006],[10.4135,47.1777],[10.3956,47.1738],[10.3681,47.1848],[10.3563,47.1742],[10.3057,47.1736],[10.2777,47.1596],[10.2256,47.1527],[10.213,47.1576],[10.2218,47.1495],[10.2034,47.1425],[10.2094,47.1317],[10.1863,47.129],[10.1865,47.1196],[10.1728,47.1203],[10.1583,47.1148],[10.1324,47.0794],[10.1346,47.0639],[10.1509,47.0618],[10.1551,47.0435],[10.1232,47.0221],[10.1328,47.012],[10.1544,47.0054],[10.1594,46.9989],[10.1543,46.9929],[10.1598,46.9838],[10.1447,46.9834],[10.1267,46.9435],[10.0978,46.9242],[10.1089,46.9084],[10.1088,46.895],[10.1214,46.8821],[10.1414,46.8743],[10.1388,46.8677],[10.1445,46.8514],[10.1574,46.8479],[10.1687,46.8506],[10.1937,46.8664],[10.2319,46.8667],[10.2349,46.8847],[10.2257,46.8959],[10.2422,46.9194],[10.2406,46.9313],[10.2969,46.92],[10.3008,46.9247],[10.316,46.9252],[10.317,46.9311],[10.3062,46.9401],[10.3086,46.9488],[10.3278,46.954],[10.3295,46.9643],[10.3466,46.9896],[10.3721,46.9907],[10.3893,47.0005],[10.4266,46.9757],[10.4239,46.9589],[10.4558,46.9527],[10.4894,46.9378],[10.4853,46.9314],[10.4862,46.9155],[10.4787,46.9108],[10.4751,46.8943],[10.4647,46.8843],[10.4713,46.873],[10.4697,46.8549],[10.4787,46.8591],[10.4907,46.85],[10.4944,46.8526],[10.4988,46.8475],[10.521,46.8454],[10.5552,46.8486],[10.5464,46.8375],[10.5705,46.8424],[10.5904,46.8507],[10.5956,46.8573],[10.6538,46.8668],[10.6674,46.8755],[10.6725,46.8703],[10.6904,46.8676],[10.6969,46.8625],[10.693,46.8529],[10.7168,46.847],[10.7224,46.8378],[10.7555,46.8328],[10.7638,46.8226],[10.7825,46.8313],[10.7837,46.8384],[10.7765,46.8495],[10.7922,46.8578],[10.7953,46.8731],[10.7913,46.8757],[10.7939,46.8841],[10.7749,46.8908],[10.7735,46.9091],[10.786,46.9159],[10.7918,46.9289],[10.7931,46.9379],[10.7825,46.9451],[10.7835,46.9543],[10.7911,46.9591],[10.7985,46.9795],[10.7916,46.9957],[10.7937,47.0065],[10.7977,47.0115],[10.8118,47.0141],[10.8203,47.029],[10.8006,47.0439],[10.8007,47.059],[10.7921,47.0652],[10.786,47.0811],[10.7579,47.0932],[10.7374,47.0956],[10.7108,47.1245],[10.7029,47.1227],[10.6931,47.1315],[10.7087,47.1424],[10.6775,47.1473],[10.6809,47.1512],[10.6731,47.156],[10.6831,47.1747],[10.6793,47.2026],[10.6726,47.2036],[10.6667,47.2116],[10.6639,47.227],[10.6419,47.2327],[10.6319,47.2467],[10.6232,47.2504],[10.6088,47.246],[10.6023,47.2337],[10.5803,47.2369],[10.5653,47.2478]]]}},{"type":"Feature","properties":{"code":"AT707","name":"Lienz"},"geometry":{"type":"Polygon","coordinates":[[[12.6568,47.0995],[12.6419,47.1036],[12.6166,47.1215],[12.5922,47.1249],[12.5875,47.1321],[12.5664,47.136],[12.5528,47.1276],[12.5451,47.1289],[12.5279,47.1376],[12.5216,47.1506],[12.4982,47.1565],[12.4835,47.1578],[12.4817,47.1514],[12.4656,47.1444],[12.4509,47.1437],[12.4346,47.1505],[12.4178,47.1423],[12.3995,47.1528],[12.3633,47.1414],[12.3587,47.1168],[12.3456,47.1093],[12.3131,47.1029],[12.3086,47.0931],[12.2838,47.0925],[12.2614,47.0727],[12.2166,47.0587],[12.2167,47.0451],[12.2049,47.027],[12.1796,47.0253],[12.1644,47.0189],[12.1474,47.0249],[12.1246,47.0118],[12.1212,47.0061],[12.1305,46.9932],[12.1275,46.9855],[12.1382,46.982],[12.1366,46.9655],[12.1314,46.9631],[12.1383,46.9565],[12.1577,46.9508],[12.1684,46.9383],[12.1526,46.9169],[12.1438,46.9138],[12.1613,46.907],[12.1697,46.9101],[12.1903,46.9061],[12.1996,46.8961],[12.1996,46.8874],[12.2154,46.874],[12.2221,46.8799],[12.2321,46.8805],[12.2422,46.8909],[12.2739,46.8842],[12.2782,46.8791],[12.2763,46.8723],[12.2918,46.8652],[12.2893,46.857],[12.2956,46.8438],[12.3068,46.8412],[12.3059,46.8332],[12.2829,46.8149],[12.2923,46.8026],[12.2807,46.7918],[12.2839,46.7829],[12.309,46.785],[12.3574,46.775],[12.3692,46.7404],[12.3841,46.7163],[12.4426,46.6884],[12.4738,46.6868],[12.4799,46.6773],[12.516,46.6786],[12.5644,46.6519],[12.6197,46.6619],[12.6311,46.6613],[12.6336,46.655],[12.6417,46.652],[12.6579,46.6573],[12.6906,46.657],[12.6901,46.6749],[12.6837,46.68],[12.6936,46.6931],[12.6894,46.7027],[12.7215,46.7029],[12.7091,46.715],[12.7144,46.731],[12.7119,46.7357],[12.725,46.7434],[12.7384,46.741],[12.7571,46.7503],[12.7871,46.7522],[12.791,46.7564],[12.8099,46.7563],[12.8137,46.749],[12.8412,46.7493],[12.8568,46.7602],[12.8787,46.7635],[12.8994,46.7768],[12.9314,46.764],[12.9448,46.7695],[12.9531,46.7822],[12.9639,46.7857],[12.9635,46.7986],[12.9141,46.8214],[12.8979,46.8245],[12.8865,46.8425],[12.8412,46.861],[12.8419,46.893],[12.8318,46.9008],[12.8371,46.9125],[12.82,46.9208],[12.7988,46.9236],[12.7829,46.9319],[12.7864,46.9396],[12.7696,46.9448],[12.7596,46.9566],[12.7446,46.9605],[12.739,46.9788],[12.7246,46.9958],[12.7375,47.0038],[12.7358,47.013],[12.7549,47.0249],[12.7561,47.0335],[12.7723,47.0402],[12.7578,47.0458],[12.7424,47.0418],[12.7146,47.0447],[12.6996,47.0731],[12.6568,47.0995]]]}},{"type":"Feature","properties":{"code":"AT708","name":"Reutte"},"geometry":{"type":"MultiPolygon","coordinates":[[[[10.4502,47.5554],[10.4732,47.5701],[10.4707,47.5797],[10.482,47.5845],[10.437,47.5842],[10.429,47.5776],[10.4332,47.5695],[10.4452,47.5672],[10.4502,47.5554]]],[[[10.9912,47.3961],[10.9705,47.4001],[10.9688,47.4118],[10.9723,47.4176],[10.9847,47.421],[10.9836,47.43],[10.9298,47.47],[10.9372,47.4811],[10.9098,47.4855],[10.8816,47.4792],[10.8701,47.4832],[10.8722,47.5005],[10.918,47.5136],[10.9158,47.5194],[10.9044,47.5181],[10.8904,47.5373],[10.8536,47.5347],[10.8385,47.5254],[10.8131,47.5264],[10.8125,47.5201],[10.7954,47.5212],[10.7775,47.5139],[10.7638,47.5196],[10.764,47.5283],[10.7585,47.5345],[10.6946,47.5448],[10.6911,47.5585],[10.6805,47.5556],[10.6766,47.559],[10.6348,47.559],[10.6201,47.5665],[10.598,47.5697],[10.5805,47.5558],[10.5818,47.548],[10.572,47.5336],[10.4889,47.5404],[10.4723,47.5511],[10.4544,47.5558],[10.4387,47.5235],[10.4406,47.5136],[10.4313,47.5038],[10.4425,47.4847],[10.4637,47.4828],[10.468,47.4771],[10.4659,47.4529],[10.4759,47.4322],[10.4592,47.4281],[10.4562,47.4192],[10.4362,47.411],[10.4292,47.391],[10.4368,47.3804],[10.4197,47.3846],[10.4134,47.3786],[10.3949,47.3757],[10.3887,47.3696],[10.3865,47.3566],[10.3569,47.337],[10.3459,47.3221],[10.3486,47.3173],[10.3303,47.3048],[10.3151,47.3065],[10.2957,47.2999],[10.2817,47.2877],[10.2661,47.2879],[10.2594,47.2814],[10.2453,47.2801],[10.2382,47.2719],[10.2012,47.2769],[10.1795,47.2709],[10.1742,47.2639],[10.2196,47.2547],[10.2236,47.25],[10.2111,47.2481],[10.1977,47.2371],[10.2127,47.2243],[10.2127,47.2043],[10.1968,47.1944],[10.1998,47.1818],[10.2114,47.1713],[10.2081,47.159],[10.2256,47.1527],[10.2777,47.1596],[10.3057,47.1736],[10.3563,47.1742],[10.3681,47.1848],[10.3956,47.1738],[10.4161,47.1797],[10.4288,47.2006],[10.4448,47.2143],[10.4367,47.2219],[10.4435,47.228],[10.4473,47.2253],[10.4532,47.2367],[10.4791,47.245],[10.497,47.2358],[10.5136,47.2339],[10.5322,47.2384],[10.5441,47.2336],[10.5551,47.2491],[10.5685,47.2494],[10.5688,47.2774],[10.5527,47.2825],[10.5384,47.294],[10.5412,47.2964],[10.5545,47.3002],[10.5875,47.2839],[10.5955,47.2732],[10.6253,47.2733],[10.6517,47.2675],[10.6569,47.279],[10.6546,47.2931],[10.634,47.2934],[10.6291,47.3113],[10.6121,47.3093],[10.615,47.3142],[10.6075,47.3232],[10.6096,47.3284],[10.6353,47.3306],[10.6419,47.323],[10.6518,47.324],[10.6746,47.3409],[10.6922,47.3367],[10.6927,47.3472],[10.7019,47.3505],[10.7008,47.3587],[10.7065,47.3618],[10.7387,47.356],[10.7424,47.3601],[10.7585,47.3593],[10.7641,47.3618],[10.7608,47.3677],[10.7722,47.3721],[10.7686,47.3774],[10.7733,47.3821],[10.8041,47.3854],[10.8198,47.3854],[10.8249,47.3736],[10.8206,47.37],[10.8537,47.3499],[10.8622,47.3368],[10.8725,47.3373],[10.9019,47.3519],[10.9128,47.3514],[10.9219,47.3682],[10.987,47.3612],[10.9857,47.3883],[10.9912,47.3961]]]]}},{"type":"Feature","properties":{"code":"AT709","name":"Schwaz"},"geometry":{"type":"Polygon","coordinates":[[[11.874,47.0101],[11.9314,47.0372],[11.9472,47.0335],[11.9557,47.043],[11.9686,47.0406],[11.9798,47.0501],[12.0214,47.0473],[12.0448,47.0615],[12.0769,47.059],[12.0817,47.069],[12.0938,47.077],[12.1189,47.0732],[12.136,47.0807],[12.1252,47.0926],[12.1294,47.1053],[12.1146,47.1217],[12.1118,47.1385],[12.0934,47.1458],[12.0929,47.1636],[12.0859,47.1707],[12.0892,47.1769],[12.0819,47.1919],[12.0901,47.2071],[12.0862,47.2154],[12.1111,47.2413],[12.1028,47.2567],[12.077,47.268],[12.0786,47.2752],[12.0677,47.2795],[12.0321,47.2697],[12.0041,47.2714],[12.0135,47.2863],[12.0228,47.3216],[11.997,47.324],[11.976,47.3368],[11.9727,47.3314],[11.9496,47.3293],[11.9289,47.3352],[11.9229,47.3612],[11.91,47.3633],[11.9052,47.3728],[11.8854,47.3838],[11.8744,47.3847],[11.85,47.4016],[11.8392,47.3983],[11.838,47.4079],[11.8191,47.4021],[11.8193,47.412],[11.7987,47.4252],[11.785,47.4249],[11.773,47.4353],[11.782,47.4485],[11.7805,47.4558],[11.8273,47.471],[11.8282,47.4816],[11.8358,47.4928],[11.8316,47.5146],[11.8435,47.5218],[11.8328,47.538],[11.8072,47.5375],[11.8082,47.5416],[11.8018,47.546],[11.7887,47.5462],[11.7984,47.5533],[11.7947,47.5567],[11.7545,47.5591],[11.7623,47.5635],[11.7665,47.5744],[11.7776,47.5774],[11.7751,47.5904],[11.7002,47.589],[11.6639,47.5836],[11.6362,47.5946],[11.631,47.5865],[11.6335,47.5806],[11.6196,47.5844],[11.6057,47.581],[11.5999,47.5664],[11.5869,47.5547],[11.5881,47.5254],[11.5724,47.5145],[11.5335,47.5089],[11.5186,47.511],[11.5057,47.5047],[11.4876,47.509],[11.4493,47.5072],[11.4417,47.5176],[11.3907,47.4821],[11.384,47.472],[11.39,47.467],[11.4094,47.4667],[11.4204,47.4435],[11.4357,47.4379],[11.4273,47.4252],[11.4402,47.4167],[11.4378,47.4114],[11.482,47.3904],[11.5027,47.3911],[11.5221,47.3808],[11.5156,47.3657],[11.5,47.3632],[11.496,47.3532],[11.5166,47.3518],[11.5375,47.3573],[11.5778,47.3464],[11.5986,47.3484],[11.5947,47.3403],[11.6117,47.3207],[11.6193,47.3209],[11.613,47.3183],[11.6212,47.3087],[11.6319,47.3113],[11.6515,47.2945],[11.6541,47.2864],[11.6929,47.2605],[11.697,47.2292],[11.7052,47.2161],[11.7036,47.205],[11.6845,47.1972],[11.6668,47.1977],[11.6648,47.1906],[11.6711,47.18],[11.6626,47.1712],[11.6718,47.1666],[11.673,47.161],[11.6447,47.1415],[11.6327,47.1401],[11.6385,47.1228],[11.6342,47.104],[11.6443,47.0941],[11.6415,47.0918],[11.649,47.0897],[11.6435,47.0821],[11.6586,47.0529],[11.6493,47.0466],[11.6471,47.0304],[11.6281,47.0248],[11.6272,47.0133],[11.6348,47.0032],[11.6652,46.9918],[11.7114,46.9932],[11.7278,46.9723],[11.747,46.9689],[11.7643,46.9727],[11.7818,46.9925],[11.8362,46.993],[11.8452,47.0017],[11.8524,47.0001],[11.8681,47.0116],[11.874,47.0101]]]}},{"type":"Feature","properties":{"code":"AT801","name":"Bludenz"},"geometry":{"type":"Polygon","coordinates":[[[9.8499,47.2682],[9.8316,47.2609],[9.8272,47.2533],[9.8111,47.263],[9.7814,47.2575],[9.7988,47.2463],[9.7652,47.2341],[9.7566,47.2369],[9.7505,47.2246],[9.7536,47.2128],[9.7437,47.2068],[9.7246,47.2069],[9.7081,47.1948],[9.6764,47.2014],[9.6568,47.2162],[9.6404,47.2149],[9.6387,47.2106],[9.6419,47.2089],[9.6447,47.2061],[9.6448,47.2058],[9.6445,47.2056],[9.6437,47.2057],[9.644,47.2049],[9.6457,47.2044],[9.6468,47.2035],[9.6481,47.2021],[9.6504,47.209],[9.6544,47.21],[9.6505,47.2067],[9.6608,47.2036],[9.6629,47.194],[9.6483,47.1938],[9.6447,47.1977],[9.6481,47.2019],[9.644,47.2048],[9.6422,47.2086],[9.6397,47.2098],[9.6382,47.2109],[9.6284,47.1909],[9.6324,47.182],[9.6207,47.1703],[9.6246,47.1625],[9.6197,47.154],[9.6259,47.1459],[9.6247,47.1326],[9.6342,47.128],[9.6208,47.1105],[9.6344,47.1011],[9.6354,47.0906],[9.6335,47.0834],[9.6116,47.0794],[9.6134,47.0695],[9.6071,47.0608],[9.6172,47.0536],[9.6327,47.0513],[9.6451,47.0598],[9.6819,47.0621],[9.6882,47.0552],[9.7077,47.0538],[9.7068,47.0483],[9.7186,47.0433],[9.7418,47.0426],[9.7475,47.0371],[9.7849,47.0385],[9.8076,47.0236],[9.8364,47.0128],[9.8528,47.0164],[9.8598,47.0232],[9.8763,47.0212],[9.8804,47.0172],[9.871,47.0096],[9.8888,47.0007],[9.8922,46.9905],[9.8711,46.9633],[9.8788,46.9566],[9.8749,46.9504],[9.8766,46.9407],[9.8807,46.9401],[9.8765,46.9347],[9.9121,46.9261],[9.9372,46.9133],[9.9779,46.9159],[9.9825,46.9062],[9.9901,46.9025],[10.0059,46.8988],[10.0177,46.9016],[10.0524,46.8759],[10.0516,46.8637],[10.0872,46.8612],[10.1052,46.8409],[10.1229,46.8484],[10.1435,46.8488],[10.1388,46.8677],[10.1414,46.8743],[10.1214,46.8821],[10.1088,46.895],[10.1089,46.9084],[10.0996,46.9169],[10.0982,46.9274],[10.1267,46.9435],[10.1447,46.9834],[10.1598,46.9838],[10.1543,46.9929],[10.1594,46.9989],[10.1544,47.0054],[10.1328,47.012],[10.1232,47.0221],[10.1442,47.0336],[10.1569,47.0489],[10.1509,47.0618],[10.1346,47.0639],[10.1328,47.0815],[10.1583,47.1148],[10.1728,47.1203],[10.1865,47.1196],[10.1863,47.129],[10.2094,47.1317],[10.2034,47.1425],[10.2218,47.1495],[10.2081,47.159],[10.2114,47.1713],[10.1998,47.1818],[10.1967,47.1918],[10.2131,47.2053],[10.2103,47.2289],[10.1975,47.2356],[10.1944,47.2425],[10.1566,47.2516],[10.1438,47.2474],[10.1374,47.2517],[10.1252,47.243],[10.1289,47.2385],[10.1072,47.2388],[10.1008,47.2266],[10.0663,47.2288],[10.0637,47.232],[10.0705,47.2383],[10.0693,47.2473],[10.0453,47.2473],[10.0196,47.2679],[10.0049,47.2739],[9.9946,47.269],[9.9713,47.268],[9.9699,47.2783],[9.9615,47.2748],[9.9487,47.2782],[9.9389,47.2947],[9.9186,47.2836],[9.895,47.2781],[9.8573,47.2762],[9.8499,47.2682]]]}},{"type":"Feature","properties":{"code":"AT802","name":"Bregenz"},"geometry":{"type":"Polygon","coordinates":[[[10.1784,47.2701],[10.1741,47.2703],[10.1721,47.2791],[10.1783,47.2947],[10.199,47.2975],[10.216,47.3111],[10.1995,47.3265],[10.2076,47.3327],[10.2042,47.3368],[10.217,47.3544],[10.2364,47.3724],[10.2319,47.3787],[10.2363,47.3819],[10.227,47.3888],[10.2126,47.3804],[10.1819,47.3924],[10.1813,47.3873],[10.1694,47.3858],[10.1696,47.3713],[10.1659,47.3689],[10.1417,47.3672],[10.1193,47.3756],[10.0999,47.3548],[10.0829,47.3939],[10.0863,47.3993],[10.0692,47.4098],[10.0736,47.4144],[10.0957,47.4179],[10.1056,47.4287],[10.094,47.4403],[10.0917,47.4589],[10.07,47.4559],[10.0647,47.4636],[10.0535,47.4669],[10.0541,47.4759],[10.0442,47.4877],[10.0008,47.4821],[9.9874,47.4985],[9.9957,47.5028],[9.9653,47.5209],[9.9683,47.5278],[9.9649,47.538],[9.9706,47.5458],[9.9588,47.5431],[9.9635,47.5347],[9.9411,47.5382],[9.9207,47.5297],[9.9066,47.5422],[9.8812,47.5481],[9.8753,47.5436],[9.8781,47.5387],[9.8745,47.5285],[9.8504,47.5415],[9.8156,47.5479],[9.8261,47.5614],[9.8208,47.5708],[9.8274,47.5786],[9.8238,47.5871],[9.8024,47.5959],[9.7768,47.5954],[9.7566,47.5799],[9.7558,47.5722],[9.7481,47.5706],[9.7519,47.5673],[9.7436,47.5589],[9.7468,47.5553],[9.7352,47.5466],[9.7361,47.5344],[9.5618,47.5046],[9.5633,47.4944],[9.5824,47.4825],[9.5978,47.4622],[9.6029,47.462],[9.609,47.4705],[9.6216,47.4578],[9.6594,47.4514],[9.6811,47.4627],[9.6827,47.4577],[9.7007,47.4475],[9.7253,47.4489],[9.7612,47.4365],[9.7777,47.4446],[9.8106,47.4439],[9.8131,47.4372],[9.8066,47.4311],[9.8098,47.427],[9.8024,47.4254],[9.8015,47.415],[9.8113,47.406],[9.815,47.3931],[9.8256,47.3883],[9.8331,47.3775],[9.8396,47.3775],[9.8338,47.3683],[9.8443,47.3603],[9.8108,47.3455],[9.8249,47.3343],[9.8176,47.3326],[9.819,47.3251],[9.8269,47.3236],[9.8176,47.3168],[9.8168,47.311],[9.827,47.3044],[9.8455,47.3025],[9.8486,47.2925],[9.8242,47.2813],[9.8308,47.2719],[9.8511,47.2679],[9.8573,47.2762],[9.895,47.2781],[9.9186,47.2836],[9.9389,47.2947],[9.9487,47.2782],[9.9615,47.2748],[9.9699,47.2783],[9.9713,47.268],[9.9946,47.269],[10.0049,47.2739],[10.0196,47.2679],[10.0453,47.2473],[10.0693,47.2473],[10.0705,47.2383],[10.0643,47.2295],[10.0835,47.2263],[10.1008,47.2266],[10.1072,47.2388],[10.1289,47.2385],[10.1252,47.243],[10.1339,47.2511],[10.147,47.2473],[10.1575,47.2514],[10.1944,47.2425],[10.1977,47.2366],[10.2098,47.2474],[10.2236,47.25],[10.2196,47.2547],[10.1742,47.2639],[10.1784,47.2701]]]}},{"type":"Feature","properties":{"code":"AT803","name":"Dornbirn"},"geometry":{"type":"Polygon","coordinates":[[[9.6495,47.3674],[9.6648,47.3604],[9.6627,47.3551],[9.6713,47.3436],[9.6988,47.3464],[9.7144,47.3376],[9.7229,47.3453],[9.7261,47.3427],[9.7226,47.336],[9.754,47.3069],[9.7841,47.3055],[9.7953,47.2916],[9.818,47.2907],[9.8313,47.2844],[9.8486,47.2925],[9.8455,47.3025],[9.827,47.3044],[9.8163,47.3122],[9.8269,47.3236],[9.819,47.3251],[9.8176,47.3326],[9.8249,47.3343],[9.8108,47.3455],[9.8443,47.3603],[9.8338,47.3683],[9.8396,47.3775],[9.8331,47.3775],[9.8256,47.3883],[9.815,47.3931],[9.8113,47.406],[9.8015,47.415],[9.8024,47.4254],[9.8098,47.427],[9.8066,47.4311],[9.8131,47.4372],[9.8091,47.445],[9.7777,47.4446],[9.7612,47.4365],[9.7253,47.4489],[9.7007,47.4475],[9.6827,47.4577],[9.6811,47.4627],[9.6594,47.4514],[9.6448,47.4371],[9.6516,47.4046],[9.6742,47.3893],[9.6703,47.3774],[9.6495,47.3674]]]}},{"type":"Feature","properties":{"code":"AT804","name":"Feldkirch"},"geometry":{"type":"Polygon","coordinates":[[[9.6206,47.1516],[9.6246,47.1625],[9.6207,47.1703],[9.6324,47.182],[9.6284,47.1909],[9.6379,47.2107],[9.6418,47.209],[9.644,47.2048],[9.6481,47.2019],[9.6447,47.1977],[9.6483,47.1938],[9.6629,47.194],[9.6608,47.2036],[9.6505,47.2067],[9.6544,47.21],[9.6504,47.209],[9.6481,47.2021],[9.6419,47.2089],[9.6387,47.2106],[9.6404,47.2149],[9.6568,47.2162],[9.6764,47.2014],[9.7081,47.1948],[9.7246,47.2069],[9.7437,47.2068],[9.7536,47.2128],[9.7505,47.2246],[9.7566,47.2369],[9.7652,47.2341],[9.7988,47.2463],[9.7814,47.2575],[9.8111,47.263],[9.8272,47.2533],[9.8316,47.2609],[9.8499,47.2682],[9.8308,47.2719],[9.8237,47.2799],[9.8313,47.2844],[9.8247,47.2886],[9.7935,47.2925],[9.7841,47.3055],[9.749,47.3099],[9.7226,47.336],[9.7261,47.3427],[9.7229,47.3453],[9.7144,47.3376],[9.6988,47.3464],[9.6713,47.3436],[9.6627,47.3551],[9.6648,47.3604],[9.6495,47.3674],[9.6245,47.3661],[9.6,47.346],[9.5839,47.313],[9.5559,47.2979],[9.5462,47.28],[9.5307,47.2706],[9.5672,47.2419],[9.5521,47.2237],[9.5693,47.2194],[9.5849,47.2053],[9.5726,47.1908],[9.5731,47.1756],[9.565,47.1704],[9.5795,47.1711],[9.5968,47.1629],[9.6087,47.1478],[9.6206,47.1516]]]}},{"type":"Feature","properties":{"code":"AT901","name":"Wien  1.,Innere Stadt"},"geometry":{"type":"Polygon","coordinates":[[[16.3849,48.2114],[16.3699,48.2186],[16.3564,48.2145],[16.3551,48.2087],[16.366,48.1997],[16.3738,48.1996],[16.3849,48.2114]]]}},{"type":"Feature","properties":{"code":"AT902","name":"Wien  2.,Leopoldstadt"},"geometry":{"type":"Polygon","coordinates":[[[16.4313,48.1863],[16.4951,48.165],[16.4985,48.1672],[16.3981,48.2364],[16.3852,48.2263],[16.3776,48.2296],[16.3674,48.225],[16.3761,48.2128],[16.3928,48.2126],[16.399,48.203],[16.4313,48.1863]]]}},{"type":"Feature","properties":{"code":"AT903","name":"Wien  3.,Landstraße"},"geometry":{"type":"Polygon","coordinates":[[[16.3849,48.2114],[16.3748,48.1982],[16.3955,48.1755],[16.4046,48.1857],[16.4313,48.1863],[16.399,48.203],[16.394,48.2119],[16.3849,48.2114]]]}},{"type":"Feature","properties":{"code":"AT904","name":"Wien  4.,Wieden"},"geometry":{"type":"Polygon","coordinates":[[[16.3687,48.1838],[16.3811,48.1882],[16.375,48.1999],[16.3592,48.1969],[16.3687,48.1838]]]}},{"type":"Feature","properties":{"code":"AT905","name":"Wien  5.,Margareten"},"geometry":{"type":"Polygon","coordinates":[[[16.3592,48.1969],[16.3518,48.1899],[16.3417,48.1884],[16.3497,48.1793],[16.3687,48.1838],[16.3592,48.1969]]]}},{"type":"Feature","properties":{"code":"AT906","name":"Wien  6.,Mariahilf"},"geometry":{"type":"Polygon","coordinates":[[[16.3373,48.1913],[16.3518,48.1899],[16.366,48.1997],[16.3615,48.2026],[16.3395,48.1958],[16.3373,48.1913]]]}},{"type":"Feature","properties":{"code":"AT907","name":"Wien  7.,Neubau"},"geometry":{"type":"Polygon","coordinates":[[[16.3395,48.1958],[16.3587,48.2009],[16.3615,48.2026],[16.3384,48.2086],[16.3395,48.1958]]]}},{"type":"Feature","properties":{"code":"AT908","name":"Wien  8.,Josefstadt"},"geometry":{"type":"Polygon","coordinates":[[[16.3557,48.2069],[16.3558,48.2148],[16.3407,48.2152],[16.3389,48.2117],[16.3384,48.2086],[16.3557,48.2069]]]}},{"type":"Feature","properties":{"code":"AT909","name":"Wien  9.,Alsergrund"},"geometry":{"type":"Polygon","coordinates":[[[16.3617,48.2364],[16.3434,48.2215],[16.3407,48.2152],[16.3604,48.214],[16.3699,48.2186],[16.3617,48.2364]]]}},{"type":"Feature","properties":{"code":"AT910","name":"Wien 10.,Favoriten"},"geometry":{"type":"Polygon","coordinates":[[[16.3319,48.1634],[16.3415,48.1531],[16.3771,48.1475],[16.3659,48.1284],[16.4051,48.122],[16.4083,48.1179],[16.4229,48.1231],[16.437,48.1199],[16.4328,48.1328],[16.4363,48.138],[16.4308,48.1465],[16.3811,48.1882],[16.3416,48.1764],[16.3476,48.1719],[16.3373,48.1709],[16.3319,48.1634]]]}},{"type":"Feature","properties":{"code":"AT911","name":"Wien 11.,Simmering"},"geometry":{"type":"Polygon","coordinates":[[[16.4313,48.1863],[16.4046,48.1857],[16.3955,48.1755],[16.4363,48.138],[16.4553,48.1395],[16.4785,48.1566],[16.5138,48.1589],[16.4313,48.1863]]]}},{"type":"Feature","properties":{"code":"AT912","name":"Wien 12.,Meidling"},"geometry":{"type":"Polygon","coordinates":[[[16.2918,48.1621],[16.2956,48.1618],[16.2922,48.1565],[16.2963,48.1555],[16.3043,48.1603],[16.3306,48.1555],[16.3373,48.1709],[16.3476,48.1719],[16.3416,48.1764],[16.3497,48.1793],[16.3417,48.1884],[16.3321,48.1839],[16.3199,48.1859],[16.3141,48.1756],[16.3079,48.1706],[16.2963,48.1707],[16.2918,48.1621]]]}},{"type":"Feature","properties":{"code":"AT913","name":"Wien 13.,Hietzing"},"geometry":{"type":"Polygon","coordinates":[[[16.1982,48.1541],[16.2301,48.1495],[16.2588,48.1603],[16.2728,48.1559],[16.2791,48.1627],[16.2872,48.1568],[16.2963,48.1707],[16.3079,48.1706],[16.3199,48.1859],[16.2135,48.2071],[16.1998,48.1862],[16.1818,48.1711],[16.1962,48.164],[16.1982,48.1541]]]}},{"type":"Feature","properties":{"code":"AT914","name":"Wien 14.,Penzing"},"geometry":{"type":"Polygon","coordinates":[[[16.2072,48.2024],[16.2135,48.2071],[16.2259,48.2019],[16.2497,48.2012],[16.2695,48.193],[16.3142,48.1872],[16.3207,48.1908],[16.3129,48.1945],[16.3186,48.1991],[16.3125,48.2021],[16.2851,48.2069],[16.2855,48.214],[16.2508,48.2204],[16.2681,48.2371],[16.2415,48.2383],[16.2373,48.2428],[16.241,48.2484],[16.2086,48.2642],[16.1935,48.2433],[16.193,48.2347],[16.1991,48.2286],[16.1852,48.2232],[16.1978,48.2229],[16.1979,48.2142],[16.2096,48.2096],[16.2019,48.2048],[16.2072,48.2024]]]}},{"type":"Feature","properties":{"code":"AT915","name":"Wien 15.,Rudolfsheim-Fünfhaus"},"geometry":{"type":"Polygon","coordinates":[[[16.3142,48.1872],[16.3321,48.1839],[16.3388,48.1884],[16.3369,48.2043],[16.3126,48.2071],[16.3108,48.2028],[16.3186,48.1991],[16.3129,48.1945],[16.3207,48.1908],[16.3142,48.1872]]]}},{"type":"Feature","properties":{"code":"AT916","name":"Wien 16.,Ottakring"},"geometry":{"type":"Polygon","coordinates":[[[16.3392,48.2122],[16.3257,48.2133],[16.3211,48.2206],[16.3039,48.2248],[16.2875,48.2215],[16.2665,48.2265],[16.2536,48.2215],[16.2855,48.214],[16.2851,48.2069],[16.3108,48.2028],[16.3126,48.2071],[16.3369,48.2043],[16.3392,48.2122]]]}},{"type":"Feature","properties":{"code":"AT917","name":"Wien 17.,Hernals"},"geometry":{"type":"Polygon","coordinates":[[[16.3419,48.2172],[16.3274,48.2279],[16.2838,48.2406],[16.294,48.2447],[16.2821,48.2459],[16.2883,48.251],[16.2855,48.2583],[16.2642,48.2545],[16.2704,48.2519],[16.2587,48.2461],[16.2563,48.2399],[16.2681,48.2371],[16.2508,48.2204],[16.2762,48.227],[16.286,48.2216],[16.3128,48.2234],[16.3257,48.2133],[16.3392,48.2122],[16.3419,48.2172]]]}},{"type":"Feature","properties":{"code":"AT918","name":"Wien 18.,Währing"},"geometry":{"type":"Polygon","coordinates":[[[16.2883,48.251],[16.2821,48.2459],[16.294,48.2447],[16.2838,48.2406],[16.3274,48.2279],[16.3389,48.2176],[16.3539,48.232],[16.2883,48.251]]]}},{"type":"Feature","properties":{"code":"AT919","name":"Wien 19.,Döbling"},"geometry":{"type":"Polygon","coordinates":[[[16.2883,48.251],[16.3547,48.232],[16.3713,48.2494],[16.3682,48.2614],[16.3723,48.2628],[16.3481,48.2905],[16.329,48.2772],[16.289,48.2705],[16.2862,48.2667],[16.2941,48.264],[16.2855,48.2583],[16.2883,48.251]]]}},{"type":"Feature","properties":{"code":"AT920","name":"Wien 20.,Brigittenau"},"geometry":{"type":"Polygon","coordinates":[[[16.3981,48.2364],[16.3723,48.2628],[16.3682,48.2614],[16.3717,48.2506],[16.3611,48.2335],[16.3674,48.225],[16.3776,48.2296],[16.3852,48.2263],[16.3981,48.2364]]]}},{"type":"Feature","properties":{"code":"AT921","name":"Wien 21.,Floridsdorf"},"geometry":{"type":"Polygon","coordinates":[[[16.3981,48.2364],[16.4149,48.2471],[16.4275,48.2463],[16.437,48.2616],[16.4502,48.2591],[16.4748,48.2753],[16.4404,48.2919],[16.4378,48.3168],[16.4199,48.3227],[16.4029,48.3168],[16.391,48.3224],[16.3804,48.3151],[16.3862,48.3017],[16.3798,48.302],[16.3756,48.2959],[16.3783,48.2888],[16.3671,48.2868],[16.3706,48.2817],[16.356,48.2833],[16.3981,48.2364]]]}},{"type":"Feature","properties":{"code":"AT922","name":"Wien 22.,Donaustadt"},"geometry":{"type":"Polygon","coordinates":[[[16.3981,48.2364],[16.4971,48.1663],[16.5433,48.1432],[16.576,48.1352],[16.5752,48.1618],[16.5531,48.1621],[16.5469,48.1707],[16.5506,48.1717],[16.5495,48.1771],[16.5417,48.1769],[16.5448,48.1729],[16.539,48.1728],[16.5364,48.1746],[16.5395,48.1739],[16.5377,48.1825],[16.5418,48.1821],[16.538,48.1834],[16.5418,48.1914],[16.5363,48.2004],[16.5527,48.239],[16.5394,48.2428],[16.547,48.263],[16.5129,48.2678],[16.5141,48.271],[16.5067,48.2736],[16.5132,48.2872],[16.4812,48.2935],[16.4812,48.2734],[16.4748,48.2753],[16.4502,48.2591],[16.437,48.2616],[16.4275,48.2463],[16.4149,48.2471],[16.3981,48.2364]]]}},{"type":"Feature","properties":{"code":"AT923","name":"Wien 23.,Liesing"},"geometry":{"type":"Polygon","coordinates":[[[16.2232,48.1532],[16.2099,48.1476],[16.2208,48.1356],[16.2384,48.1372],[16.2386,48.132],[16.2147,48.1259],[16.2189,48.1238],[16.2711,48.1338],[16.2979,48.1295],[16.3118,48.1194],[16.3246,48.1378],[16.3656,48.1287],[16.3771,48.1475],[16.3415,48.1531],[16.3356,48.1594],[16.3306,48.1555],[16.3043,48.1603],[16.2963,48.1555],[16.2922,48.1565],[16.2956,48.1618],[16.2866,48.1568],[16.2791,48.1627],[16.2728,48.1559],[16.2588,48.1603],[16.2301,48.1495],[16.2232,48.1532]]]}}]}