{"type":"FeatureCollection","features":[{"type":"Feature","properties":{"code":"DE020","name":"Kreis und Stadt Fürth"},"geometry":{"type":"Polygon","coordinates":[[[10.8419,49.5348],[10.9497,49.5347],[10.9917,49.5258],[11.027,49.3871],[10.9997,49.3878],[10.9718,49.3728],[10.9401,49.3733],[10.9034,49.3643],[10.8687,49.3468],[10.8295,49.3729],[10.7024,49.4353],[10.6867,49.4838],[10.7215,49.5063],[10.7893,49.527],[10.8127,49.5403],[10.8419,49.5348]]]}},{"type":"Feature","properties":{"code":"DE021","name":"Kreis und Stadt Landshut"},"geometry":{"type":"Polygon","coordinates":[[[12.0163,48.7488],[12.3366,48.7227],[12.3347,48.6969],[12.3621,48.6175],[12.4589,48.5227],[12.4889,48.4866],[12.4997,48.4496],[12.5001,48.4204],[12.2736,48.3307],[12.2446,48.3124],[12.2256,48.3442],[12.1664,48.3968],[11.9791,48.4484],[11.9529,48.4517],[11.9509,48.4781],[11.8956,48.6444],[11.896,48.6701],[11.9823,48.734],[12.0163,48.7488]]]}},{"type":"Feature","properties":{"code":"DE022","name":"Kreis Vorpommern-Greifswald - Binnenland Nord"},"geometry":{"type":"Polygon","coordinates":[[[13.685,53.697],[13.5658,53.6998],[13.4346,53.7435],[13.4082,53.7558],[13.3815,53.7788],[13.3577,53.8371],[13.3306,53.8402],[13.2398,53.8099],[13.2241,53.8438],[13.2159,53.8803],[13.2006,53.9079],[13.124,53.9359],[13.0162,54.006],[13.0481,54.0165],[13.2173,54.0509],[13.2574,54.0653],[13.5772,54.0339],[13.6066,54.0137],[13.6853,53.9369],[13.6902,53.9012],[13.6798,53.7254],[13.685,53.697]]]}},{"type":"Feature","properties":{"code":"DE023","name":"Vogtlandkreis - Bergland"},"geometry":{"type":"Polygon","coordinates":[[[12.5003,50.5275],[12.4665,50.5003],[12.5747,50.4135],[12.5242,50.3986],[12.3834,50.3161],[12.2846,50.2795],[12.2486,50.2722],[12.1054,50.3134],[11.9228,50.4213],[11.9153,50.4561],[11.9077,50.5417],[11.9091,50.5852],[11.9537,50.5904],[12.0988,50.5763],[12.1248,50.5878],[12.1683,50.538],[12.1947,50.5213],[12.3765,50.6362],[12.4022,50.6421],[12.4858,50.5565],[12.5003,50.5275]]]}},{"type":"Feature","properties":{"code":"DE024","name":"Kreis und Stadt Osnabrück"},"geometry":{"type":"Polygon","coordinates":[[[8.0103,52.6837],[8.0646,52.6491],[8.062,52.6212],[8.0369,52.5597],[8.0281,52.5177],[8.0669,52.4579],[8.1076,52.4391],[8.1479,52.4336],[8.1859,52.4446],[8.2996,52.4951],[8.3208,52.4543],[8.3124,52.4053],[8.4342,52.3647],[8.4479,52.3374],[8.4739,52.2493],[8.4789,52.2014],[8.4674,52.1778],[8.4317,52.1388],[8.4245,52.1123],[8.2925,52.1296],[8.2632,52.124],[8.0617,52.0588],[7.9727,52.0385],[7.8996,52.0764],[7.9222,52.0926],[7.9835,52.1086],[8.0051,52.1257],[7.9891,52.1629],[7.9421,52.1779],[7.9087,52.1999],[7.9304,52.3291],[7.9288,52.3626],[7.7059,52.4048],[7.6266,52.4596],[7.6001,52.4668],[7.6651,52.6706],[7.6908,52.668],[7.8977,52.6929],[8.0103,52.6837]]]}},{"type":"Feature","properties":{"code":"DE025","name":"Kreis Mecklenburgische Seenplatte - Nord"},"geometry":{"type":"Polygon","coordinates":[[[13.4346,53.7435],[13.1042,53.5661],[13.0815,53.5462],[12.651,53.6566],[12.6678,53.6899],[12.8457,53.9713],[12.9867,54.004],[13.0162,54.006],[13.124,53.9359],[13.2006,53.9079],[13.2159,53.8803],[13.2241,53.8438],[13.2398,53.8099],[13.3306,53.8402],[13.3577,53.8371],[13.3815,53.7788],[13.4082,53.7558],[13.4346,53.7435]]]}},{"type":"Feature","properties":{"code":"DE026","name":"Kreis und Stadt Kassel"},"geometry":{"type":"Polygon","coordinates":[[[9.6669,51.5952],[9.6499,51.5728],[9.5663,51.3976],[9.5606,51.3611],[9.6778,51.314],[9.7122,51.3084],[9.6575,51.2201],[9.6423,51.1853],[9.6011,51.1886],[9.2974,51.2442],[9.2687,51.2442],[9.2196,51.2113],[9.1852,51.1782],[9.1263,51.2621],[9.1171,51.2905],[9.1511,51.4445],[9.1739,51.4586],[9.3749,51.6272],[9.4177,51.624],[9.541,51.63],[9.6669,51.5952]]]}},{"type":"Feature","properties":{"code":"DE027","name":"Kreis Rostock - Binnenland Süd"},"geometry":{"type":"Polygon","coordinates":[[[12.8457,53.9713],[12.6678,53.6899],[12.651,53.6566],[12.4884,53.6712],[12.443,53.6683],[12.3367,53.5907],[12.3023,53.5708],[11.7567,53.771],[11.7567,53.8059],[11.7893,53.9329],[11.8297,53.9465],[11.9617,53.964],[11.9919,53.9608],[12.0647,53.8839],[12.0891,53.868],[12.2877,53.9727],[12.7316,54.0295],[12.7625,54.025],[12.8221,53.993],[12.8457,53.9713]]]}},{"type":"Feature","properties":{"code":"DE028","name":"Kreis Nordsachsen - Nord"},"geometry":{"type":"Polygon","coordinates":[[[13.0627,51.6446],[13.1538,51.5949],[13.1658,51.5664],[13.185,51.4809],[13.152,51.4894],[12.878,51.4722],[12.6544,51.4117],[12.5184,51.383],[12.4879,51.4049],[12.4689,51.4322],[12.4272,51.4353],[12.2794,51.4203],[12.265,51.3807],[12.2628,51.3423],[12.2301,51.3365],[12.1823,51.3405],[12.181,51.3777],[12.195,51.5051],[12.1934,51.5334],[12.233,51.5394],[12.5502,51.6182],[12.571,51.6345],[12.6058,51.6284],[12.8549,51.6566],[13.0627,51.6446]]]}},{"type":"Feature","properties":{"code":"DE029","name":"Kreis und Stadt Rosenheim"},"geometry":{"type":"Polygon","coordinates":[[[12.3778,48.1079],[12.3353,48.0181],[12.3481,47.9876],[12.4126,47.8918],[12.41,47.8615],[12.3569,47.7123],[12.3387,47.6813],[12.2696,47.6855],[12.035,47.6544],[11.9579,47.8066],[11.9359,47.8322],[11.837,47.9025],[11.8216,47.9251],[11.8601,47.9379],[12.0617,47.9853],[12.075,48.0212],[12.0814,48.0881],[12.0789,48.1232],[12.3394,48.1174],[12.3778,48.1079]]]}},{"type":"Feature","properties":{"code":"DE030","name":"Kreis Cuxhaven - Binnenland"},"geometry":{"type":"Polygon","coordinates":[[[8.9952,53.8416],[9.2357,53.7532],[9.2716,53.7345],[9.2556,53.704],[9.1603,53.6052],[9.1261,53.5812],[9.0903,53.5798],[9.0211,53.5654],[8.979,53.549],[8.9244,53.418],[8.9154,53.3744],[8.8354,53.3844],[8.8008,53.3798],[8.668,53.2949],[8.6244,53.2857],[8.507,53.2869],[8.4973,53.3285],[8.4932,53.4116],[8.4933,53.458],[8.5047,53.484],[8.5307,53.4801],[8.5885,53.4855],[8.6194,53.4953],[8.6536,53.6077],[8.7987,53.8057],[8.8122,53.8302],[8.9565,53.8483],[8.9952,53.8416]]]}},{"type":"Feature","properties":{"code":"DE031","name":"Kreis Rendsburg-Eckernförde - Binnenland"},"geometry":{"type":"Polygon","coordinates":[[[9.9879,54.3451],[10.0246,54.3159],[10.1301,54.2541],[10.1239,54.2271],[10.1275,54.1717],[10.1197,54.1443],[10.014,54.1483],[9.9824,54.1423],[9.9369,54.1045],[9.9314,54.0667],[9.9412,54.0284],[9.9135,54.0211],[9.861,54.0183],[9.8055,54.0225],[9.6493,54.0493],[9.5533,54.0895],[9.5184,54.0909],[9.3244,54.0665],[9.2933,54.0746],[9.3116,54.1122],[9.3315,54.1376],[9.4293,54.1728],[9.4288,54.2048],[9.4063,54.2679],[9.4269,54.2952],[9.7026,54.5106],[9.7358,54.5313],[9.7656,54.5078],[9.8155,54.4554],[9.9519,54.3629],[9.9879,54.3451]]]}},{"type":"Feature","properties":{"code":"DE032","name":"Kreis Vorpommern-Rügen - Küste"},"geometry":{"type":"Polygon","coordinates":[[[13.1155,54.3698],[13.1172,54.3414],[13.1314,54.3129],[13.1656,54.2869],[13.2736,54.2396],[13.353,54.1918],[13.3837,54.1832],[13.3494,54.1617],[13.1856,54.1118],[13.1632,54.1312],[13.015,54.3064],[12.9766,54.3147],[12.679,54.3331],[12.648,54.3299],[12.3982,54.2039],[12.3648,54.1917],[12.2727,54.261],[12.327,54.2959],[12.4913,54.4657],[12.5256,54.4725],[12.8891,54.4465],[13.029,54.4259],[13.0475,54.3914],[13.0767,54.3759],[13.1155,54.3698]]]}},{"type":"Feature","properties":{"code":"DE033","name":"Kreis Nordwestmecklenburg - Küste"},"geometry":{"type":"MultiPolygon","coordinates":[[[[10.767,53.8113],[10.888,53.9105],[10.8885,53.9449],[10.874,53.9719],[11.0954,54.0141],[11.1776,54.0128],[11.2104,53.9939],[11.2385,53.9689],[11.27,53.9555],[11.4167,53.9124],[11.446,53.9079],[11.4687,53.9226],[11.5612,54.0186],[11.5858,54.0068],[11.6396,53.9629],[11.6622,53.9343],[11.4594,53.8485],[11.429,53.8492],[11.2094,53.8819],[11.0425,53.8918],[11.0123,53.8828],[10.8299,53.793],[10.7992,53.7972],[10.767,53.8113]]],[[[11.4768,53.9788],[11.4465,53.9563],[11.4147,53.9616],[11.3852,53.9733],[11.3888,54.003],[11.4427,54.0255],[11.4791,54.0207],[11.4768,53.9788]]]]}},{"type":"Feature","properties":{"code":"DE034","name":"Kreis Vorpommern-Greifswald - Binnenland Süd"},"geometry":{"type":"Polygon","coordinates":[[[14.3446,53.5557],[14.4072,53.3554],[14.4055,53.3267],[14.2555,53.2592],[14.1219,53.2655],[14.1391,53.2951],[14.2227,53.4048],[14.1907,53.417],[13.6927,53.4837],[13.7053,53.5193],[13.7428,53.695],[13.7755,53.7097],[13.8311,53.7174],[13.8721,53.7205],[14.3077,53.5731],[14.3446,53.5557]]]}},{"type":"Feature","properties":{"code":"DE035","name":"Kreis Breisgau-Hochschwarzwald und Stadt Freiburg"},"geometry":{"type":"Polygon","coordinates":[[[8.1107,48.0157],[8.1675,47.9962],[8.2987,47.9923],[8.3257,47.9757],[8.4009,47.9097],[8.4168,47.8838],[8.4209,47.8526],[8.2557,47.8472],[8.1618,47.7986],[8.1314,47.7904],[8.02,47.8509],[7.914,47.8715],[7.8768,47.8708],[7.7267,47.793],[7.5918,47.7512],[7.5846,47.7958],[7.5786,48.0742],[7.5737,48.1225],[7.9071,48.0635],[8.0851,48.0179],[8.1107,48.0157]]]}},{"type":"Feature","properties":{"code":"DE036","name":"Kreis Rostock - Binnenland Nord"},"geometry":{"type":"Polygon","coordinates":[[[12.7042,54.0289],[12.673,54.0195],[12.2877,53.9727],[12.0891,53.868],[12.0647,53.8839],[11.9919,53.9608],[11.9617,53.964],[11.8297,53.9465],[11.7893,53.9329],[11.7655,53.9685],[11.6964,53.9561],[11.7307,54.017],[11.7638,54.0291],[12.0396,54.089],[12.1026,54.0554],[12.1651,54.0816],[12.1935,54.0989],[12.2205,54.1173],[12.2513,54.1501],[12.2832,54.1677],[12.3648,54.1917],[12.3759,54.1615],[12.3819,54.123],[12.4065,54.1082],[12.6725,54.0483],[12.7042,54.0289]]]}},{"type":"Feature","properties":{"code":"DE037","name":"Kreis Plön - Küste"},"geometry":{"type":"Polygon","coordinates":[[[10.7173,54.3694],[10.7081,54.2463],[10.6968,54.2072],[10.5972,54.2292],[10.5637,54.2293],[10.5096,54.1946],[10.4925,54.1716],[10.2081,54.2453],[10.2027,54.2741],[10.2123,54.436],[10.2058,54.4622],[10.5888,54.3653],[10.7173,54.3694]]]}},{"type":"Feature","properties":{"code":"DE038","name":"Kreis Sächsische Schweiz-Osterzgebirge - Tiefland"},"geometry":{"type":"Polygon","coordinates":[[[14.1687,51.066],[14.1622,50.9963],[14.1745,50.9261],[14.2742,50.9215],[14.2949,50.8992],[14.257,50.8885],[14.222,50.8682],[14.1365,50.8346],[14.0876,50.8801],[14.0453,50.8873],[13.9801,50.8881],[13.9458,50.8824],[13.8919,50.8496],[13.8657,50.8673],[13.8504,50.9027],[13.8101,50.9127],[13.4681,50.92],[13.434,50.9426],[13.4296,51.001],[13.4384,51.0549],[13.5871,51.0642],[13.7941,50.9829],[13.8317,50.9832],[13.9707,51.0656],[14.1687,51.066]]]}},{"type":"Feature","properties":{"code":"DE039","name":"Insel Borkum"},"geometry":{"type":"Polygon","coordinates":[[[6.693,53.566],[6.6592,53.5864],[6.6937,53.6033],[6.7597,53.6164],[6.7904,53.5945],[6.761,53.5635],[6.7295,53.56],[6.693,53.566]]]}},{"type":"Feature","properties":{"code":"DE040","name":"Kreis Zwickau - Tiefland"},"geometry":{"type":"Polygon","coordinates":[[[12.8076,50.8693],[12.7936,50.8372],[12.7906,50.7904],[12.754,50.774],[12.6906,50.7343],[12.5918,50.6614],[12.5534,50.6502],[12.4545,50.6498],[12.4416,50.6853],[12.4035,50.6965],[12.3841,50.6704],[12.3223,50.6746],[12.2811,50.6841],[12.2376,50.7304],[12.2286,50.7545],[12.2484,50.8238],[12.2748,50.8242],[12.6374,50.9225],[12.6707,50.9158],[12.7748,50.8768],[12.8076,50.8693]]]}},{"type":"Feature","properties":{"code":"DE041","name":"Kreis und Stadt Offenbach"},"geometry":{"type":"Polygon","coordinates":[[[8.9792,50.077],[8.9958,50.0436],[9.0009,49.9954],[8.9543,49.9882],[8.618,49.9727],[8.595,50.004],[8.6108,50.0331],[8.7694,50.1328],[8.7987,50.1303],[8.9792,50.077]]]}},{"type":"Feature","properties":{"code":"DE042","name":"Kreis und Stadt Bayreuth"},"geometry":{"type":"Polygon","coordinates":[[[11.8251,50.1001],[11.8903,49.9979],[11.9129,49.9734],[11.8739,49.9686],[11.8288,49.9529],[11.8391,49.8899],[11.8559,49.8564],[11.6453,49.806],[11.6462,49.7484],[11.5929,49.7528],[11.5752,49.6375],[11.5315,49.642],[11.4573,49.6308],[11.4217,49.6315],[11.3908,49.6512],[11.3604,49.6606],[11.3695,49.6936],[11.3733,49.749],[11.368,49.7827],[11.2817,49.8552],[11.1883,49.908],[11.2244,49.9592],[11.231,49.9906],[11.3839,49.9594],[11.4197,49.9731],[11.677,50.1238],[11.7778,50.1131],[11.8251,50.1001]]]}},{"type":"Feature","properties":{"code":"DE043","name":"Kreis Straubing-Bogen und Stadt Straubing"},"geometry":{"type":"Polygon","coordinates":[[[12.7726,49.1051],[12.8664,48.9527],[12.8587,48.9169],[12.8451,48.8747],[12.8256,48.8535],[12.6572,48.7456],[12.621,48.7452],[12.5027,48.7602],[12.3366,48.7227],[12.1741,48.7347],[12.1414,48.7408],[12.1517,48.7676],[12.1692,48.7903],[12.3129,48.8623],[12.3939,48.8723],[12.4235,48.8855],[12.4544,49.0035],[12.4702,49.0398],[12.562,49.0856],[12.7423,49.1109],[12.7726,49.1051]]]}},{"type":"Feature","properties":{"code":"DE044","name":"Kreis Zwickau - Bergland"},"geometry":{"type":"Polygon","coordinates":[[[12.5003,50.5275],[12.4858,50.5565],[12.4022,50.6421],[12.3841,50.6704],[12.4035,50.6965],[12.4416,50.6853],[12.4545,50.6498],[12.5534,50.6502],[12.5918,50.6614],[12.6604,50.7108],[12.6844,50.6987],[12.7074,50.6788],[12.6892,50.6395],[12.6532,50.6268],[12.6106,50.619],[12.5868,50.5548],[12.5003,50.5275]]]}},{"type":"Feature","properties":{"code":"DE045","name":"Kreis Cuxhaven - Küste"},"geometry":{"type":"Polygon","coordinates":[[[8.8122,53.8302],[8.7987,53.8057],[8.6536,53.6077],[8.6268,53.6035],[8.5027,53.6123],[8.4719,53.6212],[8.5807,53.8503],[8.6026,53.8769],[8.6829,53.891],[8.8122,53.8302]]]}},{"type":"Feature","properties":{"code":"DE046","name":"Kreis und Stadt Bamberg"},"geometry":{"type":"Polygon","coordinates":[[[11.231,49.9906],[11.2244,49.9592],[11.1883,49.908],[11.2478,49.8723],[10.9783,49.7842],[10.9403,49.7662],[10.6787,49.7562],[10.6536,49.7363],[10.6246,49.7374],[10.5393,49.7552],[10.5357,49.7834],[10.4997,49.8036],[10.4206,49.8282],[10.4748,49.8708],[10.5196,49.8708],[10.5868,49.8622],[10.6227,49.8691],[10.8364,50.0694],[10.8678,50.0698],[11.231,49.9906]]]}},{"type":"Feature","properties":{"code":"DE047","name":"Kreis Darmstadt-Dieburg und Stadt Darmstadt"},"geometry":{"type":"Polygon","coordinates":[[[9.0413,49.8639],[8.8346,49.7554],[8.7929,49.7277],[8.5913,49.7277],[8.561,49.7401],[8.5519,49.8838],[8.5635,49.9301],[8.618,49.9727],[8.9543,49.9882],[9.0009,49.9954],[9.0213,49.9671],[9.0383,49.9046],[9.0413,49.8639]]]}},{"type":"Feature","properties":{"code":"DE048","name":"Kreis Harz - Tiefland"},"geometry":{"type":"Polygon","coordinates":[[[11.3347,51.9009],[11.2602,51.8067],[11.2805,51.7844],[11.3473,51.7406],[11.3764,51.7107],[11.3422,51.6867],[11.2755,51.6531],[10.948,51.6758],[10.9119,51.6845],[10.8646,51.873],[10.8355,51.8833],[10.6749,51.8877],[10.6408,51.8812],[10.6303,51.9612],[10.5674,51.9965],[10.6888,52.0472],[10.9537,52.0579],[11.1393,52.003],[11.1574,51.9696],[11.1659,51.9298],[11.1884,51.9169],[11.3004,51.9006],[11.3347,51.9009]]]}},{"type":"Feature","properties":{"code":"DE049","name":"Kreis und Stadt Regensburg"},"geometry":{"type":"Polygon","coordinates":[[[12.3178,49.1485],[12.4289,49.059],[12.4702,49.0398],[12.4544,49.0035],[12.4235,48.8855],[12.3939,48.8723],[12.3129,48.8623],[12.1692,48.7903],[12.1517,48.7676],[12.1414,48.7408],[12.0753,48.7436],[12.0815,48.7695],[12.1278,48.8713],[12.1043,48.8935],[11.9948,48.9482],[11.8214,49.0021],[11.7892,49.0095],[11.6848,49.0142],[11.6522,49.0084],[11.7032,49.0918],[11.7754,49.1497],[11.8021,49.165],[11.9725,49.1823],[12.0068,49.1809],[12.0641,49.1559],[12.0992,49.1513],[12.1523,49.1964],[12.1843,49.214],[12.3178,49.1485]]]}},{"type":"Feature","properties":{"code":"DE050","name":"Enzkreis und Stadt Pforzheim"},"geometry":{"type":"Polygon","coordinates":[[[8.9146,48.864],[8.8817,48.8039],[8.7946,48.774],[8.7232,48.8112],[8.6863,48.8167],[8.4823,48.8219],[8.5096,48.8552],[8.5661,48.9732],[8.5997,48.9904],[8.8699,49.054],[8.8956,49.0279],[8.9282,48.9766],[8.9267,48.9511],[8.9136,48.8975],[8.9146,48.864]]]}},{"type":"Feature","properties":{"code":"DE051","name":"Kreis Trier-Saarburg und Stadt Trier"},"geometry":{"type":"Polygon","coordinates":[[[6.8932,49.8408],[7.0089,49.6317],[6.9809,49.6194],[6.5953,49.5183],[6.4248,49.5462],[6.384,49.5481],[6.3785,49.5875],[6.399,49.7867],[6.3864,49.8328],[6.4313,49.8278],[6.703,49.9019],[6.7431,49.8955],[6.8725,49.8614],[6.8932,49.8408]]]}},{"type":"Feature","properties":{"code":"DE052","name":"Kreis Vorpommern-Rügen - Insel Rügen"},"geometry":{"type":"MultiPolygon","coordinates":[[[[13.112,54.5954],[13.1441,54.6025],[13.145,54.575],[13.1226,54.5556],[13.1105,54.5302],[13.0851,54.5116],[13.0926,54.5557],[13.112,54.5954]]],[[[13.3837,54.1832],[13.353,54.1918],[13.2736,54.2396],[13.1656,54.2869],[13.1314,54.3129],[13.1172,54.3414],[13.1155,54.3698],[13.1778,54.3702],[13.207,54.3804],[13.2154,54.4221],[13.1985,54.4572],[13.156,54.452],[13.1309,54.4577],[13.1526,54.4816],[13.1769,54.4945],[13.1653,54.5302],[13.1822,54.5709],[13.2201,54.6285],[13.243,54.6521],[13.347,54.6767],[13.3818,54.6788],[13.4404,54.6483],[13.6702,54.5696],[13.6823,54.5387],[13.6391,54.4474],[13.6346,54.4087],[13.6804,54.3939],[13.7345,54.3448],[13.7159,54.3145],[13.6891,54.3046],[13.6453,54.3399],[13.6185,54.3449],[13.5148,54.3374],[13.4765,54.3292],[13.4088,54.2841],[13.3837,54.1832]]]]}},{"type":"Feature","properties":{"code":"DE053","name":"Kreis Wittmund - Binnenland"},"geometry":{"type":"Polygon","coordinates":[[[7.8768,53.3741],[7.7982,53.3746],[7.785,53.4043],[7.7381,53.4516],[7.6858,53.4828],[7.7216,53.4954],[7.9361,53.5114],[7.935,53.4713],[7.9259,53.4242],[7.8768,53.3741]]]}},{"type":"Feature","properties":{"code":"DE054","name":"Kreis Bautzen - Tiefland"},"geometry":{"type":"Polygon","coordinates":[[[14.4502,51.5439],[14.455,51.4947],[14.485,51.4641],[14.4908,51.4317],[14.4779,51.3739],[14.4824,51.3388],[14.5721,51.3081],[14.6682,51.2096],[14.6893,51.1797],[14.6658,51.1631],[14.5778,51.1169],[14.4991,51.1181],[14.475,51.1011],[14.4567,51.0777],[14.4136,51.0718],[14.4025,51.109],[14.3609,51.1129],[14.3044,51.0593],[14.2773,51.0668],[13.9707,51.0656],[13.9493,51.0842],[13.7902,51.1697],[13.7894,51.2032],[13.8251,51.3409],[13.8289,51.3732],[13.9815,51.3926],[14.0149,51.4087],[14.1333,51.5358],[14.1847,51.5446],[14.4201,51.5538],[14.4502,51.5439]]]}},{"type":"Feature","properties":{"code":"DE055","name":"Kreis Rostock - Küste"},"geometry":{"type":"MultiPolygon","coordinates":[[[[11.6964,53.9561],[11.6622,53.9343],[11.6396,53.9629],[11.5858,54.0068],[11.5612,54.0186],[11.5843,54.0411],[11.5802,54.077],[11.6025,54.1019],[11.6473,54.1312],[11.674,54.1431],[11.9496,54.168],[11.9884,54.1694],[12.0214,54.1564],[12.0354,54.1204],[12.0396,54.089],[11.7638,54.0291],[11.7307,54.017],[11.6964,53.9561]]],[[[12.1935,54.0989],[12.1747,54.1249],[12.1908,54.1574],[12.2141,54.1836],[12.2828,54.1984],[12.2511,54.2249],[12.2188,54.2382],[12.2727,54.261],[12.3648,54.1917],[12.2832,54.1677],[12.2513,54.1501],[12.2205,54.1173],[12.1935,54.0989]]]]}},{"type":"Feature","properties":{"code":"DE056","name":"Kreis und Stadt München"},"geometry":{"type":"Polygon","coordinates":[[[11.7418,48.2668],[11.7627,48.2205],[11.7578,48.1706],[11.7631,48.0713],[11.7713,48.0163],[11.838,47.9525],[11.8601,47.9379],[11.8216,47.9251],[11.7063,47.9361],[11.6364,47.9127],[11.5732,47.948],[11.4567,47.9718],[11.4214,47.9707],[11.4253,48.0366],[11.4164,48.0971],[11.3791,48.1084],[11.3835,48.1491],[11.4016,48.1957],[11.4403,48.2234],[11.5687,48.2966],[11.7072,48.2799],[11.7418,48.2668]]]}},{"type":"Feature","properties":{"code":"DE057","name":"Kreis und Stadt Aschaffenburg"},"geometry":{"type":"Polygon","coordinates":[[[9.3642,50.1113],[9.4594,49.9467],[9.4558,49.9199],[9.4387,49.9001],[9.4228,49.8706],[9.389,49.866],[9.3257,49.8413],[9.2979,49.8696],[9.2729,49.9075],[9.2322,49.9164],[9.1674,49.9189],[9.1342,49.9147],[9.0413,49.8639],[9.0383,49.9046],[9.0213,49.9671],[9.0009,49.9954],[8.9958,50.0436],[8.9792,50.077],[9.1155,50.1222],[9.3418,50.1309],[9.3642,50.1113]]]}},{"type":"Feature","properties":{"code":"DE058","name":"Kreis Pinneberg"},"geometry":{"type":"Polygon","coordinates":[[[9.935,53.647],[9.8099,53.5749],[9.7648,53.5577],[9.5544,53.6163],[9.5069,53.6755],[9.499,53.7075],[9.5871,53.7268],[9.7262,53.875],[9.7477,53.8909],[9.9608,53.7717],[9.981,53.7526],[9.9515,53.6723],[9.935,53.647]]]}},{"type":"Feature","properties":{"code":"DE059","name":"Kreis Mecklenburgische Seenplatte - West"},"geometry":{"type":"Polygon","coordinates":[[[12.651,53.6566],[13.0815,53.5462],[13.1081,53.48],[12.8812,53.4639],[12.8626,53.441],[12.7747,53.2611],[12.7629,53.2269],[12.7299,53.2295],[12.3272,53.3177],[12.2979,53.5395],[12.3023,53.5708],[12.3367,53.5907],[12.443,53.6683],[12.4884,53.6712],[12.651,53.6566]]]}},{"type":"Feature","properties":{"code":"DE060","name":"Kreis Schleswig-Flensburg - Küste"},"geometry":{"type":"Polygon","coordinates":[[[9.6573,54.8348],[9.6871,54.8118],[9.8273,54.7595],[9.8738,54.7584],[9.8948,54.7886],[9.9203,54.7918],[9.9446,54.7825],[9.9674,54.764],[10.012,54.69],[10.003,54.6504],[9.975,54.6309],[9.9418,54.6216],[9.7803,54.556],[9.7358,54.5313],[9.734,54.6245],[9.7246,54.656],[9.5159,54.7437],[9.4815,54.753],[9.5019,54.8452],[9.5477,54.8681],[9.5871,54.8516],[9.6573,54.8348]]]}},{"type":"Feature","properties":{"code":"DE061","name":"Kreis Ostholstein - Küste"},"geometry":{"type":"MultiPolygon","coordinates":[[[[11.0713,54.3783],[11.0728,54.3421],[11.0935,54.2088],[11.075,54.1874],[10.8858,54.0909],[10.762,54.0556],[10.7233,54.0645],[10.5329,54.1339],[10.5166,54.1557],[10.4925,54.1716],[10.5096,54.1946],[10.5637,54.2293],[10.5972,54.2292],[10.6968,54.2072],[10.7081,54.2463],[10.7173,54.3694],[10.9489,54.3827],[11.0713,54.3783]]],[[[11.0956,54.401],[11.074,54.4168],[11.0254,54.4359],[11.0047,54.4518],[11.0061,54.4845],[11.0218,54.5063],[11.0517,54.5298],[11.0886,54.5315],[11.1831,54.5155],[11.2125,54.5005],[11.272,54.458],[11.2895,54.433],[11.3015,54.405],[11.0956,54.401]]]]}},{"type":"Feature","properties":{"code":"DE062","name":"Kreis Schleswig-Flensburg - Binnenland"},"geometry":{"type":"Polygon","coordinates":[[[9.4057,54.8264],[9.3658,54.7756],[9.3926,54.7559],[9.4815,54.753],[9.5159,54.7437],[9.7246,54.656],[9.734,54.6245],[9.738,54.5679],[9.7358,54.5313],[9.7026,54.5106],[9.4269,54.2952],[9.4063,54.2679],[9.3794,54.2801],[9.1814,54.3354],[9.316,54.4542],[9.3065,54.4887],[9.1083,54.8311],[9.096,54.863],[9.3687,54.8377],[9.4057,54.8264]]]}},{"type":"Feature","properties":{"code":"DE063","name":"Kreis Sächsische Schweiz-Osterzgebirge - ostelbisches Bergland"},"geometry":{"type":"Polygon","coordinates":[[[14.3044,51.0593],[14.2791,51.0244],[14.2713,50.9867],[14.366,50.9393],[14.3911,50.9158],[14.3658,50.8977],[14.3345,50.8967],[14.2949,50.8992],[14.2742,50.9215],[14.1745,50.9261],[14.1622,50.9963],[14.1687,51.066],[14.2773,51.0668],[14.3044,51.0593]]]}},{"type":"Feature","properties":{"code":"DE064","name":"Kreis Wesermarsch - Binnenland"},"geometry":{"type":"Polygon","coordinates":[[[8.4933,53.458],[8.4973,53.3285],[8.507,53.2869],[8.5011,53.249],[8.5081,53.207],[8.6422,53.1188],[8.613,53.1025],[8.328,53.1551],[8.2986,53.168],[8.2805,53.1933],[8.2833,53.2246],[8.2744,53.2573],[8.2591,53.2833],[8.2215,53.2997],[8.1822,53.3238],[8.1644,53.3489],[8.2148,53.3977],[8.329,53.494],[8.3578,53.4776],[8.3877,53.445],[8.4335,53.4405],[8.4933,53.458]]]}},{"type":"Feature","properties":{"code":"DE065","name":"Kreis Friesland - Binnenland"},"geometry":{"type":"Polygon","coordinates":[[[8.0741,53.4741],[8.1898,53.417],[8.2148,53.3977],[8.1644,53.3489],[8.0046,53.3126],[7.9563,53.3133],[7.9012,53.3463],[7.8768,53.3741],[7.9259,53.4242],[7.935,53.4713],[7.9361,53.5114],[8.0192,53.5165],[8.0449,53.5237],[8.054,53.4985],[8.0741,53.4741]]]}},{"type":"Feature","properties":{"code":"DE066","name":"Kreis und Stadt Passau"},"geometry":{"type":"Polygon","coordinates":[[[13.8229,48.6929],[13.8128,48.6651],[13.6778,48.5363],[13.6416,48.5385],[13.5352,48.5713],[13.5083,48.5693],[13.467,48.5254],[13.4456,48.4863],[13.4054,48.3774],[13.3831,48.3569],[13.3275,48.3238],[13.2717,48.2978],[13.2375,48.2919],[13.2058,48.2928],[13.1691,48.3019],[13.0977,48.3797],[13.1539,48.4216],[13.1369,48.4488],[13.004,48.5929],[13.0345,48.6218],[13.265,48.7427],[13.7977,48.7007],[13.8229,48.6929]]]}},{"type":"Feature","properties":{"code":"DE067","name":"Kreis Rendsburg-Eckernförde - Küste"},"geometry":{"type":"Polygon","coordinates":[[[10.2058,54.4622],[9.9879,54.3451],[9.9519,54.3629],[9.8155,54.4554],[9.7656,54.5078],[9.7358,54.5313],[9.7803,54.556],[9.9418,54.6216],[9.975,54.6309],[9.9666,54.6028],[9.8758,54.4838],[9.8625,54.4577],[10.1426,54.4814],[10.2058,54.4622]]]}},{"type":"Feature","properties":{"code":"DE068","name":"Rhein-Pfalz-Kreis und Stadt Ludwigshafen"},"geometry":{"type":"Polygon","coordinates":[[[8.4157,49.5691],[8.3181,49.5448],[8.3362,49.5038],[8.3691,49.5071],[8.4278,49.5402],[8.4484,49.517],[8.4932,49.4171],[8.4915,49.3546],[8.4854,49.3238],[8.4298,49.3689],[8.4037,49.3628],[8.3857,49.3374],[8.4581,49.277],[8.4056,49.2457],[8.3759,49.2593],[8.3183,49.2757],[8.2862,49.277],[8.284,49.316],[8.2925,49.3579],[8.282,49.5479],[8.2618,49.5913],[8.3049,49.5875],[8.4055,49.5981],[8.4157,49.5691]]]}},{"type":"Feature","properties":{"code":"DE069","name":"Kreis Leer"},"geometry":{"type":"Polygon","coordinates":[[[7.8768,53.3741],[7.9012,53.3463],[7.8584,53.3046],[7.8244,53.2789],[7.7236,53.2225],[7.7002,53.1999],[7.6616,53.1899],[7.6398,53.1585],[7.6218,53.096],[7.6024,53.0578],[7.5649,53.0453],[7.5306,53.0441],[7.4721,53.0864],[7.1981,53.1119],[7.1706,53.1208],[7.1997,53.2155],[7.1956,53.2416],[7.1612,53.2529],[7.107,53.2944],[7.2606,53.3151],[7.2957,53.3281],[7.2874,53.358],[7.3154,53.3544],[7.4216,53.3611],[7.5854,53.3361],[7.623,53.3395],[7.7982,53.3746],[7.8768,53.3741]]]}},{"type":"Feature","properties":{"code":"DE070","name":"Kreis Görlitz - Bergland"},"geometry":{"type":"Polygon","coordinates":[[[14.6852,50.8654],[14.6198,50.8523],[14.6019,50.9568],[14.5906,50.9824],[14.5158,51.0129],[14.4928,51.0298],[14.4918,51.0584],[14.5687,51.0801],[14.6062,51.0615],[14.6439,51.0528],[14.7029,51.0712],[14.6793,50.9938],[14.6572,50.9573],[14.6852,50.8654]]]}},{"type":"Feature","properties":{"code":"DE071","name":"Kreis Nordsachsen - Süd"},"geometry":{"type":"Polygon","coordinates":[[[13.185,51.4809],[13.2145,51.3992],[13.1974,51.2216],[13.1578,51.2283],[12.9346,51.2183],[12.917,51.2508],[12.8911,51.2806],[12.8804,51.3348],[12.8737,51.426],[12.878,51.4722],[13.152,51.4894],[13.185,51.4809]]]}},{"type":"Feature","properties":{"code":"DE072","name":"Kreis Vorpommern-Greifswald - Küste Nord"},"geometry":{"type":"Polygon","coordinates":[[[14.236,53.9348],[13.9747,53.818],[13.8926,53.7504],[13.8721,53.7205],[13.7755,53.7097],[13.7428,53.695],[13.7128,53.7009],[13.685,53.697],[13.6798,53.7254],[13.6902,53.9012],[13.6853,53.9369],[13.6066,54.0137],[13.5772,54.0339],[13.2574,54.0653],[13.1856,54.1118],[13.3494,54.1617],[13.3837,54.1832],[13.4021,54.1619],[13.4708,54.1219],[13.5043,54.1236],[13.7635,54.1701],[13.7954,54.1643],[13.9193,54.1234],[13.9614,54.105],[14.0391,54.0428],[14.1994,53.9493],[14.236,53.9348]]]}},{"type":"Feature","properties":{"code":"DE073","name":"Kreis Ostholstein - Binnenland"},"geometry":{"type":"Polygon","coordinates":[[[10.8858,54.0909],[10.874,53.9719],[10.6595,53.8883],[10.628,53.8916],[10.59,53.8888],[10.5658,53.9074],[10.5377,53.9151],[10.5273,53.9443],[10.4439,54.1066],[10.4724,54.1208],[10.5329,54.1339],[10.7233,54.0645],[10.762,54.0556],[10.8858,54.0909]]]}},{"type":"Feature","properties":{"code":"DE074","name":"Alb-Donau-Kreis und Stadt Ulm"},"geometry":{"type":"Polygon","coordinates":[[[10.218,48.51],[10.2005,48.4735],[10.1804,48.4486],[10.0773,48.4529],[10.0312,48.4478],[9.9953,48.3959],[9.9886,48.363],[10.0643,48.2753],[10.1037,48.1433],[10.0457,48.1485],[10.0084,48.2331],[9.9903,48.2551],[9.8861,48.2651],[9.8515,48.2615],[9.7368,48.1794],[9.7019,48.1747],[9.4947,48.2187],[9.5089,48.2451],[9.6078,48.3782],[9.6178,48.4038],[9.5814,48.5383],[9.8013,48.563],[9.9451,48.6357],[9.9699,48.6196],[10.185,48.5287],[10.218,48.51]]]}},{"type":"Feature","properties":{"code":"DE075","name":"Kreis Görlitz - Tiefland"},"geometry":{"type":"Polygon","coordinates":[[[14.9768,51.359],[15.021,51.3061],[15.025,51.2563],[15.0152,51.207],[15.0014,51.1668],[14.9565,51.0553],[14.9134,50.9731],[14.8901,50.938],[14.8352,50.8987],[14.8166,50.8721],[14.7165,50.8631],[14.6852,50.8654],[14.6572,50.9573],[14.6793,50.9938],[14.7029,51.0712],[14.6439,51.0528],[14.6062,51.0615],[14.5687,51.0801],[14.5778,51.1169],[14.6893,51.1797],[14.6682,51.2096],[14.5721,51.3081],[14.4824,51.3388],[14.4779,51.3739],[14.4908,51.4317],[14.485,51.4641],[14.455,51.4947],[14.4502,51.5439],[14.4907,51.5552],[14.7195,51.5563],[14.7462,51.5317],[14.8973,51.4796],[14.9566,51.4497],[14.9768,51.359]]]}},{"type":"Feature","properties":{"code":"DE076","name":"Kreis Ludwigslust-Parchim - Ost"},"geometry":{"type":"Polygon","coordinates":[[[12.3023,53.5708],[12.2979,53.5395],[12.3272,53.3177],[12.0885,53.3448],[11.8658,53.2719],[11.8247,53.2503],[11.809,53.2719],[11.4643,53.5463],[11.497,53.6009],[11.4558,53.6761],[11.4803,53.7057],[11.5317,53.7468],[11.5632,53.7628],[11.7567,53.771],[12.3023,53.5708]]]}},{"type":"Feature","properties":{"code":"DE077","name":"Kreis und Stadt Würzburg"},"geometry":{"type":"Polygon","coordinates":[[[9.9567,49.9435],[10.1262,49.9017],[10.1586,49.8808],[10.0713,49.8286],[10.0682,49.7985],[10.0983,49.6074],[10.0817,49.5343],[10.0315,49.4961],[9.9872,49.4856],[9.9439,49.4861],[9.918,49.5385],[9.8865,49.5515],[9.8608,49.5701],[9.8367,49.6764],[9.8198,49.7024],[9.7374,49.7022],[9.6542,49.7635],[9.6799,49.7843],[9.9291,49.9423],[9.9567,49.9435]]]}},{"type":"Feature","properties":{"code":"DE078","name":"Kreis und Stadt Ansbach"},"geometry":{"type":"Polygon","coordinates":[[[10.7024,49.4353],[10.8295,49.3729],[10.8687,49.3468],[10.8969,49.2858],[10.902,49.2506],[10.8403,49.184],[10.768,49.2001],[10.7426,49.191],[10.6785,49.1445],[10.6511,49.0548],[10.6462,49.0129],[10.6158,49.0129],[10.3774,48.9829],[10.3027,49.0348],[10.2688,49.0419],[10.2351,49.0419],[10.2177,49.074],[10.1113,49.3732],[10.1265,49.4528],[10.1413,49.4774],[10.2404,49.476],[10.2665,49.4636],[10.3419,49.4137],[10.3808,49.412],[10.7024,49.4353]]]}},{"type":"Feature","properties":{"code":"DE079","name":"Kreis und Stadt Oldenburg"},"geometry":{"type":"Polygon","coordinates":[[[8.2805,53.1933],[8.2986,53.168],[8.328,53.1551],[8.5843,53.1079],[8.5972,52.9892],[8.6257,53.003],[8.6573,53.0072],[8.6821,52.972],[8.6757,52.9443],[8.6301,52.8572],[8.6053,52.8438],[8.4896,52.8097],[8.4527,52.8051],[8.3959,52.8494],[8.2853,52.8687],[8.2482,52.8687],[8.2262,52.8938],[8.1184,52.9648],[8.0552,53.0522],[8.0687,53.0831],[8.192,53.1965],[8.2341,53.1989],[8.2805,53.1933]]]}},{"type":"Feature","properties":{"code":"DE080","name":"Kreis und Stadt Heilbronn"},"geometry":{"type":"Polygon","coordinates":[[[9.5205,49.1074],[9.4916,49.0854],[9.3913,49.0355],[9.0984,49.051],[8.916,49.0565],[8.8699,49.054],[8.8731,49.0866],[8.8659,49.1446],[8.867,49.1766],[9.0374,49.2894],[9.3099,49.3545],[9.4542,49.3642],[9.471,49.292],[9.3742,49.1898],[9.394,49.1652],[9.5205,49.1074]]]}},{"type":"Feature","properties":{"code":"DE081","name":"Kreis Dithmarschen - Binnenland"},"geometry":{"type":"Polygon","coordinates":[[[9.1814,54.3354],[9.3794,54.2801],[9.4063,54.2679],[9.4288,54.2048],[9.4293,54.1728],[9.3315,54.1376],[9.3116,54.1122],[9.2221,53.9473],[9.203,53.8934],[9.1144,53.8915],[9.0671,53.9027],[9.0843,53.9279],[9.1245,54.1415],[9.1239,54.1702],[8.9778,54.3418],[9.0031,54.3718],[9.0347,54.3831],[9.1814,54.3354]]]}},{"type":"Feature","properties":{"code":"DE082","name":"Kreis Mecklenburgische Seenplatte - Südost"},"geometry":{"type":"Polygon","coordinates":[[[13.685,53.697],[13.7128,53.7009],[13.7428,53.695],[13.7053,53.5193],[13.6927,53.4837],[13.4433,53.2953],[13.4114,53.2808],[13.2558,53.2388],[13.2321,53.2255],[13.2025,53.2244],[13.0068,53.1712],[12.7947,53.2152],[12.7629,53.2269],[12.7747,53.2611],[12.8626,53.441],[12.8812,53.4639],[13.1081,53.48],[13.0815,53.5462],[13.1042,53.5661],[13.4346,53.7435],[13.5658,53.6998],[13.685,53.697]]]}},{"type":"Feature","properties":{"code":"DE083","name":"Kreis Wittmund - Küste"},"geometry":{"type":"MultiPolygon","coordinates":[[[[7.8189,53.5041],[7.7216,53.4954],[7.6858,53.4828],[7.6527,53.5514],[7.6215,53.5565],[7.4199,53.5316],[7.4332,53.5656],[7.4474,53.6259],[7.5152,53.689],[7.5531,53.6956],[7.7914,53.7094],[7.8007,53.684],[7.8189,53.5041]]],[[[7.6808,53.7658],[7.714,53.7779],[7.7444,53.7677],[7.7081,53.7531],[7.6808,53.7658]]]]}},{"type":"Feature","properties":{"code":"DE084","name":"Kreis und Stadt Kaiserslautern"},"geometry":{"type":"Polygon","coordinates":[[[7.9638,49.4975],[7.9814,49.4347],[7.9596,49.4166],[7.8639,49.376],[7.842,49.3523],[7.8325,49.3197],[7.4212,49.368],[7.3861,49.3763],[7.4172,49.4075],[7.4445,49.4485],[7.4785,49.4746],[7.6342,49.5723],[7.664,49.5865],[7.6915,49.5772],[7.9465,49.5276],[7.9638,49.4975]]]}},{"type":"Feature","properties":{"code":"DE085","name":"Kreis Nordwestmecklenburg - Binnenland"},"geometry":{"type":"Polygon","coordinates":[[[11.7893,53.9329],[11.7567,53.8059],[11.7567,53.771],[11.5632,53.7628],[11.5317,53.7468],[11.4803,53.7057],[11.4558,53.6761],[11.4243,53.6781],[11.3168,53.6658],[11.1786,53.5846],[11.1487,53.5728],[10.9699,53.6398],[10.9405,53.6426],[10.9203,53.6643],[10.7645,53.7526],[10.7571,53.7836],[10.767,53.8113],[10.7992,53.7972],[10.8299,53.793],[11.0123,53.8828],[11.0425,53.8918],[11.2094,53.8819],[11.429,53.8492],[11.4594,53.8485],[11.6248,53.9158],[11.6964,53.9561],[11.7655,53.9685],[11.7893,53.9329]]]}},{"type":"Feature","properties":{"code":"DE086","name":"Kreis Bautzen - Bergland"},"geometry":{"type":"Polygon","coordinates":[[[14.5778,51.1169],[14.5687,51.0801],[14.4918,51.0584],[14.4928,51.0298],[14.465,51.0212],[14.4296,51.0193],[14.3882,51.0264],[14.3256,51.0416],[14.3044,51.0593],[14.3609,51.1129],[14.4025,51.109],[14.4136,51.0718],[14.4567,51.0777],[14.475,51.1011],[14.4991,51.1181],[14.5778,51.1169]]]}},{"type":"Feature","properties":{"code":"DE087","name":"Kreis und Stadt Coburg"},"geometry":{"type":"Polygon","coordinates":[[[10.9527,50.3825],[10.9768,50.3553],[11.1182,50.354],[11.1817,50.2836],[11.193,50.2359],[11.1894,50.1928],[11.1544,50.1871],[11.0671,50.2061],[10.8889,50.1571],[10.8661,50.1389],[10.8385,50.1594],[10.7352,50.2],[10.7416,50.2328],[10.7807,50.2436],[10.8144,50.2437],[10.839,50.2514],[10.8371,50.2772],[10.7226,50.3211],[10.7755,50.3764],[10.8144,50.3846],[10.9527,50.3825]]]}},{"type":"Feature","properties":{"code":"DE088","name":"Kreis Plön - Binnenland"},"geometry":{"type":"Polygon","coordinates":[[[10.2081,54.2453],[10.4925,54.1716],[10.5166,54.1557],[10.5329,54.1339],[10.4724,54.1208],[10.4439,54.1066],[10.4157,54.1108],[10.139,54.0614],[10.0995,54.0565],[10.0647,54.0594],[10.0403,54.0721],[10.0474,54.1148],[10.0466,54.1471],[10.1197,54.1443],[10.1275,54.1717],[10.1239,54.2271],[10.1301,54.2541],[10.2081,54.2453]]]}},{"type":"Feature","properties":{"code":"DE089","name":"Kreis und Stadt Hof"},"geometry":{"type":"Polygon","coordinates":[[[12.1054,50.3134],[12.1066,50.2541],[12.1302,50.2245],[12.0879,50.2087],[11.9574,50.1891],[11.8504,50.1244],[11.8251,50.1001],[11.7778,50.1131],[11.677,50.1238],[11.6596,50.203],[11.6449,50.2311],[11.5086,50.2538],[11.5485,50.3395],[11.56,50.3743],[11.8961,50.4211],[11.9228,50.4213],[12.1054,50.3134]]]}},{"type":"Feature","properties":{"code":"DE090","name":"Kreis Vorpommern-Rügen - Binnenland"},"geometry":{"type":"Polygon","coordinates":[[[13.1856,54.1118],[13.2574,54.0653],[13.2173,54.0509],[13.0481,54.0165],[13.0162,54.006],[12.9867,54.004],[12.8815,53.9824],[12.8457,53.9713],[12.8221,53.993],[12.7625,54.025],[12.7042,54.0289],[12.6725,54.0483],[12.4065,54.1082],[12.3819,54.123],[12.3759,54.1615],[12.3648,54.1917],[12.3982,54.2039],[12.648,54.3299],[12.679,54.3331],[12.9766,54.3147],[13.015,54.3064],[13.1632,54.1312],[13.1856,54.1118]]]}},{"type":"Feature","properties":{"code":"DE091","name":"Kreis Dithmarschen - Küste"},"geometry":{"type":"Polygon","coordinates":[[[9.0671,53.9027],[8.9864,53.8917],[8.9512,53.9022],[8.9004,53.9388],[8.8829,53.9617],[8.8601,53.9774],[8.8449,54.012],[8.8365,54.0565],[8.8448,54.239],[8.8399,54.2703],[8.8689,54.2843],[8.9521,54.3386],[8.9778,54.3418],[9.1239,54.1702],[9.1245,54.1415],[9.0843,53.9279],[9.0671,53.9027]]]}},{"type":"Feature","properties":{"code":"DE092","name":"Kreis Sächsische Schweiz-Osterzgebirge - westelbisches Bergland"},"geometry":{"type":"Polygon","coordinates":[[[14.1365,50.8346],[14.0841,50.8143],[14.0006,50.8183],[13.9718,50.8122],[13.9007,50.7842],[13.8613,50.7343],[13.8284,50.7254],[13.7162,50.717],[13.6449,50.7185],[13.633,50.7477],[13.4875,50.8926],[13.4681,50.92],[13.8101,50.9127],[13.8504,50.9027],[13.8657,50.8673],[13.8919,50.8496],[13.9458,50.8824],[13.9801,50.8881],[14.0453,50.8873],[14.0876,50.8801],[14.1365,50.8346]]]}},{"type":"Feature","properties":{"code":"DE093","name":"Kreis Harz - Bergland"},"geometry":{"type":"Polygon","coordinates":[[[11.2755,51.6531],[11.1731,51.5905],[11.1408,51.5774],[10.9206,51.6121],[10.7685,51.6427],[10.7017,51.6378],[10.5879,51.8146],[10.6097,51.8507],[10.6408,51.8812],[10.6749,51.8877],[10.8355,51.8833],[10.8646,51.873],[10.9119,51.6845],[10.948,51.6758],[11.2755,51.6531]]]}},{"type":"Feature","properties":{"code":"DE094","name":"Kreis Mittelsachsen - Tiefland"},"geometry":{"type":"Polygon","coordinates":[[[13.1974,51.2216],[13.2734,51.0438],[13.3049,51.0409],[13.4384,51.0549],[13.4296,51.001],[13.434,50.9426],[13.3708,50.937],[13.3117,50.9586],[13.2866,50.9516],[13.2768,50.8818],[13.2374,50.8808],[13.2103,50.9074],[13.1829,50.9195],[13.165,50.8999],[13.1399,50.8835],[13.0373,50.8257],[13.0061,50.8658],[12.979,50.89],[12.9507,50.8947],[12.8556,50.8971],[12.8076,50.8693],[12.7748,50.8768],[12.6707,50.9158],[12.6374,50.9225],[12.6201,50.983],[12.7594,51.0915],[12.788,51.0983],[12.8502,51.1011],[12.8778,51.1276],[12.8711,51.1619],[12.8987,51.1904],[12.9346,51.2183],[13.1578,51.2283],[13.1974,51.2216]]]}},{"type":"Feature","properties":{"code":"DE095","name":"Kreis Nordfriesland - Küste"},"geometry":{"type":"MultiPolygon","coordinates":[[[[8.6155,54.4901],[8.5862,54.5205],[8.6136,54.5351],[8.6643,54.5455],[8.6957,54.5319],[8.6763,54.5008],[8.6501,54.4887],[8.6155,54.4901]]],[[[8.3573,54.6595],[8.3583,54.6232],[8.3309,54.6237],[8.3066,54.6451],[8.3042,54.6785],[8.3498,54.6957],[8.3573,54.6595]]],[[[8.3924,54.7113],[8.4042,54.735],[8.4385,54.7492],[8.5332,54.7542],[8.581,54.7392],[8.5903,54.7109],[8.5708,54.6862],[8.5401,54.6786],[8.4671,54.683],[8.4248,54.6952],[8.3924,54.7113]]],[[[8.8399,54.2703],[8.6179,54.3004],[8.5926,54.3124],[8.6076,54.3461],[8.651,54.3886],[8.8645,54.402],[8.8968,54.4119],[8.9782,54.4538],[9.006,54.4783],[8.9936,54.5111],[8.9656,54.5338],[8.7582,54.6806],[8.7226,54.6923],[8.7053,54.7203],[8.7002,54.7463],[8.6855,54.773],[8.6287,54.8509],[8.5994,54.8794],[8.5644,54.8937],[8.5965,54.9174],[8.7599,54.8988],[8.745,54.8763],[8.7364,54.8451],[8.7465,54.8193],[8.8045,54.7384],[9.0676,54.5295],[9.0942,54.5011],[9.0419,54.4099],[9.0347,54.3831],[9.0031,54.3718],[8.9778,54.3418],[8.9521,54.3386],[8.8689,54.2843],[8.8399,54.2703]]],[[[8.4029,55.058],[8.4404,55.0553],[8.4567,55.0343],[8.381,54.8834],[8.3286,54.8726],[8.3009,54.848],[8.289,54.8742],[8.2943,54.901],[8.3076,54.9278],[8.3779,55.0326],[8.4029,55.058]]]]}},{"type":"Feature","properties":{"code":"DE096","name":"Kreis und Stadt Augsburg"},"geometry":{"type":"Polygon","coordinates":[[[10.9382,48.589],[10.9647,48.5596],[10.9432,48.5409],[10.9051,48.5354],[10.878,48.5238],[10.9485,48.393],[10.9464,48.3519],[10.9193,48.2805],[10.9123,48.2368],[10.883,48.2194],[10.8056,48.1538],[10.8031,48.1171],[10.8092,48.0739],[10.7808,48.0885],[10.7025,48.0966],[10.6987,48.13],[10.6872,48.1659],[10.5953,48.1976],[10.5713,48.2192],[10.5823,48.2821],[10.577,48.3083],[10.5425,48.3109],[10.5186,48.323],[10.5413,48.4444],[10.5409,48.4754],[10.7196,48.4885],[10.7464,48.4984],[10.7719,48.5942],[10.7716,48.6206],[10.8567,48.6316],[10.8889,48.6305],[10.9382,48.589]]]}},{"type":"Feature","properties":{"code":"DE097","name":"Kreis Mainz-Bingen und Stadt Mainz"},"geometry":{"type":"Polygon","coordinates":[[[7.7712,50.0789],[7.8923,49.9828],[7.9307,49.9783],[8.1789,50.031],[8.2797,49.9929],[8.3114,49.9885],[8.319,49.9553],[8.3782,49.8424],[8.39,49.8095],[8.3621,49.7934],[8.2609,49.7674],[8.2375,49.7902],[8.1805,49.8908],[8.1497,49.8935],[7.9936,49.8591],[7.9582,49.8457],[7.9233,49.8811],[7.7098,50.0143],[7.685,50.0388],[7.7444,50.0862],[7.7712,50.0789]]]}},{"type":"Feature","properties":{"code":"DE098","name":"Kreis Südwestpfalz und Stadt Pirmasens"},"geometry":{"type":"Polygon","coordinates":[[[7.4212,49.368],[7.8777,49.3117],[7.8727,49.2753],[7.9115,49.041],[7.9115,49.0123],[7.8747,49.0137],[7.6708,49.0474],[7.6364,49.0483],[7.6086,49.0658],[7.5248,49.0974],[7.4928,49.1598],[7.457,49.1702],[7.3996,49.173],[7.3437,49.1672],[7.3385,49.1991],[7.3836,49.214],[7.4193,49.233],[7.4334,49.2683],[7.4112,49.3002],[7.3842,49.3087],[7.3861,49.3763],[7.4212,49.368]]]}},{"type":"Feature","properties":{"code":"DE099","name":"Kreis Mittelsachsen - Bergland"},"geometry":{"type":"Polygon","coordinates":[[[13.434,50.9426],[13.4681,50.92],[13.4875,50.8926],[13.633,50.7477],[13.6449,50.7185],[13.4888,50.6499],[13.4628,50.6655],[13.0856,50.8143],[13.0373,50.8257],[13.1399,50.8835],[13.165,50.8999],[13.1829,50.9195],[13.2103,50.9074],[13.2374,50.8808],[13.2768,50.8818],[13.2866,50.9516],[13.3117,50.9586],[13.3708,50.937],[13.434,50.9426]]]}},{"type":"Feature","properties":{"code":"DE100","name":"Kreis Vorpommern-Greifswald - Küste Süd"},"geometry":{"type":"Polygon","coordinates":[[[14.2413,53.9025],[14.3446,53.5557],[14.3077,53.5731],[13.8721,53.7205],[13.8926,53.7504],[13.9747,53.818],[14.236,53.9348],[14.2413,53.9025]]]}},{"type":"Feature","properties":{"code":"DE101","name":"Kreis Wesermarsch - Küste"},"geometry":{"type":"Polygon","coordinates":[[[8.4445,53.5631],[8.4752,53.5524],[8.5198,53.5458],[8.52,53.5191],[8.4933,53.458],[8.4335,53.4405],[8.3877,53.445],[8.3578,53.4776],[8.329,53.494],[8.3073,53.5232],[8.2497,53.5734],[8.2718,53.6093],[8.3035,53.6052],[8.4122,53.5676],[8.4445,53.5631]]]}},{"type":"Feature","properties":{"code":"DE102","name":"Kreis Aurich - Binnenland"},"geometry":{"type":"Polygon","coordinates":[[[7.6858,53.4828],[7.7381,53.4516],[7.785,53.4043],[7.7982,53.3746],[7.623,53.3395],[7.5854,53.3361],[7.4216,53.3611],[7.3154,53.3544],[7.2874,53.358],[7.2796,53.3858],[7.2603,53.4086],[7.2598,53.4814],[7.3385,53.5225],[7.6215,53.5565],[7.6527,53.5514],[7.6858,53.4828]]]}},{"type":"Feature","properties":{"code":"DE103","name":"Kreis Aurich - Küste"},"geometry":{"type":"Polygon","coordinates":[[[7.5152,53.689],[7.4474,53.6259],[7.4332,53.5656],[7.4199,53.5316],[7.3385,53.5225],[7.2598,53.4814],[7.2603,53.4086],[7.0102,53.3917],[7.0109,53.4262],[7.0276,53.4904],[7.0954,53.5829],[7.1853,53.6428],[7.2586,53.6706],[7.2913,53.678],[7.4755,53.691],[7.5152,53.689]]]}},{"type":"Feature","properties":{"code":"DE104","name":"Kreis Friesland - Küste"},"geometry":{"type":"Polygon","coordinates":[[[8.0595,53.6444],[8.0149,53.6187],[8.0449,53.5237],[8.0192,53.5165],[7.8189,53.5041],[7.8007,53.684],[7.7914,53.7094],[7.8556,53.713],[7.9563,53.7356],[8.0215,53.7084],[8.0472,53.6821],[8.0595,53.6444]]]}},{"type":"Feature","properties":{"code":"DE105","name":"Kreis und Stadt Schweinfurt"},"geometry":{"type":"Polygon","coordinates":[[[10.4511,50.1889],[10.4018,50.0536],[10.3952,50.0116],[10.4832,49.9307],[10.5018,49.9033],[10.4748,49.8708],[10.4206,49.8282],[10.2014,49.883],[10.1586,49.8808],[10.1262,49.9017],[10.0238,49.9289],[10.0325,49.953],[10.0344,49.9904],[10.0277,50.0299],[9.9999,50.0405],[9.9365,50.0438],[9.9562,50.0686],[9.9909,50.0944],[10.0305,50.1083],[10.2978,50.167],[10.3241,50.1784],[10.3497,50.207],[10.3663,50.2338],[10.4293,50.204],[10.4511,50.1889]]]}},{"type":"Feature","properties":{"code":"DE106","name":"Kreis Nordfriesland - Binnenland"},"geometry":{"type":"Polygon","coordinates":[[[9.096,54.863],[9.1083,54.8311],[9.3065,54.4887],[9.316,54.4542],[9.1814,54.3354],[9.0347,54.3831],[9.0419,54.4099],[9.0942,54.5011],[9.0676,54.5295],[8.8045,54.7384],[8.7465,54.8193],[8.7364,54.8451],[8.745,54.8763],[8.7599,54.8988],[9.096,54.863]]]}},{"type":"Feature","properties":{"code":"DE107","name":"Kreis Ludwigslust-Parchim - West"},"geometry":{"type":"Polygon","coordinates":[[[11.2758,53.6414],[11.3117,53.6296],[11.4643,53.5463],[11.809,53.2719],[11.8247,53.2503],[11.5616,53.1365],[11.5247,53.1248],[11.3155,53.1277],[11.2832,53.1218],[11.2498,53.1314],[11.154,53.1868],[10.995,53.3258],[10.9612,53.3313],[10.7746,53.324],[10.6776,53.3646],[10.5973,53.3664],[10.9405,53.6426],[10.9699,53.6398],[11.1487,53.5728],[11.1786,53.5846],[11.2758,53.6414]]]}},{"type":"Feature","properties":{"code":"DE108","name":"Vogtlandkreis - Tiefland"},"geometry":{"type":"Polygon","coordinates":[[[12.3841,50.6704],[12.4022,50.6421],[12.3765,50.6362],[12.1947,50.5213],[12.1683,50.538],[12.1248,50.5878],[12.1489,50.609],[12.3223,50.6746],[12.3841,50.6704]]]}},{"type":"Feature","properties":{"code":"DE109","name":"Kreis und Stadt Karlsruhe"},"geometry":{"type":"Polygon","coordinates":[[[8.867,49.1766],[8.8659,49.1446],[8.8731,49.0866],[8.8699,49.054],[8.5997,48.9904],[8.5661,48.9732],[8.5096,48.8552],[8.4823,48.8219],[8.3996,48.8186],[8.369,48.8274],[8.3233,48.8569],[8.2978,48.8835],[8.3058,48.9367],[8.2822,48.9511],[8.2198,48.9613],[8.2484,48.9808],[8.281,48.9952],[8.2981,49.0212],[8.3922,49.2097],[8.4056,49.2457],[8.4818,49.2869],[8.5215,49.2784],[8.8389,49.1809],[8.867,49.1766]]]}},{"type":"Feature","properties":{"code":"DE110","name":"Rhein-Neckar-Kreis und Stadt Heidelberg"},"geometry":{"type":"Polygon","coordinates":[[[8.9265,49.4697],[9.0438,49.5163],[9.0716,49.4998],[9.0545,49.4716],[8.9598,49.3869],[8.9659,49.3597],[9.0165,49.3181],[9.0374,49.2894],[8.867,49.1766],[8.8389,49.1809],[8.5215,49.2784],[8.4818,49.2869],[8.4915,49.3546],[8.4932,49.4171],[8.5258,49.4159],[8.5652,49.4232],[8.5649,49.5245],[8.6071,49.5443],[8.6034,49.612],[8.6462,49.6193],[8.6825,49.6155],[8.7206,49.5313],[8.7585,49.5215],[8.8518,49.512],[8.8879,49.5025],[8.8217,49.4591],[8.8156,49.4172],[8.8573,49.4039],[8.9265,49.4697]]]}},{"type":"Feature","properties":{"code":"DE111","name":"Kreis Hameln-Pyrmont"},"geometry":{"type":"Polygon","coordinates":[[[9.6758,52.1347],[9.6674,52.1104],[9.6511,51.9954],[9.6527,51.9643],[9.5621,52.0301],[9.533,52.0271],[9.3704,51.9486],[9.3363,51.9267],[9.3061,51.9416],[9.1837,51.9794],[9.1687,52.0112],[9.1579,52.1056],[9.1847,52.1352],[9.2035,52.191],[9.4235,52.2656],[9.4527,52.27],[9.6496,52.1447],[9.6758,52.1347]]]}},{"type":"Feature","properties":{"code":"DE112","name":"Kreis Schwandorf"},"geometry":{"type":"Polygon","coordinates":[[[12.5761,49.5439],[12.6052,49.5083],[12.6188,49.4765],[12.5495,49.4534],[12.3324,49.1797],[12.3178,49.1485],[12.1843,49.214],[12.1523,49.1964],[12.0992,49.1513],[12.0641,49.1559],[12.0068,49.1809],[11.937,49.1788],[11.9278,49.2323],[11.9281,49.29],[12.1234,49.5263],[12.1418,49.5615],[12.1799,49.5587],[12.3537,49.5125],[12.5348,49.5424],[12.5761,49.5439]]]}},{"type":"Feature","properties":{"code":"DE113","name":"Kreis Viersen"},"geometry":{"type":"Polygon","coordinates":[[[6.5294,51.4071],[6.4986,51.3921],[6.4845,51.3438],[6.4965,51.2985],[6.5691,51.2728],[6.5958,51.2527],[6.5162,51.2152],[6.4808,51.2388],[6.4478,51.2428],[6.3404,51.1913],[6.3157,51.171],[6.266,51.183],[6.1898,51.1904],[6.1628,51.1974],[6.2232,51.3533],[6.2608,51.3618],[6.3252,51.3652],[6.4724,51.4109],[6.5056,51.4257],[6.5294,51.4071]]]}},{"type":"Feature","properties":{"code":"DE114","name":"Stadt Mönchengladbach"},"geometry":{"type":"Polygon","coordinates":[[[6.5162,51.2152],[6.5133,51.1726],[6.5003,51.1384],[6.4715,51.1137],[6.4471,51.0828],[6.3829,51.0975],[6.3157,51.171],[6.3404,51.1913],[6.4478,51.2428],[6.4808,51.2388],[6.5162,51.2152]]]}},{"type":"Feature","properties":{"code":"DE115","name":"Kreis Saalfeld-Rudolstadt"},"geometry":{"type":"Polygon","coordinates":[[[11.4293,50.8099],[11.5143,50.7691],[11.5011,50.7365],[11.4966,50.6899],[11.5072,50.6453],[11.54,50.6206],[11.5801,50.6026],[11.5906,50.5701],[11.5086,50.5366],[11.4851,50.4399],[11.4843,50.4135],[11.4419,50.4325],[11.422,50.4498],[11.4315,50.4907],[11.3953,50.5141],[11.3589,50.5184],[11.27,50.4808],[11.2376,50.4827],[10.9813,50.5171],[10.9545,50.5467],[11.0567,50.5675],[11.0617,50.6075],[11.0502,50.6763],[11.0548,50.7042],[11.1619,50.7295],[11.19,50.7446],[11.195,50.8117],[11.2274,50.8066],[11.4293,50.8099]]]}},{"type":"Feature","properties":{"code":"DE116","name":"Kreis Altötting"},"geometry":{"type":"Polygon","coordinates":[[[12.9255,48.2086],[12.7631,48.127],[12.7419,48.1069],[12.6402,48.0577],[12.6105,48.052],[12.5597,48.1341],[12.5376,48.1547],[12.5562,48.1856],[12.601,48.3465],[12.6325,48.3482],[12.7898,48.3202],[12.8233,48.309],[12.9098,48.231],[12.9255,48.2086]]]}},{"type":"Feature","properties":{"code":"DE117","name":"Kreis Deggendorf"},"geometry":{"type":"Polygon","coordinates":[[[13.1902,48.8639],[13.2379,48.7783],[13.265,48.7427],[13.0345,48.6218],[13.004,48.5929],[12.9419,48.6117],[12.9022,48.6431],[12.8265,48.6849],[12.77,48.7829],[12.7601,48.8103],[12.8256,48.8535],[12.8451,48.8747],[12.8664,48.9527],[13.0349,48.9361],[13.1902,48.8639]]]}},{"type":"Feature","properties":{"code":"DE118","name":"Main-Kinzig-Kreis"},"geometry":{"type":"Polygon","coordinates":[[[9.4692,50.4336],[9.7197,50.3491],[9.749,50.3445],[9.6818,50.2656],[9.6622,50.2255],[9.6243,50.2336],[9.511,50.2417],[9.5041,50.2065],[9.509,50.1346],[9.5035,50.0974],[9.4074,50.0821],[9.3803,50.0835],[9.3642,50.1113],[9.3418,50.1309],[9.1567,50.1262],[9.1155,50.1222],[8.9792,50.077],[8.7987,50.1303],[8.7694,50.1328],[8.7526,50.167],[8.824,50.2133],[8.8361,50.2479],[8.8552,50.2733],[9.1329,50.2561],[9.1665,50.26],[9.2644,50.4052],[9.2776,50.4341],[9.4692,50.4336]]]}},{"type":"Feature","properties":{"code":"DE119","name":"Kreis Gütersloh"},"geometry":{"type":"Polygon","coordinates":[[[8.2925,52.1296],[8.4746,52.1021],[8.4162,51.9658],[8.4487,51.9515],[8.6515,51.9212],[8.6879,51.9096],[8.7332,51.8683],[8.7095,51.8591],[8.6492,51.8609],[8.6167,51.8568],[8.4222,51.7613],[8.3978,51.7233],[8.3096,51.722],[8.2985,51.7511],[8.0786,52.0309],[8.0617,52.0588],[8.2632,52.124],[8.2925,52.1296]]]}},{"type":"Feature","properties":{"code":"DE120","name":"Stadt Kaufbeuren"},"geometry":{"type":"Polygon","coordinates":[[[10.5715,47.8621],[10.5879,47.8855],[10.61,47.906],[10.6432,47.9104],[10.6472,47.8588],[10.5715,47.8621]]]}},{"type":"Feature","properties":{"code":"DE121","name":"Kreis Rhön-Grabfeld"},"geometry":{"type":"Polygon","coordinates":[[[10.4829,50.4042],[10.5027,50.3871],[10.592,50.3371],[10.6083,50.2158],[10.4971,50.2019],[10.4511,50.1889],[10.4293,50.204],[10.3663,50.2338],[10.3366,50.2853],[10.3091,50.2984],[10.2793,50.2942],[10.2155,50.2673],[10.0083,50.3078],[9.9828,50.3188],[9.9442,50.3988],[9.9279,50.419],[9.9543,50.437],[10.0345,50.5127],[10.1824,50.5492],[10.2114,50.5491],[10.4544,50.4141],[10.4829,50.4042]]]}},{"type":"Feature","properties":{"code":"DE122","name":"Kreis Lüchow-Dannenberg"},"geometry":{"type":"Polygon","coordinates":[[[11.154,53.1868],[11.2498,53.1314],[11.5237,53.0306],[11.5616,53.01],[11.5235,52.9857],[11.4957,52.9611],[11.4662,52.955],[11.3645,52.9004],[11.3275,52.8864],[11.175,52.8976],[10.8157,52.8482],[10.8839,53.0108],[10.8597,53.0401],[10.7624,53.1189],[10.7881,53.1301],[10.8433,53.142],[10.8695,53.1627],[10.8806,53.1952],[10.898,53.2233],[10.9431,53.2084],[11.0307,53.1645],[11.0748,53.1504],[11.1204,53.168],[11.154,53.1868]]]}},{"type":"Feature","properties":{"code":"DE123","name":"Unstrut-Hainich-Kreis"},"geometry":{"type":"Polygon","coordinates":[[[10.9146,51.1965],[10.8925,51.1315],[10.8705,51.1051],[10.6303,51.0603],[10.5809,51.0444],[10.5492,51.0611],[10.4104,51.0756],[10.3726,51.0915],[10.3305,51.1411],[10.2916,51.1464],[10.2314,51.1442],[10.2019,51.1554],[10.2114,51.1938],[10.4101,51.3324],[10.4382,51.3473],[10.6758,51.2656],[10.8843,51.2137],[10.9146,51.1965]]]}},{"type":"Feature","properties":{"code":"DE124","name":"Stadt Wilhelmshaven"},"geometry":{"type":"Polygon","coordinates":[[[8.0741,53.4741],[8.054,53.4985],[8.0149,53.6187],[8.0595,53.6444],[8.0907,53.6219],[8.1341,53.5617],[8.1492,53.5236],[8.0924,53.4929],[8.0741,53.4741]]]}},{"type":"Feature","properties":{"code":"DE125","name":"Kreis Coesfeld"},"geometry":{"type":"Polygon","coordinates":[[[7.5155,52.0019],[7.5124,51.9468],[7.5197,51.8918],[7.5925,51.857],[7.6252,51.8574],[7.7118,51.7639],[7.7269,51.7349],[7.704,51.7141],[7.497,51.7266],[7.4583,51.7229],[7.4306,51.6925],[7.4036,51.6712],[7.2647,51.7939],[7.1631,51.8206],[7.0824,51.8722],[7.0656,51.8921],[7.1107,51.9884],[7.1311,52.0153],[7.2394,52.0492],[7.2726,52.0562],[7.4882,52.0044],[7.5155,52.0019]]]}},{"type":"Feature","properties":{"code":"DE126","name":"Stadt Leipzig"},"geometry":{"type":"Polygon","coordinates":[[[12.5184,51.383],[12.5214,51.3433],[12.5082,51.3135],[12.4922,51.2834],[12.4629,51.2655],[12.2641,51.2384],[12.2599,51.2898],[12.265,51.3807],[12.2794,51.4203],[12.4272,51.4353],[12.4689,51.4322],[12.4879,51.4049],[12.5184,51.383]]]}},{"type":"Feature","properties":{"code":"DE127","name":"Kreis Euskirchen"},"geometry":{"type":"Polygon","coordinates":[[[6.925,50.5643],[6.9233,50.5254],[6.8859,50.4737],[6.8472,50.4712],[6.8092,50.4866],[6.783,50.4806],[6.7622,50.4561],[6.7857,50.3932],[6.8061,50.3594],[6.4282,50.382],[6.3811,50.3777],[6.2698,50.4992],[6.2941,50.5232],[6.3651,50.5698],[6.3912,50.6003],[6.432,50.5972],[6.5421,50.6043],[6.5733,50.6254],[6.6985,50.7453],[6.7269,50.7445],[6.7563,50.7371],[6.8,50.74],[6.8567,50.7762],[6.8728,50.748],[6.925,50.5643]]]}},{"type":"Feature","properties":{"code":"DE128","name":"Stadt Düsseldorf"},"geometry":{"type":"Polygon","coordinates":[[[6.8734,51.1186],[6.8468,51.1417],[6.7544,51.1826],[6.7293,51.202],[6.718,51.2778],[6.7246,51.3168],[6.7023,51.3298],[6.7926,51.3455],[6.8127,51.2764],[6.8872,51.2685],[6.9184,51.2481],[6.8855,51.2205],[6.9046,51.1895],[6.9046,51.1614],[6.8991,51.1312],[6.8734,51.1186]]]}},{"type":"Feature","properties":{"code":"DE129","name":"Kreis Spree-Neiße"},"geometry":{"type":"Polygon","coordinates":[[[14.7252,51.994],[14.7075,51.9511],[14.6163,51.8633],[14.5951,51.8362],[14.6639,51.7358],[14.6898,51.7113],[14.7578,51.6618],[14.7592,51.597],[14.7195,51.5563],[14.4907,51.5552],[14.4502,51.5439],[14.4201,51.5538],[14.1847,51.5446],[14.1333,51.5358],[14.0912,51.8681],[14.1264,51.8938],[14.4505,52.025],[14.7007,52.0024],[14.7252,51.994]],[[14.3037,51.716],[14.3324,51.7053],[14.4338,51.7026],[14.453,51.729],[14.4758,51.791],[14.4305,51.8187],[14.304,51.8633],[14.283,51.7959],[14.2902,51.7561],[14.3037,51.716]]]}},{"type":"Feature","properties":{"code":"DE130","name":"Kreis Landsberg am Lech"},"geometry":{"type":"Polygon","coordinates":[[[11.0155,48.204],[11.0412,48.1656],[11.1335,48.0815],[11.1527,47.9499],[11.1251,47.9459],[10.8093,47.8558],[10.7768,47.853],[10.8246,47.9903],[10.8031,48.1171],[10.8056,48.1538],[10.883,48.2194],[10.9123,48.2368],[10.972,48.211],[11.0155,48.204]]]}},{"type":"Feature","properties":{"code":"DE131","name":"Kreis Minden-Lübbecke"},"geometry":{"type":"Polygon","coordinates":[[[9.1473,52.4107],[9.0004,52.3024],[8.9813,52.2822],[9.0409,52.2443],[9.0635,52.2226],[9.0503,52.1989],[9.0193,52.1772],[8.9852,52.1892],[8.9506,52.186],[8.9186,52.1751],[8.8899,52.19],[8.5152,52.255],[8.4739,52.2493],[8.4479,52.3374],[8.4342,52.3647],[8.3124,52.4053],[8.3208,52.4543],[8.422,52.4484],[8.4803,52.4955],[8.5207,52.5064],[8.7115,52.53],[8.7207,52.4997],[8.7147,52.4046],[8.9177,52.4115],[8.9533,52.4179],[9.0511,52.4994],[9.1249,52.4779],[9.1473,52.4107]]]}},{"type":"Feature","properties":{"code":"DE132","name":"Stadt Mülheim an der Ruhr"},"geometry":{"type":"Polygon","coordinates":[[[6.9091,51.3679],[6.8366,51.353],[6.826,51.3991],[6.8297,51.45],[6.9012,51.4795],[6.9327,51.4545],[6.9506,51.4302],[6.9091,51.3679]]]}},{"type":"Feature","properties":{"code":"DE133","name":"Stadt Frankfurt am Main"},"geometry":{"type":"Polygon","coordinates":[[[8.7526,50.167],[8.7694,50.1328],[8.6108,50.0331],[8.595,50.004],[8.5137,50.0714],[8.503,50.1112],[8.5347,50.131],[8.5557,50.1534],[8.5814,50.1575],[8.6985,50.2262],[8.7526,50.167]]]}},{"type":"Feature","properties":{"code":"DE134","name":"Ennepe-Ruhr-Kreis"},"geometry":{"type":"Polygon","coordinates":[[[7.4576,51.416],[7.4045,51.3699],[7.3886,51.3448],[7.4901,51.2801],[7.5226,51.2673],[7.4363,51.2161],[7.3771,51.2409],[7.3118,51.2388],[7.2593,51.2812],[7.2468,51.3133],[7.2138,51.3025],[7.1833,51.2987],[7.1595,51.3134],[7.1444,51.3416],[7.1094,51.3759],[7.1298,51.4194],[7.1567,51.4229],[7.2441,51.4133],[7.2764,51.4287],[7.3253,51.4621],[7.3415,51.4868],[7.4576,51.416]]]}},{"type":"Feature","properties":{"code":"DE135","name":"Stadt Halle (Saale)"},"geometry":{"type":"Polygon","coordinates":[[[11.8826,51.5201],[11.9131,51.5299],[11.9756,51.5391],[12.0081,51.5354],[12.0397,51.5106],[12.0627,51.4801],[12.0084,51.4119],[11.978,51.4068],[11.947,51.4139],[11.8936,51.4948],[11.8826,51.5201]]]}},{"type":"Feature","properties":{"code":"DE136","name":"Kreis St. Wendel"},"geometry":{"type":"Polygon","coordinates":[[[7.2679,49.5596],[7.2902,49.5243],[7.2659,49.4618],[7.2594,49.4295],[7.0952,49.4126],[7.0503,49.4118],[6.9802,49.4365],[6.926,49.4984],[6.9511,49.5227],[6.9392,49.5702],[6.9384,49.608],[7.0089,49.6317],[7.0338,49.6226],[7.245,49.5762],[7.2679,49.5596]]]}},{"type":"Feature","properties":{"code":"DE137","name":"Kreis Merzig-Wadern"},"geometry":{"type":"Polygon","coordinates":[[[6.926,49.4984],[6.8596,49.4842],[6.8077,49.4276],[6.7703,49.4037],[6.734,49.3887],[6.6309,49.4067],[6.5923,49.3994],[6.4333,49.4729],[6.3713,49.4675],[6.3697,49.502],[6.384,49.5481],[6.4248,49.5462],[6.5953,49.5183],[6.9384,49.608],[6.9392,49.5702],[6.9511,49.5227],[6.926,49.4984]]]}},{"type":"Feature","properties":{"code":"DE138","name":"Kreis Celle"},"geometry":{"type":"Polygon","coordinates":[[[10.4038,52.7771],[10.2999,52.5018],[10.2759,52.4596],[10.2454,52.4855],[9.7595,52.6299],[9.7364,52.6436],[9.8404,52.8548],[9.8619,52.8776],[10.0252,52.8852],[10.2259,52.937],[10.2523,52.9215],[10.3827,52.8085],[10.4038,52.7771]]]}},{"type":"Feature","properties":{"code":"DE139","name":"Stadt Erlangen"},"geometry":{"type":"Polygon","coordinates":[[[11.022,49.5346],[10.9917,49.5258],[10.9497,49.5347],[10.9235,49.5347],[10.9209,49.5829],[10.9305,49.6289],[11.0078,49.6148],[11.042,49.599],[11.0364,49.5619],[11.022,49.5346]]]}},{"type":"Feature","properties":{"code":"DE140","name":"Kreis Oberspreewald-Lausitz"},"geometry":{"type":"Polygon","coordinates":[[[14.0912,51.8681],[14.1333,51.5358],[14.0149,51.4087],[13.9815,51.3926],[13.8289,51.3732],[13.7029,51.3694],[13.6909,51.3989],[13.6703,51.5181],[13.6943,51.5328],[13.8487,51.5609],[13.8672,51.5816],[13.8091,51.7097],[13.8003,51.7442],[13.8627,51.8915],[14.0593,51.8794],[14.0912,51.8681]]]}},{"type":"Feature","properties":{"code":"DE141","name":"Kreis Jerichower Land"},"geometry":{"type":"Polygon","coordinates":[[[11.9824,52.5169],[12.2893,52.4961],[12.3084,52.4743],[12.3239,52.4447],[12.3009,52.4268],[12.2874,52.3938],[12.273,52.3068],[12.2743,52.205],[12.2641,52.1008],[11.8527,52.009],[11.7883,52.0527],[11.7549,52.0664],[11.7495,52.0981],[11.6927,52.1969],[11.6886,52.2222],[11.981,52.4214],[11.9856,52.4719],[11.9824,52.5169]]]}},{"type":"Feature","properties":{"code":"DE142","name":"Kreis Rotenburg (Wümme)"},"geometry":{"type":"Polygon","coordinates":[[[9.5682,53.3312],[9.6034,53.2484],[9.6869,53.2147],[9.6711,53.1776],[9.6349,53.1336],[9.6384,53.1079],[9.6705,53.0271],[9.6579,53.0034],[9.617,52.9582],[9.5855,52.9319],[9.4794,52.9192],[9.4479,52.9094],[9.455,52.9525],[9.448,52.9903],[9.1866,53.0474],[9.1854,53.1125],[9.1736,53.1752],[9.0759,53.1519],[9.0552,53.172],[8.9154,53.3744],[8.9244,53.418],[8.979,53.549],[9.0211,53.5654],[9.0903,53.5798],[9.1261,53.5812],[9.3882,53.3804],[9.4278,53.3558],[9.5352,53.3403],[9.5682,53.3312]]]}},{"type":"Feature","properties":{"code":"DE143","name":"Kreis Bad Kreuznach"},"geometry":{"type":"Polygon","coordinates":[[[7.9582,49.8457],[7.9246,49.7811],[7.9184,49.7465],[7.8719,49.7608],[7.8368,49.7572],[7.7412,49.7259],[7.6811,49.6742],[7.6641,49.6519],[7.5383,49.6961],[7.4117,49.7993],[7.4005,49.8306],[7.4041,49.8573],[7.6362,49.9312],[7.6637,49.9505],[7.685,50.0388],[7.7098,50.0143],[7.9233,49.8811],[7.9582,49.8457]]]}},{"type":"Feature","properties":{"code":"DE144","name":"Kreis Uckermark"},"geometry":{"type":"Polygon","coordinates":[[[14.4055,53.3267],[14.4322,53.2956],[14.4395,53.2641],[14.3665,53.0763],[14.3339,53.0436],[14.3051,53.0255],[14.2269,52.9899],[14.2068,52.9573],[14.1733,52.9512],[14.0328,52.9591],[13.8074,53.0396],[13.7744,53.0459],[13.4833,52.9706],[13.4714,53.0021],[13.2321,53.2255],[13.2558,53.2388],[13.4114,53.2808],[13.4433,53.2953],[13.6927,53.4837],[14.1907,53.417],[14.2227,53.4048],[14.1391,53.2951],[14.1219,53.2655],[14.2555,53.2592],[14.4055,53.3267]]]}},{"type":"Feature","properties":{"code":"DE145","name":"Burgenlandkreis"},"geometry":{"type":"Polygon","coordinates":[[[12.1759,51.2649],[12.2658,51.1192],[12.2783,51.0835],[12.2344,50.97],[12.2164,50.9431],[12.0454,50.9651],[12.0122,50.9657],[11.9939,50.9921],[11.9679,51.0159],[11.9357,51.0287],[11.7372,51.0768],[11.6939,51.0765],[11.6706,51.0929],[11.5947,51.1113],[11.4689,51.108],[11.461,51.1471],[11.425,51.2149],[11.4152,51.2426],[11.4816,51.2894],[11.5189,51.2931],[12.1481,51.2754],[12.1759,51.2649]]]}},{"type":"Feature","properties":{"code":"DE146","name":"Kreis Rastatt"},"geometry":{"type":"Polygon","coordinates":[[[8.3996,48.8186],[8.4217,48.7945],[8.4766,48.7601],[8.4693,48.7339],[8.4119,48.6445],[8.3233,48.591],[8.2354,48.5802],[8.2096,48.6195],[8.1735,48.6379],[8.0136,48.6791],[7.9797,48.6918],[7.9969,48.7188],[8.175,48.9307],[8.1929,48.9581],[8.2198,48.9613],[8.2822,48.9511],[8.3058,48.9367],[8.2978,48.8835],[8.3233,48.8569],[8.369,48.8274],[8.3996,48.8186]],[[8.2829,48.787],[8.2062,48.8293],[8.1733,48.8228],[8.1591,48.8002],[8.143,48.7496],[8.1428,48.7181],[8.2477,48.6772],[8.2798,48.6727],[8.3023,48.6925],[8.3154,48.7169],[8.2829,48.787]]]}},{"type":"Feature","properties":{"code":"DE147","name":"Kreis Donau-Ries"},"geometry":{"type":"Polygon","coordinates":[[[10.6462,49.0129],[10.6817,48.9534],[10.7111,48.9337],[10.8983,48.8835],[10.9692,48.8357],[10.9913,48.8097],[10.965,48.7906],[11.0206,48.6642],[11.0275,48.6254],[10.9382,48.589],[10.8889,48.6305],[10.8567,48.6316],[10.7716,48.6206],[10.6694,48.6588],[10.6459,48.6761],[10.6514,48.72],[10.6226,48.7367],[10.5567,48.7468],[10.5264,48.7403],[10.4608,48.708],[10.4244,48.7273],[10.4167,48.7556],[10.4382,48.8937],[10.4304,48.9414],[10.3774,48.9829],[10.6158,49.0129],[10.6462,49.0129]]]}},{"type":"Feature","properties":{"code":"DE148","name":"Westerwaldkreis"},"geometry":{"type":"Polygon","coordinates":[[[8.0262,50.6976],[8.1157,50.6951],[8.1436,50.6985],[8.147,50.6346],[8.1589,50.5936],[8.1309,50.5919],[8.0239,50.5552],[7.9963,50.5359],[8.0151,50.4255],[8.013,50.3937],[7.9719,50.3929],[7.7418,50.3684],[7.6953,50.3592],[7.6725,50.3779],[7.6401,50.388],[7.6037,50.4068],[7.6368,50.4324],[7.6081,50.4613],[7.6302,50.4941],[7.703,50.5609],[7.7013,50.5915],[7.6932,50.6232],[7.7024,50.7074],[7.7934,50.7281],[7.8256,50.7245],[7.9874,50.6851],[8.0262,50.6976]]]}},{"type":"Feature","properties":{"code":"DE149","name":"Wartburgkreis"},"geometry":{"type":"Polygon","coordinates":[[[10.5809,51.0444],[10.5243,50.9933],[10.4402,50.8843],[10.4201,50.8517],[10.3735,50.7975],[10.3398,50.7861],[10.2275,50.7701],[10.2133,50.7488],[10.1939,50.669],[10.1968,50.6281],[10.1639,50.6224],[10.1003,50.6329],[10.0712,50.6406],[10.0439,50.6604],[10.0181,50.6716],[9.9319,50.6344],[9.8876,50.6469],[9.8958,50.6807],[9.9427,50.7607],[10.0231,50.8665],[10.0218,50.9293],[10.0129,50.995],[10.1732,50.9974],[10.2251,50.964],[10.2978,50.9406],[10.3732,50.967],[10.3777,50.9967],[10.3569,51.0323],[10.3222,51.0433],[10.2715,51.012],[10.2289,51.0098],[10.1885,51.0185],[10.1826,51.0593],[10.2019,51.1554],[10.2314,51.1442],[10.2916,51.1464],[10.3305,51.1411],[10.3726,51.0915],[10.4104,51.0756],[10.5492,51.0611],[10.5809,51.0444]]]}},{"type":"Feature","properties":{"code":"DE150","name":"Stadt Nürnberg"},"geometry":{"type":"Polygon","coordinates":[[[11.1385,49.4738],[11.1816,49.3803],[11.1486,49.3723],[11.0691,49.3342],[11.0534,49.3623],[11.027,49.3871],[10.9917,49.5258],[11.022,49.5346],[11.1034,49.4979],[11.1385,49.4738]]]}},{"type":"Feature","properties":{"code":"DE151","name":"Kreis Göttingen"},"geometry":{"type":"Polygon","coordinates":[[[10.3562,51.5535],[10.2568,51.4861],[10.2226,51.4677],[9.9582,51.3993],[9.9258,51.3816],[9.8985,51.3963],[9.8097,51.4086],[9.7845,51.3897],[9.7122,51.3084],[9.6778,51.314],[9.5606,51.3611],[9.5663,51.3976],[9.6499,51.5728],[9.6669,51.5952],[10.1852,51.6339],[10.3236,51.5726],[10.3562,51.5535]]]}},{"type":"Feature","properties":{"code":"DE152","name":"Kreis Calw"},"geometry":{"type":"Polygon","coordinates":[[[8.7232,48.8112],[8.8495,48.7398],[8.869,48.7166],[8.7756,48.5639],[8.7702,48.5339],[8.7287,48.5104],[8.6857,48.5243],[8.4391,48.6259],[8.4119,48.6445],[8.4693,48.7339],[8.4766,48.7601],[8.4217,48.7945],[8.3996,48.8186],[8.4823,48.8219],[8.6863,48.8167],[8.7232,48.8112]]]}},{"type":"Feature","properties":{"code":"DE153","name":"Kreis Germersheim"},"geometry":{"type":"Polygon","coordinates":[[[8.4056,49.2457],[8.3922,49.2097],[8.2981,49.0212],[8.281,48.9952],[8.2484,48.9808],[8.2198,48.9613],[8.1929,48.9581],[8.0534,48.9838],[8.0662,49.0085],[8.0774,49.0603],[8.0892,49.0885],[8.1639,49.1158],[8.1933,49.1375],[8.2717,49.247],[8.2862,49.277],[8.3183,49.2757],[8.3759,49.2593],[8.4056,49.2457]]]}},{"type":"Feature","properties":{"code":"DE154","name":"Stadt Emden"},"geometry":{"type":"Polygon","coordinates":[[[7.2796,53.3858],[7.2957,53.3281],[7.2606,53.3151],[7.107,53.2944],[7.0226,53.3335],[6.9936,53.3635],[7.0102,53.3917],[7.2603,53.4086],[7.2796,53.3858]]]}},{"type":"Feature","properties":{"code":"DE155","name":"Kreis Soest"},"geometry":{"type":"Polygon","coordinates":[[[8.5364,51.4669],[8.3541,51.3964],[7.9084,51.4661],[7.869,51.4624],[7.8435,51.4741],[7.8325,51.5153],[7.8285,51.5528],[7.819,51.5796],[7.889,51.6042],[7.9245,51.6251],[7.9534,51.6495],[7.9696,51.6797],[7.9445,51.6979],[7.9745,51.7194],[8.2045,51.6674],[8.2347,51.6657],[8.3096,51.722],[8.3978,51.7233],[8.4665,51.7143],[8.4939,51.6958],[8.5448,51.6479],[8.5637,51.6167],[8.5054,51.5868],[8.4833,51.5642],[8.5238,51.5001],[8.5364,51.4669]]]}},{"type":"Feature","properties":{"code":"DE156","name":"Stadt Flensburg"},"geometry":{"type":"Polygon","coordinates":[[[9.4815,54.753],[9.3926,54.7559],[9.3658,54.7756],[9.4057,54.8264],[9.4399,54.818],[9.5019,54.8452],[9.4815,54.753]]]}},{"type":"Feature","properties":{"code":"DE157","name":"Kreis Heinsberg"},"geometry":{"type":"Polygon","coordinates":[[[6.3157,51.171],[6.3829,51.0975],[6.4471,51.0828],[6.4637,51.038],[6.4363,51.0378],[6.2775,51.0016],[6.1933,50.9394],[6.1761,50.9161],[6.141,50.9007],[6.1093,50.9045],[6.0367,50.9232],[5.9967,50.9228],[5.976,51.0284],[5.9768,51.0638],[6.1628,51.1974],[6.1898,51.1904],[6.266,51.183],[6.3157,51.171]]]}},{"type":"Feature","properties":{"code":"DE158","name":"Kreis Steinburg"},"geometry":{"type":"Polygon","coordinates":[[[9.861,54.0183],[9.768,53.9194],[9.7477,53.8909],[9.7262,53.875],[9.5871,53.7268],[9.5456,53.7161],[9.499,53.7075],[9.4691,53.7204],[9.3234,53.8456],[9.2639,53.8664],[9.2301,53.8864],[9.203,53.8934],[9.2221,53.9473],[9.2933,54.0746],[9.3244,54.0665],[9.5184,54.0909],[9.5533,54.0895],[9.6493,54.0493],[9.8055,54.0225],[9.861,54.0183]]]}},{"type":"Feature","properties":{"code":"DE159","name":"Kreis Hamm"},"geometry":{"type":"Polygon","coordinates":[[[7.9445,51.6979],[7.9696,51.6797],[7.9534,51.6495],[7.9245,51.6251],[7.889,51.6042],[7.819,51.5796],[7.7129,51.6064],[7.6885,51.6253],[7.704,51.7141],[7.7269,51.7349],[7.8232,51.7342],[7.9148,51.7028],[7.9445,51.6979]]]}},{"type":"Feature","properties":{"code":"DE160","name":"Kreis Kusel"},"geometry":{"type":"Polygon","coordinates":[[[7.6641,49.6519],[7.7002,49.6325],[7.6877,49.6057],[7.664,49.5865],[7.6342,49.5723],[7.4785,49.4746],[7.4445,49.4485],[7.4172,49.4075],[7.3861,49.3763],[7.2959,49.4063],[7.2594,49.4295],[7.2659,49.4618],[7.2902,49.5243],[7.2679,49.5596],[7.2963,49.5694],[7.493,49.677],[7.5383,49.6961],[7.6641,49.6519]]]}},{"type":"Feature","properties":{"code":"DE161","name":"Stadt Gelsenkirchen"},"geometry":{"type":"Polygon","coordinates":[[[7.1377,51.5502],[7.1307,51.5],[7.1107,51.4714],[7.0024,51.5312],[7.0236,51.5538],[7.0041,51.6115],[7.031,51.6077],[7.1285,51.5744],[7.1377,51.5502]]]}},{"type":"Feature","properties":{"code":"DE162","name":"Stadt Gera"},"geometry":{"type":"Polygon","coordinates":[[[12.1491,50.9518],[12.1518,50.9141],[12.1434,50.8405],[12.131,50.8058],[12.0205,50.834],[12.0111,50.8699],[12.017,50.9356],[12.0122,50.9657],[12.1491,50.9518]]]}},{"type":"Feature","properties":{"code":"DE163","name":"Kreis Biberach"},"geometry":{"type":"Polygon","coordinates":[[[10.1037,48.1433],[10.1281,48.1127],[10.1034,48.0346],[10.0868,48.0104],[10.0747,47.9688],[10.0449,47.9738],[9.556,47.9657],[9.5654,48.0044],[9.5613,48.0453],[9.3292,48.124],[9.3225,48.1578],[9.3328,48.2173],[9.3454,48.2455],[9.7019,48.1747],[9.7368,48.1794],[9.8515,48.2615],[9.8861,48.2651],[9.9903,48.2551],[10.0084,48.2331],[10.0457,48.1485],[10.1037,48.1433]]]}},{"type":"Feature","properties":{"code":"DE164","name":"Rhein-Kreis Neuss"},"geometry":{"type":"Polygon","coordinates":[[[6.8734,51.1186],[6.8686,51.0806],[6.7899,51.0487],[6.7623,51.0597],[6.7378,51.0461],[6.7189,51.0206],[6.6866,51.0157],[6.6314,51.0186],[6.5864,51.0269],[6.5279,51.0534],[6.5001,51.042],[6.4637,51.038],[6.4471,51.0828],[6.4715,51.1137],[6.5003,51.1384],[6.5133,51.1726],[6.5162,51.2152],[6.5958,51.2527],[6.5691,51.2728],[6.7023,51.3298],[6.7246,51.3168],[6.718,51.2778],[6.7293,51.202],[6.7544,51.1826],[6.8468,51.1417],[6.8734,51.1186]]]}},{"type":"Feature","properties":{"code":"DE165","name":"Kreis Kelheim"},"geometry":{"type":"Polygon","coordinates":[[[12.0753,48.7436],[12.0163,48.7488],[11.9823,48.734],[11.896,48.6701],[11.8956,48.6444],[11.9173,48.5754],[11.8825,48.5877],[11.7223,48.6075],[11.6939,48.6167],[11.6674,48.7073],[11.6635,48.7357],[11.6742,48.7603],[11.6725,48.7871],[11.6969,48.8121],[11.7207,48.8777],[11.6883,48.906],[11.6228,48.9385],[11.5982,48.9572],[11.6522,49.0084],[11.6848,49.0142],[11.7892,49.0095],[11.9948,48.9482],[12.1043,48.8935],[12.1278,48.8713],[12.0815,48.7695],[12.0753,48.7436]]]}},{"type":"Feature","properties":{"code":"DE166","name":"Kreis Groß-Gerau"},"geometry":{"type":"Polygon","coordinates":[[[8.595,50.004],[8.618,49.9727],[8.5635,49.9301],[8.5519,49.8838],[8.561,49.7401],[8.5276,49.7287],[8.4302,49.7313],[8.4192,49.771],[8.39,49.8095],[8.3782,49.8424],[8.319,49.9553],[8.3114,49.9885],[8.3349,50.015],[8.426,50.0163],[8.4573,50.0227],[8.4929,50.0445],[8.5137,50.0714],[8.595,50.004]]]}},{"type":"Feature","properties":{"code":"DE167","name":"Stadt Münster"},"geometry":{"type":"Polygon","coordinates":[[[7.6949,52.0377],[7.716,52.0123],[7.7509,51.9552],[7.7587,51.919],[7.6553,51.8785],[7.6252,51.8574],[7.5925,51.857],[7.5197,51.8918],[7.5124,51.9468],[7.5155,52.0019],[7.5927,52.0529],[7.6305,52.0514],[7.6949,52.0377]]]}},{"type":"Feature","properties":{"code":"DE168","name":"Zollernalbkreis"},"geometry":{"type":"Polygon","coordinates":[[[9.1196,48.3543],[9.1974,48.3312],[9.1809,48.2993],[9.1529,48.2692],[9.1503,48.2325],[9.1589,48.174],[9.1552,48.1459],[9.0592,48.1596],[9.0301,48.1594],[8.9991,48.1382],[8.9599,48.1016],[8.7854,48.1748],[8.759,48.1809],[8.7508,48.2161],[8.6652,48.3918],[8.6986,48.4035],[8.8009,48.4134],[8.8787,48.4117],[9.1196,48.3543]]]}},{"type":"Feature","properties":{"code":"DE169","name":"Region Hannover"},"geometry":{"type":"Polygon","coordinates":[[[9.7364,52.6436],[9.7595,52.6299],[10.2454,52.4855],[10.2759,52.4596],[10.0826,52.3069],[9.8933,52.2669],[9.6758,52.1347],[9.6496,52.1447],[9.4527,52.27],[9.425,52.3575],[9.3398,52.4237],[9.2957,52.4348],[9.2818,52.4652],[9.2782,52.52],[9.2844,52.5509],[9.5258,52.6587],[9.7084,52.6403],[9.7364,52.6436]]]}},{"type":"Feature","properties":{"code":"DE170","name":"Kreis Harburg"},"geometry":{"type":"Polygon","coordinates":[[[10.2851,53.4535],[10.4248,53.4128],[10.4628,53.3915],[10.4445,53.3596],[10.4025,53.3476],[10.2564,53.3204],[10.2413,53.2908],[10.2355,53.2363],[10.2227,53.2041],[10.0742,53.1283],[9.7261,53.2107],[9.6869,53.2147],[9.6034,53.2484],[9.5682,53.3312],[9.5956,53.3615],[9.7679,53.4888],[9.8041,53.4754],[9.8413,53.4455],[9.8824,53.4367],[10.0449,53.4505],[10.0816,53.4474],[10.1681,53.3994],[10.1976,53.406],[10.2592,53.433],[10.2851,53.4535]]]}},{"type":"Feature","properties":{"code":"DE171","name":"Kreis Warendorf"},"geometry":{"type":"Polygon","coordinates":[[[7.8996,52.0764],[7.9727,52.0385],[8.0617,52.0588],[8.0786,52.0309],[8.2985,51.7511],[8.3096,51.722],[8.2347,51.6657],[8.2045,51.6674],[7.9745,51.7194],[7.9445,51.6979],[7.9148,51.7028],[7.8232,51.7342],[7.7269,51.7349],[7.7118,51.7639],[7.6252,51.8574],[7.6553,51.8785],[7.7587,51.919],[7.7509,51.9552],[7.716,52.0123],[7.6949,52.0377],[7.7352,52.0626],[7.7676,52.0915],[7.8037,52.0955],[7.8996,52.0764]]]}},{"type":"Feature","properties":{"code":"DE172","name":"Kreis Dahme-Spreewald"},"geometry":{"type":"Polygon","coordinates":[[[13.6751,52.3672],[13.7016,52.3498],[13.849,52.2773],[13.8521,52.2361],[13.8468,52.1594],[13.8567,52.1194],[14.1025,52.0876],[14.2395,52.0419],[14.2849,52.0392],[14.3424,52.0668],[14.3701,52.0632],[14.4505,52.025],[14.1264,51.8938],[14.0912,51.8681],[14.0593,51.8794],[13.8627,51.8915],[13.8003,51.7442],[13.7734,51.7369],[13.6435,51.7396],[13.5981,51.7453],[13.5176,51.7912],[13.5461,51.8303],[13.5665,51.8875],[13.543,51.9002],[13.437,51.927],[13.4394,51.955],[13.4574,51.9757],[13.6047,52.0027],[13.6398,52.0171],[13.6329,52.0478],[13.6167,52.074],[13.5397,52.0965],[13.5405,52.1989],[13.4171,52.3781],[13.3961,52.3972],[13.4848,52.3979],[13.6751,52.3672]]]}},{"type":"Feature","properties":{"code":"DE173","name":"Stadt Bremerhaven"},"geometry":{"type":"Polygon","coordinates":[[[8.6536,53.6077],[8.6194,53.4953],[8.5885,53.4855],[8.5307,53.4801],[8.5047,53.484],[8.52,53.5191],[8.5198,53.5458],[8.4752,53.5524],[8.4445,53.5631],[8.4719,53.6212],[8.5027,53.6123],[8.6268,53.6035],[8.6536,53.6077]]]}},{"type":"Feature","properties":{"code":"DE174","name":"Stadt Memmingen"},"geometry":{"type":"Polygon","coordinates":[[[10.0996,47.9368],[10.0747,47.9688],[10.0868,48.0104],[10.1034,48.0346],[10.2158,48.0231],[10.2066,47.993],[10.1793,47.9363],[10.0996,47.9368]]]}},{"type":"Feature","properties":{"code":"DE175","name":"Kreis Tuttlingen"},"geometry":{"type":"Polygon","coordinates":[[[8.9599,48.1016],[8.9964,48.0401],[9.0087,47.9804],[8.9993,47.9335],[8.6738,47.8617],[8.6321,47.8471],[8.5937,47.9107],[8.6271,48.0206],[8.6204,48.0602],[8.5931,48.0853],[8.6154,48.1018],[8.759,48.1809],[8.7854,48.1748],[8.9599,48.1016]]]}},{"type":"Feature","properties":{"code":"DE176","name":"Kreis Holzminden"},"geometry":{"type":"Polygon","coordinates":[[[9.6527,51.9643],[9.8229,51.9309],[9.8591,51.9136],[9.8349,51.8973],[9.6961,51.8662],[9.4228,51.6633],[9.3914,51.6542],[9.3891,51.6897],[9.4218,51.805],[9.4216,51.8495],[9.3036,51.8525],[9.3144,51.8856],[9.3363,51.9267],[9.3704,51.9486],[9.533,52.0271],[9.5621,52.0301],[9.6527,51.9643]]]}},{"type":"Feature","properties":{"code":"DE177","name":"Schwalm-Eder-Kreis"},"geometry":{"type":"Polygon","coordinates":[[[9.6423,51.1853],[9.6691,51.1731],[9.7635,51.1478],[9.7864,51.0788],[9.7254,51.0793],[9.686,51.0713],[9.5662,50.9874],[9.5423,50.9609],[9.4575,50.8235],[9.452,50.7934],[9.2593,50.8036],[9.1606,50.8512],[9.1215,50.858],[9.0852,50.8864],[9.0039,50.9236],[8.9792,50.9425],[9.183,51.1192],[9.2013,51.1435],[9.1852,51.1782],[9.2196,51.2113],[9.2687,51.2442],[9.2974,51.2442],[9.6011,51.1886],[9.6423,51.1853]]]}},{"type":"Feature","properties":{"code":"DE178","name":"Kreis Lichtenfels"},"geometry":{"type":"Polygon","coordinates":[[[11.1894,50.1928],[11.2097,50.175],[11.3597,50.1458],[11.2623,50.0129],[11.231,49.9906],[10.8678,50.0698],[10.8364,50.0694],[10.8661,50.1389],[10.8889,50.1571],[11.0671,50.2061],[11.1544,50.1871],[11.1894,50.1928]]]}},{"type":"Feature","properties":{"code":"DE179","name":"Kreis Leipzig"},"geometry":{"type":"Polygon","coordinates":[[[12.9346,51.2183],[12.8987,51.1904],[12.8711,51.1619],[12.8778,51.1276],[12.8502,51.1011],[12.788,51.0983],[12.7594,51.0915],[12.6201,50.983],[12.5913,50.9866],[12.5531,51.0067],[12.5042,51.0565],[12.4688,51.0686],[12.31,51.0873],[12.2783,51.0835],[12.2658,51.1192],[12.1759,51.2649],[12.1726,51.3008],[12.1823,51.3405],[12.2301,51.3365],[12.2628,51.3423],[12.2599,51.2898],[12.2641,51.2384],[12.4629,51.2655],[12.4922,51.2834],[12.5082,51.3135],[12.5214,51.3433],[12.5184,51.383],[12.6544,51.4117],[12.878,51.4722],[12.8737,51.426],[12.8804,51.3348],[12.8911,51.2806],[12.917,51.2508],[12.9346,51.2183]]]}},{"type":"Feature","properties":{"code":"DE180","name":"Kreis Mansfeld-Südharz"},"geometry":{"type":"Polygon","coordinates":[[[11.7434,51.652],[11.7572,51.5984],[11.7643,51.4437],[11.5859,51.443],[11.5509,51.4366],[11.4426,51.365],[11.4173,51.3405],[11.3266,51.4048],[11.3,51.4086],[10.9738,51.4066],[10.974,51.4369],[10.927,51.5792],[10.9206,51.6121],[11.1408,51.5774],[11.1731,51.5905],[11.2755,51.6531],[11.3422,51.6867],[11.3764,51.7107],[11.4233,51.7074],[11.7434,51.652]]]}},{"type":"Feature","properties":{"code":"DE181","name":"Kreis Segeberg"},"geometry":{"type":"Polygon","coordinates":[[[10.4439,54.1066],[10.5273,53.9443],[10.5377,53.9151],[10.501,53.8996],[10.0835,53.7697],[10.0544,53.7556],[10.0879,53.713],[9.996,53.6542],[9.935,53.647],[9.9515,53.6723],[9.981,53.7526],[9.9608,53.7717],[9.7477,53.8909],[9.768,53.9194],[9.861,54.0183],[9.9135,54.0211],[9.9412,54.0284],[9.9773,54.027],[10.023,54.0349],[10.0403,54.0721],[10.0647,54.0594],[10.0995,54.0565],[10.4157,54.1108],[10.4439,54.1066]]]}},{"type":"Feature","properties":{"code":"DE182","name":"Kreis Birkenfeld"},"geometry":{"type":"Polygon","coordinates":[[[7.4041,49.8573],[7.4005,49.8306],[7.4117,49.7993],[7.5383,49.6961],[7.493,49.677],[7.2963,49.5694],[7.2679,49.5596],[7.245,49.5762],[7.0338,49.6226],[7.0089,49.6317],[6.9913,49.6636],[7.0138,49.6862],[7.2512,49.8491],[7.2455,49.8842],[7.4041,49.8573]]]}},{"type":"Feature","properties":{"code":"DE183","name":"Kreis Berchtesgadener Land"},"geometry":{"type":"Polygon","coordinates":[[[12.707,47.6894],[12.732,47.7268],[12.8299,47.7727],[12.7434,47.8417],[12.7556,47.8739],[12.7778,47.8961],[12.8662,47.9611],[12.8979,47.9706],[12.9331,47.9458],[12.9982,47.8558],[13.0713,47.7011],[13.0934,47.6426],[13.0859,47.61],[13.0479,47.504],[13.0071,47.4662],[12.9783,47.4706],[12.9146,47.4952],[12.8003,47.5556],[12.7903,47.5894],[12.7898,47.6245],[12.7827,47.6595],[12.707,47.6894]]]}},{"type":"Feature","properties":{"code":"DE184","name":"Stadt Mannheim"},"geometry":{"type":"Polygon","coordinates":[[[8.5649,49.5245],[8.5652,49.4232],[8.5258,49.4159],[8.4932,49.4171],[8.4484,49.517],[8.4278,49.5402],[8.4157,49.5691],[8.4415,49.5844],[8.4686,49.5844],[8.5349,49.5326],[8.5649,49.5245]]]}},{"type":"Feature","properties":{"code":"DE185","name":"Kreis Gießen"},"geometry":{"type":"Polygon","coordinates":[[[8.9493,50.6993],[9.0962,50.5676],[9.1146,50.5405],[9.0472,50.4966],[9.0159,50.4952],[8.9851,50.4854],[8.9633,50.4539],[8.9388,50.432],[8.7089,50.4775],[8.676,50.4787],[8.5407,50.4215],[8.5361,50.4598],[8.5607,50.4832],[8.6207,50.5192],[8.6175,50.5529],[8.545,50.7192],[8.769,50.688],[8.9178,50.7027],[8.9493,50.6993]]]}},{"type":"Feature","properties":{"code":"DE186","name":"Stadt Solingen"},"geometry":{"type":"Polygon","coordinates":[[[7.1412,51.1779],[7.16,51.1487],[7.1475,51.1216],[7.1186,51.1312],[7.0871,51.1317],[7.0268,51.1205],[6.9936,51.1241],[6.9737,51.1601],[7.0006,51.1833],[7.0379,51.2054],[7.0685,51.2131],[7.0967,51.2146],[7.1412,51.1779]]]}},{"type":"Feature","properties":{"code":"DE187","name":"Kreis Potsdam-Mittelmark"},"geometry":{"type":"Polygon","coordinates":[[[12.8976,52.4644],[12.9128,52.441],[12.994,52.3649],[13.0231,52.3577],[13.1124,52.3545],[13.1367,52.369],[13.1507,52.3988],[13.2339,52.3958],[13.2811,52.3852],[13.2649,52.3615],[13.1534,52.2976],[12.9688,52.0698],[12.9448,52.0547],[12.8233,52.0022],[12.7912,51.9837],[12.7373,51.9822],[12.4544,52.0141],[12.3796,52.0352],[12.3558,52.0593],[12.2975,52.0913],[12.2641,52.1008],[12.2743,52.205],[12.273,52.3068],[12.2874,52.3938],[12.3009,52.4268],[12.3239,52.4447],[12.3551,52.4433],[12.3709,52.4175],[12.4144,52.319],[12.4507,52.3176],[12.5707,52.3427],[12.5976,52.3521],[12.6632,52.4209],[12.6414,52.4462],[12.6096,52.458],[12.4203,52.4562],[12.426,52.5017],[12.425,52.546],[12.6763,52.5403],[12.7208,52.5291],[12.7361,52.4883],[12.7534,52.4579],[12.8646,52.4597],[12.8976,52.4644]]]}},{"type":"Feature","properties":{"code":"DE188","name":"Kreis Vechta"},"geometry":{"type":"Polygon","coordinates":[[[8.4527,52.8051],[8.4692,52.743],[8.4405,52.7258],[8.3192,52.6894],[8.2996,52.4951],[8.1859,52.4446],[8.1479,52.4336],[8.1076,52.4391],[8.0669,52.4579],[8.0281,52.5177],[8.0369,52.5597],[8.062,52.6212],[8.0646,52.6491],[8.0103,52.6837],[8.0394,52.701],[8.2482,52.8687],[8.2853,52.8687],[8.3959,52.8494],[8.4527,52.8051]]]}},{"type":"Feature","properties":{"code":"DE189","name":"Regionalverband Saarbrücken"},"geometry":{"type":"Polygon","coordinates":[[[7.105,49.3129],[7.1141,49.2846],[7.1046,49.152],[7.1133,49.1163],[7.0458,49.1173],[7.0104,49.179],[6.9729,49.1937],[6.9142,49.2043],[6.8834,49.2012],[6.8356,49.1622],[6.7913,49.1564],[6.7311,49.1691],[6.6955,49.2098],[6.7283,49.2174],[6.8351,49.263],[6.86,49.2779],[6.9264,49.357],[6.9403,49.3805],[7.105,49.3129]]]}},{"type":"Feature","properties":{"code":"DE190","name":"Kreis Bernkastel-Wittlich"},"geometry":{"type":"Polygon","coordinates":[[[6.9875,50.0951],[7.1739,49.9923],[7.2122,49.9438],[7.2222,49.9183],[7.2455,49.8842],[7.2512,49.8491],[7.0138,49.6862],[6.9913,49.6636],[6.8932,49.8408],[6.8725,49.8614],[6.7431,49.8955],[6.703,49.9019],[6.7079,49.9489],[6.6954,50.0873],[6.7206,50.0908],[6.8055,50.1196],[6.8332,50.1189],[6.9875,50.0951]]]}},{"type":"Feature","properties":{"code":"DE191","name":"Kreis Forchheim"},"geometry":{"type":"Polygon","coordinates":[[[11.3604,49.6606],[11.263,49.5883],[11.2204,49.5697],[10.9993,49.6779],[10.9559,49.7287],[10.9403,49.7662],[10.9783,49.7842],[11.2478,49.8723],[11.2817,49.8552],[11.368,49.7827],[11.3733,49.749],[11.3695,49.6936],[11.3604,49.6606]]]}},{"type":"Feature","properties":{"code":"DE192","name":"Stadt Neumünster"},"geometry":{"type":"Polygon","coordinates":[[[10.0466,54.1471],[10.0474,54.1148],[10.0403,54.0721],[10.023,54.0349],[9.9773,54.027],[9.9412,54.0284],[9.9314,54.0667],[9.9369,54.1045],[9.9824,54.1423],[10.014,54.1483],[10.0466,54.1471]]]}},{"type":"Feature","properties":{"code":"DE193","name":"Kreis Gotha"},"geometry":{"type":"Polygon","coordinates":[[[10.8845,51.069],[10.9139,50.8986],[10.8996,50.8758],[10.7556,50.7221],[10.7294,50.7206],[10.6076,50.7363],[10.5673,50.7567],[10.5364,50.819],[10.4982,50.8336],[10.4201,50.8517],[10.4402,50.8843],[10.5243,50.9933],[10.5809,51.0444],[10.6303,51.0603],[10.8705,51.1051],[10.8845,51.069]]]}},{"type":"Feature","properties":{"code":"DE194","name":"Kreis Weimarer Land"},"geometry":{"type":"Polygon","coordinates":[[[11.6939,51.0765],[11.6716,51.0428],[11.6464,51.0272],[11.5887,51.0023],[11.5701,50.9837],[11.5351,50.979],[11.5116,50.9689],[11.5075,50.9044],[11.448,50.8384],[11.4293,50.8099],[11.2274,50.8066],[11.195,50.8117],[11.1261,50.8925],[11.1121,50.9168],[11.1652,50.9952],[11.2073,51.0245],[11.2188,51.1029],[11.4237,51.1043],[11.5947,51.1113],[11.6706,51.0929],[11.6939,51.0765]],[[11.2824,50.9308],[11.328,50.9294],[11.3903,50.9611],[11.3708,50.9876],[11.3406,51.0119],[11.3016,51.0247],[11.2587,51.0209],[11.2674,50.959],[11.2824,50.9308]]]}},{"type":"Feature","properties":{"code":"DE195","name":"Kreis Garmisch-Partenkirchen"},"geometry":{"type":"Polygon","coordinates":[[[11.3282,47.6901],[11.2917,47.6686],[11.2748,47.6349],[11.2645,47.5958],[11.2899,47.5697],[11.3643,47.5261],[11.3902,47.4975],[11.3579,47.4671],[11.2976,47.4308],[11.2711,47.4246],[11.0158,47.4012],[10.9789,47.4114],[10.8991,47.5294],[10.9472,47.6146],[10.9709,47.6882],[10.9881,47.7134],[11.1584,47.7287],[11.2947,47.7084],[11.3282,47.6901]]]}},{"type":"Feature","properties":{"code":"DE196","name":"Kreis Erlangen-Höchstadt"},"geometry":{"type":"Polygon","coordinates":[[[10.9403,49.7662],[10.9559,49.7287],[10.9993,49.6779],[11.2204,49.5697],[11.2036,49.5399],[11.1552,49.4972],[11.1385,49.4738],[11.1034,49.4979],[11.022,49.5346],[11.0364,49.5619],[11.042,49.599],[11.0078,49.6148],[10.9305,49.6289],[10.9209,49.5829],[10.9235,49.5347],[10.8419,49.5348],[10.8127,49.5403],[10.7822,49.6248],[10.764,49.6477],[10.6566,49.6682],[10.6139,49.6815],[10.6319,49.7116],[10.6787,49.7562],[10.9403,49.7662]]]}},{"type":"Feature","properties":{"code":"DE197","name":"Donnersbergkreis"},"geometry":{"type":"Polygon","coordinates":[[[7.9184,49.7465],[8.1474,49.6568],[8.1519,49.6268],[8.1279,49.6039],[8.1078,49.567],[8.0834,49.5453],[7.991,49.5022],[7.9638,49.4975],[7.9465,49.5276],[7.6915,49.5772],[7.664,49.5865],[7.6877,49.6057],[7.7002,49.6325],[7.6641,49.6519],[7.6811,49.6742],[7.7412,49.7259],[7.8368,49.7572],[7.8719,49.7608],[7.9184,49.7465]]]}},{"type":"Feature","properties":{"code":"DE198","name":"Rhein-Sieg-Kreis"},"geometry":{"type":"Polygon","coordinates":[[[7.6719,50.8225],[7.6444,50.7639],[7.4775,50.7097],[7.4513,50.6965],[7.4228,50.6919],[7.2476,50.6346],[7.2191,50.6181],[7.209,50.6529],[7.2046,50.7135],[7.193,50.7449],[7.0518,50.7617],[7.0416,50.6748],[7.0471,50.6421],[7.115,50.6073],[7.0871,50.594],[6.9576,50.5611],[6.925,50.5643],[6.8728,50.748],[6.8567,50.7762],[6.8991,50.7917],[7.0167,50.8028],[6.9881,50.8292],[7.024,50.8483],[7.166,50.8686],[7.3763,50.9454],[7.406,50.9429],[7.5445,50.8464],[7.5972,50.8297],[7.6719,50.8225]]]}},{"type":"Feature","properties":{"code":"DE199","name":"Kreis Altenkirchen"},"geometry":{"type":"Polygon","coordinates":[[[7.844,50.9264],[7.868,50.9036],[8.0092,50.7323],[8.0262,50.6976],[7.9874,50.6851],[7.8256,50.7245],[7.7934,50.7281],[7.7024,50.7074],[7.6932,50.6232],[7.5947,50.6403],[7.5657,50.6352],[7.5397,50.5842],[7.5104,50.5746],[7.4809,50.5804],[7.4774,50.6058],[7.4826,50.6377],[7.4513,50.6965],[7.4775,50.7097],[7.6444,50.7639],[7.6719,50.8225],[7.7204,50.834],[7.7625,50.8607],[7.7851,50.9323],[7.8109,50.9338],[7.844,50.9264]]]}},{"type":"Feature","properties":{"code":"DE200","name":"Kreis Cloppenburg"},"geometry":{"type":"Polygon","coordinates":[[[8.0552,53.0522],[8.1184,52.9648],[8.2262,52.8938],[8.2482,52.8687],[8.0394,52.701],[8.0103,52.6837],[7.8977,52.6929],[7.6908,52.668],[7.6651,52.6706],[7.6827,52.7122],[7.7593,52.8419],[7.8048,52.9051],[7.8159,52.9309],[7.6305,53.0448],[7.6024,53.0578],[7.6218,53.096],[7.6398,53.1585],[7.6616,53.1899],[7.7002,53.1999],[8.0112,53.0743],[8.0552,53.0522]]]}},{"type":"Feature","properties":{"code":"DE201","name":"Hochtaunuskreis"},"geometry":{"type":"Polygon","coordinates":[[[8.5052,50.3976],[8.6259,50.3348],[8.6462,50.3119],[8.6985,50.2262],[8.5814,50.1575],[8.5557,50.1534],[8.5234,50.1673],[8.3956,50.1839],[8.353,50.182],[8.3991,50.2619],[8.3736,50.2838],[8.3476,50.293],[8.3528,50.365],[8.4245,50.3962],[8.4502,50.4213],[8.5052,50.3976]]]}},{"type":"Feature","properties":{"code":"DE202","name":"Stadt Berlin"},"geometry":{"type":"Polygon","coordinates":[[[13.6177,52.5413],[13.7466,52.4457],[13.6751,52.3672],[13.4848,52.3979],[13.3554,52.3969],[13.2811,52.3852],[13.2339,52.3958],[13.1507,52.3988],[13.1113,52.4237],[13.0866,52.4565],[13.108,52.4786],[13.1437,52.4966],[13.1691,52.6002],[13.3781,52.6708],[13.4056,52.6749],[13.6177,52.5413]]]}},{"type":"Feature","properties":{"code":"DE203","name":"Kreis Schmalkalden-Meiningen"},"geometry":{"type":"Polygon","coordinates":[[[10.7556,50.7221],[10.7445,50.6971],[10.7409,50.6604],[10.7097,50.6584],[10.6297,50.6395],[10.5597,50.5987],[10.5759,50.5747],[10.4829,50.4042],[10.4544,50.4141],[10.2114,50.5491],[10.1824,50.5492],[10.0345,50.5127],[10.0696,50.6141],[10.0712,50.6406],[10.1639,50.6224],[10.1968,50.6281],[10.1939,50.669],[10.2133,50.7488],[10.2275,50.7701],[10.3398,50.7861],[10.3735,50.7975],[10.4201,50.8517],[10.4982,50.8336],[10.5364,50.819],[10.5673,50.7567],[10.6076,50.7363],[10.7294,50.7206],[10.7556,50.7221]]]}},{"type":"Feature","properties":{"code":"DE204","name":"Saalekreis"},"geometry":{"type":"Polygon","coordinates":[[[11.7434,51.652],[11.9894,51.6444],[12.0302,51.6382],[12.1934,51.5334],[12.195,51.5051],[12.181,51.3777],[12.1823,51.3405],[12.1726,51.3008],[12.1759,51.2649],[12.1481,51.2754],[11.5189,51.2931],[11.4816,51.2894],[11.4173,51.3405],[11.4426,51.365],[11.5509,51.4366],[11.5859,51.443],[11.7643,51.4437],[11.7572,51.5984],[11.7434,51.652]],[[11.8826,51.5201],[11.8936,51.4948],[11.947,51.4139],[11.978,51.4068],[12.0084,51.4119],[12.0627,51.4801],[12.0397,51.5106],[12.0081,51.5354],[11.9756,51.5391],[11.9131,51.5299],[11.8826,51.5201]]]}},{"type":"Feature","properties":{"code":"DE205","name":"Stadt Amberg"},"geometry":{"type":"Polygon","coordinates":[[[11.7901,49.4588],[11.8134,49.4762],[11.8445,49.4851],[11.8826,49.4852],[11.8991,49.4462],[11.855,49.4284],[11.8108,49.4191],[11.7823,49.4246],[11.7901,49.4588]]]}},{"type":"Feature","properties":{"code":"DE206","name":"Kreis Sonneberg"},"geometry":{"type":"Polygon","coordinates":[[[11.27,50.4808],[11.2694,50.4489],[11.2801,50.3489],[11.2678,50.3062],[11.2493,50.2746],[11.1817,50.2836],[11.1182,50.354],[10.9768,50.3553],[10.9527,50.3825],[10.9663,50.4149],[11.0052,50.4732],[10.9813,50.5171],[11.27,50.4808]]]}},{"type":"Feature","properties":{"code":"DE207","name":"Stadt Wuppertal"},"geometry":{"type":"Polygon","coordinates":[[[7.3118,51.2388],[7.2942,51.214],[7.224,51.2228],[7.1904,51.2158],[7.1575,51.2031],[7.1412,51.1779],[7.0967,51.2146],[7.0379,51.2054],[7.0316,51.2402],[7.0575,51.2682],[7.0895,51.2903],[7.1595,51.3134],[7.1833,51.2987],[7.2138,51.3025],[7.2468,51.3133],[7.2593,51.2812],[7.3118,51.2388]]]}},{"type":"Feature","properties":{"code":"DE208","name":"Stadt Suhl"},"geometry":{"type":"Polygon","coordinates":[[[10.8012,50.609],[10.7636,50.5991],[10.7198,50.5961],[10.6413,50.5717],[10.607,50.5791],[10.5759,50.5747],[10.5597,50.5987],[10.6297,50.6395],[10.7097,50.6584],[10.7409,50.6604],[10.8012,50.609]]]}},{"type":"Feature","properties":{"code":"DE209","name":"Kreis Osterholz"},"geometry":{"type":"Polygon","coordinates":[[[8.9154,53.3744],[9.0552,53.172],[9.0759,53.1519],[8.9938,53.1285],[8.9581,53.1297],[8.5645,53.1999],[8.5361,53.1884],[8.5081,53.207],[8.5011,53.249],[8.507,53.2869],[8.6244,53.2857],[8.668,53.2949],[8.8008,53.3798],[8.8354,53.3844],[8.9154,53.3744]]]}},{"type":"Feature","properties":{"code":"DE210","name":"Stadt Neustadt an der Weinstraße"},"geometry":{"type":"Polygon","coordinates":[[[8.284,49.316],[8.2862,49.277],[8.2501,49.2914],[8.0637,49.3297],[8.0403,49.3467],[8.0819,49.3701],[8.147,49.3911],[8.2128,49.3805],[8.2362,49.3607],[8.2548,49.3365],[8.284,49.316]]]}},{"type":"Feature","properties":{"code":"DE211","name":"Stadt Herne"},"geometry":{"type":"Polygon","coordinates":[[[7.2843,51.5319],[7.1672,51.5103],[7.1307,51.5],[7.1377,51.5502],[7.2207,51.5605],[7.2566,51.5578],[7.2843,51.5319]]]}},{"type":"Feature","properties":{"code":"DE212","name":"Hohenlohekreis"},"geometry":{"type":"Polygon","coordinates":[[[9.8486,49.3663],[9.8353,49.3377],[9.7471,49.1994],[9.7232,49.1859],[9.5603,49.1212],[9.5205,49.1074],[9.394,49.1652],[9.3742,49.1898],[9.471,49.292],[9.4542,49.3642],[9.593,49.4248],[9.6263,49.4203],[9.8486,49.3663]]]}},{"type":"Feature","properties":{"code":"DE213","name":"Kreis Wunsiedel"},"geometry":{"type":"Polygon","coordinates":[[[12.2682,50.0656],[12.1967,50.0044],[11.9129,49.9734],[11.8903,49.9979],[11.8251,50.1001],[11.8504,50.1244],[11.9574,50.1891],[12.0879,50.2087],[12.1302,50.2245],[12.1563,50.1947],[12.2091,50.1127],[12.2682,50.0656]]]}},{"type":"Feature","properties":{"code":"DE214","name":"Kreis Cochem-Zell"},"geometry":{"type":"Polygon","coordinates":[[[7.3752,50.1568],[7.3828,50.1141],[7.2396,49.9656],[7.2122,49.9438],[7.1739,49.9923],[6.9875,50.0951],[6.9974,50.1369],[7.0598,50.2714],[7.0968,50.2733],[7.2615,50.2374],[7.302,50.2228],[7.3364,50.1866],[7.3752,50.1568]]]}},{"type":"Feature","properties":{"code":"DE215","name":"Kreis Göppingen"},"geometry":{"type":"Polygon","coordinates":[[[9.9726,48.7267],[9.9716,48.6936],[9.9451,48.6357],[9.9146,48.6173],[9.8013,48.563],[9.5814,48.5383],[9.554,48.5535],[9.5882,48.6146],[9.4976,48.6734],[9.4929,48.7073],[9.5005,48.7458],[9.5313,48.7639],[9.5723,48.7791],[9.604,48.7843],[9.631,48.7751],[9.9726,48.7267]]]}},{"type":"Feature","properties":{"code":"DE216","name":"Altmarkkreis Salzwedel"},"geometry":{"type":"Polygon","coordinates":[[[11.6056,52.4514],[11.5836,52.4327],[11.439,52.3879],[11.0006,52.4972],[10.9805,52.5288],[10.7651,52.7904],[10.7851,52.8194],[10.8157,52.8482],[11.175,52.8976],[11.3275,52.8864],[11.3645,52.9004],[11.4662,52.955],[11.4957,52.9611],[11.6161,52.8896],[11.625,52.8547],[11.5168,52.8452],[11.4777,52.8292],[11.5187,52.7196],[11.5015,52.6944],[11.4469,52.6488],[11.4249,52.6229],[11.5768,52.6154],[11.5906,52.5821],[11.6056,52.4514]]]}},{"type":"Feature","properties":{"code":"DE217","name":"Kreis Hersfeld-Rotenburg"},"geometry":{"type":"Polygon","coordinates":[[[9.7864,51.0788],[10.0129,50.995],[10.0218,50.9293],[10.0231,50.8665],[9.9427,50.7607],[9.9128,50.7635],[9.8103,50.7968],[9.7838,50.7935],[9.6521,50.7489],[9.6155,50.7266],[9.5784,50.746],[9.452,50.7934],[9.4575,50.8235],[9.5423,50.9609],[9.5662,50.9874],[9.686,51.0713],[9.7254,51.0793],[9.7864,51.0788]]]}},{"type":"Feature","properties":{"code":"DE218","name":"Kreis Waldeck-Frankenberg"},"geometry":{"type":"Polygon","coordinates":[[[9.1511,51.4445],[9.1171,51.2905],[9.1263,51.2621],[9.1852,51.1782],[9.2013,51.1435],[9.183,51.1192],[8.9792,50.9425],[8.9498,50.9419],[8.87,50.9548],[8.5878,50.9499],[8.4781,50.972],[8.4899,51.0115],[8.532,51.0767],[8.5416,51.1058],[8.5843,51.1073],[8.7299,51.1323],[8.7381,51.1631],[8.7303,51.2206],[8.7157,51.251],[8.598,51.2699],[8.5697,51.2835],[8.6711,51.3605],[8.7003,51.3764],[8.9153,51.3876],[8.9402,51.396],[8.9634,51.4832],[8.9617,51.5086],[9.0262,51.5144],[9.0633,51.5025],[9.099,51.4872],[9.1511,51.4445]]]}},{"type":"Feature","properties":{"code":"DE219","name":"Kreis Neumarkt i.d. OPf."},"geometry":{"type":"Polygon","coordinates":[[[11.5526,49.3996],[11.5859,49.382],[11.8069,49.2906],[11.9281,49.29],[11.9278,49.2323],[11.937,49.1788],[11.8021,49.165],[11.7754,49.1497],[11.7032,49.0918],[11.6522,49.0084],[11.5982,48.9572],[11.5485,49.0469],[11.5293,49.0694],[11.4092,49.0726],[11.3908,49.0946],[11.2764,49.1976],[11.2588,49.2174],[11.2166,49.3176],[11.3315,49.3056],[11.4872,49.4151],[11.5526,49.3996]]]}},{"type":"Feature","properties":{"code":"DE220","name":"Kreis Wolfenbüttel"},"geometry":{"type":"MultiPolygon","coordinates":[[[[10.2023,52.013],[10.1843,52.1159],[10.1842,52.1453],[10.2177,52.1637],[10.2528,52.1329],[10.3196,52.0597],[10.3411,52.0295],[10.2307,52.0103],[10.2023,52.013]]],[[[10.5674,51.9965],[10.4628,52.0474],[10.437,52.1224],[10.4638,52.1537],[10.502,52.1823],[10.5791,52.2152],[10.6046,52.2356],[10.6365,52.2902],[10.7054,52.3016],[10.73,52.2844],[10.7922,52.2116],[10.8515,52.1892],[10.8782,52.1713],[10.7932,52.0537],[10.6888,52.0472],[10.5674,51.9965]]]]}},{"type":"Feature","properties":{"code":"DE221","name":"Kreis Ammerland"},"geometry":{"type":"Polygon","coordinates":[[[8.2805,53.1933],[8.2341,53.1989],[8.192,53.1965],[8.0687,53.0831],[8.0552,53.0522],[8.0112,53.0743],[7.7002,53.1999],[7.7236,53.2225],[7.8244,53.2789],[7.8584,53.3046],[7.9012,53.3463],[7.9563,53.3133],[8.0046,53.3126],[8.1644,53.3489],[8.1822,53.3238],[8.2215,53.2997],[8.2591,53.2833],[8.2744,53.2573],[8.2833,53.2246],[8.2805,53.1933]]]}},{"type":"Feature","properties":{"code":"DE222","name":"Kreis Stade"},"geometry":{"type":"Polygon","coordinates":[[[9.499,53.7075],[9.5069,53.6755],[9.5544,53.6163],[9.7648,53.5577],[9.7704,53.5291],[9.7679,53.4888],[9.5956,53.3615],[9.5682,53.3312],[9.5352,53.3403],[9.4278,53.3558],[9.3882,53.3804],[9.1261,53.5812],[9.1603,53.6052],[9.2556,53.704],[9.2716,53.7345],[9.2357,53.7532],[8.9952,53.8416],[9.0193,53.8545],[9.1202,53.8635],[9.2362,53.861],[9.2639,53.8664],[9.3234,53.8456],[9.4691,53.7204],[9.499,53.7075]]]}},{"type":"Feature","properties":{"code":"DE223","name":"Kreis Böblingen"},"geometry":{"type":"Polygon","coordinates":[[[9.0736,48.7825],[9.1076,48.7257],[9.1424,48.6955],[9.1599,48.6379],[9.1421,48.6024],[8.8959,48.5647],[8.8568,48.5188],[8.8164,48.5206],[8.7702,48.5339],[8.7756,48.5639],[8.869,48.7166],[8.8495,48.7398],[8.7946,48.774],[8.8817,48.8039],[8.9146,48.864],[9.0164,48.8285],[9.0478,48.8119],[9.0736,48.7825]]]}},{"type":"Feature","properties":{"code":"DE224","name":"Kreis Recklinghausen"},"geometry":{"type":"Polygon","coordinates":[[[7.2647,51.7939],[7.4292,51.6509],[7.446,51.6236],[7.418,51.5934],[7.3799,51.5906],[7.3642,51.5365],[7.3362,51.5299],[7.3138,51.5158],[7.2843,51.5319],[7.2566,51.5578],[7.2207,51.5605],[7.1377,51.5502],[7.1285,51.5744],[7.031,51.6077],[7.0041,51.6115],[7.0236,51.5538],[7.0024,51.5312],[6.9597,51.5477],[6.9512,51.5917],[6.954,51.632],[6.8954,51.63],[6.9121,51.6609],[6.9327,51.7171],[6.9155,51.7444],[6.9423,51.764],[7.0084,51.7944],[7.1191,51.7911],[7.1631,51.8206],[7.2647,51.7939]]]}},{"type":"Feature","properties":{"code":"DE225","name":"Kreis Schaumburg"},"geometry":{"type":"Polygon","coordinates":[[[9.4527,52.27],[9.4235,52.2656],[9.2035,52.191],[9.1847,52.1352],[9.1579,52.1056],[9.1189,52.1174],[9.0193,52.1772],[9.0503,52.1989],[9.0635,52.2226],[9.0409,52.2443],[8.9813,52.2822],[9.0004,52.3024],[9.1473,52.4107],[9.2567,52.4325],[9.2957,52.4348],[9.3398,52.4237],[9.425,52.3575],[9.4527,52.27]]]}},{"type":"Feature","properties":{"code":"DE226","name":"Stadt Stuttgart"},"geometry":{"type":"Polygon","coordinates":[[[9.2345,48.859],[9.2885,48.7856],[9.2715,48.7514],[9.2476,48.7121],[9.2107,48.6976],[9.1424,48.6955],[9.1076,48.7257],[9.0736,48.7825],[9.0999,48.8183],[9.1397,48.8542],[9.1758,48.8597],[9.2345,48.859]]]}},{"type":"Feature","properties":{"code":"DE227","name":"Kreis Emmendingen"},"geometry":{"type":"Polygon","coordinates":[[[8.1797,48.19],[8.1107,48.0157],[8.0851,48.0179],[7.9071,48.0635],[7.5737,48.1225],[7.5917,48.1459],[7.6491,48.2488],[7.6779,48.2531],[8.1448,48.2057],[8.1797,48.19]]]}},{"type":"Feature","properties":{"code":"DE228","name":"Salzlandkreis"},"geometry":{"type":"Polygon","coordinates":[[[11.8527,52.009],[11.9885,51.9049],[12.0055,51.8855],[11.8731,51.8472],[11.8608,51.8078],[11.8503,51.6726],[11.8593,51.6478],[11.7434,51.652],[11.4233,51.7074],[11.3764,51.7107],[11.3473,51.7406],[11.2805,51.7844],[11.2602,51.8067],[11.3932,51.9744],[11.4194,51.9908],[11.5609,51.9704],[11.6109,51.9748],[11.6677,52.015],[11.7549,52.0664],[11.7883,52.0527],[11.8527,52.009]]]}},{"type":"Feature","properties":{"code":"DE229","name":"Kreis Olpe"},"geometry":{"type":"Polygon","coordinates":[[[8.232,51.0983],[8.1999,51.0338],[8.1643,51.019],[8.0024,51.0271],[7.9699,51.0197],[7.9356,50.9644],[7.9109,50.9369],[7.844,50.9264],[7.8109,50.9338],[7.7851,50.9323],[7.7766,50.9732],[7.7387,51.0341],[7.7301,51.0703],[7.7949,51.0793],[7.8325,51.0958],[7.9323,51.2251],[7.9604,51.2341],[8.0803,51.2389],[8.1208,51.2316],[8.2104,51.1334],[8.232,51.0983]]]}},{"type":"Feature","properties":{"code":"DE230","name":"Stadt Dortmund"},"geometry":{"type":"Polygon","coordinates":[[[7.5187,51.415],[7.4576,51.416],[7.3415,51.4868],[7.3138,51.5158],[7.3362,51.5299],[7.3642,51.5365],[7.3799,51.5906],[7.418,51.5934],[7.4557,51.5863],[7.5626,51.5832],[7.5951,51.5749],[7.6184,51.5449],[7.6278,51.5158],[7.5353,51.4402],[7.5187,51.415]]]}},{"type":"Feature","properties":{"code":"DE231","name":"Wetteraukreis"},"geometry":{"type":"Polygon","coordinates":[[[9.2776,50.4341],[9.2644,50.4052],[9.1665,50.26],[9.1329,50.2561],[8.8552,50.2733],[8.8361,50.2479],[8.824,50.2133],[8.7526,50.167],[8.6985,50.2262],[8.6462,50.3119],[8.6259,50.3348],[8.5052,50.3976],[8.5407,50.4215],[8.676,50.4787],[8.7089,50.4775],[8.9388,50.432],[8.9633,50.4539],[8.9851,50.4854],[9.0159,50.4952],[9.0472,50.4966],[9.1075,50.4479],[9.1533,50.4365],[9.2776,50.4341]]]}},{"type":"Feature","properties":{"code":"DE232","name":"Kreis Ahrweiler"},"geometry":{"type":"Polygon","coordinates":[[[7.2191,50.6181],[7.3146,50.508],[7.3363,50.4771],[7.0806,50.4],[6.9441,50.3113],[6.9097,50.318],[6.8061,50.3594],[6.7857,50.3932],[6.7622,50.4561],[6.783,50.4806],[6.8092,50.4866],[6.8472,50.4712],[6.8859,50.4737],[6.9233,50.5254],[6.925,50.5643],[6.9576,50.5611],[7.0871,50.594],[7.115,50.6073],[7.1915,50.6183],[7.2191,50.6181]]]}},{"type":"Feature","properties":{"code":"DE233","name":"Kreis Märkisch-Oderland"},"geometry":{"type":"Polygon","coordinates":[[[14.1981,52.8013],[14.5525,52.6305],[14.585,52.6277],[14.6338,52.5789],[14.6086,52.52],[14.6154,52.4823],[14.6014,52.4606],[14.5375,52.3984],[14.4572,52.3799],[14.4227,52.364],[14.4001,52.3827],[14.1893,52.4707],[14.1549,52.4722],[13.7466,52.4457],[13.6177,52.5413],[13.6421,52.5708],[13.8932,52.7805],[14.0559,52.8775],[14.0945,52.8851],[14.1519,52.889],[14.1829,52.8968],[14.1705,52.8652],[14.1643,52.8225],[14.1981,52.8013]]]}},{"type":"Feature","properties":{"code":"DE234","name":"Hansestadt Rostock"},"geometry":{"type":"Polygon","coordinates":[[[12.1935,54.0989],[12.1651,54.0816],[12.1026,54.0554],[12.0396,54.089],[12.0354,54.1204],[12.0214,54.1564],[12.0471,54.1717],[12.1435,54.2014],[12.2188,54.2382],[12.2511,54.2249],[12.2828,54.1984],[12.2141,54.1836],[12.1908,54.1574],[12.1747,54.1249],[12.1935,54.0989]]]}},{"type":"Feature","properties":{"code":"DE235","name":"Kreis Unna"},"geometry":{"type":"Polygon","coordinates":[[[7.704,51.7141],[7.6885,51.6253],[7.7129,51.6064],[7.819,51.5796],[7.8285,51.5528],[7.8325,51.5153],[7.8435,51.4741],[7.705,51.4734],[7.6757,51.4575],[7.5921,51.3938],[7.5568,51.3999],[7.5187,51.415],[7.5353,51.4402],[7.6278,51.5158],[7.6184,51.5449],[7.5951,51.5749],[7.5626,51.5832],[7.4557,51.5863],[7.418,51.5934],[7.446,51.6236],[7.4292,51.6509],[7.4036,51.6712],[7.4306,51.6925],[7.4583,51.7229],[7.497,51.7266],[7.704,51.7141]]]}},{"type":"Feature","properties":{"code":"DE236","name":"Kreis Herzogtum Lauenburg"},"geometry":{"type":"Polygon","coordinates":[[[10.9405,53.6426],[10.5973,53.3664],[10.4944,53.3924],[10.4628,53.3915],[10.4248,53.4128],[10.2851,53.4535],[10.2336,53.4849],[10.2518,53.5071],[10.408,53.5963],[10.4265,53.6322],[10.4679,53.7547],[10.5387,53.7673],[10.5721,53.7961],[10.6064,53.7983],[10.6566,53.787],[10.6914,53.7848],[10.767,53.8113],[10.7571,53.7836],[10.7645,53.7526],[10.9203,53.6643],[10.9405,53.6426]]]}},{"type":"Feature","properties":{"code":"DE237","name":"Kreis Grafschaft Bentheim"},"geometry":{"type":"Polygon","coordinates":[[[6.9973,52.642],[7.0112,52.6191],[7.0359,52.605],[7.2489,52.5438],[7.263,52.5142],[7.2717,52.4777],[7.2202,52.4394],[7.3098,52.2819],[7.1183,52.2558],[7.0761,52.246],[7.0458,52.2659],[6.945,52.4296],[6.9198,52.4459],[6.7047,52.5528],[6.7241,52.5901],[6.737,52.6325],[6.7781,52.6458],[6.9973,52.642]]]}},{"type":"Feature","properties":{"code":"DE238","name":"Saarpfalz-Kreis"},"geometry":{"type":"Polygon","coordinates":[[[7.3861,49.3763],[7.3842,49.3087],[7.3268,49.2653],[7.3057,49.2354],[7.3385,49.1991],[7.3437,49.1672],[7.3169,49.1359],[7.2888,49.1226],[7.1133,49.1163],[7.1046,49.152],[7.1141,49.2846],[7.105,49.3129],[7.2281,49.2987],[7.2239,49.3336],[7.2288,49.3734],[7.2959,49.4063],[7.3861,49.3763]]]}},{"type":"Feature","properties":{"code":"DE239","name":"Kreis Ostallgäu"},"geometry":{"type":"Polygon","coordinates":[[[10.8092,48.0739],[10.8246,47.9903],[10.7441,47.7584],[10.7422,47.7178],[10.9472,47.6146],[10.8991,47.5294],[10.8658,47.537],[10.4721,47.5685],[10.4705,47.6551],[10.4554,47.7509],[10.3312,47.8562],[10.3555,47.8732],[10.5238,47.9601],[10.6201,47.9682],[10.6481,47.9757],[10.7009,48.0507],[10.7025,48.0966],[10.7808,48.0885],[10.8092,48.0739]],[[10.5715,47.8621],[10.6472,47.8588],[10.6432,47.9104],[10.61,47.906],[10.5879,47.8855],[10.5715,47.8621]]]}},{"type":"Feature","properties":{"code":"DE240","name":"Kreis Saarlouis"},"geometry":{"type":"Polygon","coordinates":[[[6.9802,49.4365],[6.9428,49.4217],[6.9225,49.4041],[6.9403,49.3805],[6.9264,49.357],[6.86,49.2779],[6.8351,49.263],[6.7283,49.2174],[6.6955,49.2098],[6.6384,49.2841],[6.5938,49.332],[6.5923,49.3994],[6.6309,49.4067],[6.734,49.3887],[6.7703,49.4037],[6.8077,49.4276],[6.8596,49.4842],[6.889,49.4925],[6.926,49.4984],[6.9802,49.4365]]]}},{"type":"Feature","properties":{"code":"DE241","name":"Kreis Ludwigsburg"},"geometry":{"type":"Polygon","coordinates":[[[9.3913,49.0355],[9.3793,49.0075],[9.2917,48.8689],[9.2345,48.859],[9.1758,48.8597],[9.1397,48.8542],[9.0999,48.8183],[9.0736,48.7825],[9.0478,48.8119],[9.0164,48.8285],[8.9146,48.864],[8.9136,48.8975],[8.9267,48.9511],[8.9282,48.9766],[8.8956,49.0279],[8.8699,49.054],[8.916,49.0565],[9.0984,49.051],[9.3913,49.0355]]]}},{"type":"Feature","properties":{"code":"DE242","name":"Kreis Oder-Spree"},"geometry":{"type":"Polygon","coordinates":[[[14.4227,52.364],[14.4028,52.301],[14.4068,52.2721],[14.4543,52.2717],[14.5739,52.2817],[14.6942,52.2482],[14.6972,52.2118],[14.6885,52.1052],[14.7108,52.0844],[14.75,52.0624],[14.7252,51.994],[14.7007,52.0024],[14.4505,52.025],[14.3701,52.0632],[14.3424,52.0668],[14.2849,52.0392],[14.2395,52.0419],[14.1025,52.0876],[13.8567,52.1194],[13.8468,52.1594],[13.8521,52.2361],[13.849,52.2773],[13.7016,52.3498],[13.6751,52.3672],[13.7466,52.4457],[14.1549,52.4722],[14.1893,52.4707],[14.4001,52.3827],[14.4227,52.364]]]}},{"type":"Feature","properties":{"code":"DE243","name":"Oberbergischer Kreis"},"geometry":{"type":"Polygon","coordinates":[[[7.4363,51.2161],[7.4478,51.1923],[7.5104,51.1071],[7.553,51.0948],[7.7301,51.0703],[7.7387,51.0341],[7.7766,50.9732],[7.7851,50.9323],[7.7625,50.8607],[7.7204,50.834],[7.6719,50.8225],[7.5972,50.8297],[7.5445,50.8464],[7.406,50.9429],[7.3763,50.9454],[7.3517,50.9605],[7.2601,50.9868],[7.276,51.0112],[7.3156,51.0517],[7.3222,51.0813],[7.2866,51.1372],[7.2942,51.214],[7.3118,51.2388],[7.3771,51.2409],[7.4363,51.2161]]]}},{"type":"Feature","properties":{"code":"DE244","name":"Kreis Gifhorn"},"geometry":{"type":"Polygon","coordinates":[[[10.7651,52.7904],[10.9805,52.5288],[11.0006,52.4972],[10.951,52.4695],[10.9215,52.4694],[10.8945,52.461],[10.8068,52.4882],[10.7146,52.47],[10.674,52.453],[10.6593,52.4172],[10.6398,52.3934],[10.613,52.3723],[10.5953,52.3484],[10.4542,52.3334],[10.416,52.3389],[10.3512,52.4244],[10.2759,52.4596],[10.2999,52.5018],[10.4038,52.7771],[10.4315,52.7856],[10.7255,52.7942],[10.7651,52.7904]]]}},{"type":"Feature","properties":{"code":"DE245","name":"Kreis Kulmbach"},"geometry":{"type":"Polygon","coordinates":[[[11.677,50.1238],[11.4197,49.9731],[11.3839,49.9594],[11.231,49.9906],[11.2623,50.0129],[11.3597,50.1458],[11.5086,50.2538],[11.6449,50.2311],[11.6596,50.203],[11.677,50.1238]]]}},{"type":"Feature","properties":{"code":"DE246","name":"Stadt Schwabach"},"geometry":{"type":"Polygon","coordinates":[[[11.027,49.3871],[11.0534,49.3623],[11.0691,49.3342],[11.0377,49.3102],[11.004,49.3094],[10.9718,49.3728],[10.9997,49.3878],[11.027,49.3871]]]}},{"type":"Feature","properties":{"code":"DE247","name":"Kreis Prignitz"},"geometry":{"type":"Polygon","coordinates":[[[12.3272,53.3177],[12.3036,53.0852],[12.3108,53.0495],[12.4018,53.0269],[12.4158,53.0041],[12.131,52.8888],[11.8478,52.9113],[11.6001,53.0026],[11.5616,53.01],[11.5237,53.0306],[11.2832,53.1218],[11.3155,53.1277],[11.5247,53.1248],[11.7878,53.2312],[11.8658,53.2719],[12.0885,53.3448],[12.3272,53.3177]]]}},{"type":"Feature","properties":{"code":"DE248","name":"Kreis Fulda"},"geometry":{"type":"Polygon","coordinates":[[[9.9427,50.7607],[9.8958,50.6807],[9.8876,50.6469],[9.9319,50.6344],[10.0181,50.6716],[10.0439,50.6604],[10.0712,50.6406],[10.0696,50.6141],[10.0345,50.5127],[9.9543,50.437],[9.9279,50.419],[9.8264,50.4224],[9.7945,50.4129],[9.749,50.3445],[9.7197,50.3491],[9.4692,50.4336],[9.4765,50.4869],[9.472,50.6278],[9.6291,50.6304],[9.6311,50.6607],[9.6155,50.7266],[9.6521,50.7489],[9.7838,50.7935],[9.8103,50.7968],[9.9128,50.7635],[9.9427,50.7607]]]}},{"type":"Feature","properties":{"code":"DE249","name":"Kreis Unterallgäu"},"geometry":{"type":"Polygon","coordinates":[[[10.5713,48.2192],[10.5953,48.1976],[10.6872,48.1659],[10.6987,48.13],[10.7009,48.0507],[10.6481,47.9757],[10.6201,47.9682],[10.5238,47.9601],[10.3555,47.8732],[10.3312,47.8562],[10.1848,47.8276],[10.1472,47.8132],[10.14,47.8433],[10.1072,47.9035],[10.0996,47.9368],[10.1793,47.9363],[10.2066,47.993],[10.2158,48.0231],[10.1034,48.0346],[10.1281,48.1127],[10.1648,48.1341],[10.2683,48.2218],[10.3066,48.2038],[10.3377,48.1824],[10.384,48.1815],[10.5075,48.2209],[10.5713,48.2192]]]}},{"type":"Feature","properties":{"code":"DE250","name":"Kreis Mettmann"},"geometry":{"type":"Polygon","coordinates":[[[7.1595,51.3134],[7.0895,51.2903],[7.0575,51.2682],[7.0316,51.2402],[7.0379,51.2054],[7.0006,51.1833],[6.9737,51.1601],[6.9936,51.1241],[6.9778,51.0817],[6.9523,51.0725],[6.9249,51.0791],[6.9019,51.0644],[6.8686,51.0806],[6.8734,51.1186],[6.8991,51.1312],[6.9046,51.1614],[6.9046,51.1895],[6.8855,51.2205],[6.9184,51.2481],[6.8872,51.2685],[6.8127,51.2764],[6.7926,51.3455],[6.9091,51.3679],[6.9444,51.353],[6.992,51.353],[7.1094,51.3759],[7.1444,51.3416],[7.1595,51.3134]]]}},{"type":"Feature","properties":{"code":"DE251","name":"Kreis Dingolfing-Landau"},"geometry":{"type":"Polygon","coordinates":[[[12.9419,48.6117],[12.915,48.5995],[12.8106,48.599],[12.7815,48.5883],[12.7606,48.5447],[12.5145,48.4985],[12.4889,48.4866],[12.4589,48.5227],[12.3621,48.6175],[12.3347,48.6969],[12.3366,48.7227],[12.5027,48.7602],[12.621,48.7452],[12.6572,48.7456],[12.7601,48.8103],[12.77,48.7829],[12.8265,48.6849],[12.9022,48.6431],[12.9419,48.6117]]]}},{"type":"Feature","properties":{"code":"DE252","name":"Stadt Remscheid"},"geometry":{"type":"Polygon","coordinates":[[[7.2942,51.214],[7.2866,51.1372],[7.2484,51.1464],[7.1878,51.1513],[7.16,51.1487],[7.1412,51.1779],[7.1575,51.2031],[7.1904,51.2158],[7.224,51.2228],[7.2942,51.214]]]}},{"type":"Feature","properties":{"code":"DE253","name":"Kreis Wesel"},"geometry":{"type":"Polygon","coordinates":[[[6.9155,51.7444],[6.9327,51.7171],[6.9254,51.6921],[6.8954,51.63],[6.8633,51.6023],[6.8436,51.5719],[6.8148,51.5603],[6.7916,51.5305],[6.6853,51.5594],[6.6767,51.4492],[6.6608,51.4278],[6.6434,51.3904],[6.5523,51.3936],[6.5294,51.4071],[6.5056,51.4257],[6.4971,51.4695],[6.4678,51.542],[6.448,51.5721],[6.3515,51.604],[6.3245,51.6176],[6.3331,51.6454],[6.3599,51.693],[6.3774,51.7115],[6.4661,51.7192],[6.4932,51.7295],[6.5128,51.7631],[6.5386,51.7868],[6.8499,51.7416],[6.8893,51.7395],[6.9155,51.7444]]]}},{"type":"Feature","properties":{"code":"DE254","name":"Ilm-Kreis"},"geometry":{"type":"Polygon","coordinates":[[[11.195,50.8117],[11.19,50.7446],[11.1619,50.7295],[11.0548,50.7042],[11.0502,50.6763],[11.0617,50.6075],[11.0567,50.5675],[10.9545,50.5467],[10.9093,50.5906],[10.8409,50.5975],[10.8012,50.609],[10.7409,50.6604],[10.7445,50.6971],[10.7556,50.7221],[10.8996,50.8758],[10.9139,50.8986],[10.9514,50.896],[11.0849,50.9098],[11.1121,50.9168],[11.1261,50.8925],[11.195,50.8117]]]}},{"type":"Feature","properties":{"code":"DE255","name":"Kreis Altenburger Land"},"geometry":{"type":"Polygon","coordinates":[[[12.6201,50.983],[12.6374,50.9225],[12.2748,50.8242],[12.2484,50.8238],[12.2281,50.9188],[12.2164,50.9431],[12.2344,50.97],[12.2783,51.0835],[12.31,51.0873],[12.4688,51.0686],[12.5042,51.0565],[12.5531,51.0067],[12.5913,50.9866],[12.6201,50.983]]]}},{"type":"Feature","properties":{"code":"DE256","name":"Stadt Leverkusen"},"geometry":{"type":"Polygon","coordinates":[[[7.0735,51.0133],[6.9787,51.0141],[6.9019,51.0644],[6.9249,51.0791],[6.9523,51.0725],[7.0128,51.0901],[7.0545,51.087],[7.0777,51.0713],[7.0909,51.0434],[7.0735,51.0133]]]}},{"type":"Feature","properties":{"code":"DE257","name":"Kreis Peine"},"geometry":{"type":"Polygon","coordinates":[[[10.416,52.3389],[10.4361,52.2171],[10.4025,52.2064],[10.3611,52.1838],[10.3234,52.1771],[10.2641,52.182],[10.2367,52.1935],[10.2146,52.2137],[10.1521,52.2318],[10.0264,52.2298],[10.0258,52.2925],[10.0826,52.3069],[10.2759,52.4596],[10.3512,52.4244],[10.416,52.3389]]]}},{"type":"Feature","properties":{"code":"DE258","name":"StädteRegion Aachen"},"geometry":{"type":"Polygon","coordinates":[[[6.1761,50.9161],[6.2079,50.901],[6.3195,50.829],[6.33,50.8003],[6.3046,50.6967],[6.3044,50.6639],[6.3912,50.6003],[6.3651,50.5698],[6.2941,50.5232],[6.2698,50.4992],[6.0312,50.7445],[6.0148,50.7896],[5.9967,50.9228],[6.0367,50.9232],[6.1093,50.9045],[6.141,50.9007],[6.1761,50.9161]]]}},{"type":"Feature","properties":{"code":"DE259","name":"Stadt Dessau-Roßlau"},"geometry":{"type":"Polygon","coordinates":[[[12.3509,51.7282],[12.3195,51.7319],[12.1421,51.7757],[12.119,51.7924],[12.1154,51.8372],[12.1188,51.8765],[12.1918,51.9444],[12.2188,51.9624],[12.2857,51.9731],[12.2873,51.9464],[12.3446,51.7613],[12.3509,51.7282]]]}},{"type":"Feature","properties":{"code":"DE260","name":"Kreis Ebersberg"},"geometry":{"type":"Polygon","coordinates":[[[11.7627,48.2205],[12.0789,48.1232],[12.0814,48.0881],[12.075,48.0212],[12.0617,47.9853],[11.8601,47.9379],[11.838,47.9525],[11.7713,48.0163],[11.7631,48.0713],[11.7578,48.1706],[11.7627,48.2205]]]}},{"type":"Feature","properties":{"code":"DE261","name":"Kreis Elbe-Elster"},"geometry":{"type":"Polygon","coordinates":[[[13.5176,51.7912],[13.5981,51.7453],[13.6435,51.7396],[13.7734,51.7369],[13.8003,51.7442],[13.8091,51.7097],[13.8672,51.5816],[13.8487,51.5609],[13.6943,51.5328],[13.6703,51.5181],[13.6909,51.3989],[13.7029,51.3694],[13.6695,51.3677],[13.6351,51.3747],[13.3957,51.4446],[13.3658,51.4405],[13.2482,51.4042],[13.2145,51.3992],[13.185,51.4809],[13.1658,51.5664],[13.1538,51.5949],[13.0627,51.6446],[13.0902,51.6729],[13.1546,51.7144],[13.1758,51.7394],[13.1402,51.8533],[13.1199,51.8848],[13.5176,51.7912]]]}},{"type":"Feature","properties":{"code":"DE262","name":"Kyffhäuserkreis"},"geometry":{"type":"Polygon","coordinates":[[[11.3266,51.4048],[11.4816,51.2894],[11.4152,51.2426],[11.0658,51.2848],[11.0232,51.2841],[10.9146,51.1965],[10.8843,51.2137],[10.6758,51.2656],[10.4382,51.3473],[10.4613,51.368],[10.4977,51.3909],[10.5379,51.3956],[10.9738,51.4066],[11.3,51.4086],[11.3266,51.4048]]]}},{"type":"Feature","properties":{"code":"DE263","name":"Kreis Wittenberg"},"geometry":{"type":"Polygon","coordinates":[[[12.7912,51.9837],[12.8141,51.9665],[13.1199,51.8848],[13.1402,51.8533],[13.1758,51.7394],[13.1546,51.7144],[13.0902,51.6729],[13.0627,51.6446],[12.8549,51.6566],[12.6058,51.6284],[12.571,51.6345],[12.5507,51.6675],[12.3509,51.7282],[12.3446,51.7613],[12.2873,51.9464],[12.2857,51.9731],[12.3796,52.0352],[12.4544,52.0141],[12.7373,51.9822],[12.7912,51.9837]]]}},{"type":"Feature","properties":{"code":"DE264","name":"Kreis Barnim"},"geometry":{"type":"Polygon","coordinates":[[[14.2068,52.9573],[14.1829,52.8968],[14.1519,52.889],[14.0559,52.8775],[13.8932,52.7805],[13.6421,52.5708],[13.6177,52.5413],[13.4056,52.6749],[13.4042,52.7045],[13.4354,52.9144],[13.4443,52.9504],[13.4833,52.9706],[13.7744,53.0459],[13.8074,53.0396],[14.0328,52.9591],[14.1733,52.9512],[14.2068,52.9573]]]}},{"type":"Feature","properties":{"code":"DE265","name":"Hansestadt Lübeck"},"geometry":{"type":"Polygon","coordinates":[[[10.767,53.8113],[10.6914,53.7848],[10.6566,53.787],[10.6064,53.7983],[10.5721,53.7961],[10.59,53.8888],[10.628,53.8916],[10.6595,53.8883],[10.874,53.9719],[10.8885,53.9449],[10.888,53.9105],[10.767,53.8113]]]}},{"type":"Feature","properties":{"code":"DE266","name":"Kreis Miltenberg"},"geometry":{"type":"Polygon","coordinates":[[[9.4228,49.8706],[9.4551,49.8106],[9.4595,49.7808],[9.3449,49.7701],[9.3174,49.7586],[9.3217,49.7304],[9.407,49.7089],[9.4144,49.6834],[9.4171,49.6483],[9.2481,49.5846],[9.1443,49.5778],[9.0987,49.5695],[9.1293,49.7562],[9.128,49.787],[9.0648,49.8498],[9.0413,49.8639],[9.1342,49.9147],[9.1674,49.9189],[9.2322,49.9164],[9.2729,49.9075],[9.2979,49.8696],[9.3257,49.8413],[9.389,49.866],[9.4228,49.8706]]]}},{"type":"Feature","properties":{"code":"DE267","name":"Kreis Starnberg"},"geometry":{"type":"Polygon","coordinates":[[[11.3791,48.1084],[11.4164,48.0971],[11.4253,48.0366],[11.4214,47.9707],[11.3382,47.8752],[11.3211,47.8443],[11.1527,47.9499],[11.1335,48.0815],[11.2472,48.1303],[11.3791,48.1084]]]}},{"type":"Feature","properties":{"code":"DE268","name":"Rheingau-Taunus-Kreis"},"geometry":{"type":"Polygon","coordinates":[[[8.3991,50.2619],[8.3329,50.1419],[8.302,50.1398],[8.1675,50.1106],[8.1362,50.0939],[8.1789,50.031],[7.9307,49.9783],[7.8923,49.9828],[7.7712,50.0789],[7.8026,50.1031],[8.1167,50.2773],[8.3476,50.293],[8.3736,50.2838],[8.3991,50.2619]]]}},{"type":"Feature","properties":{"code":"DE269","name":"Kreis Siegen-Wittgenstein"},"geometry":{"type":"Polygon","coordinates":[[[8.5416,51.1058],[8.532,51.0767],[8.4899,51.0115],[8.4781,50.972],[8.4493,50.9487],[8.4303,50.9191],[8.4056,50.9054],[8.3524,50.8886],[8.3267,50.8757],[8.2635,50.8604],[8.2246,50.8401],[8.1436,50.6985],[8.1157,50.6951],[8.0262,50.6976],[8.0092,50.7323],[7.868,50.9036],[7.844,50.9264],[7.9109,50.9369],[7.9356,50.9644],[7.9699,51.0197],[8.0024,51.0271],[8.1643,51.019],[8.1999,51.0338],[8.232,51.0983],[8.2607,51.1078],[8.477,51.1473],[8.5084,51.1308],[8.5416,51.1058]]]}},{"type":"Feature","properties":{"code":"DE270","name":"Kreis Neuwied"},"geometry":{"type":"Polygon","coordinates":[[[7.6932,50.6232],[7.7013,50.5915],[7.703,50.5609],[7.6302,50.4941],[7.6081,50.4613],[7.5744,50.454],[7.4836,50.4148],[7.4512,50.4236],[7.3363,50.4771],[7.3146,50.508],[7.2191,50.6181],[7.2476,50.6346],[7.4228,50.6919],[7.4513,50.6965],[7.4826,50.6377],[7.4774,50.6058],[7.4809,50.5804],[7.5104,50.5746],[7.5397,50.5842],[7.5657,50.6352],[7.5947,50.6403],[7.6932,50.6232]]]}},{"type":"Feature","properties":{"code":"DE271","name":"Bodenseekreis"},"geometry":{"type":"Polygon","coordinates":[[[9.3975,47.8309],[9.4213,47.8133],[9.6239,47.7072],[9.7368,47.6537],[9.5991,47.5723],[9.5704,47.5762],[9.5458,47.5852],[9.5046,47.631],[9.4838,47.6463],[9.3405,47.6628],[9.1208,47.7801],[9.0866,47.7774],[9.1034,47.8158],[9.1239,47.8412],[9.1635,47.8498],[9.2955,47.8638],[9.3295,47.8611],[9.3975,47.8309]]]}},{"type":"Feature","properties":{"code":"DE272","name":"Stadt Frankfurt (Oder)"},"geometry":{"type":"Polygon","coordinates":[[[14.5739,52.2817],[14.4543,52.2717],[14.4068,52.2721],[14.4028,52.301],[14.4227,52.364],[14.4572,52.3799],[14.5375,52.3984],[14.5435,52.3728],[14.5705,52.3154],[14.5739,52.2817]]]}},{"type":"Feature","properties":{"code":"DE273","name":"Kreis Steinfurt"},"geometry":{"type":"Polygon","coordinates":[[[7.8996,52.0764],[7.8037,52.0955],[7.7676,52.0915],[7.7352,52.0626],[7.6949,52.0377],[7.6305,52.0514],[7.5927,52.0529],[7.5155,52.0019],[7.4882,52.0044],[7.2726,52.0562],[7.0914,52.2153],[7.0761,52.246],[7.1183,52.2558],[7.2766,52.2748],[7.3399,52.2888],[7.5533,52.3717],[7.5753,52.3958],[7.6001,52.4668],[7.6266,52.4596],[7.7059,52.4048],[7.9288,52.3626],[7.9304,52.3291],[7.9087,52.1999],[7.9421,52.1779],[7.9891,52.1629],[8.0051,52.1257],[7.9835,52.1086],[7.9222,52.0926],[7.8996,52.0764]]]}},{"type":"Feature","properties":{"code":"DE274","name":"Kreis Neunkirchen"},"geometry":{"type":"Polygon","coordinates":[[[7.2594,49.4295],[7.2959,49.4063],[7.2288,49.3734],[7.2239,49.3336],[7.2281,49.2987],[7.105,49.3129],[6.9403,49.3805],[6.9225,49.4041],[6.9428,49.4217],[6.9802,49.4365],[7.0503,49.4118],[7.0952,49.4126],[7.2594,49.4295]]]}},{"type":"Feature","properties":{"code":"DE275","name":"Stadt Braunschweig"},"geometry":{"type":"Polygon","coordinates":[[[10.5953,52.3484],[10.6365,52.2902],[10.6046,52.2356],[10.5791,52.2152],[10.502,52.1823],[10.4361,52.2171],[10.416,52.3389],[10.4542,52.3334],[10.5953,52.3484]]]}},{"type":"Feature","properties":{"code":"DE276","name":"Kreis Reutlingen"},"geometry":{"type":"Polygon","coordinates":[[[9.554,48.5535],[9.5814,48.5383],[9.6178,48.4038],[9.6078,48.3782],[9.5089,48.2451],[9.4947,48.2187],[9.1797,48.2704],[9.1529,48.2692],[9.1809,48.2993],[9.1974,48.3312],[9.1196,48.3543],[9.1271,48.4766],[9.1421,48.6024],[9.1877,48.5883],[9.4739,48.5295],[9.5215,48.5344],[9.554,48.5535]]]}},{"type":"Feature","properties":{"code":"DE277","name":"Stadt Koblenz"},"geometry":{"type":"Polygon","coordinates":[[[7.6953,50.3592],[7.5418,50.2924],[7.5137,50.3201],[7.493,50.3567],[7.5158,50.376],[7.5649,50.3976],[7.6037,50.4068],[7.6401,50.388],[7.6725,50.3779],[7.6953,50.3592]]]}},{"type":"Feature","properties":{"code":"DE278","name":"Stadt Magdeburg"},"geometry":{"type":"Polygon","coordinates":[[[11.7549,52.0664],[11.6677,52.015],[11.5488,52.0571],[11.5267,52.0839],[11.5563,52.1513],[11.6886,52.2222],[11.6927,52.1969],[11.7495,52.0981],[11.7549,52.0664]]]}},{"type":"Feature","properties":{"code":"DE279","name":"Werra-Meissner-Kreis"},"geometry":{"type":"Polygon","coordinates":[[[9.9258,51.3816],[9.9368,51.3363],[9.9546,51.2987],[10.1815,51.2004],[10.2114,51.1938],[10.1826,51.0593],[10.1885,51.0185],[10.1732,50.9974],[10.0129,50.995],[9.7864,51.0788],[9.7635,51.1478],[9.6691,51.1731],[9.6423,51.1853],[9.6575,51.2201],[9.7122,51.3084],[9.7845,51.3897],[9.8097,51.4086],[9.8985,51.3963],[9.9258,51.3816]]]}},{"type":"Feature","properties":{"code":"DE280","name":"Kreis Lindau"},"geometry":{"type":"Polygon","coordinates":[[[9.9497,47.5275],[9.8411,47.553],[9.7081,47.5491],[9.6797,47.5433],[9.6473,47.548],[9.6213,47.5576],[9.5991,47.5723],[9.7368,47.6537],[10.0496,47.6807],[10.0592,47.6302],[10.0493,47.5756],[9.9497,47.5275]]]}},{"type":"Feature","properties":{"code":"DE281","name":"Kreis Waldshut"},"geometry":{"type":"Polygon","coordinates":[[[8.5138,47.7881],[8.4646,47.7567],[8.4116,47.7045],[8.4184,47.666],[8.4879,47.6428],[8.5136,47.6473],[8.5738,47.669],[8.6109,47.6706],[8.624,47.6477],[8.5754,47.609],[8.5414,47.6057],[8.4704,47.5753],[8.4421,47.5681],[8.4087,47.5684],[8.2818,47.6078],[8.2343,47.6097],[8.1988,47.6179],[8.0699,47.5664],[8.0434,47.5634],[7.9374,47.5626],[7.9041,47.5674],[7.8805,47.5885],[7.9123,47.6241],[8.0141,47.8245],[8.02,47.8509],[8.1314,47.7904],[8.1618,47.7986],[8.2557,47.8472],[8.4209,47.8526],[8.4634,47.8437],[8.4947,47.8149],[8.5138,47.7881]]]}},{"type":"Feature","properties":{"code":"DE282","name":"Stadt Ingolstadt"},"geometry":{"type":"Polygon","coordinates":[[[11.5092,48.7576],[11.4805,48.7359],[11.4175,48.6746],[11.3782,48.7065],[11.2748,48.7711],[11.2985,48.7864],[11.4076,48.8057],[11.4403,48.803],[11.5092,48.7576]]]}},{"type":"Feature","properties":{"code":"DE283","name":"Kreis Kleve"},"geometry":{"type":"Polygon","coordinates":[[[6.4054,51.831],[6.4264,51.8095],[6.4677,51.7969],[6.5386,51.7868],[6.5128,51.7631],[6.4932,51.7295],[6.4661,51.7192],[6.3774,51.7115],[6.3599,51.693],[6.3331,51.6454],[6.3245,51.6176],[6.3515,51.604],[6.448,51.5721],[6.4678,51.542],[6.4971,51.4695],[6.5056,51.4257],[6.4724,51.4109],[6.3252,51.3652],[6.2608,51.3618],[6.2232,51.3533],[6.2207,51.4825],[6.2021,51.5258],[6.0997,51.6573],[5.9986,51.7592],[6.0114,51.7899],[6.0487,51.844],[6.0824,51.8497],[6.1657,51.8413],[6.4054,51.831]]]}},{"type":"Feature","properties":{"code":"DE284","name":"Rems-Murr-Kreis"},"geometry":{"type":"Polygon","coordinates":[[[9.704,48.9533],[9.7231,48.9096],[9.7549,48.8544],[9.7253,48.8352],[9.6359,48.8024],[9.604,48.7843],[9.5723,48.7791],[9.5313,48.7639],[9.5005,48.7458],[9.4751,48.756],[9.3135,48.7731],[9.2885,48.7856],[9.2345,48.859],[9.2917,48.8689],[9.3793,49.0075],[9.3913,49.0355],[9.4916,49.0854],[9.5987,49.0501],[9.704,48.9533]]]}},{"type":"Feature","properties":{"code":"DE285","name":"Kreis Rottweil"},"geometry":{"type":"Polygon","coordinates":[[[8.6652,48.3918],[8.7508,48.2161],[8.759,48.1809],[8.6154,48.1018],[8.5931,48.0853],[8.481,48.1722],[8.4467,48.1779],[8.3362,48.1778],[8.3205,48.2102],[8.298,48.2967],[8.2905,48.347],[8.4393,48.3199],[8.4838,48.329],[8.5211,48.3916],[8.5636,48.4001],[8.6314,48.4005],[8.6652,48.3918]]]}},{"type":"Feature","properties":{"code":"DE286","name":"Stadt Eisenach"},"geometry":{"type":"Polygon","coordinates":[[[10.1732,50.9974],[10.1885,51.0185],[10.2289,51.0098],[10.2715,51.012],[10.3222,51.0433],[10.3569,51.0323],[10.3777,50.9967],[10.3732,50.967],[10.2978,50.9406],[10.2251,50.964],[10.1732,50.9974]]]}},{"type":"Feature","properties":{"code":"DE287","name":"Stadt Speyer"},"geometry":{"type":"Polygon","coordinates":[[[8.4854,49.3238],[8.4818,49.2869],[8.4581,49.277],[8.3857,49.3374],[8.4037,49.3628],[8.4298,49.3689],[8.4854,49.3238]]]}},{"type":"Feature","properties":{"code":"DE288","name":"Kreis Traunstein"},"geometry":{"type":"Polygon","coordinates":[[[12.7419,48.1069],[12.7568,48.079],[12.7797,48.0587],[12.8979,47.9706],[12.8662,47.9611],[12.7778,47.8961],[12.7556,47.8739],[12.7434,47.8417],[12.8299,47.7727],[12.732,47.7268],[12.707,47.6894],[12.6327,47.6744],[12.5913,47.6584],[12.5718,47.6255],[12.4457,47.67],[12.3387,47.6813],[12.3569,47.7123],[12.41,47.8615],[12.4126,47.8918],[12.3481,47.9876],[12.3353,48.0181],[12.3778,48.1079],[12.4166,48.1237],[12.5376,48.1547],[12.5597,48.1341],[12.6105,48.052],[12.6402,48.0577],[12.7419,48.1069]]]}},{"type":"Feature","properties":{"code":"DE289","name":"Bundesstadt Bonn"},"geometry":{"type":"Polygon","coordinates":[[[7.2191,50.6181],[7.1915,50.6183],[7.115,50.6073],[7.0471,50.6421],[7.0416,50.6748],[7.0518,50.7617],[7.193,50.7449],[7.2046,50.7135],[7.209,50.6529],[7.2191,50.6181]]]}},{"type":"Feature","properties":{"code":"DE290","name":"Neckar-Odenwald-Kreis"},"geometry":{"type":"Polygon","coordinates":[[[9.593,49.4248],[9.4542,49.3642],[9.3099,49.3545],[9.0374,49.2894],[9.0165,49.3181],[8.9659,49.3597],[8.9598,49.3869],[9.0545,49.4716],[9.0716,49.4998],[9.0438,49.5163],[9.0987,49.5695],[9.1443,49.5778],[9.2481,49.5846],[9.4171,49.6483],[9.5175,49.6353],[9.5184,49.607],[9.4926,49.4963],[9.5115,49.4756],[9.5676,49.4449],[9.593,49.4248]]]}},{"type":"Feature","properties":{"code":"DE291","name":"Stadt Hagen"},"geometry":{"type":"Polygon","coordinates":[[[7.5187,51.415],[7.5568,51.3999],[7.5921,51.3938],[7.5815,51.2967],[7.5226,51.2673],[7.4901,51.2801],[7.3886,51.3448],[7.4045,51.3699],[7.4576,51.416],[7.5187,51.415]]]}},{"type":"Feature","properties":{"code":"DE292","name":"Rhein-Hunsrück-Kreis"},"geometry":{"type":"Polygon","coordinates":[[[7.7444,50.0862],[7.685,50.0388],[7.6637,49.9505],[7.6362,49.9312],[7.4041,49.8573],[7.2455,49.8842],[7.2222,49.9183],[7.2122,49.9438],[7.2396,49.9656],[7.3828,50.1141],[7.3752,50.1568],[7.5248,50.2426],[7.5581,50.2546],[7.718,50.1206],[7.7444,50.0862]]]}},{"type":"Feature","properties":{"code":"DE293","name":"Kreis Miesbach"},"geometry":{"type":"Polygon","coordinates":[[[11.8216,47.9251],[11.837,47.9025],[11.9359,47.8322],[11.9579,47.8066],[12.035,47.6544],[11.6102,47.5874],[11.6102,47.6149],[11.661,47.8794],[11.6364,47.9127],[11.7063,47.9361],[11.8216,47.9251]]]}},{"type":"Feature","properties":{"code":"DE294","name":"Kreis Northeim"},"geometry":{"type":"Polygon","coordinates":[[[10.1163,51.8096],[10.129,51.7617],[10.1633,51.6734],[10.1852,51.6339],[9.6669,51.5952],[9.541,51.63],[9.4177,51.624],[9.3749,51.6272],[9.3914,51.6542],[9.4228,51.6633],[9.6961,51.8662],[9.8349,51.8973],[9.8591,51.9136],[9.9226,51.9141],[10.0713,51.9306],[10.0728,51.905],[10.0954,51.8474],[10.1163,51.8096]]]}},{"type":"Feature","properties":{"code":"DE295","name":"Stadt Bottrop"},"geometry":{"type":"Polygon","coordinates":[[[7.0024,51.5312],[6.9576,51.5101],[6.9221,51.501],[6.8436,51.5719],[6.8633,51.6023],[6.8954,51.63],[6.954,51.632],[6.9512,51.5917],[6.9597,51.5477],[7.0024,51.5312]]]}},{"type":"Feature","properties":{"code":"DE296","name":"Kreis Kronach"},"geometry":{"type":"Polygon","coordinates":[[[11.4419,50.4325],[11.56,50.3743],[11.5485,50.3395],[11.5086,50.2538],[11.3597,50.1458],[11.2097,50.175],[11.1894,50.1928],[11.193,50.2359],[11.1817,50.2836],[11.2493,50.2746],[11.2678,50.3062],[11.2801,50.3489],[11.2694,50.4489],[11.27,50.4808],[11.3589,50.5184],[11.3953,50.5141],[11.4315,50.4907],[11.422,50.4498],[11.4419,50.4325]]]}},{"type":"Feature","properties":{"code":"DE297","name":"Stadt Chemnitz"},"geometry":{"type":"Polygon","coordinates":[[[13.0373,50.8257],[12.9678,50.7567],[12.928,50.7588],[12.7906,50.7904],[12.7936,50.8372],[12.8076,50.8693],[12.8556,50.8971],[12.9507,50.8947],[12.979,50.89],[13.0061,50.8658],[13.0373,50.8257]]]}},{"type":"Feature","properties":{"code":"DE298","name":"Kreis Nienburg"},"geometry":{"type":"Polygon","coordinates":[[[9.3588,52.7767],[9.5048,52.6782],[9.5258,52.6587],[9.2844,52.5509],[9.2782,52.52],[9.2818,52.4652],[9.2957,52.4348],[9.2567,52.4325],[9.1473,52.4107],[9.1249,52.4779],[9.0511,52.4994],[8.9533,52.4179],[8.9177,52.4115],[8.7147,52.4046],[8.7207,52.4997],[8.7115,52.53],[8.8706,52.5495],[8.9004,52.566],[9.08,52.855],[9.0839,52.8953],[9.1178,52.8936],[9.2029,52.8725],[9.3588,52.7767]]]}},{"type":"Feature","properties":{"code":"DE299","name":"Stadt Köln"},"geometry":{"type":"Polygon","coordinates":[[[6.9019,51.0644],[6.9787,51.0141],[7.0735,51.0133],[7.1157,50.957],[7.166,50.8686],[7.024,50.8483],[6.9881,50.8292],[6.9568,50.8431],[6.8657,50.8975],[6.85,50.9295],[6.8387,50.9816],[6.8178,51.0185],[6.7899,51.0487],[6.8686,51.0806],[6.9019,51.0644]]]}},{"type":"Feature","properties":{"code":"DE300","name":"Rhein-Lahn-Kreis"},"geometry":{"type":"Polygon","coordinates":[[[8.1167,50.2773],[7.8026,50.1031],[7.7712,50.0789],[7.7444,50.0862],[7.718,50.1206],[7.5581,50.2546],[7.5418,50.2924],[7.6953,50.3592],[7.7418,50.3684],[7.9719,50.3929],[8.013,50.3937],[8.0483,50.3638],[8.1167,50.2773]]]}},{"type":"Feature","properties":{"code":"DE301","name":"Kreis Tübingen"},"geometry":{"type":"Polygon","coordinates":[[[9.1196,48.3543],[8.8787,48.4117],[8.8009,48.4134],[8.8001,48.4768],[8.7287,48.5104],[8.7702,48.5339],[8.8164,48.5206],[8.8568,48.5188],[8.8959,48.5647],[9.1421,48.6024],[9.1271,48.4766],[9.1196,48.3543]]]}},{"type":"Feature","properties":{"code":"DE302","name":"Kreis Esslingen"},"geometry":{"type":"Polygon","coordinates":[[[9.5005,48.7458],[9.4929,48.7073],[9.4976,48.6734],[9.5882,48.6146],[9.554,48.5535],[9.5215,48.5344],[9.4739,48.5295],[9.1877,48.5883],[9.1421,48.6024],[9.1599,48.6379],[9.1424,48.6955],[9.2107,48.6976],[9.2476,48.7121],[9.2885,48.7856],[9.3135,48.7731],[9.4751,48.756],[9.5005,48.7458]]]}},{"type":"Feature","properties":{"code":"DE303","name":"Kreis Eichstätt"},"geometry":{"type":"Polygon","coordinates":[[[11.5982,48.9572],[11.6228,48.9385],[11.6883,48.906],[11.7207,48.8777],[11.6969,48.8121],[11.6725,48.7871],[11.6276,48.8039],[11.5901,48.7932],[11.5092,48.7576],[11.4403,48.803],[11.4076,48.8057],[11.2985,48.7864],[11.2748,48.7711],[11.0701,48.8135],[11.0339,48.8165],[10.9913,48.8097],[10.9692,48.8357],[10.9296,48.8641],[10.9498,48.8849],[11.157,49.018],[11.1875,49.0484],[11.3012,49.004],[11.3279,49.0147],[11.4092,49.0726],[11.5293,49.0694],[11.5485,49.0469],[11.5982,48.9572]]]}},{"type":"Feature","properties":{"code":"DE304","name":"Kreis Main-Spessart"},"geometry":{"type":"Polygon","coordinates":[[[9.6622,50.2255],[9.8036,50.0516],[9.8367,50.045],[9.9999,50.0405],[10.0277,50.0299],[10.0344,49.9904],[10.0325,49.953],[10.0238,49.9289],[9.9567,49.9435],[9.9291,49.9423],[9.6799,49.7843],[9.6542,49.7635],[9.4595,49.7808],[9.4551,49.8106],[9.4228,49.8706],[9.4387,49.9001],[9.4558,49.9199],[9.4594,49.9467],[9.3803,50.0835],[9.4074,50.0821],[9.5035,50.0974],[9.509,50.1346],[9.5041,50.2065],[9.511,50.2417],[9.6243,50.2336],[9.6622,50.2255]]]}},{"type":"Feature","properties":{"code":"DE305","name":"Kreis Hildburghausen"},"geometry":{"type":"Polygon","coordinates":[[[10.9093,50.5906],[10.9813,50.5171],[11.0052,50.4732],[10.9663,50.4149],[10.9527,50.3825],[10.8144,50.3846],[10.7755,50.3764],[10.7226,50.3211],[10.8371,50.2772],[10.839,50.2514],[10.8144,50.2437],[10.7807,50.2436],[10.7416,50.2328],[10.7352,50.2],[10.6731,50.2202],[10.6083,50.2158],[10.592,50.3371],[10.5027,50.3871],[10.4829,50.4042],[10.5759,50.5747],[10.607,50.5791],[10.6413,50.5717],[10.7198,50.5961],[10.7636,50.5991],[10.8012,50.609],[10.8409,50.5975],[10.9093,50.5906]]]}},{"type":"Feature","properties":{"code":"DE306","name":"Kreis Börde"},"geometry":{"type":"Polygon","coordinates":[[[11.6056,52.4514],[11.6774,52.4554],[11.8575,52.338],[11.8349,52.3187],[11.6886,52.2222],[11.5563,52.1513],[11.5267,52.0839],[11.5488,52.0571],[11.6677,52.015],[11.6109,51.9748],[11.5609,51.9704],[11.4194,51.9908],[11.3932,51.9744],[11.3347,51.9009],[11.3004,51.9006],[11.1884,51.9169],[11.1659,51.9298],[11.1574,51.9696],[11.1393,52.003],[10.9537,52.0579],[10.9781,52.085],[11.0495,52.2244],[11.056,52.2512],[11.0129,52.3967],[10.951,52.4695],[10.9742,52.4857],[11.0006,52.4972],[11.439,52.3879],[11.5836,52.4327],[11.6056,52.4514]]]}},{"type":"Feature","properties":{"code":"DE307","name":"Stadt Weimar"},"geometry":{"type":"Polygon","coordinates":[[[11.2824,50.9308],[11.2674,50.959],[11.2587,51.0209],[11.3016,51.0247],[11.3406,51.0119],[11.3708,50.9876],[11.3903,50.9611],[11.328,50.9294],[11.2824,50.9308]]]}},{"type":"Feature","properties":{"code":"DE308","name":"Main-Tauber-Kreis"},"geometry":{"type":"Polygon","coordinates":[[[9.6542,49.7635],[9.7374,49.7022],[9.8198,49.7024],[9.8367,49.6764],[9.8608,49.5701],[9.8865,49.5515],[9.918,49.5385],[9.9439,49.4861],[9.9872,49.4856],[10.0315,49.4961],[10.0817,49.5343],[10.1413,49.4774],[10.1265,49.4528],[10.1113,49.3732],[10.0708,49.3815],[9.8486,49.3663],[9.6263,49.4203],[9.593,49.4248],[9.5676,49.4449],[9.5115,49.4756],[9.4926,49.4963],[9.5184,49.607],[9.5175,49.6353],[9.4171,49.6483],[9.4144,49.6834],[9.407,49.7089],[9.3217,49.7304],[9.3174,49.7586],[9.3449,49.7701],[9.4595,49.7808],[9.6542,49.7635]]]}},{"type":"Feature","properties":{"code":"DE309","name":"Kreis Cham"},"geometry":{"type":"Polygon","coordinates":[[[13.1493,49.1495],[12.8043,49.1172],[12.7726,49.1051],[12.7423,49.1109],[12.6059,49.0938],[12.562,49.0856],[12.4702,49.0398],[12.4289,49.059],[12.3178,49.1485],[12.3324,49.1797],[12.5495,49.4534],[12.6188,49.4765],[12.6413,49.4615],[12.6665,49.4334],[12.7908,49.3483],[12.8285,49.3425],[12.9397,49.3421],[12.9735,49.3242],[13.0716,49.2526],[13.1375,49.1789],[13.1493,49.1495]]]}},{"type":"Feature","properties":{"code":"DE310","name":"Kreis Diepholz"},"geometry":{"type":"Polygon","coordinates":[[[8.918,53.0161],[8.9253,52.938],[8.9586,52.9222],[9.0435,52.9078],[9.0839,52.8953],[9.08,52.855],[8.9004,52.566],[8.8706,52.5495],[8.5207,52.5064],[8.4803,52.4955],[8.422,52.4484],[8.3208,52.4543],[8.2996,52.4951],[8.3192,52.6894],[8.4405,52.7258],[8.4692,52.743],[8.4527,52.8051],[8.4896,52.8097],[8.6053,52.8438],[8.6301,52.8572],[8.6757,52.9443],[8.6821,52.972],[8.6573,53.0072],[8.6865,53.0325],[8.7102,53.0439],[8.8891,53.0145],[8.918,53.0161]]]}},{"type":"Feature","properties":{"code":"DE311","name":"Kreis Heidenheim"},"geometry":{"type":"Polygon","coordinates":[[[10.4244,48.7273],[10.4608,48.708],[10.4504,48.6708],[10.4165,48.6706],[10.3324,48.6872],[10.2865,48.6843],[10.287,48.6364],[10.2985,48.5384],[10.2955,48.5025],[10.218,48.51],[10.185,48.5287],[9.9699,48.6196],[9.9451,48.6357],[9.9716,48.6936],[9.9726,48.7267],[10.0085,48.7317],[10.2125,48.7807],[10.4244,48.7273]]]}},{"type":"Feature","properties":{"code":"DE312","name":"Kreis Lörrach"},"geometry":{"type":"Polygon","coordinates":[[[8.02,47.8509],[8.0141,47.8245],[7.9123,47.6241],[7.8805,47.5885],[7.8442,47.587],[7.8119,47.5785],[7.7932,47.56],[7.7368,47.5333],[7.7021,47.5329],[7.6675,47.5383],[7.5963,47.5854],[7.5873,47.67],[7.5918,47.7512],[7.7267,47.793],[7.8768,47.8708],[7.914,47.8715],[8.02,47.8509]]]}},{"type":"Feature","properties":{"code":"DE313","name":"Kreis Ostprignitz-Ruppin"},"geometry":{"type":"Polygon","coordinates":[[[12.7629,53.2269],[12.7947,53.2152],[13.0068,53.1712],[12.9975,53.1415],[12.9461,52.7472],[12.9465,52.7147],[12.8214,52.6973],[12.636,52.7922],[12.6011,52.7918],[12.4486,52.7603],[12.4132,52.7578],[12.2531,52.8016],[12.131,52.8888],[12.4158,53.0041],[12.4018,53.0269],[12.3108,53.0495],[12.3036,53.0852],[12.3272,53.3177],[12.7299,53.2295],[12.7629,53.2269]]]}},{"type":"Feature","properties":{"code":"DE314","name":"Kreis Düren"},"geometry":{"type":"Polygon","coordinates":[[[6.6985,50.7453],[6.5733,50.6254],[6.5421,50.6043],[6.432,50.5972],[6.3912,50.6003],[6.3044,50.6639],[6.3046,50.6967],[6.33,50.8003],[6.3195,50.829],[6.2079,50.901],[6.1761,50.9161],[6.1933,50.9394],[6.2775,51.0016],[6.4363,51.0378],[6.4637,51.038],[6.541,50.9042],[6.5644,50.8767],[6.6827,50.7714],[6.6985,50.7453]]]}},{"type":"Feature","properties":{"code":"DE315","name":"Vogelsbergkreis"},"geometry":{"type":"Polygon","coordinates":[[[9.452,50.7934],[9.5784,50.746],[9.6155,50.7266],[9.6311,50.6607],[9.6291,50.6304],[9.472,50.6278],[9.4765,50.4869],[9.4692,50.4336],[9.1533,50.4365],[9.1075,50.4479],[9.0472,50.4966],[9.1146,50.5405],[9.0962,50.5676],[8.9493,50.6993],[8.9688,50.7297],[9.0925,50.8285],[9.1215,50.858],[9.1606,50.8512],[9.2593,50.8036],[9.452,50.7934]]]}},{"type":"Feature","properties":{"code":"DE316","name":"Stadt Weiden in der Oberpfalz"},"geometry":{"type":"Polygon","coordinates":[[[12.0893,49.6574],[12.088,49.7014],[12.1287,49.7037],[12.1684,49.7015],[12.2502,49.6662],[12.2479,49.6395],[12.212,49.6376],[12.1493,49.6452],[12.1213,49.6405],[12.0893,49.6574]]]}},{"type":"Feature","properties":{"code":"DE317","name":"Heidekreis"},"geometry":{"type":"Polygon","coordinates":[[[10.0742,53.1283],[10.071,53.0854],[10.0761,53.0439],[10.1757,53.061],[10.2059,53.0535],[10.2249,52.9761],[10.2259,52.937],[10.0252,52.8852],[9.8619,52.8776],[9.8404,52.8548],[9.7364,52.6436],[9.7084,52.6403],[9.5258,52.6587],[9.5048,52.6782],[9.3588,52.7767],[9.3723,52.8098],[9.4479,52.9094],[9.4794,52.9192],[9.5855,52.9319],[9.617,52.9582],[9.6579,53.0034],[9.6705,53.0271],[9.6384,53.1079],[9.6349,53.1336],[9.6711,53.1776],[9.6869,53.2147],[9.7261,53.2107],[10.0742,53.1283]]]}},{"type":"Feature","properties":{"code":"DE318","name":"Saale-Orla-Kreis"},"geometry":{"type":"Polygon","coordinates":[[[11.9091,50.5852],[11.9077,50.5417],[11.9153,50.4561],[11.9228,50.4213],[11.8961,50.4211],[11.56,50.3743],[11.4843,50.4135],[11.4851,50.4399],[11.5086,50.5366],[11.5906,50.5701],[11.5801,50.6026],[11.54,50.6206],[11.5072,50.6453],[11.4966,50.6899],[11.5011,50.7365],[11.5143,50.7691],[11.8441,50.7861],[11.869,50.7937],[11.8687,50.7014],[11.9091,50.5852]]]}},{"type":"Feature","properties":{"code":"DE319","name":"Stadt Wolfsburg"},"geometry":{"type":"Polygon","coordinates":[[[10.8945,52.461],[10.8792,52.3418],[10.8521,52.3303],[10.8254,52.3237],[10.6627,52.3741],[10.6398,52.3934],[10.6593,52.4172],[10.674,52.453],[10.7146,52.47],[10.8068,52.4882],[10.8945,52.461]]]}},{"type":"Feature","properties":{"code":"DE320","name":"Kreis Sigmaringen"},"geometry":{"type":"Polygon","coordinates":[[[9.3454,48.2455],[9.3328,48.2173],[9.3225,48.1578],[9.3292,48.124],[9.5613,48.0453],[9.5654,48.0044],[9.556,47.9657],[9.4482,47.9596],[9.4206,47.9497],[9.3975,47.8309],[9.3295,47.8611],[9.2955,47.8638],[9.1635,47.8498],[9.1239,47.8412],[9.1381,47.8887],[9.1037,47.9092],[9.0362,47.9287],[8.9993,47.9335],[9.0087,47.9804],[8.9964,48.0401],[8.9599,48.1016],[8.9991,48.1382],[9.0301,48.1594],[9.0592,48.1596],[9.1552,48.1459],[9.1589,48.174],[9.1503,48.2325],[9.1529,48.2692],[9.1797,48.2704],[9.3454,48.2455]]]}},{"type":"Feature","properties":{"code":"DE321","name":"Kreis Neustadt a.d. Waldnaab"},"geometry":{"type":"Polygon","coordinates":[[[12.4146,49.7669],[12.428,49.7365],[12.5761,49.5439],[12.5348,49.5424],[12.3537,49.5125],[12.1799,49.5587],[12.0614,49.5688],[11.9821,49.6323],[11.9442,49.6379],[11.6721,49.6243],[11.6583,49.6549],[11.6462,49.7484],[11.6453,49.806],[11.8559,49.8564],[12.0382,49.7868],[12.0717,49.7934],[12.1814,49.8289],[12.2082,49.8204],[12.2891,49.7718],[12.3788,49.76],[12.4146,49.7669]],[[12.0893,49.6574],[12.1213,49.6405],[12.1493,49.6452],[12.212,49.6376],[12.2479,49.6395],[12.2502,49.6662],[12.1684,49.7015],[12.1287,49.7037],[12.088,49.7014],[12.0893,49.6574]]]}},{"type":"Feature","properties":{"code":"DE322","name":"Kreis Oberhavel"},"geometry":{"type":"Polygon","coordinates":[[[13.4833,52.9706],[13.4443,52.9504],[13.4354,52.9144],[13.4042,52.7045],[13.4056,52.6749],[13.3781,52.6708],[13.1691,52.6002],[13.1425,52.6096],[12.9465,52.7147],[12.9461,52.7472],[12.9975,53.1415],[13.0068,53.1712],[13.2025,53.2244],[13.2321,53.2255],[13.4714,53.0021],[13.4833,52.9706]]]}},{"type":"Feature","properties":{"code":"DE323","name":"Kreis Sömmerda"},"geometry":{"type":"Polygon","coordinates":[[[11.4152,51.2426],[11.425,51.2149],[11.461,51.1471],[11.4689,51.108],[11.2188,51.1029],[11.2073,51.0245],[11.1652,50.9952],[11.1491,51.0166],[11.0718,51.0739],[11.0437,51.0714],[10.9252,51.0312],[10.8916,51.028],[10.8845,51.069],[10.8705,51.1051],[10.8925,51.1315],[10.9146,51.1965],[11.0232,51.2841],[11.0658,51.2848],[11.4152,51.2426]]]}},{"type":"Feature","properties":{"code":"DE324","name":"Kreis Paderborn"},"geometry":{"type":"Polygon","coordinates":[[[8.9624,51.7815],[9.0069,51.6079],[9.0093,51.5777],[8.9422,51.5593],[8.908,51.5414],[8.875,51.5361],[8.8045,51.4718],[8.78,51.4561],[8.5364,51.4669],[8.5238,51.5001],[8.4833,51.5642],[8.5054,51.5868],[8.5637,51.6167],[8.5448,51.6479],[8.4939,51.6958],[8.4665,51.7143],[8.3978,51.7233],[8.4222,51.7613],[8.6167,51.8568],[8.6492,51.8609],[8.7095,51.8591],[8.7332,51.8683],[8.7838,51.8048],[8.8102,51.7962],[8.9264,51.7905],[8.9624,51.7815]]]}},{"type":"Feature","properties":{"code":"DE325","name":"Kreis Stendal"},"geometry":{"type":"Polygon","coordinates":[[[12.131,52.8888],[12.2531,52.8016],[12.2222,52.7869],[12.2132,52.7197],[12.1756,52.5312],[12.1587,52.5063],[11.9824,52.5169],[11.9856,52.4719],[11.981,52.4214],[11.8871,52.354],[11.8575,52.338],[11.6774,52.4554],[11.6056,52.4514],[11.5906,52.5821],[11.5768,52.6154],[11.4249,52.6229],[11.4469,52.6488],[11.5015,52.6944],[11.5187,52.7196],[11.4777,52.8292],[11.5168,52.8452],[11.625,52.8547],[11.6161,52.8896],[11.4957,52.9611],[11.5235,52.9857],[11.5616,53.01],[11.6001,53.0026],[11.8478,52.9113],[12.131,52.8888]]]}},{"type":"Feature","properties":{"code":"DE326","name":"Kreis Osterode am Harz"},"geometry":{"type":"Polygon","coordinates":[[[10.6414,51.617],[10.5274,51.5768],[10.3562,51.5535],[10.3236,51.5726],[10.1852,51.6339],[10.1633,51.6734],[10.129,51.7617],[10.1163,51.8096],[10.3692,51.7888],[10.405,51.7725],[10.6239,51.6478],[10.6414,51.617]]]}},{"type":"Feature","properties":{"code":"DE327","name":"Kreis Höxter"},"geometry":{"type":"Polygon","coordinates":[[[9.2725,51.8552],[9.4216,51.8495],[9.4218,51.805],[9.3891,51.6897],[9.3914,51.6542],[9.3749,51.6272],[9.1739,51.4586],[9.1511,51.4445],[9.099,51.4872],[9.0633,51.5025],[9.0262,51.5144],[8.9617,51.5086],[8.9295,51.5214],[8.908,51.5414],[8.9422,51.5593],[9.0093,51.5777],[9.0069,51.6079],[8.9624,51.7815],[8.9889,51.8124],[9.0907,51.8891],[9.1366,51.8871],[9.2725,51.8552]]]}},{"type":"Feature","properties":{"code":"DE328","name":"Kreis Goslar"},"geometry":{"type":"Polygon","coordinates":[[[10.4628,52.0474],[10.6303,51.9612],[10.6408,51.8812],[10.6097,51.8507],[10.5879,51.8146],[10.7017,51.6378],[10.6764,51.6241],[10.6414,51.617],[10.6239,51.6478],[10.405,51.7725],[10.3692,51.7888],[10.1163,51.8096],[10.0954,51.8474],[10.0728,51.905],[10.0713,51.9306],[10.1774,51.9913],[10.2023,52.013],[10.2307,52.0103],[10.4628,52.0474]]]}},{"type":"Feature","properties":{"code":"DE329","name":"Ortenaukreis"},"geometry":{"type":"Polygon","coordinates":[[[8.2354,48.5802],[8.2301,48.555],[8.2746,48.386],[8.2905,48.347],[8.298,48.2967],[8.3205,48.2102],[8.3362,48.1778],[8.2052,48.1775],[8.1448,48.2057],[7.6779,48.2531],[7.6491,48.2488],[7.7429,48.4099],[7.9537,48.6667],[7.9797,48.6918],[8.0136,48.6791],[8.1735,48.6379],[8.2096,48.6195],[8.2354,48.5802]]]}},{"type":"Feature","properties":{"code":"DE330","name":"Kreis Oberallgäu"},"geometry":{"type":"Polygon","coordinates":[[[10.4721,47.5685],[10.4642,47.3764],[10.2245,47.2864],[10.1872,47.2766],[10.1977,47.313],[10.197,47.3502],[10.0823,47.4619],[9.9497,47.5275],[10.0493,47.5756],[10.0592,47.6302],[10.0496,47.6807],[10.0788,47.7106],[10.1472,47.8132],[10.1848,47.8276],[10.3312,47.8562],[10.4554,47.7509],[10.4705,47.6551],[10.4721,47.5685]],[[10.2379,47.7697],[10.2611,47.714],[10.2888,47.705],[10.3214,47.7037],[10.3471,47.7217],[10.3668,47.7489],[10.3332,47.7577],[10.2379,47.7697]]]}},{"type":"Feature","properties":{"code":"DE331","name":"Stadt Schwerin"},"geometry":{"type":"Polygon","coordinates":[[[11.4558,53.6761],[11.497,53.6009],[11.4643,53.5463],[11.3117,53.6296],[11.2758,53.6414],[11.3168,53.6658],[11.4243,53.6781],[11.4558,53.6761]]]}},{"type":"Feature","properties":{"code":"DE332","name":"Kreis Mühldorf a. Inn"},"geometry":{"type":"Polygon","coordinates":[[[12.601,48.3465],[12.5562,48.1856],[12.5376,48.1547],[12.4166,48.1237],[12.3778,48.1079],[12.3394,48.1174],[12.0789,48.1232],[12.0455,48.1344],[12.0689,48.1539],[12.2094,48.2084],[12.2274,48.2434],[12.2446,48.3124],[12.2736,48.3307],[12.5001,48.4204],[12.5252,48.4098],[12.5751,48.3747],[12.601,48.3465]]]}},{"type":"Feature","properties":{"code":"DE333","name":"Stadt Worms"},"geometry":{"type":"Polygon","coordinates":[[[8.4055,49.5981],[8.3049,49.5875],[8.2618,49.5913],[8.2263,49.6047],[8.2484,49.6313],[8.343,49.7218],[8.3865,49.7298],[8.4302,49.7313],[8.4185,49.7035],[8.3723,49.6576],[8.4055,49.5981]]]}},{"type":"Feature","properties":{"code":"DE334","name":"Stadt Salzgitter"},"geometry":{"type":"Polygon","coordinates":[[[10.502,52.1823],[10.4638,52.1537],[10.437,52.1224],[10.4628,52.0474],[10.3712,52.0309],[10.3411,52.0295],[10.3196,52.0597],[10.2528,52.1329],[10.2177,52.1637],[10.2367,52.1935],[10.2641,52.182],[10.3234,52.1771],[10.3611,52.1838],[10.4025,52.2064],[10.4361,52.2171],[10.502,52.1823]]]}},{"type":"Feature","properties":{"code":"DE335","name":"Kreis Haßberge"},"geometry":{"type":"Polygon","coordinates":[[[10.6731,50.2202],[10.8385,50.1594],[10.8661,50.1389],[10.8364,50.0694],[10.6227,49.8691],[10.5868,49.8622],[10.5196,49.8708],[10.4748,49.8708],[10.5018,49.9033],[10.4832,49.9307],[10.3952,50.0116],[10.4018,50.0536],[10.4511,50.1889],[10.4971,50.2019],[10.6418,50.22],[10.6731,50.2202]]]}},{"type":"Feature","properties":{"code":"DE336","name":"Stadt Duisburg"},"geometry":{"type":"Polygon","coordinates":[[[6.7916,51.5305],[6.8143,51.5094],[6.8297,51.45],[6.826,51.3991],[6.8366,51.353],[6.7023,51.3298],[6.679,51.3586],[6.6434,51.3904],[6.6608,51.4278],[6.6767,51.4492],[6.6853,51.5594],[6.7916,51.5305]]]}},{"type":"Feature","properties":{"code":"DE337","name":"Stadt Delmenhorst"},"geometry":{"type":"Polygon","coordinates":[[[8.7102,53.0439],[8.6865,53.0325],[8.6573,53.0072],[8.6257,53.003],[8.5972,52.9892],[8.5843,53.1079],[8.613,53.1025],[8.6422,53.1188],[8.6757,53.1019],[8.7014,53.0808],[8.7102,53.0439]]]}},{"type":"Feature","properties":{"code":"DE338","name":"Kreis Roth"},"geometry":{"type":"Polygon","coordinates":[[[11.2166,49.3176],[11.2588,49.2174],[11.3908,49.0946],[11.4092,49.0726],[11.3279,49.0147],[11.3012,49.004],[11.1875,49.0484],[11.1535,49.0702],[11.0435,49.1259],[10.8403,49.184],[10.902,49.2506],[10.8969,49.2858],[10.8687,49.3468],[10.9034,49.3643],[10.9401,49.3733],[10.9718,49.3728],[11.004,49.3094],[11.0377,49.3102],[11.0691,49.3342],[11.1486,49.3723],[11.1816,49.3803],[11.2166,49.3176]]]}},{"type":"Feature","properties":{"code":"DE339","name":"Kreis Erding"},"geometry":{"type":"Polygon","coordinates":[[[12.2446,48.3124],[12.2274,48.2434],[12.2094,48.2084],[12.0689,48.1539],[12.0455,48.1344],[11.7627,48.2205],[11.7418,48.2668],[11.7593,48.3051],[11.8324,48.4025],[11.8613,48.419],[11.9529,48.4517],[11.9791,48.4484],[12.1664,48.3968],[12.2256,48.3442],[12.2446,48.3124]]]}},{"type":"Feature","properties":{"code":"DE340","name":"Kreis Schwäbisch Hall"},"geometry":{"type":"Polygon","coordinates":[[[10.1113,49.3732],[10.2177,49.074],[10.2351,49.0419],[10.0802,49.0416],[10.0367,49.0354],[9.9134,48.9516],[9.8741,48.9442],[9.704,48.9533],[9.5987,49.0501],[9.4916,49.0854],[9.5205,49.1074],[9.7232,49.1859],[9.7471,49.1994],[9.8353,49.3377],[9.8486,49.3663],[10.0708,49.3815],[10.1113,49.3732]]]}},{"type":"Feature","properties":{"code":"DE341","name":"Kreis Limburg-Weilburg"},"geometry":{"type":"Polygon","coordinates":[[[8.4502,50.4213],[8.4245,50.3962],[8.3528,50.365],[8.3476,50.293],[8.1167,50.2773],[8.0483,50.3638],[8.013,50.3937],[8.0151,50.4255],[7.9963,50.5359],[8.0239,50.5552],[8.1309,50.5919],[8.1589,50.5936],[8.4502,50.4213]]]}},{"type":"Feature","properties":{"code":"DE342","name":"Kreis Weilheim-Schongau"},"geometry":{"type":"Polygon","coordinates":[[[11.1527,47.9499],[11.3744,47.8069],[11.3984,47.776],[11.4115,47.7469],[11.393,47.7245],[11.3625,47.7032],[11.3282,47.6901],[11.2947,47.7084],[11.1584,47.7287],[10.9881,47.7134],[10.9709,47.6882],[10.9472,47.6146],[10.7422,47.7178],[10.7441,47.7584],[10.7768,47.853],[10.8093,47.8558],[11.1251,47.9459],[11.1527,47.9499]]]}},{"type":"Feature","properties":{"code":"DE343","name":"Erzgebirgskreis"},"geometry":{"type":"Polygon","coordinates":[[[13.4888,50.6499],[12.9763,50.4156],[12.9452,50.4065],[12.8547,50.446],[12.8228,50.4544],[12.6073,50.4142],[12.5747,50.4135],[12.4665,50.5003],[12.5003,50.5275],[12.5868,50.5548],[12.6106,50.619],[12.6532,50.6268],[12.6892,50.6395],[12.7074,50.6788],[12.6844,50.6987],[12.6604,50.7108],[12.754,50.774],[12.7906,50.7904],[12.928,50.7588],[12.9678,50.7567],[13.0373,50.8257],[13.0856,50.8143],[13.4628,50.6655],[13.4888,50.6499]]]}},{"type":"Feature","properties":{"code":"DE344","name":"Kreis Ravensburg"},"geometry":{"type":"Polygon","coordinates":[[[10.0747,47.9688],[10.0996,47.9368],[10.1072,47.9035],[10.14,47.8433],[10.1472,47.8132],[10.0788,47.7106],[10.0496,47.6807],[9.7368,47.6537],[9.6239,47.7072],[9.4213,47.8133],[9.3975,47.8309],[9.4206,47.9497],[9.4482,47.9596],[9.556,47.9657],[9.8547,47.9711],[10.0449,47.9738],[10.0747,47.9688]]]}},{"type":"Feature","properties":{"code":"DE345","name":"Kreis Teltow-Fläming"},"geometry":{"type":"Polygon","coordinates":[[[13.5176,51.7912],[13.1199,51.8848],[12.8141,51.9665],[12.7912,51.9837],[12.8233,52.0022],[12.9448,52.0547],[12.9688,52.0698],[13.1534,52.2976],[13.2649,52.3615],[13.2811,52.3852],[13.3173,52.3934],[13.3961,52.3972],[13.4171,52.3781],[13.5405,52.1989],[13.5397,52.0965],[13.6167,52.074],[13.6329,52.0478],[13.6398,52.0171],[13.6047,52.0027],[13.4574,51.9757],[13.4394,51.955],[13.437,51.927],[13.543,51.9002],[13.5665,51.8875],[13.5461,51.8303],[13.5176,51.7912]]]}},{"type":"Feature","properties":{"code":"DE346","name":"Ostalbkreis"},"geometry":{"type":"Polygon","coordinates":[[[10.3027,49.0348],[10.4304,48.9414],[10.4382,48.8937],[10.4167,48.7556],[10.4244,48.7273],[10.2125,48.7807],[10.0085,48.7317],[9.9726,48.7267],[9.631,48.7751],[9.604,48.7843],[9.6359,48.8024],[9.7253,48.8352],[9.7549,48.8544],[9.7231,48.9096],[9.704,48.9533],[9.8741,48.9442],[9.9134,48.9516],[10.0367,49.0354],[10.0802,49.0416],[10.2688,49.0419],[10.3027,49.0348]]]}},{"type":"Feature","properties":{"code":"DE347","name":"Stadt Baden-Baden"},"geometry":{"type":"Polygon","coordinates":[[[8.2829,48.787],[8.3154,48.7169],[8.3023,48.6925],[8.2798,48.6727],[8.2477,48.6772],[8.1428,48.7181],[8.143,48.7496],[8.1591,48.8002],[8.1733,48.8228],[8.2062,48.8293],[8.2829,48.787]]]}},{"type":"Feature","properties":{"code":"DE348","name":"Kreis Neu-Ulm"},"geometry":{"type":"Polygon","coordinates":[[[10.1804,48.4486],[10.2035,48.3735],[10.2249,48.3454],[10.272,48.298],[10.2927,48.2639],[10.2683,48.2218],[10.1648,48.1341],[10.1281,48.1127],[10.1037,48.1433],[10.0643,48.2753],[9.9886,48.363],[9.9953,48.3959],[10.0312,48.4478],[10.0773,48.4529],[10.1804,48.4486]]]}},{"type":"Feature","properties":{"code":"DE349","name":"Stadt Zweibrücken"},"geometry":{"type":"Polygon","coordinates":[[[7.3385,49.1991],[7.3057,49.2354],[7.3268,49.2653],[7.3842,49.3087],[7.4112,49.3002],[7.4334,49.2683],[7.4193,49.233],[7.3836,49.214],[7.3385,49.1991]]]}},{"type":"Feature","properties":{"code":"DE350","name":"Kreis Uelzen"},"geometry":{"type":"Polygon","coordinates":[[[10.7624,53.1189],[10.8597,53.0401],[10.8839,53.0108],[10.8157,52.8482],[10.7851,52.8194],[10.7651,52.7904],[10.7255,52.7942],[10.4315,52.7856],[10.4038,52.7771],[10.3827,52.8085],[10.2523,52.9215],[10.2259,52.937],[10.2249,52.9761],[10.2059,53.0535],[10.2369,53.0785],[10.474,53.1812],[10.4998,53.1868],[10.7624,53.1189]]]}},{"type":"Feature","properties":{"code":"DE351","name":"Kreis Mayen-Koblenz"},"geometry":{"type":"Polygon","coordinates":[[[7.6081,50.4613],[7.6368,50.4324],[7.6037,50.4068],[7.5649,50.3976],[7.5158,50.376],[7.493,50.3567],[7.5137,50.3201],[7.5418,50.2924],[7.5581,50.2546],[7.5248,50.2426],[7.3752,50.1568],[7.3364,50.1866],[7.302,50.2228],[7.2615,50.2374],[7.0968,50.2733],[7.0598,50.2714],[7.031,50.287],[6.972,50.3],[6.9441,50.3113],[7.0806,50.4],[7.3363,50.4771],[7.4512,50.4236],[7.4836,50.4148],[7.5744,50.454],[7.6081,50.4613]]]}},{"type":"Feature","properties":{"code":"DE352","name":"Kreis Greiz"},"geometry":{"type":"Polygon","coordinates":[[[12.1491,50.9518],[12.2164,50.9431],[12.2281,50.9188],[12.2484,50.8238],[12.2286,50.7545],[12.2376,50.7304],[12.2811,50.6841],[12.3223,50.6746],[12.1489,50.609],[12.1248,50.5878],[12.0988,50.5763],[11.9537,50.5904],[11.9091,50.5852],[11.8687,50.7014],[11.869,50.7937],[11.9231,50.8906],[11.9521,50.9246],[12.0122,50.9657],[12.017,50.9356],[12.0111,50.8699],[12.0205,50.834],[12.131,50.8058],[12.1434,50.8405],[12.1518,50.9141],[12.1491,50.9518]]]}},{"type":"Feature","properties":{"code":"DE353","name":"Kreis Amberg-Sulzbach"},"geometry":{"type":"Polygon","coordinates":[[[11.6462,49.7484],[11.6583,49.6549],[11.6721,49.6243],[11.9442,49.6379],[11.9821,49.6323],[12.0614,49.5688],[12.1418,49.5615],[12.1234,49.5263],[11.9281,49.29],[11.8069,49.2906],[11.5859,49.382],[11.5526,49.3996],[11.5891,49.464],[11.5919,49.5062],[11.5752,49.6375],[11.5929,49.7528],[11.6462,49.7484]],[[11.7901,49.4588],[11.7823,49.4246],[11.8108,49.4191],[11.855,49.4284],[11.8991,49.4462],[11.8826,49.4852],[11.8445,49.4851],[11.8134,49.4762],[11.7901,49.4588]]]}},{"type":"Feature","properties":{"code":"DE354","name":"Kreis Dillingen a.d. Donau"},"geometry":{"type":"Polygon","coordinates":[[[10.7716,48.6206],[10.7719,48.5942],[10.7464,48.4984],[10.7196,48.4885],[10.5409,48.4754],[10.2955,48.5025],[10.2985,48.5384],[10.287,48.6364],[10.2865,48.6843],[10.3324,48.6872],[10.4165,48.6706],[10.4504,48.6708],[10.4608,48.708],[10.5264,48.7403],[10.5567,48.7468],[10.6226,48.7367],[10.6514,48.72],[10.6459,48.6761],[10.6694,48.6588],[10.7716,48.6206]]]}},{"type":"Feature","properties":{"code":"DE355","name":"Kreis Borken"},"geometry":{"type":"Polygon","coordinates":[[[7.2726,52.0562],[7.1311,52.0153],[7.1107,51.9884],[7.0656,51.8921],[7.0824,51.8722],[7.1631,51.8206],[7.1191,51.7911],[7.0084,51.7944],[6.9423,51.764],[6.9155,51.7444],[6.8893,51.7395],[6.8499,51.7416],[6.4677,51.7969],[6.4264,51.8095],[6.4054,51.831],[6.7103,51.8933],[6.7633,51.9123],[6.8259,51.9618],[6.8217,51.994],[6.7617,52.0233],[6.6886,52.0469],[6.7026,52.0744],[6.7345,52.0981],[6.9584,52.2026],[7.0289,52.2324],[7.0761,52.246],[7.0914,52.2153],[7.2726,52.0562]]]}},{"type":"Feature","properties":{"code":"DE356","name":"Kreis Vulkaneifel"},"geometry":{"type":"Polygon","coordinates":[[[6.8061,50.3594],[6.9097,50.318],[7.031,50.287],[7.0598,50.2714],[6.9974,50.1369],[6.9875,50.0951],[6.8332,50.1189],[6.8055,50.1196],[6.7206,50.0908],[6.6954,50.0873],[6.3811,50.3777],[6.4282,50.382],[6.8061,50.3594]]]}},{"type":"Feature","properties":{"code":"DE357","name":"Kreis Anhalt-Bitterfeld"},"geometry":{"type":"Polygon","coordinates":[[[12.3796,52.0352],[12.2857,51.9731],[12.2188,51.9624],[12.1918,51.9444],[12.1188,51.8765],[12.1154,51.8372],[12.119,51.7924],[12.1421,51.7757],[12.3195,51.7319],[12.3509,51.7282],[12.5507,51.6675],[12.571,51.6345],[12.5502,51.6182],[12.233,51.5394],[12.1934,51.5334],[12.0302,51.6382],[11.9894,51.6444],[11.8593,51.6478],[11.8503,51.6726],[11.8608,51.8078],[11.8731,51.8472],[12.0055,51.8855],[11.9885,51.9049],[11.8527,52.009],[12.2641,52.1008],[12.2975,52.0913],[12.3558,52.0593],[12.3796,52.0352]]]}},{"type":"Feature","properties":{"code":"DE358","name":"Kreis Nürnberger Land"},"geometry":{"type":"Polygon","coordinates":[[[11.5752,49.6375],[11.5919,49.5062],[11.5891,49.464],[11.5526,49.3996],[11.4872,49.4151],[11.3315,49.3056],[11.2166,49.3176],[11.1816,49.3803],[11.1385,49.4738],[11.1552,49.4972],[11.2036,49.5399],[11.2204,49.5697],[11.263,49.5883],[11.3604,49.6606],[11.3908,49.6512],[11.4217,49.6315],[11.4573,49.6308],[11.5315,49.642],[11.5752,49.6375]]]}},{"type":"Feature","properties":{"code":"DE359","name":"Stadt Erfurt"},"geometry":{"type":"Polygon","coordinates":[[[11.1652,50.9952],[11.1121,50.9168],[11.0849,50.9098],[10.9514,50.896],[10.9139,50.8986],[10.8916,51.028],[10.9252,51.0312],[11.0437,51.0714],[11.0718,51.0739],[11.1491,51.0166],[11.1652,50.9952]]]}},{"type":"Feature","properties":{"code":"DE360","name":"Odenwaldkreis"},"geometry":{"type":"Polygon","coordinates":[[[9.0987,49.5695],[9.0438,49.5163],[8.9265,49.4697],[8.914,49.4992],[8.8048,49.6902],[8.7929,49.7277],[8.8346,49.7554],[9.0413,49.8639],[9.0648,49.8498],[9.128,49.787],[9.1293,49.7562],[9.0987,49.5695]]]}},{"type":"Feature","properties":{"code":"DE361","name":"Kreis Bergstraße"},"geometry":{"type":"Polygon","coordinates":[[[8.561,49.7401],[8.5913,49.7277],[8.7929,49.7277],[8.8048,49.6902],[8.914,49.4992],[8.9265,49.4697],[8.8573,49.4039],[8.8156,49.4172],[8.8217,49.4591],[8.8879,49.5025],[8.8518,49.512],[8.7585,49.5215],[8.7206,49.5313],[8.6825,49.6155],[8.6462,49.6193],[8.6034,49.612],[8.6071,49.5443],[8.5649,49.5245],[8.5349,49.5326],[8.4686,49.5844],[8.4415,49.5844],[8.4157,49.5691],[8.4055,49.5981],[8.3723,49.6576],[8.4185,49.7035],[8.4302,49.7313],[8.5276,49.7287],[8.561,49.7401]]]}},{"type":"Feature","properties":{"code":"DE362","name":"Kreis Marburg-Biedenkopf"},"geometry":{"type":"Polygon","coordinates":[[[8.9792,50.9425],[9.0039,50.9236],[9.0852,50.8864],[9.1215,50.858],[9.0925,50.8285],[8.9688,50.7297],[8.9493,50.6993],[8.9178,50.7027],[8.769,50.688],[8.545,50.7192],[8.3267,50.8757],[8.3524,50.8886],[8.4056,50.9054],[8.4303,50.9191],[8.4493,50.9487],[8.4781,50.972],[8.5878,50.9499],[8.87,50.9548],[8.9498,50.9419],[8.9792,50.9425]]]}},{"type":"Feature","properties":{"code":"DE363","name":"Stadt Dresden"},"geometry":{"type":"Polygon","coordinates":[[[13.9707,51.0656],[13.8317,50.9832],[13.7941,50.9829],[13.5871,51.0642],[13.7622,51.1611],[13.7902,51.1697],[13.9493,51.0842],[13.9707,51.0656]]]}},{"type":"Feature","properties":{"code":"DE364","name":"Stadt Essen"},"geometry":{"type":"Polygon","coordinates":[[[7.1107,51.4714],[7.1298,51.4194],[7.1094,51.3759],[6.992,51.353],[6.9444,51.353],[6.9091,51.3679],[6.9506,51.4302],[6.9327,51.4545],[6.9012,51.4795],[6.9221,51.501],[6.9576,51.5101],[7.0024,51.5312],[7.1107,51.4714]]]}},{"type":"Feature","properties":{"code":"DE365","name":"Kreis Herford"},"geometry":{"type":"Polygon","coordinates":[[[8.9186,52.1751],[8.9037,52.1383],[8.8813,52.1117],[8.7727,52.1184],[8.7398,52.1162],[8.6593,52.0662],[8.6228,52.0736],[8.5653,52.1006],[8.4746,52.1021],[8.4245,52.1123],[8.4317,52.1388],[8.4674,52.1778],[8.4789,52.2014],[8.4739,52.2493],[8.5152,52.255],[8.8899,52.19],[8.9186,52.1751]]]}},{"type":"Feature","properties":{"code":"DE366","name":"Rheinisch-Bergischer Kreis"},"geometry":{"type":"Polygon","coordinates":[[[7.2866,51.1372],[7.3222,51.0813],[7.3156,51.0517],[7.276,51.0112],[7.2601,50.9868],[7.3517,50.9605],[7.3763,50.9454],[7.166,50.8686],[7.1157,50.957],[7.0735,51.0133],[7.0909,51.0434],[7.0777,51.0713],[7.0545,51.087],[7.0128,51.0901],[6.9778,51.0817],[6.9936,51.1241],[7.0268,51.1205],[7.0871,51.1317],[7.1186,51.1312],[7.1475,51.1216],[7.16,51.1487],[7.1878,51.1513],[7.2484,51.1464],[7.2866,51.1372]]]}},{"type":"Feature","properties":{"code":"DE367","name":"Rhein-Erft-Kreis"},"geometry":{"type":"Polygon","coordinates":[[[6.7899,51.0487],[6.8178,51.0185],[6.8387,50.9816],[6.85,50.9295],[6.8657,50.8975],[6.9568,50.8431],[6.9881,50.8292],[7.0167,50.8028],[6.8991,50.7917],[6.8567,50.7762],[6.8,50.74],[6.7563,50.7371],[6.7269,50.7445],[6.6985,50.7453],[6.6827,50.7714],[6.5644,50.8767],[6.541,50.9042],[6.4637,51.038],[6.5001,51.042],[6.5279,51.0534],[6.5864,51.0269],[6.6314,51.0186],[6.6866,51.0157],[6.7189,51.0206],[6.7378,51.0461],[6.7623,51.0597],[6.7899,51.0487]]]}},{"type":"Feature","properties":{"code":"DE368","name":"Stadt Landau in der Pfalz"},"geometry":{"type":"MultiPolygon","coordinates":[[[[8.1621,49.1712],[8.0606,49.1639],[8.0547,49.1923],[8.0686,49.224],[8.1175,49.2315],[8.1584,49.2157],[8.1621,49.1712]]],[[[7.8777,49.3117],[7.9541,49.3086],[7.9514,49.2709],[7.9058,49.2773],[7.8727,49.2753],[7.8777,49.3117]]]]}},{"type":"Feature","properties":{"code":"DE369","name":"Hansestadt Bremen"},"geometry":{"type":"Polygon","coordinates":[[[8.9938,53.1285],[8.9701,53.1038],[8.918,53.0161],[8.8891,53.0145],[8.7102,53.0439],[8.7014,53.0808],[8.6757,53.1019],[8.6422,53.1188],[8.5361,53.1884],[8.5645,53.1999],[8.9581,53.1297],[8.9938,53.1285]]]}},{"type":"Feature","properties":{"code":"DE370","name":"Stadt Frankenthal"},"geometry":{"type":"Polygon","coordinates":[[[8.4278,49.5402],[8.3691,49.5071],[8.3362,49.5038],[8.3181,49.5448],[8.4157,49.5691],[8.4278,49.5402]]]}},{"type":"Feature","properties":{"code":"DE371","name":"Kreis Bad Tölz-Wolfratshausen"},"geometry":{"type":"Polygon","coordinates":[[[11.6364,47.9127],[11.661,47.8794],[11.6102,47.6149],[11.6102,47.5874],[11.5904,47.5189],[11.546,47.5114],[11.4407,47.5168],[11.4168,47.5024],[11.3902,47.4975],[11.3643,47.5261],[11.2899,47.5697],[11.2645,47.5958],[11.2748,47.6349],[11.2917,47.6686],[11.3282,47.6901],[11.3625,47.7032],[11.393,47.7245],[11.4115,47.7469],[11.3984,47.776],[11.3744,47.8069],[11.3211,47.8443],[11.3382,47.8752],[11.4214,47.9707],[11.4567,47.9718],[11.5732,47.948],[11.6364,47.9127]]]}},{"type":"Feature","properties":{"code":"DE372","name":"Kreis Neustadt a.d. Aisch - Bad Windsheim"},"geometry":{"type":"Polygon","coordinates":[[[10.6536,49.7363],[10.6319,49.7116],[10.6139,49.6815],[10.6566,49.6682],[10.764,49.6477],[10.7822,49.6248],[10.8127,49.5403],[10.7893,49.527],[10.7215,49.5063],[10.6867,49.4838],[10.7024,49.4353],[10.3808,49.412],[10.3419,49.4137],[10.2665,49.4636],[10.2404,49.476],[10.1413,49.4774],[10.0817,49.5343],[10.0983,49.6074],[10.1414,49.6194],[10.3839,49.6355],[10.3868,49.682],[10.3997,49.7302],[10.5393,49.7552],[10.6246,49.7374],[10.6536,49.7363]]]}},{"type":"Feature","properties":{"code":"DE373","name":"Kreis Nordhausen"},"geometry":{"type":"Polygon","coordinates":[[[10.9206,51.6121],[10.927,51.5792],[10.974,51.4369],[10.9738,51.4066],[10.5379,51.3956],[10.4977,51.3909],[10.5175,51.5519],[10.5274,51.5768],[10.6414,51.617],[10.6764,51.6241],[10.7017,51.6378],[10.7369,51.6432],[10.7685,51.6427],[10.9206,51.6121]]]}},{"type":"Feature","properties":{"code":"DE374","name":"Kreis Freising"},"geometry":{"type":"Polygon","coordinates":[[[11.9173,48.5754],[11.9509,48.4781],[11.9529,48.4517],[11.8613,48.419],[11.8324,48.4025],[11.7593,48.3051],[11.7418,48.2668],[11.7072,48.2799],[11.5687,48.2966],[11.5531,48.3282],[11.4699,48.4318],[11.6509,48.5009],[11.6703,48.535],[11.6939,48.6167],[11.7223,48.6075],[11.8825,48.5877],[11.9173,48.5754]]]}},{"type":"Feature","properties":{"code":"DE375","name":"Kreis Aichach-Friedberg"},"geometry":{"type":"Polygon","coordinates":[[[11.3197,48.4556],[11.1907,48.4144],[11.1743,48.3939],[11.1101,48.2642],[11.0155,48.204],[10.972,48.211],[10.9123,48.2368],[10.9193,48.2805],[10.9464,48.3519],[10.9485,48.393],[10.878,48.5238],[10.9051,48.5354],[10.9432,48.5409],[10.9647,48.5596],[10.9382,48.589],[11.0275,48.6254],[11.0631,48.6095],[11.2681,48.4787],[11.3197,48.4556]]]}},{"type":"Feature","properties":{"code":"DE376","name":"Kreis Emsland"},"geometry":{"type":"Polygon","coordinates":[[[7.6024,53.0578],[7.6305,53.0448],[7.8159,52.9309],[7.8048,52.9051],[7.7593,52.8419],[7.6827,52.7122],[7.6651,52.6706],[7.5753,52.3958],[7.5533,52.3717],[7.3399,52.2888],[7.3098,52.2819],[7.2202,52.4394],[7.2717,52.4777],[7.263,52.5142],[7.2489,52.5438],[7.0359,52.605],[7.0112,52.6191],[6.9973,52.642],[7.0335,52.6406],[7.0484,52.6663],[7.082,52.8227],[7.0802,52.8574],[7.1003,52.8903],[7.1706,53.1208],[7.1981,53.1119],[7.4721,53.0864],[7.5306,53.0441],[7.5649,53.0453],[7.6024,53.0578]]]}},{"type":"Feature","properties":{"code":"DE377","name":"Stadt Krefeld"},"geometry":{"type":"Polygon","coordinates":[[[6.6434,51.3904],[6.679,51.3586],[6.7023,51.3298],[6.5691,51.2728],[6.4965,51.2985],[6.4845,51.3438],[6.4986,51.3921],[6.5294,51.4071],[6.5523,51.3936],[6.6434,51.3904]]]}},{"type":"Feature","properties":{"code":"DE378","name":"Stadt Bielefeld"},"geometry":{"type":"Polygon","coordinates":[[[8.6593,52.0662],[8.639,51.9536],[8.6135,51.9289],[8.4487,51.9515],[8.4162,51.9658],[8.4746,52.1021],[8.5653,52.1006],[8.6228,52.0736],[8.6593,52.0662]]]}},{"type":"Feature","properties":{"code":"DE379","name":"Kreis Fürstenfeldbruck"},"geometry":{"type":"Polygon","coordinates":[[[11.4016,48.1957],[11.3835,48.1491],[11.3791,48.1084],[11.2472,48.1303],[11.1335,48.0815],[11.0412,48.1656],[11.0155,48.204],[11.1101,48.2642],[11.1412,48.2665],[11.243,48.2618],[11.3737,48.2134],[11.4016,48.1957]]]}},{"type":"Feature","properties":{"code":"DE380","name":"Kreis Freyung-Grafenau"},"geometry":{"type":"Polygon","coordinates":[[[13.5493,48.9676],[13.8488,48.7615],[13.8305,48.7253],[13.8229,48.6929],[13.7977,48.7007],[13.265,48.7427],[13.2379,48.7783],[13.1902,48.8639],[13.2151,48.873],[13.3914,48.9664],[13.417,48.9915],[13.5493,48.9676]]]}},{"type":"Feature","properties":{"code":"DE381","name":"Stadt Kempten (Allgäu)"},"geometry":{"type":"Polygon","coordinates":[[[10.2379,47.7697],[10.3332,47.7577],[10.3668,47.7489],[10.3471,47.7217],[10.3214,47.7037],[10.2888,47.705],[10.2611,47.714],[10.2379,47.7697]]]}},{"type":"Feature","properties":{"code":"DE382","name":"Kreis Havelland"},"geometry":{"type":"Polygon","coordinates":[[[12.9465,52.7147],[13.1425,52.6096],[13.1691,52.6002],[13.1437,52.4966],[13.108,52.4786],[13.0866,52.4565],[13.0189,52.5014],[12.9853,52.5055],[12.9524,52.5041],[12.8976,52.4644],[12.8646,52.4597],[12.7534,52.4579],[12.7361,52.4883],[12.7208,52.5291],[12.6763,52.5403],[12.425,52.546],[12.426,52.5017],[12.4203,52.4562],[12.3551,52.4433],[12.3239,52.4447],[12.3084,52.4743],[12.2893,52.4961],[12.1587,52.5063],[12.1756,52.5312],[12.2132,52.7197],[12.2222,52.7869],[12.2531,52.8016],[12.4132,52.7578],[12.4486,52.7603],[12.6011,52.7918],[12.636,52.7922],[12.8214,52.6973],[12.9465,52.7147]]]}},{"type":"Feature","properties":{"code":"DE383","name":"Kreis Lüneburg"},"geometry":{"type":"Polygon","coordinates":[[[10.5973,53.3664],[10.6776,53.3646],[10.7746,53.324],[10.9612,53.3313],[10.995,53.3258],[11.154,53.1868],[11.1204,53.168],[11.0748,53.1504],[11.0307,53.1645],[10.9431,53.2084],[10.898,53.2233],[10.8806,53.1952],[10.8695,53.1627],[10.8433,53.142],[10.7881,53.1301],[10.7624,53.1189],[10.4998,53.1868],[10.474,53.1812],[10.2369,53.0785],[10.2059,53.0535],[10.1757,53.061],[10.0761,53.0439],[10.071,53.0854],[10.0742,53.1283],[10.2227,53.2041],[10.2355,53.2363],[10.2413,53.2908],[10.2564,53.3204],[10.4025,53.3476],[10.4445,53.3596],[10.4628,53.3915],[10.4944,53.3924],[10.5973,53.3664]]]}},{"type":"Feature","properties":{"code":"DE384","name":"Kreis Hildesheim"},"geometry":{"type":"Polygon","coordinates":[[[10.2367,52.1935],[10.2177,52.1637],[10.1842,52.1453],[10.1843,52.1159],[10.2023,52.013],[10.1774,51.9913],[10.0713,51.9306],[9.9226,51.9141],[9.8591,51.9136],[9.8229,51.9309],[9.6527,51.9643],[9.6511,51.9954],[9.6674,52.1104],[9.6758,52.1347],[9.8933,52.2669],[10.0258,52.2925],[10.0264,52.2298],[10.1521,52.2318],[10.2146,52.2137],[10.2367,52.1935]]]}},{"type":"Feature","properties":{"code":"DE385","name":"Stadt Potsdam"},"geometry":{"type":"Polygon","coordinates":[[[13.0866,52.4565],[13.1113,52.4237],[13.1507,52.3988],[13.1367,52.369],[13.1124,52.3545],[13.0231,52.3577],[12.994,52.3649],[12.9128,52.441],[12.8976,52.4644],[12.9524,52.5041],[12.9853,52.5055],[13.0189,52.5014],[13.0866,52.4565]]]}},{"type":"Feature","properties":{"code":"DE386","name":"Saale-Holzland-Kreis"},"geometry":{"type":"Polygon","coordinates":[[[12.0122,50.9657],[11.9521,50.9246],[11.9231,50.8906],[11.869,50.7937],[11.8441,50.7861],[11.5143,50.7691],[11.4293,50.8099],[11.448,50.8384],[11.5075,50.9044],[11.5406,50.8946],[11.5979,50.8642],[11.6555,50.8779],[11.6615,50.9199],[11.6533,50.9612],[11.5701,50.9837],[11.5887,51.0023],[11.6716,51.0428],[11.6939,51.0765],[11.7372,51.0768],[11.9357,51.0287],[11.9679,51.0159],[11.9939,50.9921],[12.0122,50.9657]]]}},{"type":"Feature","properties":{"code":"DE387","name":"Eifelkreis Bitburg-Prüm"},"geometry":{"type":"Polygon","coordinates":[[[6.6954,50.0873],[6.7079,49.9489],[6.703,49.9019],[6.4313,49.8278],[6.3864,49.8328],[6.3572,49.8731],[6.145,50.1246],[6.1636,50.1573],[6.3416,50.349],[6.3811,50.3777],[6.6954,50.0873]]]}},{"type":"Feature","properties":{"code":"DE388","name":"Kreis Günzburg"},"geometry":{"type":"Polygon","coordinates":[[[10.218,48.51],[10.5409,48.4754],[10.5413,48.4444],[10.5186,48.323],[10.5425,48.3109],[10.577,48.3083],[10.5823,48.2821],[10.5713,48.2192],[10.5075,48.2209],[10.384,48.1815],[10.3377,48.1824],[10.3066,48.2038],[10.2683,48.2218],[10.2927,48.2639],[10.272,48.298],[10.2249,48.3454],[10.2035,48.3735],[10.1804,48.4486],[10.2005,48.4735],[10.218,48.51]]]}},{"type":"Feature","properties":{"code":"DE389","name":"Märkischer Kreis"},"geometry":{"type":"Polygon","coordinates":[[[7.8435,51.4741],[7.869,51.4624],[7.8931,51.4047],[7.9289,51.27],[7.9323,51.2251],[7.8325,51.0958],[7.7949,51.0793],[7.7301,51.0703],[7.553,51.0948],[7.5104,51.1071],[7.4478,51.1923],[7.4363,51.2161],[7.5815,51.2967],[7.5921,51.3938],[7.6757,51.4575],[7.705,51.4734],[7.8435,51.4741]]]}},{"type":"Feature","properties":{"code":"DE390","name":"Kreis Bad Dürkheim"},"geometry":{"type":"Polygon","coordinates":[[[8.1519,49.6268],[8.2618,49.5913],[8.282,49.5479],[8.2925,49.3579],[8.284,49.316],[8.2548,49.3365],[8.2362,49.3607],[8.2128,49.3805],[8.147,49.3911],[8.0819,49.3701],[8.0403,49.3467],[8.009,49.3436],[7.9713,49.3299],[7.9541,49.3086],[7.8777,49.3117],[7.8325,49.3197],[7.842,49.3523],[7.8639,49.376],[7.9596,49.4166],[7.9814,49.4347],[7.9638,49.4975],[7.991,49.5022],[8.0834,49.5453],[8.1078,49.567],[8.1279,49.6039],[8.1519,49.6268]]]}},{"type":"Feature","properties":{"code":"DE391","name":"Kreis Regen"},"geometry":{"type":"Polygon","coordinates":[[[13.417,48.9915],[13.3914,48.9664],[13.2151,48.873],[13.1902,48.8639],[13.0349,48.9361],[12.8664,48.9527],[12.7726,49.1051],[12.8043,49.1172],[13.1493,49.1495],[13.2804,49.1197],[13.3059,49.1066],[13.363,49.0674],[13.417,48.9915]]]}},{"type":"Feature","properties":{"code":"DE392","name":"Stadt Brandenburg"},"geometry":{"type":"Polygon","coordinates":[[[12.3551,52.4433],[12.4203,52.4562],[12.6096,52.458],[12.6414,52.4462],[12.6632,52.4209],[12.5976,52.3521],[12.5707,52.3427],[12.4507,52.3176],[12.4144,52.319],[12.3709,52.4175],[12.3551,52.4433]]]}},{"type":"Feature","properties":{"code":"DE393","name":"Kreis Verden"},"geometry":{"type":"Polygon","coordinates":[[[9.4479,52.9094],[9.3723,52.8098],[9.3588,52.7767],[9.2029,52.8725],[9.1178,52.8936],[9.0839,52.8953],[9.0435,52.9078],[8.9586,52.9222],[8.9253,52.938],[8.918,53.0161],[8.9701,53.1038],[8.9938,53.1285],[9.1736,53.1752],[9.1854,53.1125],[9.1866,53.0474],[9.448,52.9903],[9.455,52.9525],[9.4479,52.9094]]]}},{"type":"Feature","properties":{"code":"DE394","name":"Stadt Cottbus"},"geometry":{"type":"Polygon","coordinates":[[[14.3037,51.716],[14.2902,51.7561],[14.283,51.7959],[14.304,51.8633],[14.4305,51.8187],[14.4758,51.791],[14.453,51.729],[14.4338,51.7026],[14.3324,51.7053],[14.3037,51.716]]]}},{"type":"Feature","properties":{"code":"DE395","name":"Lahn-Dill-Kreis"},"geometry":{"type":"Polygon","coordinates":[[[8.545,50.7192],[8.6175,50.5529],[8.6207,50.5192],[8.5607,50.4832],[8.5361,50.4598],[8.5407,50.4215],[8.5052,50.3976],[8.4502,50.4213],[8.1589,50.5936],[8.147,50.6346],[8.1436,50.6985],[8.2246,50.8401],[8.2635,50.8604],[8.2969,50.871],[8.3267,50.8757],[8.545,50.7192]]]}},{"type":"Feature","properties":{"code":"DE396","name":"Stadt Bochum"},"geometry":{"type":"Polygon","coordinates":[[[7.3138,51.5158],[7.3415,51.4868],[7.3253,51.4621],[7.2764,51.4287],[7.2441,51.4133],[7.1567,51.4229],[7.1298,51.4194],[7.1107,51.4714],[7.1307,51.5],[7.1672,51.5103],[7.2843,51.5319],[7.3138,51.5158]]]}},{"type":"Feature","properties":{"code":"DE397","name":"Kreis Alzey-Worms"},"geometry":{"type":"Polygon","coordinates":[[[8.39,49.8095],[8.4192,49.771],[8.4302,49.7313],[8.3865,49.7298],[8.343,49.7218],[8.2484,49.6313],[8.2263,49.6047],[8.1519,49.6268],[8.1474,49.6568],[7.9184,49.7465],[7.9246,49.7811],[7.9582,49.8457],[7.9936,49.8591],[8.1497,49.8935],[8.1805,49.8908],[8.2375,49.7902],[8.2609,49.7674],[8.3621,49.7934],[8.39,49.8095]]]}},{"type":"Feature","properties":{"code":"DE398","name":"Kreis Tirschenreuth"},"geometry":{"type":"Polygon","coordinates":[[[12.5488,49.8983],[12.4146,49.7669],[12.3788,49.76],[12.2891,49.7718],[12.2082,49.8204],[12.1814,49.8289],[12.0717,49.7934],[12.0382,49.7868],[11.8559,49.8564],[11.8391,49.8899],[11.8288,49.9529],[11.8739,49.9686],[12.1967,50.0044],[12.2682,50.0656],[12.3063,50.0542],[12.3424,50.034],[12.4546,49.9918],[12.5335,49.9196],[12.5488,49.8983]]]}},{"type":"Feature","properties":{"code":"DE399","name":"Kreis Kitzingen"},"geometry":{"type":"Polygon","coordinates":[[[10.4206,49.8282],[10.4997,49.8036],[10.5357,49.7834],[10.5393,49.7552],[10.3997,49.7302],[10.3868,49.682],[10.3839,49.6355],[10.1414,49.6194],[10.0983,49.6074],[10.0682,49.7985],[10.0713,49.8286],[10.1586,49.8808],[10.2014,49.883],[10.4206,49.8282]]]}},{"type":"Feature","properties":{"code":"DE400","name":"Kreis Stormarn"},"geometry":{"type":"Polygon","coordinates":[[[10.59,53.8888],[10.5721,53.7961],[10.5387,53.7673],[10.4679,53.7547],[10.4265,53.6322],[10.408,53.5963],[10.2518,53.5071],[10.2336,53.4849],[10.1694,53.5164],[10.1742,53.5442],[10.1898,53.5801],[10.1879,53.6243],[10.1772,53.6888],[10.1641,53.7133],[10.0879,53.713],[10.0544,53.7556],[10.0835,53.7697],[10.501,53.8996],[10.5377,53.9151],[10.5658,53.9074],[10.59,53.8888]]]}},{"type":"Feature","properties":{"code":"DE401","name":"Stadt Oberhausen"},"geometry":{"type":"Polygon","coordinates":[[[6.9221,51.501],[6.9012,51.4795],[6.8297,51.45],[6.8143,51.5094],[6.7916,51.5305],[6.8148,51.5603],[6.8436,51.5719],[6.9221,51.501]]]}},{"type":"Feature","properties":{"code":"DE402","name":"Kreis Neuburg-Schrobenhausen"},"geometry":{"type":"Polygon","coordinates":[[[11.2748,48.7711],[11.3782,48.7065],[11.4175,48.6746],[11.3727,48.6206],[11.3509,48.5781],[11.3261,48.5002],[11.3197,48.4556],[11.2681,48.4787],[11.0631,48.6095],[11.0275,48.6254],[11.0206,48.6642],[10.965,48.7906],[10.9913,48.8097],[11.0339,48.8165],[11.0701,48.8135],[11.2748,48.7711]]]}},{"type":"Feature","properties":{"code":"DE403","name":"Stadt Wiesbaden"},"geometry":{"type":"Polygon","coordinates":[[[8.3774,50.0741],[8.3114,49.9885],[8.2797,49.9929],[8.1789,50.031],[8.1362,50.0939],[8.1675,50.1106],[8.302,50.1398],[8.3329,50.1419],[8.3774,50.0741]]]}},{"type":"Feature","properties":{"code":"DE404","name":"Kreis Freudenstadt"},"geometry":{"type":"Polygon","coordinates":[[[8.7287,48.5104],[8.8001,48.4768],[8.8009,48.4134],[8.6986,48.4035],[8.6652,48.3918],[8.6314,48.4005],[8.5636,48.4001],[8.5211,48.3916],[8.4838,48.329],[8.4393,48.3199],[8.2905,48.347],[8.2746,48.386],[8.2301,48.555],[8.2354,48.5802],[8.3233,48.591],[8.4119,48.6445],[8.4391,48.6259],[8.6857,48.5243],[8.7287,48.5104]]]}},{"type":"Feature","properties":{"code":"DE405","name":"Kreis Südliche Weinstraße"},"geometry":{"type":"Polygon","coordinates":[[[8.2862,49.277],[8.2717,49.247],[8.1933,49.1375],[8.1639,49.1158],[8.0892,49.0885],[8.0774,49.0603],[8.0662,49.0085],[8.0534,48.9838],[7.9441,49.0021],[7.9115,49.0123],[7.9115,49.041],[7.8727,49.2753],[7.9058,49.2773],[7.9514,49.2709],[7.9541,49.3086],[7.9713,49.3299],[8.009,49.3436],[8.0403,49.3467],[8.0637,49.3297],[8.2501,49.2914],[8.2862,49.277]],[[8.0606,49.1639],[8.1621,49.1712],[8.1584,49.2157],[8.1175,49.2315],[8.0686,49.224],[8.0547,49.1923],[8.0606,49.1639]]]}},{"type":"Feature","properties":{"code":"DE406","name":"Kreis Eichsfeld"},"geometry":{"type":"Polygon","coordinates":[[[10.4977,51.3909],[10.2114,51.1938],[10.1815,51.2004],[9.9546,51.2987],[9.9368,51.3363],[9.9258,51.3816],[9.9582,51.3993],[10.2226,51.4677],[10.2568,51.4861],[10.3562,51.5535],[10.5274,51.5768],[10.5175,51.5519],[10.4977,51.3909]]]}},{"type":"Feature","properties":{"code":"DE407","name":"Kreis Lippe"},"geometry":{"type":"Polygon","coordinates":[[[9.0193,52.1772],[9.1189,52.1174],[9.1579,52.1056],[9.1687,52.0112],[9.1837,51.9794],[9.3061,51.9416],[9.3363,51.9267],[9.3144,51.8856],[9.3036,51.8525],[9.2725,51.8552],[9.1366,51.8871],[9.0907,51.8891],[8.9889,51.8124],[8.9624,51.7815],[8.9264,51.7905],[8.8102,51.7962],[8.7838,51.8048],[8.7332,51.8683],[8.6879,51.9096],[8.6135,51.9289],[8.639,51.9536],[8.6593,52.0662],[8.7398,52.1162],[8.7727,52.1184],[8.8813,52.1117],[8.9037,52.1383],[8.9186,52.1751],[8.9506,52.186],[8.9852,52.1892],[9.0193,52.1772]]]}},{"type":"Feature","properties":{"code":"DE408","name":"Schwarzwald-Baar-Kreis"},"geometry":{"type":"Polygon","coordinates":[[[8.2052,48.1775],[8.4467,48.1779],[8.481,48.1722],[8.6204,48.0602],[8.6271,48.0206],[8.5937,47.9107],[8.6321,47.8471],[8.6273,47.8063],[8.5624,47.8065],[8.5138,47.7881],[8.4947,47.8149],[8.4634,47.8437],[8.4209,47.8526],[8.4168,47.8838],[8.4009,47.9097],[8.3257,47.9757],[8.2987,47.9923],[8.1675,47.9962],[8.1107,48.0157],[8.1797,48.19],[8.2052,48.1775]]]}},{"type":"Feature","properties":{"code":"DE409","name":"Kreis Bad Kissingen"},"geometry":{"type":"Polygon","coordinates":[[[9.9279,50.419],[9.9442,50.3988],[9.9828,50.3188],[10.0083,50.3078],[10.2155,50.2673],[10.2793,50.2942],[10.3091,50.2984],[10.3366,50.2853],[10.3663,50.2338],[10.3497,50.207],[10.3241,50.1784],[10.2978,50.167],[10.0305,50.1083],[9.9909,50.0944],[9.9562,50.0686],[9.9365,50.0438],[9.8367,50.045],[9.8036,50.0516],[9.6622,50.2255],[9.6818,50.2656],[9.749,50.3445],[9.7945,50.4129],[9.8264,50.4224],[9.9279,50.419]]]}},{"type":"Feature","properties":{"code":"DE410","name":"Kreis Weißenburg-Gunzenhausen"},"geometry":{"type":"Polygon","coordinates":[[[10.8403,49.184],[11.0435,49.1259],[11.1535,49.0702],[11.1875,49.0484],[11.157,49.018],[10.9498,48.8849],[10.9296,48.8641],[10.8983,48.8835],[10.7111,48.9337],[10.6817,48.9534],[10.6462,49.0129],[10.6511,49.0548],[10.6785,49.1445],[10.7426,49.191],[10.768,49.2001],[10.8403,49.184]]]}},{"type":"Feature","properties":{"code":"DE411","name":"Hochsauerlandkreis"},"geometry":{"type":"Polygon","coordinates":[[[8.9617,51.5086],[8.9634,51.4832],[8.9402,51.396],[8.9153,51.3876],[8.7003,51.3764],[8.6711,51.3605],[8.5697,51.2835],[8.598,51.2699],[8.7157,51.251],[8.7303,51.2206],[8.7381,51.1631],[8.7299,51.1323],[8.5843,51.1073],[8.5416,51.1058],[8.5084,51.1308],[8.477,51.1473],[8.2607,51.1078],[8.232,51.0983],[8.2104,51.1334],[8.1208,51.2316],[8.0803,51.2389],[7.9604,51.2341],[7.9323,51.2251],[7.9289,51.27],[7.8931,51.4047],[7.869,51.4624],[7.9084,51.4661],[8.3541,51.3964],[8.5364,51.4669],[8.78,51.4561],[8.8045,51.4718],[8.875,51.5361],[8.908,51.5414],[8.9295,51.5214],[8.9617,51.5086]]]}},{"type":"Feature","properties":{"code":"DE412","name":"Main-Taunus-Kreis"},"geometry":{"type":"Polygon","coordinates":[[[8.5557,50.1534],[8.5347,50.131],[8.503,50.1112],[8.5137,50.0714],[8.4929,50.0445],[8.4573,50.0227],[8.426,50.0163],[8.3349,50.015],[8.3774,50.0741],[8.3329,50.1419],[8.353,50.182],[8.3956,50.1839],[8.5234,50.1673],[8.5557,50.1534]]]}},{"type":"Feature","properties":{"code":"DE413","name":"Hansestadt Hamburg"},"geometry":{"type":"Polygon","coordinates":[[[10.2336,53.4849],[10.2851,53.4535],[10.2592,53.433],[10.1976,53.406],[10.1681,53.3994],[10.0816,53.4474],[10.0449,53.4505],[9.8824,53.4367],[9.8413,53.4455],[9.8041,53.4754],[9.7679,53.4888],[9.7704,53.5291],[9.7648,53.5577],[9.8099,53.5749],[9.935,53.647],[9.996,53.6542],[10.0879,53.713],[10.1641,53.7133],[10.1772,53.6888],[10.1879,53.6243],[10.1898,53.5801],[10.1742,53.5442],[10.1694,53.5164],[10.2336,53.4849]]]}},{"type":"Feature","properties":{"code":"DE414","name":"Kreis Dachau"},"geometry":{"type":"Polygon","coordinates":[[[11.4699,48.4318],[11.5531,48.3282],[11.5687,48.2966],[11.4403,48.2234],[11.4016,48.1957],[11.3737,48.2134],[11.243,48.2618],[11.1101,48.2642],[11.1743,48.3939],[11.1907,48.4144],[11.3197,48.4556],[11.3589,48.4459],[11.4699,48.4318]]]}},{"type":"Feature","properties":{"code":"DE415","name":"Kreis Helmstedt"},"geometry":{"type":"Polygon","coordinates":[[[10.9537,52.0579],[10.7932,52.0537],[10.8782,52.1713],[10.8515,52.1892],[10.7922,52.2116],[10.73,52.2844],[10.7054,52.3016],[10.6365,52.2902],[10.5953,52.3484],[10.613,52.3723],[10.6398,52.3934],[10.6627,52.3741],[10.8254,52.3237],[10.8521,52.3303],[10.8792,52.3418],[10.8945,52.461],[10.9215,52.4694],[10.951,52.4695],[11.0129,52.3967],[11.056,52.2512],[11.0495,52.2244],[10.9781,52.085],[10.9537,52.0579]]]}},{"type":"Feature","properties":{"code":"DE416","name":"Kreis Meißen"},"geometry":{"type":"Polygon","coordinates":[[[13.6695,51.3677],[13.8289,51.3732],[13.8251,51.3409],[13.7894,51.2032],[13.7902,51.1697],[13.7622,51.1611],[13.5871,51.0642],[13.3049,51.0409],[13.2734,51.0438],[13.1974,51.2216],[13.2145,51.3992],[13.2482,51.4042],[13.3658,51.4405],[13.3957,51.4446],[13.6351,51.3747],[13.6695,51.3677]]]}},{"type":"Feature","properties":{"code":"DE417","name":"Stadt Jena"},"geometry":{"type":"Polygon","coordinates":[[[11.5075,50.9044],[11.5116,50.9689],[11.5351,50.979],[11.5701,50.9837],[11.6533,50.9612],[11.6615,50.9199],[11.6555,50.8779],[11.5979,50.8642],[11.5406,50.8946],[11.5075,50.9044]]]}},{"type":"Feature","properties":{"code":"DE418","name":"Stadt Kiel"},"geometry":{"type":"Polygon","coordinates":[[[10.2081,54.2453],[10.1301,54.2541],[10.0246,54.3159],[9.9879,54.3451],[10.2058,54.4622],[10.2123,54.436],[10.2027,54.2741],[10.2081,54.2453]]]}},{"type":"Feature","properties":{"code":"DE419","name":"Kreis Konstanz"},"geometry":{"type":"Polygon","coordinates":[[[9.1239,47.8412],[9.1034,47.8158],[9.0866,47.7774],[9.115,47.7492],[9.149,47.7269],[9.169,47.7021],[9.1297,47.6988],[9.0187,47.7142],[8.9764,47.7144],[8.999,47.6864],[8.8947,47.6638],[8.8563,47.6462],[8.8253,47.6699],[8.7566,47.6876],[8.7188,47.6923],[8.7195,47.719],[8.7017,47.7546],[8.667,47.7932],[8.6273,47.8063],[8.6321,47.8471],[8.6738,47.8617],[8.9993,47.9335],[9.0362,47.9287],[9.1037,47.9092],[9.1381,47.8887],[9.1239,47.8412]]]}},{"type":"Feature","properties":{"code":"DE420","name":"Kreis Pfaffenhofen a.d. Ilm"},"geometry":{"type":"Polygon","coordinates":[[[11.6725,48.7871],[11.6742,48.7603],[11.6635,48.7357],[11.6674,48.7073],[11.6939,48.6167],[11.6703,48.535],[11.6509,48.5009],[11.4699,48.4318],[11.3589,48.4459],[11.3197,48.4556],[11.3261,48.5002],[11.3509,48.5781],[11.3727,48.6206],[11.4175,48.6746],[11.4805,48.7359],[11.5092,48.7576],[11.5901,48.7932],[11.6276,48.8039],[11.6725,48.7871]]]}},{"type":"Feature","properties":{"code":"DE421","name":"Kreis Rottal-Inn"},"geometry":{"type":"Polygon","coordinates":[[[13.004,48.5929],[13.1369,48.4488],[13.1539,48.4216],[13.0977,48.3797],[13.1691,48.3019],[13.1474,48.2868],[13.0322,48.2597],[12.9255,48.2086],[12.9098,48.231],[12.8233,48.309],[12.7898,48.3202],[12.6325,48.3482],[12.601,48.3465],[12.5751,48.3747],[12.5252,48.4098],[12.5001,48.4204],[12.4997,48.4496],[12.4889,48.4866],[12.5145,48.4985],[12.7606,48.5447],[12.7815,48.5883],[12.8106,48.599],[12.915,48.5995],[12.9419,48.6117],[13.004,48.5929]]]}},{"type":"Feature","properties":{"code":"DE801","name":"Nordfrisische Küste"},"geometry":{"type":"Polygon","coordinates":[[[8.4567,55.0343],[8.4957,55.0545],[8.537,54.9435],[8.5965,54.9174],[8.5644,54.8937],[8.5994,54.8794],[8.6287,54.8509],[8.6855,54.773],[8.7002,54.7463],[8.7053,54.7203],[8.7226,54.6923],[8.7582,54.6806],[8.9656,54.5338],[8.9936,54.5111],[9.006,54.4783],[8.9782,54.4538],[8.8968,54.4119],[8.8645,54.402],[8.651,54.3886],[8.6076,54.3461],[8.5926,54.3124],[8.5507,54.2998],[8.308,54.2778],[8.2828,54.2886],[7.9197,54.3944],[7.8904,54.3976],[7.908,54.8436],[7.9826,54.9657],[8.0156,54.9912],[8.1252,55.0595],[8.1706,55.0648],[8.3768,55.0696],[8.4029,55.058],[8.3779,55.0326],[8.3076,54.9278],[8.2943,54.901],[8.289,54.8742],[8.3009,54.848],[8.3286,54.8726],[8.381,54.8834],[8.4567,55.0343]],[[8.3924,54.7113],[8.4248,54.6952],[8.4671,54.683],[8.5401,54.6786],[8.5708,54.6862],[8.5903,54.7109],[8.581,54.7392],[8.5332,54.7542],[8.4385,54.7492],[8.4042,54.735],[8.3924,54.7113]],[[8.3573,54.6595],[8.3498,54.6957],[8.3042,54.6785],[8.3066,54.6451],[8.3309,54.6237],[8.3583,54.6232],[8.3573,54.6595]],[[8.6155,54.4901],[8.6501,54.4887],[8.6763,54.5008],[8.6957,54.5319],[8.6643,54.5455],[8.6136,54.5351],[8.5862,54.5205],[8.6155,54.4901]]]}},{"type":"Feature","properties":{"code":"DE802","name":"Ostfrisische Küste"},"geometry":{"type":"Polygon","coordinates":[[[7.93,54.0035],[7.9414,53.9781],[8.0919,53.7742],[8.1272,53.7705],[8.1574,53.7496],[8.251,53.6478],[8.2718,53.6093],[8.2497,53.5734],[8.3073,53.5232],[8.329,53.494],[8.2148,53.3977],[8.1898,53.417],[8.0741,53.4741],[8.0924,53.4929],[8.1492,53.5236],[8.1341,53.5617],[8.0907,53.6219],[8.0595,53.6444],[8.0472,53.6821],[8.0215,53.7084],[7.9563,53.7356],[7.8556,53.713],[7.5531,53.6956],[7.5152,53.689],[7.4755,53.691],[7.3186,53.6816],[7.2586,53.6706],[7.2136,53.6551],[7.1853,53.6428],[7.0954,53.5829],[7.0774,53.5614],[7.0276,53.4904],[7.0109,53.4262],[7.0102,53.3917],[6.9936,53.3635],[6.9663,53.377],[6.9457,53.3962],[6.9195,53.447],[6.8598,53.4814],[6.5395,53.5442],[6.528,53.5792],[6.3911,53.8793],[6.4242,53.8947],[7.4121,54.0473],[7.4943,54.003],[7.5267,54.0],[7.8986,54.0],[7.93,54.0035]],[[7.6808,53.7658],[7.7081,53.7531],[7.7444,53.7677],[7.714,53.7779],[7.6808,53.7658]],[[6.693,53.566],[6.7295,53.56],[6.761,53.5635],[6.7904,53.5945],[6.7597,53.6164],[6.6937,53.6033],[6.6592,53.5864],[6.693,53.566]]]}},{"type":"Feature","properties":{"code":"DE803","name":"Helgoland"},"geometry":{"type":"Polygon","coordinates":[[[8.308,54.2778],[7.93,54.0035],[7.8986,54.0],[7.5267,54.0],[7.4943,54.003],[7.4121,54.0473],[7.4267,54.0763],[7.4971,54.1733],[7.582,54.3129],[7.6167,54.3293],[7.8904,54.3976],[7.9197,54.3944],[8.2828,54.2886],[8.308,54.2778]]]}},{"type":"Feature","properties":{"code":"DE804","name":"Elbe von Hamburg bis Cuxhaven"},"geometry":{"type":"Polygon","coordinates":[[[9.0671,53.9027],[9.1144,53.8915],[9.203,53.8934],[9.2301,53.8864],[9.2639,53.8664],[9.2362,53.861],[9.1202,53.8635],[9.0193,53.8545],[8.9952,53.8416],[8.9565,53.8483],[8.8122,53.8302],[8.6829,53.891],[8.7053,53.9059],[8.8601,53.9774],[8.8829,53.9617],[8.9004,53.9388],[8.9512,53.9022],[8.9864,53.8917],[9.0671,53.9027]]]}},{"type":"Feature","properties":{"code":"DE805","name":"Elbe Wesermündung"},"geometry":{"type":"Polygon","coordinates":[[[8.8399,54.2703],[8.8448,54.239],[8.8365,54.0565],[8.8449,54.012],[8.8601,53.9774],[8.7053,53.9059],[8.6829,53.891],[8.6026,53.8769],[8.5807,53.8503],[8.4445,53.5631],[8.4122,53.5676],[8.3035,53.6052],[8.2718,53.6093],[8.251,53.6478],[8.1574,53.7496],[8.1272,53.7705],[8.0919,53.7742],[7.9414,53.9781],[7.93,54.0035],[8.308,54.2778],[8.5507,54.2998],[8.5926,54.3124],[8.6179,54.3004],[8.8399,54.2703]]]}},{"type":"Feature","properties":{"code":"DE806","name":"Östlich Fehmarn bis Rügen"},"geometry":{"type":"Polygon","coordinates":[[[13.4174,54.6626],[13.3818,54.6788],[13.347,54.6767],[13.243,54.6521],[13.2201,54.6285],[13.1822,54.5709],[13.1653,54.5302],[13.1769,54.4945],[13.1526,54.4816],[13.1309,54.4577],[13.156,54.452],[13.1985,54.4572],[13.2154,54.4221],[13.207,54.3804],[13.1778,54.3702],[13.1155,54.3698],[13.0767,54.3759],[13.0475,54.3914],[13.029,54.4259],[12.9264,54.4427],[12.5256,54.4725],[12.4913,54.4657],[12.327,54.2959],[12.2727,54.261],[12.1435,54.2014],[12.0471,54.1717],[12.0214,54.1564],[11.9884,54.1694],[11.9496,54.168],[11.674,54.1431],[11.6473,54.1312],[11.6025,54.1019],[11.5802,54.077],[11.5843,54.0411],[11.4687,53.9226],[11.446,53.9079],[11.4167,53.9124],[11.27,53.9555],[11.2385,53.9689],[11.2104,53.9939],[11.1776,54.0128],[11.0954,54.0141],[10.874,53.9719],[10.8858,54.0909],[11.075,54.1874],[11.0935,54.2088],[11.0728,54.3421],[11.0713,54.3783],[11.0956,54.401],[11.3015,54.405],[11.2895,54.433],[11.272,54.458],[11.2125,54.5005],[11.2755,54.5696],[11.3058,54.5586],[11.5176,54.452],[11.7164,54.3752],[12.1098,54.4031],[12.2597,54.4539],[12.428,54.5758],[12.5513,54.7114],[12.5722,54.729],[12.788,54.8156],[12.8418,54.8424],[12.9331,54.8704],[13.2536,54.9002],[13.4366,54.9005],[13.4244,54.8407],[13.4174,54.6626]],[[13.112,54.5954],[13.0926,54.5557],[13.0851,54.5116],[13.1105,54.5302],[13.1226,54.5556],[13.145,54.575],[13.1441,54.6025],[13.112,54.5954]],[[11.4768,53.9788],[11.4791,54.0207],[11.4427,54.0255],[11.3888,54.003],[11.3852,53.9733],[11.4147,53.9616],[11.4465,53.9563],[11.4768,53.9788]]]}},{"type":"Feature","properties":{"code":"DE807","name":"Östlich Rügen"},"geometry":{"type":"Polygon","coordinates":[[[14.4168,54.2116],[14.236,53.9348],[14.1994,53.9493],[14.0391,54.0428],[13.9614,54.105],[13.9193,54.1234],[13.7954,54.1643],[13.7635,54.1701],[13.5043,54.1236],[13.4708,54.1219],[13.4021,54.1619],[13.3837,54.1832],[13.4088,54.2841],[13.4765,54.3292],[13.5148,54.3374],[13.6185,54.3449],[13.6453,54.3399],[13.6891,54.3046],[13.7159,54.3145],[13.7345,54.3448],[13.6804,54.3939],[13.6346,54.4087],[13.6391,54.4474],[13.6823,54.5387],[13.6702,54.5696],[13.4404,54.6483],[13.4174,54.6626],[13.4244,54.8407],[13.4366,54.9005],[13.7553,54.9002],[14.0464,54.8055],[14.0724,54.7826],[14.23,54.5977],[14.2407,54.5585],[14.2872,54.2538],[14.3139,54.2376],[14.4168,54.2116]]]}},{"type":"Feature","properties":{"code":"DE808","name":"Flensburg bis Femarn"},"geometry":{"type":"Polygon","coordinates":[[[10.1291,54.7743],[10.2583,54.7128],[10.5381,54.6381],[10.7935,54.62],[10.9912,54.6348],[11.0295,54.6295],[11.2755,54.5696],[11.2125,54.5005],[11.1831,54.5155],[11.0886,54.5315],[11.0517,54.5298],[11.0218,54.5063],[11.0061,54.4845],[11.0047,54.4518],[11.0254,54.4359],[11.074,54.4168],[11.0956,54.401],[11.0713,54.3783],[10.9489,54.3827],[10.63,54.3639],[10.5888,54.3653],[10.1426,54.4814],[9.8625,54.4577],[9.8758,54.4838],[9.9666,54.6028],[9.975,54.6309],[10.003,54.6504],[10.012,54.69],[9.9674,54.764],[9.9446,54.7825],[9.9203,54.7918],[9.8948,54.7886],[9.8738,54.7584],[9.8273,54.7595],[9.6871,54.8118],[9.6573,54.8348],[9.6914,54.8459],[9.7671,54.851],[9.8058,54.8405],[9.8632,54.8344],[10.0219,54.804],[10.1291,54.7743]]]}}]}