{"type":"FeatureCollection","features":[{"type":"Feature","properties":{"code":"HR001","name":"Knin region"},"geometry":{"type":"Polygon","coordinates":[[[15.4028,44.1251],[15.4034,44.1451],[15.4186,44.1677],[15.4329,44.1762],[15.4612,44.1817],[15.5654,44.14],[15.6249,44.1276],[15.6928,44.1837],[15.7503,44.24],[15.9683,44.1821],[16.1705,44.1512],[16.2044,44.1504],[16.2384,44.1561],[16.2707,44.1738],[16.3062,44.1478],[16.3097,44.1432],[16.3083,44.1267],[16.3185,44.1145],[16.3593,44.102],[16.3695,44.0821],[16.4018,44.0796],[16.4277,44.0832],[16.4422,44.0669],[16.4358,44.055],[16.4366,44.0307],[16.4821,44.0295],[16.5022,44.0244],[16.5157,44.0042],[16.5368,43.9863],[16.5502,43.9536],[16.5875,43.9432],[16.6261,43.902],[16.6636,43.8774],[16.7102,43.8548],[16.7203,43.8321],[16.7191,43.8068],[16.729,43.7914],[16.7528,43.7696],[16.8,43.763],[16.8116,43.7555],[16.825,43.7324],[16.8726,43.7065],[16.8854,43.6859],[16.9085,43.6748],[16.9159,43.6625],[16.9277,43.655],[16.9318,43.6438],[16.971,43.618],[16.99,43.5921],[17.0145,43.5715],[17.0429,43.557],[17.0631,43.5537],[17.0874,43.5355],[17.1233,43.518],[17.1299,43.508],[17.1421,43.506],[17.1496,43.4957],[17.1754,43.4901],[17.199,43.4995],[17.2231,43.4986],[17.2785,43.4714],[17.2861,43.4576],[17.2843,43.4356],[17.2697,43.4158],[17.2508,43.4028],[17.2608,43.3933],[17.2654,43.3728],[17.279,43.3486],[17.311,43.2984],[17.3277,43.2852],[17.3321,43.2699],[17.3587,43.2496],[17.3966,43.2451],[17.4219,43.2296],[17.4325,43.2048],[17.427,43.1885],[17.4312,43.1784],[17.45,43.1774],[17.4751,43.1615],[17.554,43.1307],[17.6414,43.0892],[17.6221,43.0759],[17.5447,43.0583],[17.4915,43.0621],[17.4557,43.0744],[17.3454,43.1421],[17.2774,43.173],[17.1546,43.2533],[17.0581,43.326],[16.9802,43.378],[16.9267,43.4387],[16.9063,43.4502],[16.745,43.4718],[16.703,43.4853],[16.6123,43.5352],[16.3871,43.5799],[16.2776,43.594],[16.2376,43.6046],[16.1372,43.653],[16.0323,43.6835],[15.9972,43.698],[15.9438,43.7283],[15.8862,43.7823],[15.8713,43.7887],[15.793,43.8014],[15.6977,43.8346],[15.607,43.885],[15.4852,43.9897],[15.464,44.0135],[15.4028,44.1251]]]}},{"type":"Feature","properties":{"code":"HR002","name":"Zagreb region"},"geometry":{"type":"Polygon","coordinates":[[[15.7118,45.9395],[15.7009,45.9888],[15.707,45.9893],[15.7016,45.9953],[15.7062,45.994],[15.7003,45.9992],[15.7156,46.0095],[15.706,46.0155],[15.7163,46.0199],[15.7151,46.0273],[15.7201,46.0277],[15.7159,46.0353],[15.7326,46.0445],[15.7231,46.0481],[15.7145,46.0597],[15.6871,46.0644],[15.6906,46.0685],[15.6828,46.0669],[15.6707,46.0738],[15.6581,46.0714],[15.6589,46.0803],[15.6486,46.083],[15.6483,46.0872],[15.6356,46.0832],[15.6211,46.0894],[15.6188,46.0919],[15.6253,46.0996],[15.6155,46.0992],[15.6142,46.1071],[15.6047,46.1122],[15.6138,46.1333],[15.5954,46.1462],[15.6142,46.1532],[15.6033,46.1609],[15.6074,46.1671],[15.6332,46.1768],[15.636,46.1858],[15.649,46.1912],[15.6482,46.2045],[15.6411,46.2074],[15.6472,46.2172],[15.6808,46.227],[15.7283,46.2229],[15.7259,46.2192],[15.73,46.2161],[15.7411,46.2217],[15.7529,46.22],[15.7509,46.209],[15.768,46.2088],[15.7857,46.2162],[15.7941,46.2278],[15.7936,46.2364],[15.7992,46.2375],[15.8015,46.2427],[15.7914,46.2592],[15.8632,46.2676],[15.8667,46.276],[15.8974,46.2839],[15.9011,46.2894],[15.9128,46.2897],[15.9169,46.2854],[15.9424,46.2901],[15.9645,46.2976],[15.977,46.3123],[15.9838,46.3089],[15.9901,46.3148],[16.0017,46.3075],[16.014,46.3089],[16.0218,46.3144],[16.018,46.3211],[16.0363,46.3372],[16.0533,46.3352],[16.0774,46.346],[16.0724,46.365],[16.0503,46.3821],[16.0581,46.3936],[16.0926,46.3898],[16.1459,46.4052],[16.174,46.3906],[16.1756,46.3856],[16.19,46.3863],[16.189,46.3779],[16.2144,46.3854],[16.2198,46.3787],[16.23,46.3879],[16.2387,46.3788],[16.3017,46.3783],[16.308,46.3966],[16.283,46.4146],[16.2724,46.4153],[16.2742,46.4294],[16.2658,46.4386],[16.2597,46.469],[16.2518,46.4816],[16.2408,46.4848],[16.2415,46.4982],[16.2669,46.5049],[16.266,46.5153],[16.2726,46.518],[16.2754,46.5141],[16.3073,46.5136],[16.3145,46.5201],[16.3129,46.5246],[16.3414,46.5295],[16.3453,46.5396],[16.338,46.5447],[16.3535,46.5437],[16.3588,46.5385],[16.3526,46.549],[16.3574,46.5449],[16.3659,46.5466],[16.3688,46.555],[16.3822,46.5506],[16.3697,46.5469],[16.3704,46.5437],[16.3845,46.5421],[16.3877,46.536],[16.4027,46.5394],[16.4016,46.5322],[16.4075,46.5266],[16.4124,46.5302],[16.4086,46.5339],[16.423,46.5279],[16.4287,46.5328],[16.4315,46.5272],[16.4408,46.5255],[16.4376,46.5194],[16.4412,46.5149],[16.4596,46.5164],[16.4641,46.5214],[16.4617,46.5145],[16.4666,46.5127],[16.4655,46.5163],[16.4703,46.5176],[16.4701,46.5117],[16.4882,46.5083],[16.4853,46.503],[16.4929,46.4976],[16.5175,46.491],[16.5143,46.4828],[16.522,46.4782],[16.5324,46.4812],[16.5435,46.4758],[16.5547,46.4805],[16.5751,46.4714],[16.5955,46.4728],[16.5984,46.478],[16.6159,46.4649],[16.6235,46.4685],[16.6318,46.4614],[16.6456,46.4644],[16.6644,46.4593],[16.6663,46.4538],[16.6584,46.4454],[16.6744,46.4481],[16.7177,46.3918],[16.7268,46.4006],[16.7339,46.4011],[16.7393,46.3981],[16.741,46.3865],[16.7538,46.3883],[16.7615,46.3785],[16.7695,46.3856],[16.7767,46.3788],[16.7886,46.3861],[16.7999,46.3855],[16.8026,46.378],[16.8103,46.3771],[16.8143,46.371],[16.8228,46.3733],[16.8284,46.3676],[16.8371,46.374],[16.8354,46.3659],[16.8508,46.3607],[16.8548,46.3504],[16.8659,46.3544],[16.862,46.3461],[16.8734,46.3432],[16.8722,46.3363],[16.88,46.3359],[16.8728,46.3242],[16.8772,46.3066],[16.8853,46.3003],[16.8857,46.2805],[16.9028,46.2741],[16.9135,46.2618],[16.9311,46.2569],[16.9531,46.2396],[16.9737,46.2423],[16.9732,46.2247],[17.0067,46.2231],[17.0537,46.2024],[17.0667,46.2022],[17.0695,46.1938],[17.082,46.186],[17.0905,46.1895],[17.1011,46.1866],[17.1119,46.1765],[17.1232,46.1793],[17.1258,46.1685],[17.1394,46.1726],[17.1582,46.1703],[17.1567,46.1591],[17.1798,46.1509],[17.1771,46.1452],[17.1861,46.133],[17.1745,46.1289],[17.1818,46.1187],[17.1758,46.1089],[17.1826,46.1061],[17.2049,46.1121],[17.209,46.1086],[17.2146,46.1141],[17.2185,46.1085],[17.2094,46.0992],[17.2335,46.0977],[17.2238,46.0943],[17.2192,46.0827],[17.2068,46.0834],[17.2012,46.0781],[17.2315,46.0805],[17.2397,46.0767],[17.2406,46.066],[17.2513,46.0644],[17.2451,46.0613],[17.2325,46.066],[17.2313,46.0606],[17.2696,46.0575],[17.2715,46.0535],[17.2574,46.0466],[17.2593,46.0328],[17.2541,46.0301],[17.2686,46.0339],[17.2952,46.0301],[17.2925,46.0231],[17.2719,46.0212],[17.2575,46.0122],[17.2811,46.0011],[17.3009,46.004],[17.3057,45.999],[17.2845,45.9813],[17.2791,45.9844],[17.2554,45.9804],[17.2094,45.9868],[17.2109,45.9816],[17.2049,45.9768],[17.1962,45.9821],[17.1846,45.9645],[17.1655,45.957],[17.1628,45.9477],[17.1569,45.9475],[17.1369,45.9219],[17.1212,45.9152],[17.1215,45.9078],[17.1364,45.9109],[17.1197,45.8963],[17.1234,45.8911],[17.1212,45.8823],[17.168,45.8717],[17.1718,45.861],[17.1872,45.8601],[17.2,45.8358],[17.2264,45.8297],[17.2492,45.8125],[17.2798,45.8092],[17.2774,45.7846],[17.2937,45.7691],[17.3166,45.7718],[17.325,45.767],[17.3253,45.7592],[17.3176,45.7544],[17.3196,45.7493],[17.3383,45.7489],[17.3415,45.7632],[17.3494,45.7652],[17.3604,45.7602],[17.3661,45.7453],[17.3492,45.7217],[17.3615,45.7166],[17.3798,45.7247],[17.3857,45.7012],[17.4021,45.7066],[17.406,45.7174],[17.418,45.7163],[17.4244,45.7258],[17.4436,45.7299],[17.4583,45.7198],[17.4471,45.7085],[17.4872,45.7042],[17.4863,45.6986],[17.4943,45.6989],[17.49,45.6973],[17.4937,45.6964],[17.4922,45.6914],[17.4962,45.6939],[17.4981,45.6933],[17.4985,45.691],[17.4899,45.6876],[17.4964,45.6862],[17.4943,45.6813],[17.4869,45.6803],[17.4901,45.6783],[17.4733,45.675],[17.4807,45.6629],[17.4758,45.652],[17.4665,45.6489],[17.4583,45.6343],[17.4526,45.6325],[17.4504,45.6197],[17.4563,45.611],[17.4532,45.6051],[17.425,45.6014],[17.4241,45.5781],[17.4314,45.5741],[17.4416,45.5758],[17.4529,45.5639],[17.4496,45.556],[17.4426,45.5548],[17.4387,45.5299],[17.4151,45.5085],[17.3889,45.5076],[17.3612,45.5144],[17.3599,45.5234],[17.3465,45.5242],[17.2685,45.5102],[17.2432,45.5129],[17.2286,45.5088],[17.2102,45.5239],[17.1996,45.5249],[17.2011,45.5343],[17.1782,45.5375],[17.1727,45.5357],[17.1589,45.5121],[17.167,45.5109],[17.159,45.5094],[17.1204,45.5215],[17.0976,45.516],[17.0834,45.5],[17.0565,45.5225],[17.0347,45.5154],[17.0241,45.5057],[17.006,45.5071],[17.0075,45.5121],[17.0005,45.5078],[16.9926,45.5112],[16.9926,45.5167],[16.973,45.5212],[16.9614,45.5322],[16.9628,45.5425],[16.9593,45.5444],[16.9481,45.5416],[16.9297,45.5152],[16.9352,45.487],[16.9301,45.4816],[16.9541,45.4568],[16.9827,45.4522],[17.0039,45.4561],[17.0224,45.4416],[17.011,45.4359],[17.0152,45.4264],[17.0217,45.4265],[17.0216,45.4229],[17.0268,45.4257],[17.0308,45.4178],[17.0317,45.423],[17.0461,45.4195],[17.0511,45.4383],[17.07,45.4352],[17.0671,45.431],[17.0712,45.4213],[17.0569,45.4189],[17.0606,45.413],[17.0437,45.3949],[17.0468,45.392],[17.0542,45.396],[17.0534,45.3925],[17.073,45.3882],[17.0766,45.3822],[17.1183,45.3727],[17.131,45.3643],[17.134,45.3555],[17.1288,45.3498],[17.1365,45.3437],[17.1655,45.3538],[17.1812,45.3424],[17.1792,45.3367],[17.1866,45.3388],[17.1936,45.3332],[17.1928,45.3259],[17.1802,45.3275],[17.1692,45.3139],[17.1901,45.2933],[17.173,45.2963],[17.1624,45.2926],[17.1348,45.2625],[17.0976,45.2494],[17.0898,45.2434],[17.0914,45.2392],[17.0848,45.2403],[17.0887,45.235],[17.0817,45.2315],[17.0805,45.2203],[17.0737,45.2181],[17.0801,45.2125],[17.0954,45.2148],[17.093,45.2092],[17.1197,45.1978],[17.1189,45.1905],[17.1275,45.1857],[17.1436,45.1626],[17.0519,45.2007],[17.0428,45.2086],[17.037,45.2258],[17.0201,45.2139],[17.0099,45.2145],[17.0078,45.2187],[17.0224,45.2358],[17.0058,45.2381],[17.0053,45.2252],[16.9906,45.2225],[16.9825,45.23],[16.9834,45.2445],[16.9702,45.2512],[16.9614,45.2438],[16.9754,45.2372],[16.9756,45.2285],[16.9571,45.2322],[16.9384,45.2274],[16.9361,45.2443],[16.9542,45.2563],[16.9416,45.2638],[16.937,45.2751],[16.9256,45.2762],[16.9185,45.2715],[16.8489,45.2827],[16.8297,45.3002],[16.8103,45.3081],[16.7974,45.3192],[16.7937,45.3301],[16.7745,45.3536],[16.7585,45.3639],[16.6903,45.3606],[16.6813,45.3789],[16.6659,45.3928],[16.5915,45.4219],[16.5397,45.4096],[16.4835,45.4199],[16.4387,45.442],[16.419,45.465],[16.394,45.4666],[16.3758,45.4801],[16.3708,45.4917],[16.3616,45.4944],[16.3514,45.493],[16.3374,45.4771],[16.329,45.4742],[16.2646,45.4636],[16.2426,45.4738],[16.2414,45.5021],[16.2088,45.5098],[16.1734,45.4891],[16.157,45.4847],[16.1438,45.4881],[16.1316,45.4798],[16.1174,45.4812],[16.0937,45.471],[16.0927,45.4658],[16.1111,45.4439],[16.1218,45.439],[16.104,45.4283],[16.0823,45.4405],[16.0603,45.4685],[16.039,45.4852],[16.0121,45.4887],[15.9951,45.4748],[15.9762,45.4699],[15.9267,45.4742],[15.9164,45.4867],[15.9248,45.4993],[15.9202,45.5135],[15.9028,45.5298],[15.8707,45.5291],[15.8664,45.5341],[15.8721,45.5395],[15.8689,45.5457],[15.8422,45.5482],[15.8233,45.5391],[15.8141,45.5248],[15.7848,45.5209],[15.789,45.5243],[15.7844,45.5298],[15.7901,45.5346],[15.7863,45.5381],[15.7738,45.5364],[15.7547,45.5572],[15.7493,45.5548],[15.7346,45.5604],[15.751,45.5726],[15.7496,45.6032],[15.7318,45.588],[15.7387,45.5784],[15.7322,45.5692],[15.7271,45.5724],[15.7279,45.5846],[15.6948,45.6032],[15.6891,45.6042],[15.689,45.5985],[15.676,45.6022],[15.6612,45.5973],[15.6423,45.6115],[15.6147,45.6206],[15.606,45.6199],[15.6053,45.613],[15.5927,45.613],[15.568,45.5891],[15.527,45.6109],[15.5153,45.6086],[15.5054,45.6156],[15.5142,45.6217],[15.5159,45.6366],[15.5121,45.6409],[15.4729,45.6529],[15.4702,45.6586],[15.4621,45.6562],[15.4634,45.6659],[15.4465,45.6764],[15.4534,45.6805],[15.4451,45.6877],[15.4252,45.6941],[15.4129,45.6876],[15.4021,45.6942],[15.4058,45.7042],[15.378,45.7109],[15.3706,45.7225],[15.333,45.7368],[15.3263,45.7437],[15.3307,45.7435],[15.3298,45.7494],[15.3362,45.7531],[15.3332,45.7562],[15.3368,45.7602],[15.3313,45.7628],[15.3617,45.7767],[15.3822,45.7792],[15.3989,45.7916],[15.4225,45.7963],[15.4626,45.7935],[15.4751,45.7976],[15.4657,45.8183],[15.4779,45.8192],[15.4786,45.8273],[15.4926,45.8319],[15.5028,45.8284],[15.5013,45.822],[15.5282,45.8241],[15.5392,45.8364],[15.5384,45.8477],[15.5511,45.8456],[15.559,45.8345],[15.5731,45.8532],[15.6089,45.8407],[15.6129,45.8352],[15.6291,45.8328],[15.6421,45.8204],[15.6653,45.8413],[15.69,45.8422],[15.6963,45.8494],[15.7081,45.8462],[15.678,45.8689],[15.6826,45.8704],[15.6796,45.8775],[15.6845,45.8779],[15.6811,45.8824],[15.6892,45.8801],[15.692,45.8854],[15.6801,45.8905],[15.6841,45.892],[15.6791,45.9047],[15.7077,45.9229],[15.7035,45.927],[15.7102,45.9329],[15.7077,45.9388],[15.7118,45.9395]]]}},{"type":"Feature","properties":{"code":"HR003","name":"Karlovac region"},"geometry":{"type":"Polygon","coordinates":[[[14.9615,45.2733],[14.9895,45.2842],[14.9794,45.2923],[14.9915,45.3123],[15.0206,45.3236],[15.0377,45.3001],[15.0884,45.297],[15.0847,45.2857],[15.1037,45.283],[15.1069,45.2784],[15.1231,45.3037],[15.1353,45.3019],[15.1778,45.3121],[15.1823,45.321],[15.1781,45.3422],[15.2108,45.3689],[15.2191,45.382],[15.2152,45.3916],[15.2291,45.3977],[15.2248,45.4133],[15.2353,45.4199],[15.2266,45.4271],[15.2282,45.4358],[15.2437,45.4531],[15.2747,45.4661],[15.3272,45.4526],[15.3455,45.4563],[15.3601,45.4774],[15.3857,45.4864],[15.3707,45.4977],[15.3624,45.4948],[15.3325,45.5104],[15.3257,45.5203],[15.3147,45.5235],[15.3139,45.5319],[15.302,45.5356],[15.2989,45.5841],[15.277,45.604],[15.2923,45.6124],[15.3079,45.6137],[15.3016,45.6232],[15.3051,45.6319],[15.3518,45.6375],[15.3424,45.6424],[15.3437,45.646],[15.3709,45.646],[15.3903,45.6376],[15.4062,45.6499],[15.3953,45.6536],[15.3916,45.6673],[15.3687,45.6854],[15.3693,45.6933],[15.3631,45.6781],[15.3541,45.6766],[15.3513,45.6692],[15.3481,45.6712],[15.35,45.6833],[15.3602,45.6849],[15.3646,45.693],[15.3637,45.6986],[15.3573,45.6988],[15.357,45.714],[15.3397,45.7147],[15.3326,45.702],[15.3184,45.6949],[15.3259,45.6766],[15.3225,45.6737],[15.3057,45.6888],[15.311,45.6976],[15.2992,45.6972],[15.3008,45.6914],[15.2963,45.6898],[15.3024,45.6878],[15.2997,45.686],[15.2882,45.6924],[15.288,45.7052],[15.2812,45.7107],[15.2696,45.7072],[15.2634,45.6981],[15.2679,45.6941],[15.2665,45.6936],[15.2579,45.6998],[15.2487,45.7183],[15.2383,45.7209],[15.2625,45.7272],[15.2743,45.7401],[15.2952,45.7485],[15.3003,45.755],[15.3313,45.7628],[15.3368,45.7602],[15.3332,45.7562],[15.3362,45.7531],[15.3298,45.7494],[15.3307,45.7435],[15.3263,45.7437],[15.333,45.7368],[15.3565,45.731],[15.3552,45.7279],[15.3706,45.7225],[15.378,45.7109],[15.4058,45.7042],[15.4021,45.6942],[15.4134,45.6874],[15.4193,45.6877],[15.42,45.6941],[15.4451,45.6877],[15.4534,45.6805],[15.4465,45.6764],[15.4634,45.6659],[15.4621,45.6562],[15.4702,45.6586],[15.4729,45.6529],[15.5121,45.6409],[15.5159,45.6366],[15.5142,45.6217],[15.5054,45.6156],[15.5138,45.6093],[15.527,45.6109],[15.568,45.5891],[15.5927,45.613],[15.6053,45.613],[15.606,45.6199],[15.6147,45.6206],[15.6423,45.6115],[15.6612,45.5973],[15.676,45.6022],[15.689,45.5985],[15.6891,45.6042],[15.6948,45.6032],[15.7279,45.5846],[15.7271,45.5724],[15.7322,45.5692],[15.7387,45.5784],[15.7318,45.588],[15.7496,45.6032],[15.751,45.5726],[15.7346,45.5604],[15.7493,45.5548],[15.7547,45.5572],[15.7738,45.5364],[15.7863,45.5381],[15.7901,45.5346],[15.7844,45.5298],[15.789,45.5243],[15.7848,45.5209],[15.8141,45.5248],[15.8233,45.5391],[15.8422,45.5482],[15.8689,45.5457],[15.8721,45.5395],[15.8664,45.5341],[15.8707,45.5291],[15.9028,45.5298],[15.9202,45.5135],[15.9248,45.4993],[15.9164,45.4867],[15.9267,45.4742],[15.9762,45.4699],[15.9951,45.4748],[16.0121,45.4887],[16.039,45.4852],[16.0603,45.4685],[16.0823,45.4405],[16.104,45.4283],[16.1218,45.439],[16.1111,45.4439],[16.0927,45.4658],[16.0937,45.471],[16.1174,45.4812],[16.1316,45.4798],[16.1438,45.4881],[16.157,45.4847],[16.1734,45.4891],[16.2029,45.5092],[16.2414,45.5021],[16.2426,45.4738],[16.2646,45.4636],[16.329,45.4742],[16.3374,45.4771],[16.3514,45.493],[16.3675,45.4935],[16.3758,45.4801],[16.394,45.4666],[16.419,45.465],[16.4387,45.442],[16.4835,45.4199],[16.5397,45.4096],[16.5915,45.4219],[16.6659,45.3928],[16.6813,45.3789],[16.6903,45.3606],[16.7585,45.3639],[16.7745,45.3536],[16.7937,45.3301],[16.7974,45.3192],[16.8103,45.3081],[16.8297,45.3002],[16.8489,45.2827],[16.9185,45.2715],[16.913,45.2562],[16.9059,45.251],[16.8985,45.2503],[16.8917,45.2584],[16.8824,45.2565],[16.8946,45.2499],[16.8714,45.2414],[16.8839,45.2403],[16.8829,45.2262],[16.8764,45.2258],[16.8765,45.232],[16.8633,45.2288],[16.8678,45.2234],[16.8789,45.2235],[16.8792,45.2198],[16.8648,45.2187],[16.8528,45.2041],[16.8497,45.2073],[16.8552,45.2147],[16.8423,45.2202],[16.835,45.2182],[16.8433,45.2047],[16.8435,45.1942],[16.8195,45.185],[16.7969,45.1871],[16.7315,45.2074],[16.6933,45.1962],[16.6287,45.214],[16.619,45.2235],[16.5998,45.2312],[16.5808,45.2223],[16.5561,45.219],[16.5355,45.227],[16.513,45.2206],[16.492,45.209],[16.4855,45.1922],[16.4743,45.1821],[16.4787,45.1612],[16.4636,45.1426],[16.4352,45.126],[16.3947,45.1129],[16.393,45.1048],[16.403,45.0984],[16.3864,45.0814],[16.3835,45.0535],[16.3737,45.0508],[16.3556,45.0312],[16.3589,45.0232],[16.3545,45.0033],[16.3217,45.0023],[16.3118,44.998],[16.3059,45.0008],[16.2888,44.9957],[16.2852,45.0071],[16.274,45.0058],[16.2687,45.0169],[16.2573,45.0111],[16.2362,45.0145],[16.2298,45.0172],[16.2293,45.0245],[16.2094,45.0324],[16.1938,45.031],[16.1861,45.0464],[16.176,45.0525],[16.1751,45.0626],[16.1702,45.0666],[16.1723,45.0724],[16.1384,45.0909],[16.1314,45.0866],[16.1207,45.0934],[16.1094,45.0926],[16.0898,45.1044],[16.0845,45.1106],[16.086,45.1321],[16.0554,45.1593],[16.0522,45.1708],[16.0463,45.1726],[16.0485,45.1786],[16.0157,45.1798],[16.0305,45.2004],[16.0218,45.2016],[16.015,45.2176],[16.0043,45.2172],[15.9784,45.2304],[15.9443,45.2132],[15.9276,45.2108],[15.9269,45.2147],[15.9209,45.2125],[15.9266,45.2232],[15.9203,45.2309],[15.9102,45.2243],[15.8918,45.2292],[15.8874,45.2256],[15.8949,45.219],[15.8895,45.216],[15.8808,45.2207],[15.8567,45.2169],[15.8475,45.2244],[15.8389,45.2243],[15.8273,45.2188],[15.8319,45.2125],[15.824,45.2059],[15.815,45.211],[15.8049,45.2086],[15.8095,45.2056],[15.8027,45.2036],[15.8008,45.1973],[15.7849,45.1918],[15.7767,45.184],[15.7776,45.1764],[15.7647,45.1662],[15.7694,45.1513],[15.7759,45.146],[15.7753,45.1392],[15.7818,45.1359],[15.7781,45.1296],[15.7912,45.1151],[15.7811,45.1068],[15.779,45.0952],[15.7693,45.0912],[15.7744,45.084],[15.7691,45.0815],[15.7709,45.0763],[15.7412,45.0617],[15.7532,45.0548],[15.7567,45.0357],[15.7649,45.0296],[15.7619,45.027],[15.7665,45.0237],[15.765,45.019],[15.7859,44.9952],[15.7805,44.983],[15.7827,44.971],[15.75,44.9683],[15.7455,44.9604],[15.7499,44.9507],[15.7432,44.9417],[15.7263,44.9258],[15.7133,44.9243],[15.7094,44.9178],[15.7021,44.9253],[15.6921,44.9235],[15.6913,44.9286],[15.6801,44.9317],[15.6609,44.9483],[15.6398,44.9454],[15.6209,44.9251],[15.6153,44.9277],[15.6202,44.9314],[15.618,44.9371],[15.6102,44.9334],[15.604,44.9423],[15.598,44.9357],[15.6043,44.9273],[15.586,44.9333],[15.5878,44.926],[15.557,44.9283],[15.5436,44.941],[15.5373,44.9402],[15.526,44.9215],[15.5515,44.91],[15.5755,44.8892],[15.5607,44.8826],[15.5415,44.8971],[15.5306,44.9121],[15.531,44.9033],[15.5228,44.9087],[15.5183,44.9278],[15.4701,44.9264],[15.4405,44.9347],[15.4259,44.9488],[15.415,44.9722],[15.3998,44.9808],[15.3783,45.0086],[15.3491,45.0245],[15.3425,45.0186],[15.3329,45.0211],[15.3151,45.0329],[15.3015,45.0496],[15.2736,45.0629],[15.2725,45.0685],[15.2356,45.0777],[15.2251,45.0931],[15.2075,45.0985],[15.1937,45.1121],[15.1796,45.1039],[15.161,45.1032],[15.1491,45.095],[15.1457,45.0841],[15.1344,45.0913],[15.1135,45.0887],[15.0589,45.1117],[15.0171,45.1229],[14.9802,45.1562],[14.985,45.193],[14.9914,45.2032],[14.9746,45.2343],[14.9911,45.2337],[14.9828,45.2411],[14.9911,45.2477],[14.9615,45.2733]]]}},{"type":"Feature","properties":{"code":"HR004","name":"Gospic region"},"geometry":{"type":"Polygon","coordinates":[[[14.2121,45.4889],[14.2234,45.5014],[14.245,45.5053],[14.2646,45.4827],[14.2866,45.4903],[14.3059,45.4802],[14.3167,45.483],[14.3226,45.4705],[14.3507,45.4856],[14.3628,45.4844],[14.3942,45.4939],[14.3984,45.5028],[14.4157,45.5099],[14.4276,45.5069],[14.4372,45.5108],[14.4753,45.5336],[14.4887,45.5368],[14.5002,45.5493],[14.4987,45.576],[14.5067,45.5885],[14.497,45.5987],[14.4992,45.6074],[14.5267,45.6106],[14.5436,45.6222],[14.5664,45.6525],[14.5687,45.6736],[14.5781,45.6704],[14.5785,45.6654],[14.5972,45.6695],[14.608,45.6642],[14.6031,45.6339],[14.5958,45.6271],[14.613,45.6167],[14.6273,45.6142],[14.6311,45.6045],[14.6395,45.6041],[14.6515,45.5915],[14.6788,45.5889],[14.6903,45.5807],[14.7003,45.5627],[14.689,45.5534],[14.6849,45.535],[14.6905,45.5266],[14.7009,45.5257],[14.7033,45.5347],[14.7208,45.5343],[14.7357,45.5298],[14.7592,45.5106],[14.7692,45.5121],[14.768,45.5061],[14.7861,45.5068],[14.789,45.5001],[14.796,45.5032],[14.8036,45.4959],[14.7991,45.4918],[14.8054,45.4865],[14.805,45.4789],[14.816,45.4716],[14.8181,45.4594],[14.869,45.466],[14.875,45.4722],[14.9076,45.4771],[14.9156,45.4941],[14.9118,45.4989],[14.9167,45.504],[14.9133,45.5182],[14.921,45.5276],[14.9314,45.5293],[14.9876,45.4965],[15.0128,45.4973],[15.0275,45.4857],[15.0544,45.4943],[15.0608,45.488],[15.0859,45.4831],[15.0853,45.4676],[15.1045,45.4624],[15.1239,45.4468],[15.1386,45.4442],[15.1566,45.4253],[15.1783,45.4216],[15.1939,45.4365],[15.2032,45.4265],[15.2266,45.4271],[15.2353,45.4199],[15.2248,45.4133],[15.2279,45.4084],[15.2238,45.4056],[15.2293,45.398],[15.2152,45.3916],[15.2191,45.382],[15.2108,45.3689],[15.1803,45.3459],[15.1776,45.3408],[15.1823,45.321],[15.1778,45.3121],[15.1353,45.3019],[15.1231,45.3037],[15.1069,45.2784],[15.1037,45.283],[15.0847,45.2857],[15.0884,45.297],[15.0482,45.2968],[15.035,45.3015],[15.0211,45.3235],[14.9915,45.3123],[14.9794,45.2923],[14.9895,45.2842],[14.9615,45.2733],[14.9911,45.2477],[14.9828,45.2411],[14.9911,45.2337],[14.9746,45.2343],[14.9914,45.2032],[14.9802,45.1721],[14.9815,45.1536],[15.0171,45.1229],[15.0589,45.1117],[15.1135,45.0887],[15.1344,45.0913],[15.1457,45.0841],[15.1491,45.095],[15.161,45.1032],[15.1796,45.1039],[15.1937,45.1121],[15.2075,45.0985],[15.2251,45.0931],[15.2356,45.0777],[15.2725,45.0685],[15.2736,45.0629],[15.3015,45.0496],[15.3151,45.0329],[15.3329,45.0211],[15.3425,45.0186],[15.3491,45.0245],[15.3783,45.0086],[15.3998,44.9808],[15.415,44.9722],[15.4259,44.9488],[15.4405,44.9347],[15.4701,44.9264],[15.5183,44.9278],[15.5228,44.9087],[15.531,44.9033],[15.5306,44.9121],[15.5415,44.8971],[15.5607,44.8826],[15.5755,44.8892],[15.5515,44.91],[15.526,44.9215],[15.5373,44.9402],[15.5436,44.941],[15.557,44.9283],[15.5878,44.926],[15.586,44.9333],[15.6043,44.9273],[15.598,44.9357],[15.604,44.9423],[15.6102,44.9334],[15.618,44.9371],[15.6202,44.9314],[15.6153,44.9277],[15.6209,44.9251],[15.6398,44.9454],[15.6609,44.9483],[15.6801,44.9317],[15.6913,44.9286],[15.6921,44.9235],[15.7021,44.9253],[15.7094,44.9178],[15.7133,44.9243],[15.7263,44.9258],[15.739,44.9348],[15.7607,44.8874],[15.7602,44.8696],[15.7933,44.8466],[15.7616,44.8295],[15.7287,44.8253],[15.7428,44.8092],[15.7408,44.8008],[15.7694,44.772],[15.7816,44.7499],[15.8117,44.7382],[15.8169,44.7244],[15.8349,44.7138],[15.8527,44.7363],[15.865,44.7334],[15.8697,44.7272],[15.8739,44.7308],[15.8794,44.7283],[15.8845,44.7441],[15.8941,44.7494],[15.9022,44.7457],[15.9014,44.7416],[15.9315,44.708],[15.9551,44.7109],[15.9535,44.6992],[15.9657,44.6909],[15.9732,44.6729],[16.0124,44.6545],[16.0309,44.6541],[16.0435,44.6288],[16.0549,44.6253],[16.0581,44.6085],[16.0467,44.6087],[16.0482,44.6038],[16.0432,44.6006],[16.0512,44.5961],[16.0397,44.5883],[16.0234,44.5894],[16.0167,44.5842],[16.0187,44.5627],[16.0551,44.5384],[16.1077,44.5267],[16.1226,44.5127],[16.1297,44.4868],[16.141,44.4799],[16.1355,44.4712],[16.1378,44.4636],[16.1313,44.4553],[16.1432,44.4489],[16.1385,44.4406],[16.1406,44.4272],[16.146,44.4194],[16.1529,44.4228],[16.1577,44.4195],[16.1724,44.4028],[16.1575,44.3945],[16.1282,44.3949],[16.1314,44.3781],[16.1441,44.3754],[16.1552,44.3804],[16.1753,44.3669],[16.2062,44.3601],[16.2187,44.3481],[16.2172,44.3419],[16.1992,44.3291],[16.1887,44.3095],[16.187,44.2958],[16.192,44.2855],[16.1918,44.2692],[16.2009,44.2569],[16.2001,44.2516],[16.2101,44.25],[16.2182,44.2399],[16.2194,44.2233],[16.2151,44.2242],[16.2124,44.2169],[16.2055,44.2182],[16.185,44.2153],[16.1738,44.2119],[16.1727,44.2104],[16.1726,44.2084],[16.1758,44.2123],[16.2098,44.2163],[16.2263,44.2096],[16.2701,44.1738],[16.2384,44.1561],[16.2044,44.1504],[16.129,44.1567],[15.9683,44.1821],[15.6907,44.2569],[15.6343,44.2785],[15.5184,44.3557],[15.3901,44.3858],[15.3384,44.4144],[15.3204,44.4181],[15.2163,44.4823],[15.1677,44.5258],[15.0787,44.5797],[15.0038,44.6846],[14.9909,44.7322],[14.984,44.8074],[15.0066,44.9069],[15.0066,44.9743],[14.9918,45.0074],[14.9668,45.0314],[14.9367,45.078],[14.919,45.1381],[14.8831,45.1976],[14.7829,45.2697],[14.6543,45.3079],[14.4942,45.3803],[14.429,45.3906],[14.3676,45.4104],[14.3385,45.4243],[14.2843,45.4715],[14.2121,45.4889]],[[16.1233,44.4531],[16.1233,44.4531],[16.1249,44.4542],[16.1233,44.4531]]]}},{"type":"Feature","properties":{"code":"HR005","name":"Osijek region"},"geometry":{"type":"Polygon","coordinates":[[[17.1815,45.3415],[17.1647,45.3538],[17.1365,45.3437],[17.1288,45.3498],[17.134,45.3555],[17.131,45.3643],[17.1183,45.3727],[17.0766,45.3822],[17.073,45.3882],[17.0534,45.3925],[17.0542,45.396],[17.0468,45.392],[17.0437,45.3949],[17.0606,45.413],[17.0569,45.4189],[17.0712,45.4213],[17.0674,45.4372],[17.0511,45.4383],[17.0461,45.4195],[17.0317,45.423],[17.0308,45.4178],[17.0268,45.4257],[17.0216,45.4229],[17.0217,45.4265],[17.0152,45.4264],[17.011,45.4359],[17.0224,45.4416],[17.0039,45.4561],[16.9827,45.4522],[16.9541,45.4568],[16.9301,45.4816],[16.9352,45.487],[16.9297,45.5152],[16.9464,45.5395],[16.9529,45.5441],[16.9624,45.5431],[16.9614,45.5322],[16.973,45.5212],[16.9926,45.5167],[16.9926,45.5112],[17.0005,45.5078],[17.0075,45.5121],[17.006,45.5071],[17.0241,45.5057],[17.0347,45.5154],[17.0565,45.5225],[17.0834,45.5],[17.0976,45.516],[17.1204,45.5215],[17.159,45.5094],[17.167,45.5109],[17.1589,45.5121],[17.1727,45.5357],[17.1782,45.5375],[17.2011,45.5343],[17.1996,45.5249],[17.2102,45.5239],[17.2286,45.5088],[17.2432,45.5129],[17.2685,45.5102],[17.3465,45.5242],[17.3599,45.5234],[17.3612,45.5144],[17.3889,45.5076],[17.4151,45.5085],[17.4387,45.5299],[17.4426,45.5548],[17.4496,45.556],[17.4529,45.5639],[17.4416,45.5758],[17.4314,45.5741],[17.4241,45.5781],[17.425,45.6014],[17.4532,45.6051],[17.4563,45.611],[17.4504,45.6197],[17.4526,45.6325],[17.4583,45.6343],[17.4665,45.6489],[17.4758,45.652],[17.4807,45.6629],[17.4733,45.675],[17.4901,45.6783],[17.4869,45.6803],[17.4943,45.6813],[17.4964,45.6862],[17.4899,45.6876],[17.4987,45.6918],[17.4922,45.6914],[17.4937,45.6964],[17.49,45.6973],[17.4943,45.6989],[17.4863,45.6986],[17.4872,45.7042],[17.4471,45.7085],[17.4583,45.7198],[17.4436,45.7299],[17.4244,45.7258],[17.418,45.7163],[17.406,45.7174],[17.4021,45.7066],[17.3857,45.7012],[17.3798,45.7247],[17.3615,45.7166],[17.3492,45.7217],[17.3661,45.7453],[17.3604,45.7602],[17.3494,45.7652],[17.3415,45.7632],[17.3383,45.7489],[17.3196,45.7493],[17.3176,45.7544],[17.3253,45.7592],[17.325,45.767],[17.3166,45.7718],[17.2937,45.7691],[17.2774,45.7846],[17.2798,45.8092],[17.2492,45.8125],[17.2264,45.8297],[17.2,45.8358],[17.1872,45.8601],[17.1718,45.861],[17.168,45.8717],[17.1212,45.8823],[17.1234,45.8911],[17.1197,45.8963],[17.1364,45.9109],[17.1215,45.9078],[17.1231,45.9176],[17.1369,45.9219],[17.1569,45.9475],[17.1628,45.9477],[17.1655,45.957],[17.1846,45.9645],[17.1901,45.9778],[17.1986,45.9827],[17.2074,45.9772],[17.211,45.9819],[17.2075,45.9865],[17.2614,45.9805],[17.2791,45.9844],[17.2845,45.9813],[17.2943,45.9885],[17.3078,45.9815],[17.3186,45.9912],[17.3239,45.9863],[17.3085,45.9715],[17.3133,45.9662],[17.329,45.9695],[17.3364,45.9788],[17.3367,45.984],[17.3275,45.9904],[17.3315,45.9954],[17.3399,45.9947],[17.3429,45.9839],[17.3544,45.9747],[17.36,45.9776],[17.3622,45.9902],[17.3708,45.9911],[17.3746,45.9866],[17.3673,45.9749],[17.375,45.9692],[17.3618,45.9687],[17.3593,45.9642],[17.3701,45.9609],[17.3864,45.9658],[17.3906,45.9593],[17.3597,45.9583],[17.3534,45.9527],[17.3453,45.9609],[17.3392,45.9554],[17.3419,45.9477],[17.3532,45.9408],[17.3835,45.9474],[17.3878,45.9428],[17.3849,45.9373],[17.3921,45.9309],[17.4107,45.94],[17.4123,45.9302],[17.4358,45.9288],[17.4375,45.9327],[17.4281,45.9467],[17.4413,45.9504],[17.5292,45.9337],[17.5689,45.9361],[17.6278,45.898],[17.648,45.8663],[17.651,45.8484],[17.6624,45.8381],[17.6724,45.8347],[17.688,45.8388],[17.7071,45.8316],[17.7431,45.8286],[17.7595,45.8117],[17.7777,45.8173],[17.8077,45.804],[17.827,45.8089],[17.8331,45.7916],[17.8525,45.7831],[17.8528,45.7757],[17.8621,45.7673],[17.8688,45.7679],[17.8767,45.7798],[17.9061,45.7922],[17.9277,45.7859],[17.9491,45.7924],[17.9731,45.789],[17.9961,45.7953],[18.0223,45.7789],[18.082,45.7643],[18.1067,45.7706],[18.1238,45.7894],[18.1503,45.7872],[18.1683,45.7759],[18.191,45.7875],[18.2049,45.7813],[18.2302,45.7788],[18.2433,45.7611],[18.2759,45.7555],[18.2973,45.7607],[18.3332,45.7539],[18.3383,45.747],[18.356,45.7665],[18.3668,45.7664],[18.364,45.7728],[18.3919,45.7615],[18.3972,45.7526],[18.4,45.7549],[18.398,45.7446],[18.4072,45.7397],[18.4277,45.7416],[18.4469,45.7371],[18.4505,45.7453],[18.4448,45.7602],[18.4562,45.7694],[18.482,45.7653],[18.4905,45.7947],[18.5013,45.7941],[18.5078,45.786],[18.522,45.7824],[18.5213,45.7875],[18.5323,45.7932],[18.5546,45.7941],[18.5593,45.8036],[18.5749,45.8002],[18.573,45.8137],[18.5946,45.8208],[18.6037,45.8279],[18.6008,45.8337],[18.6235,45.8394],[18.6148,45.8533],[18.6236,45.854],[18.6278,45.8731],[18.6312,45.8764],[18.6379,45.8679],[18.6552,45.8743],[18.6411,45.8888],[18.6652,45.8991],[18.66,45.9046],[18.6593,45.917],[18.6696,45.9106],[18.7046,45.918],[18.7196,45.9061],[18.7504,45.9003],[18.7608,45.893],[18.7606,45.8884],[18.7729,45.8879],[18.7922,45.878],[18.8093,45.8793],[18.8129,45.8914],[18.8076,45.9033],[18.8217,45.9147],[18.8278,45.9048],[18.8685,45.9113],[18.8648,45.921],[18.8754,45.9155],[18.8883,45.9218],[18.9023,45.9187],[18.9044,45.9119],[18.8746,45.9003],[18.8704,45.8936],[18.8786,45.8831],[18.8997,45.8747],[18.9027,45.8668],[18.8865,45.8589],[18.8595,45.8632],[18.8552,45.8591],[18.8588,45.8438],[18.8562,45.833],[18.838,45.8164],[18.8477,45.8155],[18.8519,45.8076],[18.8757,45.8072],[18.8858,45.8237],[18.9058,45.8239],[18.9149,45.8199],[18.9224,45.8075],[18.9201,45.7902],[18.9139,45.7837],[18.8921,45.7789],[18.8711,45.7844],[18.8527,45.7746],[18.8524,45.7696],[18.8634,45.7612],[18.9114,45.7446],[18.9261,45.7479],[18.9563,45.7666],[18.9647,45.7667],[18.9715,45.7622],[18.9706,45.7516],[18.9787,45.7419],[18.9584,45.7242],[18.927,45.7286],[18.9091,45.7204],[18.9119,45.7118],[18.962,45.7215],[18.9743,45.7197],[18.9767,45.7073],[18.9674,45.6948],[18.956,45.6955],[18.9441,45.7044],[18.9132,45.7077],[18.9298,45.6862],[18.9568,45.6812],[18.958,45.6694],[18.9714,45.6647],[18.9758,45.6563],[18.9675,45.6489],[18.9338,45.6436],[18.9366,45.6313],[18.9452,45.6342],[18.9522,45.6253],[18.9388,45.6212],[18.9249,45.6259],[18.9163,45.6219],[18.914,45.6143],[18.9439,45.6207],[18.9455,45.605],[18.9317,45.598],[18.9128,45.601],[18.8998,45.5855],[18.8979,45.5723],[18.9317,45.5635],[18.9315,45.5546],[18.9195,45.5466],[18.9286,45.5418],[18.9846,45.5419],[18.9932,45.5512],[19.0056,45.5544],[19.029,45.5519],[19.0366,45.5461],[19.0337,45.5336],[19.0695,45.5305],[19.0917,45.5187],[19.0985,45.5094],[19.0906,45.4933],[19.058,45.485],[19.0337,45.4874],[19.0172,45.498],[19.0053,45.4972],[18.9981,45.4915],[18.9917,45.4796],[18.9891,45.4495],[18.9948,45.4413],[19.0251,45.4236],[19.0305,45.4128],[19.0215,45.4022],[18.9758,45.3941],[18.9696,45.3844],[18.974,45.3741],[19.0052,45.3572],[19.0904,45.3369],[19.0982,45.326],[19.1032,45.3014],[19.1421,45.2812],[19.1967,45.2647],[19.2671,45.2803],[19.2747,45.2719],[19.2579,45.2484],[19.2621,45.2421],[19.3447,45.2314],[19.4212,45.2334],[19.4272,45.2175],[19.4472,45.1959],[19.4281,45.1875],[19.4357,45.1729],[19.4253,45.1677],[19.4185,45.1657],[19.3876,45.1732],[19.3721,45.1704],[19.3636,45.1753],[19.3544,45.1691],[19.3548,45.1647],[19.3495,45.1648],[19.3474,45.1724],[19.3298,45.1769],[19.3323,45.1821],[19.3195,45.2077],[19.2829,45.2072],[19.289,45.1954],[19.2813,45.1932],[19.2965,45.1712],[19.2874,45.1706],[19.2725,45.176],[19.2377,45.1754],[19.2275,45.1846],[19.191,45.2011],[19.1713,45.2001],[19.1661,45.1898],[19.1946,45.1789],[19.187,45.1659],[19.1421,45.1299],[19.0864,45.1455],[19.0876,45.1383],[19.0779,45.1279],[19.0761,45.1147],[19.0931,45.1019],[19.0915,45.0928],[19.106,45.0792],[19.0952,45.0586],[19.1058,45.0516],[19.0942,45.0376],[19.0988,45.0329],[19.0974,45.0225],[19.1026,45.0108],[19.0926,44.9947],[19.0519,44.9775],[19.0746,44.9714],[19.0872,44.9743],[19.1095,44.9699],[19.1385,44.9807],[19.1481,44.9754],[19.1471,44.9574],[19.1541,44.958],[19.1563,44.9532],[19.1436,44.9474],[19.1437,44.9411],[19.0873,44.9254],[19.0842,44.9196],[19.0879,44.9169],[19.0806,44.9134],[19.0871,44.9104],[19.0685,44.9012],[19.0334,44.9222],[19.0145,44.9209],[18.9976,44.9138],[18.9885,44.9056],[18.9913,44.8964],[19.0222,44.8554],[18.974,44.8498],[18.8627,44.8527],[18.8466,44.8558],[18.8209,44.8775],[18.791,44.8885],[18.7639,44.9055],[18.763,44.9108],[18.7726,44.9203],[18.7531,44.933],[18.7538,44.9429],[18.7613,44.9444],[18.7866,44.9344],[18.8048,44.9399],[18.8041,44.946],[18.7888,44.9579],[18.7846,44.9711],[18.7959,44.9925],[18.7636,44.9997],[18.739,44.9921],[18.7294,44.9942],[18.7276,44.9986],[18.7376,45.0171],[18.7233,45.0239],[18.7155,45.0371],[18.6938,45.0395],[18.6677,45.0618],[18.6874,45.0779],[18.6802,45.0911],[18.6722,45.0948],[18.6629,45.0917],[18.6549,45.0802],[18.6608,45.0627],[18.6547,45.056],[18.6397,45.062],[18.6065,45.0652],[18.6093,45.0726],[18.635,45.0846],[18.6357,45.091],[18.6282,45.0959],[18.6225,45.0951],[18.6187,45.0839],[18.6108,45.0802],[18.5968,45.0832],[18.584,45.0927],[18.5687,45.0947],[18.5685,45.09],[18.5824,45.0778],[18.5738,45.0665],[18.5654,45.0816],[18.5468,45.0932],[18.5368,45.0934],[18.5297,45.087],[18.5511,45.0741],[18.537,45.0629],[18.5371,45.0484],[18.533,45.0438],[18.5256,45.0608],[18.509,45.0573],[18.4742,45.0634],[18.4437,45.0839],[18.4354,45.101],[18.422,45.1088],[18.3208,45.1015],[18.3069,45.1154],[18.2799,45.1158],[18.2765,45.133],[18.2612,45.1393],[18.2361,45.1361],[18.2111,45.1238],[18.2096,45.1108],[18.2215,45.0986],[18.201,45.0801],[18.1711,45.0773],[18.1446,45.0859],[18.12,45.0802],[18.107,45.0852],[18.0943,45.0988],[18.0712,45.1074],[18.0856,45.1189],[18.0716,45.1403],[18.0478,45.1413],[18.0356,45.1257],[18.0209,45.1479],[18.0094,45.1517],[17.9862,45.1444],[17.9649,45.114],[17.9327,45.1076],[17.9297,45.0996],[17.9358,45.081],[17.8997,45.0588],[17.8524,45.044],[17.8257,45.052],[17.7845,45.0828],[17.7548,45.0868],[17.7151,45.1115],[17.6931,45.1165],[17.6686,45.1338],[17.6492,45.131],[17.6312,45.1223],[17.6245,45.114],[17.5989,45.1062],[17.5778,45.1162],[17.5557,45.1086],[17.5571,45.1232],[17.5489,45.13],[17.5402,45.1267],[17.5405,45.1164],[17.5321,45.1096],[17.5152,45.1084],[17.504,45.1149],[17.4843,45.1098],[17.4797,45.1142],[17.4922,45.1237],[17.4922,45.1358],[17.4866,45.1372],[17.4689,45.126],[17.4493,45.128],[17.4552,45.147],[17.4486,45.1603],[17.4379,45.1584],[17.4323,45.1451],[17.4147,45.135],[17.359,45.1386],[17.3415,45.1435],[17.3292,45.1531],[17.3306,45.165],[17.3121,45.1651],[17.309,45.1769],[17.2869,45.1757],[17.2738,45.1894],[17.2553,45.1548],[17.2457,45.146],[17.1743,45.1481],[17.1436,45.1626],[17.1275,45.1857],[17.1189,45.1905],[17.1202,45.1973],[17.093,45.2092],[17.0954,45.2148],[17.0801,45.2125],[17.0736,45.2178],[17.0805,45.2203],[17.0817,45.2315],[17.0887,45.235],[17.0848,45.2403],[17.0914,45.2392],[17.0898,45.2434],[17.0976,45.2494],[17.1348,45.2625],[17.1624,45.2926],[17.173,45.2963],[17.1901,45.2933],[17.1692,45.3139],[17.1802,45.3275],[17.1945,45.3274],[17.1866,45.3388],[17.1792,45.3367],[17.1815,45.3415]]]}},{"type":"Feature","properties":{"code":"HR006","name":"Rijeka region"},"geometry":{"type":"MultiPolygon","coordinates":[[[[13.4895,45.487],[13.4986,45.4937],[13.4985,45.4999],[13.5044,45.5004],[13.5025,45.5034],[13.5113,45.5057],[13.5846,45.4792],[13.6061,45.4658],[13.6502,45.4567],[13.6756,45.4426],[13.7043,45.4574],[13.7084,45.457],[13.7081,45.4524],[13.7251,45.4556],[13.7265,45.4599],[13.7545,45.4612],[13.7663,45.4676],[13.786,45.4664],[13.8074,45.4569],[13.803,45.4439],[13.8144,45.441],[13.8148,45.4342],[13.839,45.4346],[13.8508,45.4324],[13.8543,45.4255],[13.8775,45.4251],[13.8871,45.4259],[13.893,45.4378],[13.9147,45.4536],[13.9571,45.4557],[13.9707,45.4477],[13.985,45.4561],[13.9852,45.4686],[13.9967,45.4722],[13.9842,45.4895],[13.9657,45.4962],[13.9622,45.5059],[13.9746,45.515],[14.0019,45.5081],[13.9976,45.516],[14.0111,45.5197],[14.0705,45.4854],[14.1112,45.4823],[14.1368,45.4753],[14.1612,45.4806],[14.2076,45.4692],[14.2064,45.4821],[14.2107,45.489],[14.2843,45.4715],[14.3385,45.4243],[14.3676,45.4104],[14.429,45.3906],[14.4942,45.3803],[14.6543,45.3079],[14.7829,45.2697],[14.8831,45.1976],[14.919,45.1381],[14.9367,45.078],[14.9668,45.0314],[14.9918,45.0074],[15.0029,44.9894],[15.0094,44.9299],[14.984,44.8074],[14.9909,44.7322],[15.0038,44.6846],[15.0787,44.5797],[15.1677,44.5258],[15.2163,44.4823],[15.3204,44.4181],[15.3384,44.4144],[15.3954,44.3841],[15.5184,44.3557],[15.6343,44.2785],[15.7503,44.24],[15.6418,44.1382],[15.6249,44.1276],[15.6157,44.1274],[15.5654,44.14],[15.4289,44.1936],[15.3364,44.2238],[15.194,44.2476],[15.207,44.2508],[15.2134,44.2575],[15.2041,44.2658],[15.2038,44.2724],[15.1901,44.2829],[15.1968,44.2873],[15.2124,44.28],[15.2156,44.2848],[15.2096,44.2924],[15.2322,44.2823],[15.2405,44.2724],[15.2852,44.2458],[15.2987,44.2482],[15.2974,44.2577],[15.2865,44.2662],[15.2805,44.2797],[15.3015,44.2795],[15.3063,44.2841],[15.3044,44.2894],[15.2597,44.3194],[15.2652,44.3327],[15.2709,44.3298],[15.2763,44.333],[15.2779,44.3242],[15.3316,44.3006],[15.3277,44.293],[15.4018,44.2581],[15.4148,44.2551],[15.4398,44.2635],[15.5219,44.2448],[15.5261,44.2264],[15.5367,44.2192],[15.5175,44.2204],[15.509,44.2139],[15.4715,44.2107],[15.4692,44.2036],[15.5254,44.1759],[15.5426,44.1866],[15.5455,44.1817],[15.5496,44.1798],[15.5453,44.1881],[15.5493,44.1914],[15.5686,44.1899],[15.5769,44.1826],[15.5935,44.18],[15.5977,44.1693],[15.6054,44.1666],[15.6064,44.1623],[15.6022,44.1617],[15.6059,44.1557],[15.6015,44.1557],[15.6,44.1452],[15.6116,44.1326],[15.6181,44.1298],[15.6295,44.1345],[15.6272,44.1404],[15.6322,44.1441],[15.6057,44.1699],[15.6006,44.1698],[15.5966,44.1808],[15.6064,44.186],[15.5895,44.2026],[15.5299,44.2269],[15.5241,44.2475],[15.5372,44.2465],[15.5352,44.2563],[15.5418,44.2585],[15.5376,44.2619],[15.5322,44.2598],[15.5254,44.2698],[15.5071,44.2742],[15.4765,44.2683],[15.4752,44.2761],[15.467,44.2827],[15.4526,44.2791],[15.4064,44.317],[15.3393,44.3373],[15.3205,44.349],[15.3074,44.3502],[15.3058,44.3564],[15.2885,44.3633],[15.2828,44.3614],[15.2127,44.4263],[15.1893,44.436],[15.1781,44.4458],[15.1861,44.4438],[15.1832,44.4477],[15.1739,44.4474],[15.1598,44.4621],[15.1486,44.4626],[15.1351,44.4713],[15.1348,44.4777],[15.1242,44.4818],[15.1008,44.5125],[15.0782,44.5239],[15.073,44.5223],[15.047,44.5474],[15.0295,44.5588],[15.0253,44.557],[15.0228,44.5625],[15.016,44.558],[15.0058,44.5693],[14.9885,44.573],[14.9921,44.5776],[14.987,44.5763],[14.9776,44.5979],[14.9664,44.6044],[14.9694,44.6124],[14.9649,44.6124],[14.965,44.6232],[14.9596,44.6276],[14.9631,44.6294],[14.9567,44.6299],[14.9287,44.6525],[14.9255,44.6578],[14.9314,44.6649],[14.9211,44.6691],[14.9151,44.6817],[14.91,44.6824],[14.9123,44.6884],[14.9052,44.6868],[14.8972,44.6956],[14.9044,44.6997],[14.8954,44.6995],[14.8976,44.7045],[14.8887,44.7158],[14.8904,44.7211],[14.8994,44.7192],[14.8995,44.7261],[14.8924,44.7271],[14.8999,44.7419],[14.8919,44.747],[14.8845,44.7787],[14.8881,44.7842],[14.8823,44.7829],[14.8798,44.7911],[14.8802,44.8019],[14.8847,44.8012],[14.8803,44.809],[14.8855,44.8173],[14.881,44.8216],[14.8862,44.8251],[14.8818,44.8356],[14.8866,44.8361],[14.8828,44.8379],[14.8874,44.8471],[14.8849,44.8588],[14.8897,44.854],[14.8949,44.8597],[14.8922,44.8767],[14.9027,44.8961],[14.9066,44.8963],[14.9067,44.9076],[14.9105,44.902],[14.9121,44.905],[14.9171,44.9222],[14.9143,44.9263],[14.9201,44.9284],[14.9274,44.9524],[14.918,44.9706],[14.9202,44.974],[14.8971,44.9877],[14.901,44.9925],[14.8985,44.9999],[14.8889,45.0116],[14.8772,45.0442],[14.8551,45.0735],[14.8533,45.0836],[14.8449,45.0887],[14.8418,45.0999],[14.8447,45.1045],[14.8409,45.1082],[14.8468,45.1155],[14.8337,45.1082],[14.8309,45.1117],[14.8341,45.117],[14.8273,45.1128],[14.8153,45.1143],[14.8076,45.1216],[14.7413,45.1382],[14.7177,45.1527],[14.7148,45.1612],[14.6877,45.1716],[14.6796,45.1833],[14.6547,45.2011],[14.6113,45.2197],[14.61,45.2232],[14.6165,45.2266],[14.6123,45.2324],[14.5823,45.2494],[14.5724,45.2485],[14.5747,45.2572],[14.5628,45.2651],[14.5602,45.2734],[14.5692,45.27],[14.5619,45.2769],[14.5663,45.2781],[14.5648,45.2821],[14.5811,45.2821],[14.5434,45.3055],[14.5356,45.3067],[14.5607,45.2844],[14.5575,45.2799],[14.5421,45.278],[14.4974,45.2945],[14.488,45.3028],[14.4886,45.3074],[14.4791,45.3103],[14.4816,45.3161],[14.4744,45.3118],[14.4587,45.3213],[14.4376,45.3216],[14.4439,45.323],[14.3262,45.3549],[14.2815,45.3058],[14.2711,45.2667],[14.2653,45.2646],[14.2411,45.2006],[14.2417,45.1795],[14.2342,45.1756],[14.2365,45.1696],[14.2251,45.1538],[14.2225,45.1375],[14.2154,45.1349],[14.2092,45.1189],[14.2057,45.1164],[14.1807,45.1333],[14.1687,45.1354],[14.1833,45.1287],[14.1966,45.1118],[14.1869,45.0932],[14.1655,45.0723],[14.1587,45.0787],[14.15,45.0792],[14.1519,45.0693],[14.1477,45.0686],[14.1584,45.0594],[14.1539,45.0555],[14.162,45.0424],[14.1418,45.054],[14.1607,45.0328],[14.1536,45.0289],[14.1646,45.0188],[14.1679,44.9793],[14.1452,44.9568],[14.1355,44.9676],[14.1223,44.9621],[14.1165,44.9715],[14.1084,44.9715],[14.0651,44.9453],[14.0715,44.9696],[14.0961,44.9701],[14.099,44.9742],[14.0877,44.977],[14.0867,44.9852],[14.0809,44.9843],[14.0753,44.9986],[14.0773,45.0057],[14.0643,45.0001],[14.0553,45.0024],[14.0585,45.0174],[14.0477,45.0313],[14.0483,45.0506],[14.0418,45.0593],[14.0467,45.0524],[14.0464,45.0337],[14.0384,45.0311],[14.0462,45.0139],[14.0375,45.001],[14.0702,44.9921],[14.0754,44.9783],[14.0621,44.9776],[14.0631,44.9671],[14.0518,44.9632],[14.0564,44.9604],[14.0499,44.9549],[14.0525,44.948],[14.0321,44.954],[14.0487,44.9386],[14.0416,44.934],[14.0448,44.9322],[14.0383,44.9262],[14.0381,44.9182],[14.0264,44.9262],[14.028,44.9202],[14.018,44.9158],[14.0293,44.9124],[14.0174,44.8982],[14.0142,44.8963],[14.0126,44.9014],[14.0065,44.8938],[13.9965,44.8919],[13.9803,44.9015],[13.9803,44.8924],[14.0036,44.8846],[13.9904,44.8782],[14.0008,44.8635],[13.9815,44.8533],[13.9783,44.8405],[13.9877,44.8283],[13.9719,44.821],[13.9832,44.8171],[13.9893,44.821],[13.9913,44.8143],[13.9994,44.8114],[13.9958,44.807],[14.0026,44.8059],[13.9994,44.8022],[13.9504,44.803],[13.9326,44.8138],[13.9304,44.803],[13.9268,44.8076],[13.9332,44.8184],[13.9216,44.8167],[13.9289,44.8202],[13.9248,44.8248],[13.909,44.83],[13.909,44.8227],[13.8987,44.8245],[13.9026,44.8174],[13.8852,44.8237],[13.8839,44.8201],[13.8923,44.8162],[13.9165,44.8124],[13.9239,44.8034],[13.9198,44.8007],[13.9214,44.7958],[13.914,44.7926],[13.9199,44.7793],[13.9125,44.7763],[13.9218,44.7768],[13.9173,44.772],[13.927,44.7695],[13.9235,44.7665],[13.9048,44.7696],[13.9014,44.8084],[13.8859,44.8097],[13.8737,44.8044],[13.8778,44.8095],[13.8623,44.8122],[13.8732,44.8207],[13.8591,44.8152],[13.8536,44.8175],[13.8565,44.8209],[13.8471,44.8234],[13.8477,44.828],[13.8622,44.828],[13.8603,44.8331],[13.8441,44.8316],[13.847,44.8369],[13.8428,44.842],[13.8508,44.8464],[13.8437,44.8461],[13.8373,44.8383],[13.8412,44.8358],[13.8341,44.833],[13.8277,44.8362],[13.8351,44.8426],[13.8315,44.8479],[13.8363,44.8493],[13.8201,44.8603],[13.8137,44.8543],[13.8088,44.857],[13.8117,44.8609],[13.7972,44.8627],[13.7918,44.8849],[13.7958,44.8758],[13.8194,44.8635],[13.841,44.8672],[13.8352,44.8722],[13.8484,44.8739],[13.8477,44.8826],[13.8354,44.884],[13.8332,44.8784],[13.8213,44.8786],[13.8226,44.8743],[13.8048,44.8829],[13.806,44.8912],[13.7944,44.89],[13.8085,44.8992],[13.8117,44.9135],[13.8039,44.9155],[13.8022,44.9297],[13.7823,44.951],[13.7845,44.9558],[13.7637,44.9753],[13.7634,44.9858],[13.7361,44.9857],[13.7351,44.9917],[13.7234,44.9978],[13.7208,45.0072],[13.7104,45.009],[13.7133,45.0222],[13.6902,45.0236],[13.6904,45.0388],[13.6813,45.0444],[13.689,45.0509],[13.676,45.0534],[13.6701,45.0568],[13.6717,45.06],[13.6578,45.0654],[13.6312,45.063],[13.627,45.069],[13.637,45.0702],[13.6395,45.0794],[13.6304,45.0846],[13.6401,45.0865],[13.6406,45.0982],[13.6296,45.0942],[13.6325,45.0993],[13.6136,45.1061],[13.6073,45.1175],[13.6174,45.118],[13.6167,45.1212],[13.6242,45.1171],[13.6277,45.1222],[13.6215,45.1236],[13.6241,45.1295],[13.6847,45.1294],[13.7064,45.1352],[13.7388,45.1298],[13.7073,45.1387],[13.6873,45.1335],[13.6285,45.1378],[13.6122,45.1309],[13.6039,45.1324],[13.5967,45.1416],[13.6031,45.1501],[13.5969,45.1535],[13.6098,45.1593],[13.5886,45.1755],[13.6051,45.1797],[13.5949,45.1872],[13.5891,45.1863],[13.5799,45.198],[13.5906,45.1987],[13.586,45.2053],[13.599,45.2028],[13.596,45.2086],[13.5872,45.2092],[13.5914,45.2097],[13.5898,45.2152],[13.5946,45.2143],[13.5961,45.2244],[13.5896,45.2278],[13.5987,45.2292],[13.595,45.2377],[13.6005,45.2436],[13.5897,45.2491],[13.5942,45.2561],[13.576,45.2569],[13.5827,45.2645],[13.5733,45.2658],[13.5829,45.2739],[13.5816,45.2782],[13.6053,45.2779],[13.5955,45.2813],[13.6023,45.2864],[13.5877,45.2847],[13.569,45.2997],[13.5901,45.2989],[13.5875,45.3031],[13.5913,45.3068],[13.6144,45.3145],[13.5607,45.3148],[13.5554,45.318],[13.5639,45.3188],[13.5642,45.3227],[13.5528,45.3219],[13.5501,45.3272],[13.5394,45.3303],[13.5444,45.3421],[13.5381,45.3535],[13.5556,45.3596],[13.5423,45.3625],[13.5447,45.3737],[13.5353,45.376],[13.5446,45.3785],[13.5328,45.386],[13.5416,45.3927],[13.5314,45.397],[13.5365,45.403],[13.5152,45.4158],[13.5154,45.4238],[13.5242,45.4264],[13.5187,45.4289],[13.5202,45.4337],[13.5117,45.4366],[13.5247,45.4372],[13.5221,45.4413],[13.509,45.4417],[13.5164,45.4557],[13.5085,45.4598],[13.513,45.4651],[13.5054,45.4687],[13.5089,45.4756],[13.4895,45.487]]],[[[14.551,45.2357],[14.5549,45.2458],[14.563,45.2442],[14.5773,45.2347],[14.5786,45.2421],[14.5916,45.2395],[14.6052,45.2248],[14.5825,45.2306],[14.6154,45.194],[14.6135,45.1872],[14.6254,45.1793],[14.6341,45.1642],[14.6088,45.1713],[14.598,45.1525],[14.6094,45.151],[14.6367,45.1623],[14.6661,45.1471],[14.6701,45.1579],[14.6771,45.1436],[14.6714,45.1418],[14.6806,45.1342],[14.6654,45.126],[14.6673,45.1212],[14.6585,45.1228],[14.6652,45.1072],[14.6695,45.1063],[14.6623,45.101],[14.6675,45.0932],[14.6648,45.0904],[14.6748,45.0819],[14.6722,45.078],[14.7026,45.0649],[14.7097,45.0653],[14.7149,45.0724],[14.7278,45.0632],[14.7295,45.0687],[14.737,45.0698],[14.7405,45.0638],[14.7333,45.0579],[14.7452,45.0542],[14.741,45.0427],[14.7435,45.0344],[14.7712,45.0107],[14.797,45.0017],[14.7956,44.9939],[14.8004,44.9904],[14.8005,44.9964],[14.8124,44.9908],[14.8216,44.9706],[14.8001,44.9849],[14.8126,44.9697],[14.8064,44.9667],[14.8083,44.9626],[14.775,44.9689],[14.7505,44.9679],[14.7475,44.9594],[14.7635,44.9405],[14.7454,44.9353],[14.7341,44.9379],[14.7357,44.934],[14.7325,44.9344],[14.7067,44.9416],[14.7077,44.9458],[14.7003,44.9488],[14.6896,44.949],[14.6893,44.9557],[14.6758,44.9656],[14.6516,44.9638],[14.6167,44.9806],[14.6164,44.9855],[14.629,44.9889],[14.6275,45.0029],[14.6217,45.0084],[14.6302,45.0274],[14.6261,45.0403],[14.6212,45.0405],[14.6082,45.0268],[14.6192,45.0224],[14.624,45.0164],[14.6204,45.0141],[14.5788,45.0273],[14.5609,45.0127],[14.5299,45.0189],[14.5266,45.0155],[14.5111,45.0242],[14.4998,45.0215],[14.4989,45.0288],[14.4866,45.027],[14.4747,45.0369],[14.4766,45.0403],[14.4721,45.0385],[14.4673,45.0463],[14.4543,45.0502],[14.4463,45.0599],[14.4495,45.0617],[14.4385,45.0645],[14.4314,45.0725],[14.4318,45.0895],[14.4439,45.0971],[14.4688,45.1],[14.4631,45.1184],[14.4741,45.1294],[14.5068,45.1162],[14.5287,45.1246],[14.5257,45.1309],[14.5303,45.1458],[14.5228,45.152],[14.5351,45.1517],[14.5371,45.16],[14.5475,45.168],[14.5359,45.182],[14.5353,45.199],[14.5411,45.2027],[14.5479,45.2004],[14.5308,45.2188],[14.5282,45.2279],[14.5318,45.23],[14.5514,45.2078],[14.5519,45.2256],[14.538,45.2364],[14.551,45.2357]]],[[[14.3238,45.1698],[14.3585,45.1651],[14.3704,45.1445],[14.3617,45.142],[14.3566,45.1319],[14.3584,45.1238],[14.3538,45.1179],[14.3586,45.0887],[14.3686,45.0795],[14.3947,45.0171],[14.4301,44.9803],[14.4427,44.9773],[14.4479,44.9823],[14.4673,44.9832],[14.4853,44.9549],[14.472,44.9552],[14.4688,44.9487],[14.4597,44.952],[14.4642,44.9416],[14.4564,44.9263],[14.4592,44.9095],[14.4488,44.8923],[14.4455,44.8754],[14.4691,44.798],[14.4668,44.7904],[14.4507,44.7941],[14.448,44.7851],[14.4702,44.7647],[14.4778,44.7458],[14.4768,44.7376],[14.4691,44.7383],[14.4626,44.7261],[14.476,44.6937],[14.4949,44.6796],[14.4963,44.6725],[14.5062,44.6732],[14.5059,44.667],[14.5152,44.662],[14.5113,44.6567],[14.5152,44.6528],[14.5062,44.6523],[14.5097,44.6477],[14.503,44.6418],[14.5042,44.6376],[14.5129,44.6445],[14.5126,44.6404],[14.5184,44.6436],[14.5219,44.6399],[14.52,44.6303],[14.5248,44.6365],[14.5344,44.633],[14.5309,44.6424],[14.547,44.6311],[14.5399,44.6266],[14.5286,44.6282],[14.5335,44.6238],[14.5296,44.6163],[14.5183,44.6232],[14.5235,44.6124],[14.5186,44.6082],[14.4968,44.6216],[14.5096,44.6083],[14.5003,44.6064],[14.5003,44.6023],[14.4727,44.615],[14.4695,44.6226],[14.4618,44.6245],[14.4644,44.6286],[14.458,44.627],[14.4615,44.6212],[14.4548,44.6256],[14.4506,44.63],[14.4561,44.6343],[14.4455,44.6378],[14.4407,44.6493],[14.4189,44.6721],[14.409,44.6679],[14.4151,44.6746],[14.4074,44.6767],[14.3917,44.6937],[14.3979,44.7093],[14.3902,44.7339],[14.397,44.7357],[14.3973,44.7437],[14.3841,44.7506],[14.3822,44.7446],[14.3697,44.7559],[14.3688,44.7789],[14.3639,44.7807],[14.3682,44.8032],[14.3573,44.817],[14.3483,44.8183],[14.3472,44.8106],[14.336,44.8142],[14.3415,44.8168],[14.3369,44.8244],[14.3289,44.8264],[14.3322,44.8528],[14.3193,44.8735],[14.3203,44.8859],[14.309,44.9086],[14.3006,44.9056],[14.2961,44.913],[14.3039,44.9116],[14.3007,44.9327],[14.3169,44.9504],[14.3404,44.9246],[14.3443,44.9146],[14.351,44.9143],[14.3626,44.904],[14.3675,44.9085],[14.3907,44.9025],[14.4005,44.9112],[14.3998,44.9193],[14.3851,44.9459],[14.3902,44.9482],[14.3916,44.9558],[14.4161,44.9454],[14.4084,44.9592],[14.3903,44.9604],[14.3925,44.9647],[14.3781,44.9898],[14.35,45.0031],[14.3503,45.013],[14.3594,45.0249],[14.3462,45.0557],[14.3074,45.0683],[14.2948,45.0945],[14.2757,45.1056],[14.2783,45.1122],[14.2715,45.12],[14.2991,45.1482],[14.2994,45.1604],[14.3085,45.1723],[14.3238,45.1762],[14.3238,45.1698]]],[[[14.7705,44.6767],[14.8143,44.6286],[14.8182,44.6299],[14.8246,44.6203],[14.8463,44.6067],[14.8405,44.6037],[14.8562,44.6006],[14.881,44.5741],[14.8903,44.5702],[14.8913,44.5732],[14.8714,44.6065],[14.8785,44.61],[14.9048,44.6071],[14.9093,44.6116],[14.9166,44.605],[14.9086,44.6018],[14.917,44.6031],[14.9131,44.6006],[14.9214,44.601],[14.9179,44.599],[14.9233,44.5999],[14.9268,44.5939],[14.9323,44.5957],[14.9466,44.5786],[14.9581,44.577],[14.9578,44.5719],[14.9629,44.5719],[14.9615,44.5637],[14.9847,44.5406],[14.9843,44.5348],[14.9994,44.5313],[15.0019,44.5267],[15.0314,44.5229],[15.0441,44.5164],[15.0396,44.5159],[15.0441,44.5118],[15.0508,44.5124],[15.0558,44.5032],[15.0507,44.5021],[15.0601,44.4994],[15.0681,44.4842],[15.0784,44.4769],[15.0482,44.4879],[15.0495,44.4971],[15.0434,44.4941],[15.0231,44.5004],[15.0136,44.4956],[15.0049,44.5049],[15.011,44.5069],[14.9982,44.5155],[14.9663,44.5232],[14.9526,44.5368],[14.9325,44.5459],[14.9209,44.5494],[14.9158,44.5453],[14.9202,44.5427],[14.9167,44.5375],[14.934,44.5353],[14.9482,44.5183],[14.9889,44.4937],[15.0436,44.4424],[15.0513,44.4443],[15.0519,44.4512],[15.0425,44.4794],[15.0521,44.4776],[15.0541,44.4723],[15.0987,44.4448],[15.1201,44.4384],[15.123,44.4283],[15.1404,44.4167],[15.1391,44.4119],[15.174,44.3972],[15.1714,44.3942],[15.1855,44.3768],[15.2015,44.3786],[15.2086,44.3699],[15.2437,44.3516],[15.2498,44.3385],[15.2568,44.3353],[15.2552,44.3222],[15.1676,44.366],[15.2338,44.3206],[15.23,44.3171],[15.2073,44.3206],[15.2226,44.3091],[15.2227,44.3031],[15.214,44.3103],[15.1872,44.3192],[15.1802,44.3169],[15.1447,44.3316],[15.13,44.3286],[15.1556,44.3066],[15.1786,44.2944],[15.1757,44.2894],[15.1111,44.3175],[15.0929,44.3377],[15.0938,44.3423],[15.1028,44.3393],[15.1063,44.3473],[15.0957,44.3494],[15.0874,44.3606],[15.0928,44.3703],[15.1171,44.3735],[15.1148,44.3792],[15.0812,44.398],[15.0649,44.3989],[15.0674,44.3916],[15.0639,44.3884],[15.0399,44.3924],[15.0335,44.3991],[15.0386,44.4041],[15.0367,44.4096],[14.9808,44.4563],[14.9631,44.4655],[14.9545,44.4645],[14.9586,44.4682],[14.9551,44.4705],[14.951,44.4656],[14.9349,44.4668],[14.9069,44.4842],[14.8999,44.4972],[14.9221,44.4994],[14.9152,44.5141],[14.8928,44.5312],[14.8829,44.5328],[14.8827,44.5395],[14.8724,44.5462],[14.8751,44.5526],[14.8837,44.5505],[14.8847,44.5544],[14.8623,44.5641],[14.8675,44.5666],[14.8634,44.5719],[14.8359,44.5863],[14.8346,44.5959],[14.8187,44.604],[14.8101,44.6167],[14.7826,44.6356],[14.7801,44.6439],[14.774,44.6448],[14.774,44.6517],[14.7609,44.6582],[14.7347,44.6904],[14.7341,44.7044],[14.7705,44.6767]]],[[[14.7249,44.8324],[14.7189,44.8407],[14.7234,44.8414],[14.7212,44.8506],[14.7296,44.8536],[14.726,44.8494],[14.7367,44.8499],[14.7321,44.8464],[14.7386,44.8446],[14.7544,44.8505],[14.7463,44.8459],[14.7537,44.8397],[14.764,44.8404],[14.7569,44.8372],[14.7585,44.8257],[14.7423,44.8228],[14.7391,44.8182],[14.8289,44.7566],[14.863,44.7161],[14.8675,44.7209],[14.8703,44.7034],[14.8619,44.7067],[14.8532,44.6984],[14.8394,44.701],[14.8087,44.7319],[14.743,44.7674],[14.7349,44.7672],[14.7573,44.7507],[14.7406,44.7585],[14.7316,44.756],[14.7294,44.7602],[14.7232,44.7544],[14.7223,44.759],[14.7164,44.7568],[14.7184,44.7609],[14.7123,44.757],[14.7126,44.7627],[14.7071,44.7552],[14.701,44.7559],[14.7036,44.7616],[14.6962,44.7575],[14.6875,44.7628],[14.6914,44.7655],[14.6795,44.7665],[14.6798,44.7718],[14.6759,44.7697],[14.6673,44.7769],[14.6708,44.7805],[14.6573,44.7874],[14.6564,44.7918],[14.6671,44.8003],[14.6867,44.7963],[14.7082,44.7839],[14.7095,44.7891],[14.7018,44.7931],[14.7051,44.7942],[14.6993,44.8073],[14.7264,44.7973],[14.729,44.8015],[14.7179,44.8087],[14.7117,44.8197],[14.6975,44.8229],[14.6795,44.8445],[14.7015,44.8433],[14.7249,44.8324]]],[[[14.3801,44.6999],[14.3984,44.6829],[14.3958,44.6749],[14.4006,44.6546],[14.396,44.6452],[14.3993,44.6448],[14.3982,44.6347],[14.3934,44.6328],[14.395,44.6191],[14.403,44.6156],[14.4007,44.6126],[14.4059,44.6108],[14.4157,44.5876],[14.4333,44.5674],[14.4449,44.5618],[14.4437,44.5566],[14.4552,44.5535],[14.4724,44.5368],[14.4788,44.5374],[14.4761,44.5341],[14.4785,44.5321],[14.4856,44.5327],[14.4805,44.5267],[14.5126,44.521],[14.5187,44.5125],[14.5238,44.5128],[14.5248,44.5013],[14.5353,44.4994],[14.5434,44.4896],[14.5364,44.4802],[14.5185,44.476],[14.5081,44.4896],[14.4998,44.491],[14.5049,44.4931],[14.4937,44.4955],[14.4947,44.5011],[14.4879,44.4975],[14.4899,44.5037],[14.4712,44.5166],[14.4486,44.5246],[14.4595,44.5304],[14.4532,44.5336],[14.4451,44.5297],[14.4474,44.5341],[14.4414,44.5371],[14.4441,44.5415],[14.4394,44.5477],[14.4686,44.5327],[14.4622,44.5431],[14.4422,44.5533],[14.4324,44.5644],[14.4237,44.5681],[14.4269,44.5603],[14.4218,44.561],[14.4051,44.5741],[14.4073,44.5594],[14.397,44.5601],[14.3938,44.5537],[14.3855,44.5557],[14.3851,44.5599],[14.3675,44.5615],[14.3752,44.5746],[14.3727,44.5888],[14.3798,44.5934],[14.3836,44.589],[14.384,44.5962],[14.3927,44.5982],[14.392,44.6039],[14.3837,44.6122],[14.3809,44.6255],[14.3603,44.6377],[14.3619,44.644],[14.3504,44.6451],[14.3546,44.6517],[14.3434,44.6639],[14.3386,44.7105],[14.3473,44.7112],[14.3557,44.6999],[14.3682,44.6999],[14.3688,44.6956],[14.3801,44.6999]]],[[[14.7933,44.3868],[14.8226,44.3544],[14.8182,44.3424],[14.7968,44.3419],[14.7715,44.3546],[14.7698,44.3615],[14.7442,44.369],[14.7464,44.3729],[14.7765,44.3785],[14.767,44.3954],[14.7679,44.4108],[14.7617,44.4172],[14.7764,44.4154],[14.7758,44.4191],[14.7837,44.423],[14.8008,44.4153],[14.8118,44.4009],[14.8015,44.3974],[14.8061,44.3914],[14.7933,44.3868]]],[[[15.0256,44.3033],[15.0182,44.3235],[15.0297,44.3285],[15.0359,44.3237],[15.048,44.3257],[15.0555,44.3169],[15.0719,44.3196],[15.0779,44.3103],[15.091,44.3077],[15.0986,44.311],[15.1185,44.3007],[15.1232,44.2924],[15.1344,44.2895],[15.1203,44.2801],[15.1192,44.2914],[15.0835,44.2976],[15.0759,44.2935],[15.0779,44.2861],[15.051,44.2844],[15.0256,44.3033]]],[[[14.8371,44.2391],[14.8464,44.2398],[14.8483,44.2354],[14.8669,44.2309],[14.8664,44.225],[14.8797,44.2188],[14.8851,44.222],[14.8819,44.225],[14.886,44.2307],[14.8883,44.225],[14.9017,44.2225],[14.8934,44.2193],[14.9113,44.2122],[14.8986,44.2094],[14.9018,44.2081],[14.8951,44.2039],[14.8964,44.1993],[14.8916,44.1984],[14.8807,44.2062],[14.8785,44.2025],[14.8677,44.2071],[14.8737,44.214],[14.8485,44.2166],[14.8398,44.2265],[14.8145,44.236],[14.8206,44.2289],[14.8187,44.2245],[14.8418,44.2033],[14.8419,44.1994],[14.8339,44.1998],[14.8149,44.2204],[14.8171,44.2238],[14.8127,44.2245],[14.7947,44.2529],[14.7868,44.2571],[14.7903,44.2622],[14.8007,44.2589],[14.803,44.266],[14.8227,44.2482],[14.8313,44.2491],[14.8282,44.2455],[14.8371,44.2391]]],[[[14.2799,44.6034],[14.2542,44.6183],[14.2343,44.6188],[14.2304,44.6286],[14.2462,44.6337],[14.2391,44.6424],[14.2382,44.6592],[14.2491,44.6638],[14.2646,44.6833],[14.2794,44.6894],[14.2755,44.6803],[14.2836,44.6787],[14.2803,44.6704],[14.2864,44.6651],[14.2777,44.6557],[14.2668,44.6592],[14.263,44.6658],[14.2649,44.655],[14.2539,44.6585],[14.2658,44.6401],[14.2501,44.6484],[14.2809,44.6096],[14.2799,44.6034]]],[[[14.7007,44.3746],[14.7212,44.3649],[14.7217,44.3571],[14.7288,44.3495],[14.7199,44.347],[14.7045,44.3531],[14.707,44.3573],[14.6941,44.36],[14.6858,44.3879],[14.6618,44.3947],[14.6633,44.4073],[14.6843,44.4141],[14.6991,44.4071],[14.7069,44.3986],[14.6999,44.3887],[14.7007,44.3746]]],[[[14.8379,44.8832],[14.7729,44.9106],[14.7678,44.9202],[14.7692,44.9333],[14.7847,44.9316],[14.8204,44.9141],[14.8307,44.9044],[14.8268,44.9014],[14.8351,44.8945],[14.8379,44.8832]]],[[[15.1113,44.2603],[15.124,44.2684],[15.1262,44.2769],[15.131,44.2788],[15.1326,44.2746],[15.1406,44.2804],[15.1774,44.2499],[15.1491,44.2466],[15.1336,44.2398],[15.1317,44.2492],[15.1241,44.2494],[15.1272,44.2556],[15.1113,44.2603]]],[[[14.7851,44.263],[14.7633,44.2716],[14.7701,44.2566],[14.7619,44.2561],[14.7386,44.2705],[14.7369,44.2802],[14.7418,44.2781],[14.7446,44.2825],[14.7611,44.2759],[14.7511,44.2907],[14.757,44.2945],[14.7848,44.279],[14.7836,44.2739],[14.7995,44.2687],[14.7902,44.2683],[14.7912,44.2641],[14.7851,44.263]]],[[[14.5428,44.9529],[14.4944,44.9739],[14.4848,44.9827],[14.5034,44.9789],[14.5231,44.9873],[14.5557,44.9575],[14.5428,44.9529]]],[[[14.6691,44.3023],[14.6514,44.3112],[14.6428,44.3095],[14.6341,44.3182],[14.619,44.3236],[14.6209,44.3298],[14.5936,44.3388],[14.5829,44.3523],[14.5893,44.353],[14.5909,44.3581],[14.5963,44.3561],[14.6096,44.3406],[14.6433,44.3274],[14.6691,44.3023]]],[[[14.964,44.4018],[14.9544,44.4096],[14.9432,44.4084],[14.9319,44.4141],[14.8811,44.4548],[14.8962,44.4569],[14.9065,44.4509],[14.9174,44.4349],[14.9479,44.4199],[14.9524,44.4144],[14.9492,44.413],[14.9685,44.4057],[14.964,44.4018]]],[[[14.777,44.8541],[14.7474,44.859],[14.7368,44.8744],[14.751,44.8744],[14.7459,44.8808],[14.7511,44.8842],[14.781,44.8633],[14.777,44.8541]]],[[[13.7544,44.8876],[13.7459,44.8928],[13.7534,44.8951],[13.7465,44.9057],[13.7548,44.9098],[13.7548,44.9178],[13.7366,44.9228],[13.7366,44.9267],[13.7521,44.9275],[13.7573,44.9209],[13.7664,44.9216],[13.77,44.9163],[13.7777,44.9186],[13.7803,44.9138],[13.7749,44.9104],[13.782,44.9081],[13.7807,44.9046],[13.7739,44.9074],[13.7649,44.9011],[13.7646,44.9073],[13.7591,44.9052],[13.7605,44.8929],[13.7559,44.8931],[13.7544,44.8876]]],[[[14.5788,44.4421],[14.5595,44.4489],[14.5542,44.4422],[14.5407,44.4444],[14.5297,44.4568],[14.5347,44.4627],[14.5462,44.4651],[14.5694,44.4561],[14.5788,44.4421]]],[[[14.8421,44.6842],[14.8261,44.6916],[14.8041,44.7191],[14.7701,44.7421],[14.8253,44.7093],[14.845,44.6884],[14.8421,44.6842]]],[[[14.8233,44.8268],[14.8176,44.8374],[14.804,44.8388],[14.8019,44.8512],[14.8405,44.8451],[14.8398,44.8376],[14.8288,44.8374],[14.8307,44.8321],[14.8233,44.8268]]],[[[14.3098,44.5126],[14.3096,44.5082],[14.3268,44.51],[14.3047,44.4972],[14.2894,44.5074],[14.2888,44.5155],[14.2833,44.518],[14.2901,44.5207],[14.3098,44.5126]]],[[[14.7131,44.2711],[14.7003,44.2779],[14.7015,44.2832],[14.6951,44.2823],[14.6864,44.2889],[14.6934,44.293],[14.71,44.2917],[14.729,44.2758],[14.7136,44.2803],[14.7182,44.2748],[14.7131,44.2711]]],[[[14.3052,44.7571],[14.3004,44.7633],[14.3088,44.7755],[14.3053,44.7801],[14.3201,44.7913],[14.3127,44.7638],[14.3052,44.7571]]],[[[14.8718,44.4667],[14.8483,44.4817],[14.846,44.4872],[14.8605,44.4852],[14.8718,44.4667]]],[[[14.3239,44.5707],[14.3008,44.5827],[14.296,44.5914],[14.3171,44.5783],[14.3239,44.5707]]],[[[13.7495,44.9309],[13.7395,44.9304],[13.742,44.9357],[13.7349,44.9348],[13.7356,44.9309],[13.7285,44.9354],[13.7407,44.9403],[13.7495,44.9309]]],[[[14.8666,44.371],[14.8525,44.3799],[14.8464,44.3895],[14.8685,44.3747],[14.8666,44.371]]],[[[14.5629,44.4602],[14.5426,44.4692],[14.5423,44.471],[14.5487,44.4729],[14.5529,44.4675],[14.559,44.4679],[14.5629,44.4602]]],[[[14.5613,44.4941],[14.5536,44.495],[14.5463,44.5075],[14.5639,44.5015],[14.5613,44.4941]]],[[[14.5689,45.2444],[14.5575,45.2513],[14.5556,45.2536],[14.5653,45.2563],[14.5689,45.2444]]],[[[14.3319,44.5593],[14.3238,44.5648],[14.3248,44.5685],[14.3399,44.5602],[14.3319,44.5593]]],[[[14.5443,44.4951],[14.5411,44.496],[14.543,44.4967],[14.5443,44.4951]]],[[[14.846,44.6849],[14.8447,44.6835],[14.844,44.6842],[14.846,44.6849]]]]}},{"type":"Feature","properties":{"code":"HR007","name":"Dubrovnik region"},"geometry":{"type":"MultiPolygon","coordinates":[[[[17.0006,43.0469],[17.025,43.0458],[17.0363,43.0405],[17.0341,43.0371],[17.0463,43.0352],[17.0763,43.019],[17.167,43.0249],[17.2938,43.0043],[17.3612,42.9812],[17.3883,42.9671],[17.4388,42.9537],[17.4497,42.9401],[17.4505,42.9275],[17.4689,42.9215],[17.4679,42.9158],[17.4779,42.9143],[17.478,42.9205],[17.4876,42.9104],[17.5142,42.9123],[17.5196,42.906],[17.5321,42.9036],[17.5238,42.9198],[17.5167,42.9235],[17.5275,42.9242],[17.5972,42.8952],[17.6084,42.8959],[17.6505,42.8705],[17.668,42.8675],[17.6496,42.8805],[17.6802,42.8699],[17.6833,42.8637],[17.6803,42.8626],[17.7042,42.8529],[17.7046,42.8465],[17.7317,42.8338],[17.7437,42.8342],[17.6958,42.8602],[17.7085,42.8561],[17.7029,42.8685],[17.718,42.8758],[17.7089,42.8825],[17.7012,42.8797],[17.6998,42.8705],[17.6941,42.8674],[17.6491,42.8889],[17.6757,42.9187],[17.6887,42.9228],[17.7514,42.9131],[17.7872,42.8916],[17.7913,42.8917],[17.8091,42.9171],[17.8292,42.9097],[17.8445,42.9024],[17.8573,42.8876],[17.8566,42.8685],[17.8702,42.8466],[17.8787,42.8375],[17.9002,42.8325],[17.8875,42.8147],[17.8913,42.8098],[17.9097,42.8107],[17.9502,42.799],[17.9746,42.7804],[17.9963,42.7762],[17.997,42.765],[18.0103,42.7526],[18.0416,42.7483],[18.0759,42.7239],[18.1014,42.7155],[18.1088,42.7043],[18.1028,42.6867],[18.1427,42.6797],[18.1573,42.6539],[18.1766,42.6612],[18.1911,42.6552],[18.2214,42.6231],[18.2347,42.6149],[18.2409,42.616],[18.2441,42.6027],[18.2748,42.6101],[18.2817,42.6172],[18.3664,42.6161],[18.3904,42.5892],[18.4369,42.5636],[18.44,42.5506],[18.436,42.5201],[18.4465,42.5105],[18.4336,42.4839],[18.4734,42.4649],[18.4964,42.4392],[18.5246,42.4205],[18.5134,42.4214],[18.5106,42.4067],[18.5341,42.3925],[18.5077,42.4026],[18.5091,42.4073],[18.4869,42.421],[18.4619,42.4451],[18.4505,42.4509],[18.4409,42.4465],[18.4349,42.4538],[18.4276,42.4527],[18.4276,42.4465],[18.4093,42.459],[18.4257,42.4547],[18.4204,42.4647],[18.3206,42.5134],[18.2886,42.523],[18.272,42.5374],[18.233,42.5584],[18.2248,42.5736],[18.2081,42.5815],[18.2168,42.5796],[18.2125,42.5867],[18.2232,42.5815],[18.2247,42.5933],[18.2311,42.6001],[18.2241,42.6112],[18.2129,42.614],[18.2085,42.6209],[18.1997,42.6234],[18.1805,42.6146],[18.1595,42.6261],[18.132,42.6323],[18.1253,42.6394],[18.0599,42.6495],[18.0704,42.655],[18.0582,42.659],[18.0611,42.6639],[18.0775,42.6634],[18.0873,42.6534],[18.0795,42.6668],[18.1056,42.672],[18.1316,42.6701],[18.136,42.6739],[18.1002,42.6738],[18.0738,42.6688],[18.0556,42.678],[18.0454,42.7016],[18.0401,42.6962],[18.0456,42.6847],[17.984,42.7043],[17.9654,42.7132],[17.9534,42.7281],[17.9485,42.7265],[17.927,42.7402],[17.9053,42.7449],[17.8805,42.7598],[17.8732,42.7724],[17.8823,42.7734],[17.888,42.7872],[17.8696,42.7793],[17.872,42.7759],[17.8635,42.7768],[17.8594,42.7839],[17.8473,42.7874],[17.8448,42.7926],[17.851,42.7954],[17.8422,42.7991],[17.8426,42.8041],[17.8192,42.7991],[17.8067,42.8066],[17.7939,42.8067],[17.7972,42.7997],[17.7823,42.7871],[17.7516,42.8102],[17.7123,42.8245],[17.6985,42.835],[17.6908,42.8327],[17.6929,42.8281],[17.7167,42.8216],[17.7481,42.8015],[17.7703,42.7751],[17.7609,42.7702],[17.7613,42.7607],[17.7477,42.7718],[17.7546,42.7778],[17.7488,42.7852],[17.7505,42.7911],[17.742,42.7969],[17.733,42.7915],[17.7195,42.7946],[17.716,42.8008],[17.7066,42.7967],[17.7047,42.8026],[17.6989,42.8002],[17.6946,42.8056],[17.6886,42.8033],[17.6775,42.8076],[17.6764,42.8164],[17.668,42.8115],[17.6346,42.8176],[17.593,42.8326],[17.51,42.8492],[17.4959,42.8571],[17.4471,42.8679],[17.4461,42.872],[17.4303,42.8755],[17.4356,42.8769],[17.4375,42.8837],[17.4484,42.8842],[17.4459,42.8881],[17.4531,42.8929],[17.4323,42.9003],[17.4167,42.9118],[17.4096,42.9104],[17.4002,42.9164],[17.3653,42.9128],[17.3282,42.9338],[17.2512,42.9583],[17.2172,42.981],[17.2,42.9815],[17.1828,42.9737],[17.1366,42.9744],[17.1016,42.9795],[17.0941,42.985],[17.0654,42.9843],[17.0376,43.0029],[17.0104,43.005],[17.0057,43.0109],[17.0176,43.0049],[17.0207,43.0185],[17.0338,43.0254],[17.0285,43.0311],[17.0207,43.0306],[17.0232,43.0254],[17.0125,43.029],[17.0125,43.0357],[17.0179,43.0373],[17.0135,43.0384],[17.0153,43.0416],[17.0006,43.0469]]],[[[16.6293,42.9837],[16.6361,42.9897],[16.6508,42.9893],[16.6493,42.9858],[16.6611,42.9918],[16.6686,42.9926],[16.6696,42.9882],[16.6733,42.993],[16.6848,42.9944],[16.6839,42.9901],[16.6942,42.9943],[16.6989,42.9929],[16.6974,42.9874],[16.7248,42.9898],[16.7415,42.9786],[16.7643,42.9736],[16.7671,42.9766],[16.7752,42.9706],[16.7805,42.9736],[16.7859,42.9707],[16.7828,42.9656],[16.8099,42.9682],[16.8543,42.9575],[16.9058,42.9642],[16.9145,42.9682],[16.912,42.9716],[16.9295,42.9682],[16.9289,42.9721],[16.9457,42.9744],[16.9951,42.974],[17.0092,42.9781],[17.0195,42.974],[17.0198,42.9779],[17.0444,42.9809],[17.0476,42.9804],[17.0407,42.9774],[17.0451,42.9733],[17.0988,42.9662],[17.1013,42.9623],[17.106,42.9655],[17.1116,42.9632],[17.1097,42.9589],[17.1163,42.9598],[17.1144,42.9639],[17.137,42.9627],[17.1355,42.959],[17.1417,42.9559],[17.1378,42.9495],[17.1459,42.9577],[17.1642,42.9353],[17.1602,42.9284],[17.1671,42.9299],[17.171,42.9229],[17.1963,42.9223],[17.2024,42.9173],[17.1903,42.9118],[17.186,42.9183],[17.1782,42.9126],[17.1321,42.9077],[17.129,42.913],[17.1243,42.907],[17.0599,42.9168],[17.0457,42.9201],[17.0461,42.9242],[17.0059,42.9229],[17.0018,42.9282],[16.9908,42.9235],[16.9761,42.9276],[16.9452,42.9134],[16.9412,42.9154],[16.9412,42.9104],[16.9337,42.9127],[16.8951,42.897],[16.8829,42.8991],[16.867,42.8935],[16.8504,42.8967],[16.8613,42.9027],[16.8542,42.9064],[16.8582,42.9091],[16.8392,42.9024],[16.7996,42.9062],[16.7937,42.9028],[16.7924,42.9065],[16.7762,42.9034],[16.7768,42.908],[16.754,42.9075],[16.7256,42.9187],[16.7156,42.9202],[16.7162,42.917],[16.7102,42.9218],[16.7084,42.9184],[16.6649,42.9297],[16.6666,42.9153],[16.6413,42.9255],[16.6478,42.9299],[16.6403,42.9317],[16.6406,42.9372],[16.672,42.944],[16.6617,42.9512],[16.6635,42.9545],[16.6742,42.9527],[16.7038,42.9603],[16.7119,42.956],[16.7175,42.962],[16.7169,42.9654],[16.714,42.9677],[16.7159,42.9631],[16.7084,42.9615],[16.7031,42.9688],[16.6747,42.9687],[16.679,42.9733],[16.6709,42.9738],[16.6718,42.9795],[16.6659,42.9765],[16.6655,42.9813],[16.6552,42.9849],[16.645,42.9737],[16.6424,42.9831],[16.6293,42.9837]]],[[[17.4225,43.0464],[17.4354,43.0521],[17.4288,43.0533],[17.4235,43.0634],[17.5447,43.0583],[17.6221,43.0759],[17.6413,43.089],[17.6852,43.0105],[17.7121,42.973],[17.6518,42.9591],[17.6173,42.9424],[17.581,42.9382],[17.5771,42.9426],[17.5577,42.9405],[17.5451,42.9453],[17.5449,42.9398],[17.5378,42.9413],[17.5104,42.9574],[17.5041,42.9647],[17.5098,42.9648],[17.5063,42.968],[17.4933,42.9693],[17.4877,42.9758],[17.4921,42.9776],[17.4896,42.9801],[17.4725,42.9878],[17.4719,42.9953],[17.4772,42.9965],[17.4791,43.0033],[17.4654,43.0011],[17.4614,43.0105],[17.4667,43.0125],[17.4627,43.019],[17.4446,43.0188],[17.4612,43.0311],[17.4596,43.036],[17.4484,43.0367],[17.4415,43.0273],[17.4355,43.031],[17.424,43.0278],[17.4535,43.0447],[17.4722,43.0444],[17.4713,43.0495],[17.4594,43.0504],[17.423,43.0301],[17.4225,43.0425],[17.4288,43.0459],[17.4225,43.0464]]],[[[17.3161,42.7854],[17.3267,42.7916],[17.332,42.7891],[17.3316,42.7794],[17.3329,42.7852],[17.3675,42.7993],[17.3669,42.8043],[17.3713,42.7972],[17.3797,42.8032],[17.3943,42.8015],[17.3843,42.7908],[17.3709,42.7906],[17.3768,42.786],[17.4382,42.7858],[17.44,42.7807],[17.4587,42.7788],[17.4664,42.7731],[17.5003,42.7714],[17.6101,42.7459],[17.5962,42.7453],[17.5998,42.7373],[17.6313,42.7393],[17.6442,42.7369],[17.6488,42.7296],[17.6678,42.7362],[17.6737,42.7282],[17.6686,42.7255],[17.6818,42.7295],[17.7455,42.7087],[17.741,42.7032],[17.7438,42.6969],[17.7542,42.6923],[17.7477,42.6866],[17.7426,42.6911],[17.7368,42.6883],[17.7366,42.6949],[17.7412,42.6963],[17.7362,42.7005],[17.7307,42.6943],[17.7246,42.6939],[17.7208,42.6994],[17.711,42.6981],[17.7067,42.6916],[17.7083,42.6949],[17.7012,42.6967],[17.6975,42.6917],[17.698,42.7021],[17.6586,42.7095],[17.6455,42.717],[17.5617,42.7232],[17.5325,42.734],[17.5101,42.7332],[17.4996,42.7415],[17.456,42.7525],[17.4438,42.7452],[17.433,42.7562],[17.4097,42.7561],[17.405,42.7634],[17.3752,42.7676],[17.373,42.7731],[17.3723,42.7673],[17.3873,42.7651],[17.3882,42.7586],[17.3776,42.761],[17.386,42.7575],[17.3813,42.7571],[17.3279,42.7749],[17.3254,42.7856],[17.3161,42.7854]]],[[[16.8127,42.743],[16.8133,42.748],[16.8245,42.7451],[16.8223,42.766],[16.8394,42.7712],[16.8319,42.7747],[16.8338,42.7772],[16.8465,42.7748],[16.8469,42.7674],[16.8552,42.7777],[16.8689,42.7745],[16.8677,42.7711],[16.8801,42.7761],[16.8808,42.7697],[16.9057,42.7737],[16.9185,42.7693],[16.925,42.773],[16.9434,42.7661],[16.922,42.7349],[16.8878,42.7227],[16.8815,42.7248],[16.8927,42.7321],[16.8887,42.7367],[16.8862,42.7298],[16.8775,42.733],[16.8796,42.7372],[16.8442,42.7309],[16.8473,42.7247],[16.8427,42.7229],[16.8361,42.7329],[16.8246,42.7322],[16.8211,42.7428],[16.8127,42.743]]],[[[17.8289,42.7556],[17.8527,42.7548],[17.8683,42.7433],[17.8969,42.733],[17.9177,42.7188],[17.9193,42.7136],[17.9106,42.7108],[17.9164,42.7065],[17.9084,42.7036],[17.9078,42.6986],[17.8622,42.7205],[17.8415,42.733],[17.8615,42.727],[17.8289,42.7556]]],[[[17.9228,42.6887],[17.9384,42.6858],[17.9423,42.697],[17.9462,42.6973],[17.9751,42.6782],[17.9531,42.6807],[17.9554,42.6744],[17.9406,42.6744],[17.9228,42.6887]]],[[[16.4936,42.7567],[16.5081,42.7738],[16.5265,42.7716],[16.5362,42.764],[16.5235,42.7592],[16.5098,42.7639],[16.5079,42.7591],[16.4936,42.7567]]],[[[17.7881,42.7537],[17.8073,42.7495],[17.8284,42.7366],[17.8277,42.7427],[17.836,42.7403],[17.8407,42.7373],[17.8353,42.7353],[17.8396,42.7281],[17.8032,42.7414],[17.7881,42.7537]]],[[[16.7989,42.7641],[16.8179,42.7765],[16.8188,42.7723],[16.8282,42.7763],[16.8219,42.7717],[16.8322,42.7696],[16.8095,42.7634],[16.8157,42.7613],[16.8105,42.757],[16.8158,42.7538],[16.8077,42.7538],[16.7989,42.7641]]],[[[17.9856,42.6753],[18.0056,42.6774],[18.0025,42.6829],[18.0058,42.6833],[18.0245,42.6677],[18.0178,42.6614],[18.0144,42.6693],[17.9856,42.6753]]],[[[16.7827,42.772],[16.793,42.7776],[16.7962,42.7604],[16.7846,42.7601],[16.7871,42.7707],[16.7827,42.772]]],[[[17.1507,42.9557],[17.1625,42.9579],[17.1701,42.9533],[17.1663,42.95],[17.1507,42.9557]]],[[[17.7656,42.7635],[17.778,42.7691],[17.7808,42.7587],[17.7755,42.7582],[17.7656,42.7635]]],[[[16.7091,42.7505],[16.7203,42.7519],[16.7205,42.7574],[16.7261,42.7586],[16.7343,42.7517],[16.7091,42.7505]]],[[[18.1139,42.6332],[18.1198,42.6336],[18.1268,42.622],[18.1194,42.6223],[18.1139,42.6332]]],[[[16.608,42.9841],[16.619,42.9898],[16.6255,42.9839],[16.6162,42.9813],[16.608,42.9841]]],[[[16.9686,42.7694],[16.9826,42.7724],[16.9872,42.7696],[16.9848,42.7648],[16.9686,42.7694]]],[[[17.4021,42.7916],[17.4257,42.7904],[17.4309,42.7876],[17.4104,42.787],[17.4021,42.7916]]],[[[16.9633,42.7613],[16.9686,42.7629],[16.9748,42.7606],[16.9664,42.7568],[16.9633,42.7613]]],[[[16.7228,42.9152],[16.7403,42.9093],[16.7416,42.905],[16.7287,42.9102],[16.7228,42.9152]]],[[[16.99,42.7751],[16.9835,42.7802],[16.9967,42.7784],[16.99,42.7751]]],[[[16.9617,42.7733],[16.9648,42.779],[16.9695,42.773],[16.9662,42.769],[16.9617,42.7733]]],[[[16.25,42.3936],[16.2616,42.3938],[16.2669,42.3913],[16.2601,42.3908],[16.25,42.3936]]],[[[18.4307,42.4412],[18.4303,42.4464],[18.4344,42.4436],[18.4307,42.4412]]],[[[17.4262,42.8737],[17.4268,42.8755],[17.4281,42.8753],[17.4262,42.8737]]],[[[16.271,42.3878],[16.2725,42.3891],[16.2731,42.3874],[16.271,42.3878]]],[[[16.2745,42.3892],[16.2748,42.3898],[16.2756,42.3891],[16.2745,42.3892]]],[[[18.2285,42.6016],[18.2297,42.6022],[18.2291,42.6011],[18.2285,42.6016]]],[[[16.2702,42.3893],[16.2707,42.3895],[16.2708,42.3892],[16.2702,42.3893]]]]}},{"type":"Feature","properties":{"code":"HR008","name":"Split region"},"geometry":{"type":"MultiPolygon","coordinates":[[[[15.1378,44.2409],[15.171,44.2508],[15.178,44.2426],[15.1882,44.2449],[15.1799,44.2481],[15.1863,44.2492],[15.3003,44.2308],[15.3364,44.2238],[15.4612,44.1817],[15.4329,44.1762],[15.4186,44.1677],[15.4034,44.1451],[15.4028,44.1251],[15.464,44.0135],[15.4852,43.9897],[15.607,43.885],[15.6977,43.8346],[15.793,43.8014],[15.8713,43.7887],[15.8862,43.7823],[15.9438,43.7283],[15.9972,43.698],[16.0323,43.6835],[16.1372,43.653],[16.2376,43.6046],[16.2776,43.594],[16.3871,43.5799],[16.6123,43.5352],[16.703,43.4853],[16.745,43.4718],[16.9063,43.4502],[16.9267,43.4387],[16.9802,43.378],[17.2353,43.1991],[17.2774,43.173],[17.3454,43.1421],[17.421,43.0928],[17.4557,43.0744],[17.4915,43.0621],[17.4235,43.0634],[17.4165,43.0395],[17.4068,43.0405],[17.3903,43.0582],[17.3769,43.064],[17.3617,43.0842],[17.3567,43.0826],[17.3343,43.1118],[17.2855,43.1286],[17.2808,43.1387],[17.2608,43.1463],[17.2593,43.1511],[17.242,43.1528],[17.2051,43.1693],[17.1716,43.1749],[17.1525,43.193],[17.1415,43.1967],[17.1378,43.1937],[17.1102,43.2086],[17.1036,43.2279],[17.0763,43.2339],[17.0732,43.2428],[17.0609,43.2488],[17.0587,43.26],[17.049,43.2715],[17.019,43.2868],[17.0189,43.2944],[17.0086,43.2947],[17.0134,43.2959],[17.0127,43.2999],[16.9616,43.3397],[16.9475,43.3581],[16.9223,43.3698],[16.9194,43.3764],[16.8964,43.389],[16.8867,43.4009],[16.8687,43.3974],[16.7243,43.4136],[16.7107,43.4206],[16.6944,43.4426],[16.6876,43.4387],[16.6904,43.4455],[16.6842,43.4401],[16.6517,43.4415],[16.6417,43.4379],[16.6398,43.444],[16.6296,43.4457],[16.6229,43.4532],[16.581,43.4644],[16.538,43.4908],[16.5306,43.5049],[16.5239,43.4976],[16.4791,43.5034],[16.4556,43.4994],[16.4361,43.501],[16.4425,43.5033],[16.4369,43.5079],[16.4257,43.5007],[16.3877,43.5081],[16.4026,43.5159],[16.4261,43.5163],[16.4283,43.5212],[16.4208,43.5226],[16.4328,43.5274],[16.4231,43.5271],[16.4269,43.5286],[16.44,43.5288],[16.4441,43.5237],[16.4468,43.5302],[16.4746,43.5275],[16.4611,43.531],[16.4774,43.5321],[16.4699,43.5371],[16.4394,43.5388],[16.4369,43.544],[16.4285,43.5456],[16.3477,43.551],[16.3097,43.539],[16.2947,43.5243],[16.2791,43.5268],[16.2506,43.5182],[16.3003,43.5141],[16.3523,43.4927],[16.3921,43.4893],[16.3788,43.4842],[16.3145,43.4826],[16.28,43.4885],[16.2726,43.4936],[16.2712,43.4861],[16.2553,43.4859],[16.2464,43.4834],[16.2458,43.479],[16.2346,43.4854],[16.2098,43.4881],[16.203,43.4968],[16.2248,43.4988],[16.2365,43.4923],[16.2428,43.492],[16.2379,43.4956],[16.256,43.4926],[16.2607,43.4956],[16.2553,43.5052],[16.2589,43.507],[16.2377,43.5115],[16.2518,43.5159],[16.2226,43.5179],[16.2118,43.5109],[16.1825,43.5068],[16.1801,43.5084],[16.1848,43.5103],[16.1858,43.5113],[16.1856,43.5118],[16.1456,43.5146],[16.1314,43.5204],[16.1274,43.5156],[16.1095,43.514],[16.1738,43.5003],[16.1749,43.489],[16.1328,43.4811],[16.1125,43.4892],[16.1127,43.4841],[16.129,43.4785],[16.1135,43.4708],[16.0923,43.4727],[16.0785,43.479],[16.0805,43.4834],[16.0751,43.4812],[16.0669,43.4856],[16.0597,43.4754],[16.0474,43.4808],[16.0369,43.478],[16.0434,43.49],[16.0229,43.4925],[16.0209,43.486],[16.0144,43.485],[16.019,43.4918],[16.0179,43.4996],[16.0136,43.5006],[15.9967,43.4879],[15.9928,43.4934],[16.0003,43.5],[15.9875,43.4999],[15.9867,43.5067],[15.9841,43.4991],[15.9697,43.4941],[15.9731,43.5059],[15.962,43.4989],[15.9507,43.5068],[15.9643,43.5093],[15.9511,43.5176],[15.9748,43.5096],[15.9735,43.5131],[15.9904,43.518],[15.9823,43.5245],[15.9813,43.5367],[15.9949,43.5383],[15.9715,43.5397],[15.9755,43.5343],[15.9621,43.5341],[15.9635,43.5261],[15.9606,43.5223],[15.9604,43.5267],[15.9533,43.5285],[15.9605,43.5403],[15.9384,43.5475],[15.9346,43.5449],[15.9259,43.5521],[15.9278,43.5597],[15.9461,43.5585],[15.9381,43.5639],[15.9436,43.5705],[15.9366,43.5697],[15.9336,43.5641],[15.9176,43.5708],[15.9169,43.5754],[15.9322,43.58],[15.9332,43.5864],[15.9189,43.5841],[15.9236,43.5878],[15.9169,43.5919],[15.9226,43.5899],[15.9261,43.5971],[15.9199,43.601],[15.9192,43.6077],[15.9272,43.6125],[15.9168,43.6203],[15.9226,43.6236],[15.9123,43.6276],[15.9203,43.6334],[15.9754,43.6304],[15.9577,43.6375],[15.9472,43.6358],[15.9369,43.6437],[15.907,43.6434],[15.9024,43.6485],[15.9312,43.6496],[15.9267,43.6547],[15.9506,43.6401],[15.9471,43.6451],[15.9508,43.6531],[15.9437,43.6571],[15.952,43.66],[15.9411,43.6593],[15.9393,43.6659],[15.9287,43.6723],[15.9449,43.6706],[15.9484,43.6777],[15.9587,43.6828],[15.9574,43.6859],[15.9418,43.6931],[15.9439,43.6738],[15.9293,43.6759],[15.9257,43.6718],[15.8939,43.6997],[15.8881,43.6934],[15.8825,43.6941],[15.8618,43.7087],[15.8538,43.7216],[15.8595,43.7184],[15.8594,43.7239],[15.8814,43.7285],[15.8994,43.7127],[15.9056,43.7153],[15.8962,43.7213],[15.9063,43.7201],[15.8886,43.7351],[15.8887,43.7402],[15.8718,43.7502],[15.8664,43.7491],[15.8798,43.7293],[15.8616,43.7271],[15.8575,43.7315],[15.8563,43.7243],[15.8471,43.7263],[15.8503,43.7215],[15.8077,43.739],[15.7821,43.7586],[15.7724,43.7511],[15.7451,43.756],[15.746,43.7523],[15.7378,43.7592],[15.727,43.7593],[15.7298,43.7651],[15.6946,43.7656],[15.6958,43.7715],[15.6843,43.7751],[15.6871,43.7784],[15.6721,43.7886],[15.6743,43.7909],[15.6602,43.7993],[15.6543,43.7963],[15.6504,43.8013],[15.6409,43.8003],[15.6166,43.815],[15.6155,43.8226],[15.6312,43.8106],[15.6397,43.8177],[15.6747,43.8079],[15.6809,43.7978],[15.6837,43.8006],[15.6772,43.813],[15.6825,43.8162],[15.6638,43.8163],[15.6554,43.8252],[15.628,43.8376],[15.626,43.8436],[15.5904,43.8484],[15.582,43.8577],[15.5754,43.8586],[15.5752,43.8671],[15.5687,43.8597],[15.5683,43.864],[15.5601,43.8603],[15.5638,43.8654],[15.5599,43.872],[15.5344,43.8817],[15.5366,43.8842],[15.5289,43.8867],[15.5365,43.8902],[15.5262,43.8986],[15.4869,43.9152],[15.477,43.9145],[15.4777,43.9196],[15.4685,43.915],[15.4542,43.9242],[15.4393,43.9373],[15.4454,43.9439],[15.4391,43.9517],[15.4055,43.9679],[15.3848,43.9922],[15.3674,44.0005],[15.3595,44.0147],[15.3426,44.0301],[15.3287,44.0368],[15.3093,44.0368],[15.2981,44.0432],[15.3004,44.0464],[15.3074,44.0437],[15.3058,44.0476],[15.3106,44.051],[15.2923,44.0601],[15.2943,44.0525],[15.2815,44.0628],[15.2791,44.068],[15.2838,44.0685],[15.2756,44.0843],[15.2616,44.088],[15.2683,44.0893],[15.2667,44.0928],[15.2494,44.1001],[15.2503,44.0945],[15.242,44.0982],[15.2209,44.1166],[15.2348,44.1117],[15.2288,44.1182],[15.2315,44.1195],[15.2233,44.123],[15.2253,44.1254],[15.2097,44.1313],[15.2039,44.1292],[15.202,44.1336],[15.2122,44.1389],[15.2087,44.1469],[15.1771,44.1712],[15.1561,44.1802],[15.1602,44.1864],[15.1408,44.1951],[15.1596,44.2031],[15.1573,44.2159],[15.1659,44.2162],[15.163,44.2254],[15.1672,44.2281],[15.1378,44.2409]]],[[[16.4408,43.3925],[16.5118,43.3833],[16.5379,43.3835],[16.5488,43.3884],[16.5802,43.3801],[16.6003,43.3812],[16.5967,43.3772],[16.6057,43.3758],[16.6084,43.381],[16.621,43.3753],[16.6303,43.3784],[16.6601,43.3748],[16.6667,43.3696],[16.6796,43.3721],[16.6822,43.3662],[16.6871,43.3696],[16.7136,43.3658],[16.7205,43.3629],[16.7196,43.3587],[16.7237,43.3633],[16.7361,43.362],[16.7352,43.347],[16.7435,43.3468],[16.7412,43.3609],[16.7797,43.3579],[16.7817,43.3492],[16.7853,43.3549],[16.7958,43.3512],[16.7986,43.3546],[16.8196,43.3462],[16.7912,43.3398],[16.7995,43.3354],[16.8005,43.3404],[16.8152,43.34],[16.811,43.3355],[16.8153,43.3352],[16.8225,43.3405],[16.8247,43.3349],[16.8301,43.3366],[16.8297,43.3306],[16.837,43.3328],[16.8322,43.3409],[16.8397,43.3386],[16.8425,43.3428],[16.8488,43.335],[16.852,43.3382],[16.8573,43.3318],[16.8668,43.33],[16.8636,43.3259],[16.886,43.3218],[16.8995,43.3128],[16.8914,43.3059],[16.8869,43.3089],[16.8898,43.3016],[16.8958,43.3002],[16.8813,43.2963],[16.8792,43.2862],[16.8836,43.2842],[16.8748,43.2805],[16.8712,43.2867],[16.8605,43.2883],[16.8666,43.2811],[16.8571,43.2787],[16.8594,43.2754],[16.8551,43.2715],[16.8405,43.2736],[16.8416,43.2693],[16.8312,43.2672],[16.8136,43.2692],[16.7819,43.2617],[16.7527,43.265],[16.6862,43.2578],[16.6582,43.262],[16.634,43.2556],[16.6136,43.2627],[16.5297,43.2699],[16.5165,43.2781],[16.5154,43.2736],[16.5089,43.2768],[16.5089,43.2832],[16.5002,43.2779],[16.5014,43.2862],[16.4946,43.2879],[16.4973,43.2928],[16.4884,43.2853],[16.4832,43.2964],[16.4805,43.2929],[16.4692,43.2969],[16.471,43.3034],[16.4658,43.3029],[16.4655,43.3082],[16.4615,43.3043],[16.4642,43.2982],[16.4615,43.3015],[16.4538,43.2986],[16.459,43.3071],[16.4521,43.3068],[16.4519,43.3116],[16.4436,43.3111],[16.446,43.3038],[16.4336,43.3071],[16.4354,43.3157],[16.4294,43.3089],[16.4089,43.3172],[16.4122,43.3205],[16.4099,43.3337],[16.4179,43.3318],[16.4248,43.3227],[16.4397,43.3273],[16.4494,43.3253],[16.4343,43.3306],[16.4325,43.3428],[16.4455,43.3514],[16.464,43.3497],[16.4599,43.3522],[16.4636,43.3537],[16.4449,43.3581],[16.4492,43.3636],[16.4461,43.3666],[16.4505,43.3682],[16.4416,43.3765],[16.4347,43.3756],[16.4284,43.3889],[16.4408,43.3925]]],[[[16.6091,43.2134],[16.6401,43.2121],[16.6379,43.217],[16.6426,43.219],[16.6445,43.212],[16.6501,43.2185],[16.6537,43.2128],[16.667,43.2123],[16.6689,43.2071],[16.6611,43.1983],[16.6686,43.1988],[16.677,43.1931],[16.6728,43.189],[16.6812,43.1911],[16.6841,43.184],[16.6997,43.1791],[16.6904,43.1809],[16.6864,43.1773],[16.673,43.1818],[16.6696,43.1823],[16.6675,43.1817],[16.6959,43.1697],[16.6979,43.1656],[16.6962,43.1631],[16.6929,43.1629],[16.6927,43.1616],[16.6984,43.1622],[16.7029,43.1665],[16.7033,43.1616],[16.7197,43.1567],[16.7482,43.1642],[16.7486,43.1583],[16.7574,43.1643],[16.779,43.1567],[16.7815,43.1604],[16.8136,43.1559],[16.8236,43.1615],[16.8411,43.1588],[16.8402,43.1549],[16.8638,43.1561],[16.8625,43.1603],[16.8758,43.1616],[16.8735,43.1569],[16.8843,43.1599],[16.8801,43.1558],[16.8862,43.1521],[16.885,43.148],[16.8946,43.1563],[16.8982,43.1509],[16.9586,43.152],[17.0631,43.1351],[17.0941,43.1376],[17.105,43.133],[17.1454,43.1393],[17.1815,43.1329],[17.1967,43.1248],[17.1138,43.1136],[17.0967,43.1185],[17.0967,43.1148],[17.0886,43.1136],[17.0835,43.1169],[17.0543,43.1133],[17.0492,43.1139],[17.0487,43.1187],[17.0431,43.1143],[17.0407,43.1191],[17.035,43.1144],[17.003,43.1134],[16.9803,43.1188],[16.9797,43.115],[16.9716,43.1162],[16.9696,43.1127],[16.9347,43.1121],[16.7843,43.1272],[16.6584,43.1217],[16.5851,43.1342],[16.5655,43.1422],[16.5447,43.139],[16.4865,43.1623],[16.4677,43.1569],[16.4556,43.1636],[16.4481,43.1618],[16.4413,43.1642],[16.4451,43.1667],[16.4414,43.1723],[16.4272,43.1723],[16.4214,43.1766],[16.4246,43.1792],[16.3779,43.1881],[16.3664,43.195],[16.392,43.1979],[16.3964,43.1912],[16.4008,43.1945],[16.4174,43.1884],[16.413,43.1978],[16.4216,43.1923],[16.4254,43.1987],[16.4275,43.1901],[16.4299,43.1944],[16.4347,43.1911],[16.4301,43.1999],[16.4395,43.1942],[16.4394,43.2025],[16.4482,43.1976],[16.4501,43.2054],[16.4573,43.2015],[16.4545,43.2081],[16.4647,43.2082],[16.4682,43.2034],[16.4693,43.21],[16.4992,43.2079],[16.5007,43.2038],[16.5041,43.2076],[16.5269,43.2031],[16.5396,43.1897],[16.5681,43.1773],[16.599,43.1847],[16.5749,43.1897],[16.5756,43.1943],[16.5694,43.1975],[16.575,43.2018],[16.5628,43.2014],[16.5558,43.2104],[16.5616,43.2136],[16.5578,43.2198],[16.5502,43.2195],[16.5484,43.2135],[16.5402,43.2158],[16.539,43.2105],[16.5195,43.2255],[16.5292,43.2301],[16.5355,43.2231],[16.5368,43.2281],[16.5492,43.2233],[16.5458,43.2335],[16.5592,43.232],[16.561,43.2357],[16.5658,43.2291],[16.5685,43.235],[16.5743,43.2292],[16.5671,43.2209],[16.572,43.2161],[16.5687,43.2127],[16.5824,43.2136],[16.5801,43.205],[16.6061,43.2207],[16.6091,43.2134]]],[[[14.8813,44.1612],[14.9127,44.1416],[14.9069,44.1393],[14.922,44.1231],[14.9446,44.1197],[14.9405,44.11],[14.9478,44.1084],[14.9475,44.1023],[14.9953,44.0795],[15.0005,44.0801],[14.9963,44.0881],[15.01,44.0824],[15.0107,44.074],[15.0021,44.0753],[15.0046,44.0694],[15.0145,44.071],[15.0203,44.0616],[15.0234,44.0646],[15.0219,44.0563],[15.0299,44.035],[15.0618,44.0002],[15.071,44.0002],[15.0777,43.9904],[15.0958,43.9786],[15.1,43.9837],[15.0958,43.9899],[15.1196,43.9799],[15.1225,43.9757],[15.1146,43.9712],[15.127,43.9666],[15.1318,43.9583],[15.1448,43.956],[15.1486,43.9508],[15.1435,43.9501],[15.1454,43.9471],[15.1597,43.9389],[15.1632,43.9427],[15.168,43.9393],[15.1769,43.9272],[15.1727,43.926],[15.2235,43.9049],[15.2264,43.8967],[15.213,43.8997],[15.2191,43.8907],[15.2096,43.8877],[15.1943,43.8946],[15.1896,43.9058],[15.188,43.8983],[15.1782,43.9049],[15.1575,43.9017],[15.1578,43.9097],[15.1655,43.909],[15.1518,43.918],[15.1477,43.9164],[15.1467,43.9239],[15.1381,43.929],[15.1388,43.9255],[15.129,43.9216],[15.1363,43.9166],[15.1334,43.9141],[15.1451,43.9164],[15.1534,43.8994],[15.1487,43.9001],[15.1569,43.8934],[15.168,43.8971],[15.1791,43.8836],[15.2,43.8781],[15.201,43.8737],[15.1953,43.8705],[15.2007,43.8655],[15.1848,43.8712],[15.1801,43.879],[15.1604,43.8857],[15.1268,43.9085],[15.0851,43.9473],[15.0772,43.9498],[15.0819,43.9523],[15.0692,43.9603],[15.058,43.9802],[15.0262,44.0107],[15.0201,44.0251],[14.9917,44.0517],[14.9926,44.0567],[14.9882,44.0542],[14.9716,44.0697],[14.9394,44.085],[14.9189,44.1077],[14.892,44.1262],[14.8745,44.1348],[14.8758,44.1241],[14.8346,44.1404],[14.8244,44.1461],[14.8199,44.1574],[14.8329,44.1657],[14.8393,44.1611],[14.8307,44.162],[14.825,44.1571],[14.8338,44.1461],[14.8506,44.1429],[14.8609,44.1352],[14.8626,44.141],[14.8448,44.1509],[14.8556,44.1477],[14.8556,44.1518],[14.8661,44.1457],[14.8661,44.1408],[14.8818,44.1395],[14.869,44.1516],[14.8615,44.1678],[14.858,44.1667],[14.8535,44.1742],[14.8583,44.1777],[14.8733,44.1683],[14.8701,44.1646],[14.8842,44.1656],[14.8813,44.1612]]],[[[16.1781,43.0782],[16.199,43.0745],[16.1941,43.0672],[16.1887,43.0686],[16.1892,43.0617],[16.184,43.0616],[16.1924,43.0579],[16.1985,43.0585],[16.2041,43.0693],[16.2421,43.0767],[16.2374,43.0721],[16.243,43.0723],[16.2415,43.0648],[16.2473,43.0726],[16.2554,43.0735],[16.249,43.0659],[16.2576,43.0653],[16.2523,43.0582],[16.2581,43.0601],[16.2515,43.0497],[16.2307,43.0404],[16.2303,43.0292],[16.2236,43.0285],[16.2222,43.0228],[16.2124,43.0246],[16.2155,43.0166],[16.1971,43.0237],[16.1977,43.0188],[16.1928,43.0175],[16.1845,43.0174],[16.1855,43.0212],[16.1749,43.0165],[16.1717,43.0213],[16.1719,43.0149],[16.1612,43.0182],[16.1614,43.0143],[16.1559,43.0167],[16.1022,43.0055],[16.0665,43.006],[16.0704,43.013],[16.0931,43.0242],[16.0929,43.0365],[16.0842,43.048],[16.064,43.0406],[16.0561,43.0516],[16.0487,43.0536],[16.0801,43.07],[16.1169,43.0772],[16.1226,43.0737],[16.1236,43.0785],[16.132,43.0732],[16.137,43.0787],[16.1856,43.0817],[16.185,43.078],[16.1781,43.0782]]],[[[15.2687,44.0145],[15.2881,44.0131],[15.2958,44.0014],[15.3247,43.9943],[15.3475,43.9789],[15.3564,43.9662],[15.3758,43.9676],[15.3799,43.9579],[15.3907,43.9573],[15.3856,43.9515],[15.39,43.9373],[15.4498,43.9017],[15.4492,43.8971],[15.4555,43.8961],[15.4549,43.8893],[15.4492,43.8868],[15.4413,43.8952],[15.4257,43.89],[15.3852,43.9144],[15.3788,43.9128],[15.3855,43.9073],[15.3766,43.9086],[15.3756,43.9148],[15.3702,43.9139],[15.3737,43.9068],[15.3626,43.91],[15.3535,43.9234],[15.3642,43.924],[15.3544,43.9321],[15.3477,43.9286],[15.3498,43.9353],[15.3354,43.9364],[15.3376,43.9438],[15.3281,43.9433],[15.3221,43.9518],[15.3056,43.956],[15.2983,43.9729],[15.2684,43.9945],[15.2662,44.0062],[15.2576,44.0053],[15.2515,44.0119],[15.264,44.0161],[15.2602,44.0193],[15.2662,44.0211],[15.2687,44.0145]]],[[[16.2672,43.4088],[16.2765,43.4105],[16.2968,43.4029],[16.2933,43.3994],[16.3005,43.3982],[16.3008,43.3924],[16.3057,43.3996],[16.3177,43.3959],[16.3124,43.3909],[16.3161,43.387],[16.3103,43.3865],[16.313,43.3797],[16.3207,43.3859],[16.3241,43.3836],[16.3282,43.3891],[16.3256,43.3938],[16.3296,43.3948],[16.3391,43.3812],[16.35,43.3772],[16.3528,43.3696],[16.3532,43.3734],[16.3607,43.3725],[16.3617,43.3645],[16.3688,43.3594],[16.3636,43.3564],[16.3746,43.353],[16.3717,43.3503],[16.3837,43.3416],[16.3919,43.3417],[16.3989,43.3293],[16.3939,43.3279],[16.3888,43.3363],[16.3868,43.3245],[16.3815,43.3252],[16.3758,43.3347],[16.3737,43.3293],[16.3665,43.3309],[16.3664,43.3409],[16.3575,43.3341],[16.349,43.3415],[16.3171,43.3481],[16.3127,43.3508],[16.3151,43.3542],[16.306,43.3547],[16.3107,43.3574],[16.3092,43.3619],[16.3022,43.3583],[16.2933,43.3677],[16.2874,43.3643],[16.2894,43.3712],[16.2852,43.373],[16.2781,43.3672],[16.261,43.3771],[16.2579,43.3742],[16.2521,43.3794],[16.2335,43.3806],[16.2309,43.3857],[16.227,43.3818],[16.2097,43.3827],[16.2059,43.3884],[16.2165,43.3939],[16.2047,43.3929],[16.2025,43.396],[16.2076,43.3983],[16.2023,43.3993],[16.2035,43.4034],[16.2083,43.404],[16.2002,43.4097],[16.2071,43.4145],[16.2353,43.4145],[16.2648,43.4125],[16.2672,43.4088]]],[[[15.0668,44.1575],[15.1204,44.127],[15.1201,44.1234],[15.1261,44.1264],[15.151,44.1039],[15.1545,44.1083],[15.1657,44.1025],[15.165,44.0961],[15.1727,44.0934],[15.1704,44.1016],[15.1863,44.0931],[15.1829,44.0922],[15.1835,44.0846],[15.2023,44.0665],[15.2249,44.0576],[15.2366,44.0459],[15.242,44.0475],[15.2538,44.0353],[15.2465,44.0344],[15.2599,44.0216],[15.25,44.0207],[15.2487,44.0129],[15.2417,44.0096],[15.2376,44.0149],[15.2443,44.0184],[15.2427,44.0243],[15.23,44.0266],[15.2316,44.0319],[15.2255,44.0363],[15.229,44.0383],[15.2115,44.0498],[15.2179,44.0335],[15.1985,44.0503],[15.2052,44.0365],[15.1985,44.0321],[15.1912,44.0367],[15.1698,44.0589],[15.1638,44.0587],[15.1265,44.0887],[15.1163,44.1071],[15.1096,44.1091],[15.109,44.1043],[15.0972,44.1084],[15.0895,44.1194],[15.0647,44.1297],[15.0627,44.135],[15.0719,44.1384],[15.0611,44.1556],[15.0668,44.1575]]],[[[15.457,43.734],[15.4511,43.7404],[15.4476,43.7374],[15.3591,43.7816],[15.3502,43.7807],[15.337,43.7896],[15.3303,43.7869],[15.3069,43.8046],[15.3028,43.8009],[15.299,43.8082],[15.3053,43.811],[15.2949,43.811],[15.2917,43.8186],[15.2832,43.817],[15.2851,43.8206],[15.2762,43.8264],[15.2715,43.8225],[15.2601,43.8293],[15.2537,43.8376],[15.2569,43.8383],[15.2411,43.8456],[15.242,43.8504],[15.248,43.85],[15.2236,43.8674],[15.2205,43.8754],[15.235,43.8775],[15.2408,43.8734],[15.2382,43.8706],[15.2626,43.8699],[15.268,43.8642],[15.2601,43.867],[15.2582,43.861],[15.2512,43.8624],[15.3424,43.808],[15.3613,43.7875],[15.3857,43.7722],[15.4615,43.7381],[15.457,43.734]]],[[[15.5991,43.8244],[15.6086,43.8259],[15.6101,43.8094],[15.6318,43.7994],[15.6294,43.7937],[15.6427,43.7996],[15.6535,43.7865],[15.6438,43.7846],[15.66,43.7776],[15.6687,43.7648],[15.6529,43.7647],[15.6322,43.776],[15.6227,43.7741],[15.6257,43.7817],[15.6191,43.784],[15.6132,43.7952],[15.6053,43.7926],[15.5989,43.7962],[15.5709,43.8212],[15.5741,43.8247],[15.5661,43.8281],[15.5666,43.8329],[15.5749,43.8348],[15.5887,43.8214],[15.5958,43.8239],[15.5927,43.8292],[15.5993,43.835],[15.5991,43.8244]]],[[[15.1077,44.0573],[15.1126,44.0533],[15.1098,44.0505],[15.1136,44.0519],[15.1184,44.0437],[15.1285,44.04],[15.1301,44.0327],[15.1467,44.0276],[15.1451,44.021],[15.1546,44.0226],[15.154,44.0173],[15.1483,44.0164],[15.1674,43.9976],[15.1353,44.0116],[15.0882,44.0517],[15.077,44.0526],[15.0716,44.0608],[15.078,44.0601],[15.0703,44.0835],[15.0954,44.0739],[15.0973,44.0672],[15.1024,44.0677],[15.1114,44.0586],[15.1077,44.0573]]],[[[15.6239,43.6688],[15.639,43.6716],[15.66,43.6605],[15.6572,43.6649],[15.6625,43.6654],[15.6714,43.6597],[15.6674,43.656],[15.6747,43.657],[15.6868,43.6435],[15.7036,43.6427],[15.7313,43.6294],[15.7126,43.6331],[15.7107,43.6281],[15.703,43.6377],[15.7047,43.6331],[15.6996,43.6314],[15.6929,43.6369],[15.6822,43.6361],[15.6937,43.628],[15.6588,43.639],[15.6293,43.6631],[15.6214,43.6651],[15.6243,43.6584],[15.6072,43.6652],[15.6067,43.6737],[15.6016,43.6769],[15.6239,43.6688]]],[[[15.3665,43.8185],[15.3541,43.8327],[15.3484,43.8321],[15.3412,43.8405],[15.3358,43.8385],[15.3247,43.8502],[15.312,43.8513],[15.2889,43.8711],[15.2664,43.8805],[15.2655,43.8759],[15.2522,43.8846],[15.2607,43.8837],[15.2648,43.8935],[15.2725,43.8933],[15.2766,43.8871],[15.2826,43.8912],[15.2994,43.8848],[15.2848,43.885],[15.2946,43.8745],[15.3032,43.8782],[15.3016,43.8743],[15.3162,43.8722],[15.3194,43.8754],[15.3133,43.8821],[15.3149,43.8866],[15.3197,43.8848],[15.32,43.8786],[15.3304,43.8749],[15.3216,43.8678],[15.3352,43.8612],[15.3377,43.8522],[15.3504,43.8476],[15.3507,43.8373],[15.3719,43.8215],[15.3665,43.8185]]],[[[15.0302,44.1251],[15.0226,44.126],[15.0146,44.1373],[15.0072,44.1405],[15.0098,44.1359],[15.0066,44.135],[14.9938,44.1418],[14.9798,44.1585],[14.9699,44.161],[14.9702,44.1688],[14.9455,44.1873],[14.9426,44.2027],[14.9509,44.2006],[14.9503,44.197],[14.9733,44.1821],[14.9915,44.1622],[15.0062,44.1613],[15.0327,44.1405],[15.0302,44.1251]]],[[[16.1244,43.4515],[16.1455,43.449],[16.1447,43.4502],[16.1458,43.4514],[16.134,43.4547],[16.1337,43.4588],[16.1664,43.4566],[16.1765,43.4421],[16.1695,43.4395],[16.1682,43.432],[16.1534,43.4389],[16.1447,43.4358],[16.146,43.4298],[16.1082,43.43],[16.1177,43.4426],[16.1275,43.4419],[16.1221,43.4458],[16.1244,43.4515]]],[[[15.8196,43.7002],[15.8348,43.6973],[15.8369,43.7081],[15.8461,43.7051],[15.8675,43.6834],[15.865,43.6805],[15.8695,43.6734],[15.8645,43.6722],[15.8716,43.6605],[15.8196,43.7002]]],[[[16.7127,43.0803],[16.6849,43.0825],[16.6601,43.0877],[16.6689,43.09],[16.6685,43.0935],[16.6736,43.0919],[16.6729,43.0967],[16.6964,43.0988],[16.7005,43.0901],[16.7039,43.0979],[16.7074,43.0938],[16.713,43.0973],[16.7308,43.0953],[16.7412,43.0887],[16.7384,43.0843],[16.7218,43.0849],[16.7212,43.0813],[16.7152,43.0844],[16.7127,43.0803]]],[[[15.7061,43.6986],[15.7175,43.6894],[15.7295,43.6906],[15.7233,43.6862],[15.7233,43.6796],[15.7173,43.6798],[15.7232,43.6695],[15.7104,43.679],[15.6983,43.681],[15.6973,43.6884],[15.7116,43.6869],[15.6848,43.7002],[15.6813,43.7039],[15.6889,43.7041],[15.6818,43.7151],[15.6716,43.7178],[15.6944,43.7163],[15.6906,43.7131],[15.6984,43.7042],[15.6999,43.7072],[15.7081,43.7022],[15.7061,43.6986]]],[[[15.9987,42.9827],[16.0052,42.9943],[16.0176,42.9856],[16.0217,42.9877],[16.0194,42.9813],[16.0235,42.9808],[16.0193,42.9781],[16.025,42.9763],[16.0198,42.9601],[16.0098,42.9623],[15.9956,42.9536],[16.0028,42.9707],[15.9984,42.9798],[16.0046,42.9828],[15.9987,42.9827]]],[[[16.3606,43.1668],[16.3769,43.1687],[16.3827,43.1622],[16.3865,43.1665],[16.3955,43.1645],[16.3925,43.163],[16.3931,43.1614],[16.4004,43.1629],[16.4011,43.1674],[16.4035,43.1562],[16.3976,43.1595],[16.3895,43.1521],[16.3914,43.1587],[16.3851,43.1531],[16.3815,43.1591],[16.3762,43.1548],[16.3765,43.1603],[16.3726,43.1619],[16.3722,43.1536],[16.3665,43.1531],[16.3696,43.159],[16.3641,43.1634],[16.3576,43.1592],[16.3578,43.1643],[16.3467,43.1616],[16.3499,43.167],[16.3437,43.1655],[16.3429,43.1693],[16.3315,43.1635],[16.3305,43.1671],[16.3391,43.172],[16.3391,43.1764],[16.3432,43.1731],[16.3513,43.1772],[16.3535,43.1703],[16.358,43.1723],[16.3606,43.1668]]],[[[15.7405,43.0158],[15.7273,43.0186],[15.7254,43.0229],[15.7509,43.0342],[15.7691,43.0316],[15.7617,43.0222],[15.7405,43.0158]]],[[[14.947,44.1449],[14.9339,44.1492],[14.932,44.1543],[14.9276,44.1508],[14.9186,44.1547],[14.917,44.1611],[14.9007,44.1624],[14.8892,44.1748],[14.9227,44.1652],[14.947,44.1449]]],[[[15.0571,44.1409],[15.0405,44.145],[15.0187,44.1675],[15.0238,44.1711],[15.0456,44.154],[15.0519,44.1549],[15.0571,44.1409]]],[[[15.0834,44.0071],[15.0636,44.0169],[15.0595,44.0243],[15.0544,44.0233],[15.0623,44.0293],[15.056,44.0307],[15.0598,44.0334],[15.0508,44.0426],[15.0658,44.0401],[15.0633,44.0314],[15.0786,44.022],[15.0872,44.0103],[15.0834,44.0071]]],[[[15.6807,43.6781],[15.6453,43.6999],[15.6391,43.7095],[15.6682,43.6914],[15.677,43.694],[15.6923,43.6849],[15.6949,43.6785],[15.6807,43.6781]]],[[[16.0854,43.4354],[16.0796,43.4395],[16.0825,43.4448],[16.0547,43.4455],[16.0534,43.4495],[16.0688,43.4506],[16.0725,43.4557],[16.0893,43.4549],[16.0891,43.4501],[16.0982,43.446],[16.0912,43.4445],[16.0925,43.4388],[16.0854,43.4354]]],[[[15.7727,43.6806],[15.7656,43.6868],[15.7559,43.6846],[15.7507,43.6906],[15.745,43.6896],[15.7398,43.7038],[15.747,43.7073],[15.7535,43.6965],[15.7729,43.6916],[15.778,43.6855],[15.7727,43.6806]]],[[[15.7759,43.7054],[15.7519,43.7252],[15.7543,43.7319],[15.7785,43.7201],[15.7805,43.7144],[15.7706,43.7178],[15.7759,43.7054]]],[[[15.3543,43.7578],[15.3274,43.7727],[15.3211,43.7699],[15.3123,43.7748],[15.3214,43.7784],[15.3433,43.7672],[15.3635,43.7632],[15.3543,43.7578]]],[[[15.7808,43.7387],[15.7884,43.7424],[15.7907,43.7367],[15.8034,43.7313],[15.8076,43.7221],[15.7959,43.7246],[15.8004,43.7205],[15.7956,43.7188],[15.7808,43.7387]]],[[[15.5035,43.8576],[15.5179,43.8481],[15.5005,43.8461],[15.4914,43.8506],[15.4844,43.8614],[15.5035,43.8576]]],[[[15.2262,43.9212],[15.2072,43.9287],[15.1929,43.9459],[15.2072,43.942],[15.2262,43.9212]]],[[[14.9389,44.169],[14.9284,44.1737],[14.9041,44.1902],[14.9184,44.1902],[14.9344,44.1788],[14.9389,44.169]]],[[[15.3115,43.9139],[15.3102,43.9187],[15.2833,43.933],[15.2833,43.9387],[15.3166,43.9201],[15.3175,43.9162],[15.3115,43.9139]]],[[[15.5214,43.6868],[15.4831,43.6961],[15.4835,43.7],[15.4664,43.711],[15.5214,43.6868]]],[[[15.3723,43.7431],[15.3578,43.7506],[15.3638,43.755],[15.3635,43.7605],[15.3692,43.7589],[15.3647,43.7511],[15.3774,43.7586],[15.3828,43.7566],[15.3723,43.7431]]],[[[15.2506,43.8158],[15.2506,43.8209],[15.2417,43.8186],[15.242,43.8236],[15.2297,43.8335],[15.2499,43.8268],[15.2547,43.8209],[15.2544,43.8268],[15.2639,43.8234],[15.2651,43.8172],[15.2559,43.8197],[15.2506,43.8158]]],[[[15.5483,43.8495],[15.5339,43.8609],[15.5348,43.8641],[15.5523,43.8589],[15.5527,43.8516],[15.5483,43.8495]]],[[[15.4718,43.7195],[15.4665,43.7317],[15.4713,43.7349],[15.4807,43.731],[15.4829,43.7238],[15.4754,43.7271],[15.4718,43.7195]]],[[[15.2084,43.8761],[15.217,43.8846],[15.2144,43.8887],[15.2271,43.8841],[15.223,43.8818],[15.2262,43.877],[15.2176,43.8798],[15.2084,43.8761]]],[[[15.4608,43.7145],[15.4488,43.7212],[15.4418,43.7294],[15.4611,43.7218],[15.4608,43.7145]]],[[[15.4252,43.8755],[15.4208,43.8824],[15.4157,43.8851],[15.4313,43.8851],[15.4335,43.8824],[15.4252,43.8755]]],[[[15.4063,43.9509],[15.3943,43.9564],[15.3975,43.9621],[15.4118,43.955],[15.4063,43.9509]]],[[[15.4451,43.8599],[15.4306,43.8659],[15.4274,43.8705],[15.4391,43.8686],[15.4451,43.8599]]],[[[16.4177,43.1507],[16.4109,43.1569],[16.4185,43.1581],[16.4226,43.1649],[16.4295,43.1563],[16.4211,43.1599],[16.4177,43.1507]]],[[[15.2319,43.8475],[15.2284,43.852],[15.2211,43.8575],[15.2262,43.8603],[15.2347,43.8536],[15.2319,43.8475]]],[[[15.5255,43.8264],[15.5112,43.832],[15.5058,43.8308],[15.5121,43.8352],[15.5255,43.8264]]],[[[15.403,43.8822],[15.3964,43.8875],[15.3932,43.8932],[15.4103,43.8833],[15.403,43.8822]]],[[[15.5684,43.8398],[15.5624,43.843],[15.5696,43.8485],[15.5757,43.8442],[15.5684,43.8398]]],[[[15.5616,43.8501],[15.559,43.8533],[15.5543,43.8525],[15.5663,43.8549],[15.5616,43.8501]]],[[[15.3483,43.8999],[15.3438,43.8983],[15.3353,43.9073],[15.3483,43.8999]]],[[[15.0942,43.9906],[15.0875,43.9934],[15.0821,44.0],[15.0932,43.9943],[15.0942,43.9906]]],[[[15.3305,43.9109],[15.3254,43.9077],[15.3219,43.9144],[15.3305,43.9109]]],[[[15.4061,43.9011],[15.405,43.901],[15.4052,43.9015],[15.4061,43.9011]]],[[[15.3861,43.9058],[15.3852,43.9057],[15.3858,43.9066],[15.3861,43.9058]]]]}},{"type":"Feature","properties":{"code":"HR801","name":"West Istrian coast region"},"geometry":{"type":"Polygon","coordinates":[[[13.9251,44.7667],[13.9094,44.7238],[13.8809,44.6667],[13.8523,44.6239],[13.7753,44.5541],[13.7028,44.5976],[13.4803,44.8042],[13.3531,44.9641],[13.2886,45.1148],[13.2859,45.1806],[13.2572,45.3074],[13.2557,45.3353],[13.2105,45.4531],[13.3121,45.5464],[13.4685,45.5885],[13.5351,45.5197],[13.5834,45.4862],[13.5856,45.4796],[13.5819,45.4783],[13.5113,45.5056],[13.5025,45.5034],[13.5044,45.5004],[13.4985,45.4999],[13.4986,45.4937],[13.4895,45.487],[13.5064,45.476],[13.5054,45.4687],[13.513,45.4651],[13.5085,45.4598],[13.5163,45.4557],[13.5118,45.4527],[13.5155,45.4481],[13.509,45.4417],[13.5217,45.4412],[13.5247,45.4372],[13.5117,45.4366],[13.5202,45.4337],[13.5186,45.4289],[13.5242,45.4264],[13.5154,45.4238],[13.5152,45.4158],[13.5346,45.4031],[13.5314,45.397],[13.5406,45.3927],[13.5328,45.386],[13.544,45.3779],[13.5352,45.376],[13.5442,45.3725],[13.5422,45.3625],[13.5552,45.3583],[13.5381,45.3535],[13.5444,45.3421],[13.5394,45.3303],[13.5528,45.3219],[13.5633,45.3216],[13.5554,45.318],[13.5607,45.3148],[13.6168,45.3128],[13.5908,45.3058],[13.5875,45.3031],[13.5901,45.2989],[13.569,45.2997],[13.5877,45.2847],[13.6023,45.2864],[13.5955,45.2813],[13.6053,45.2779],[13.5816,45.2782],[13.5829,45.2739],[13.5733,45.2658],[13.5817,45.2656],[13.576,45.2569],[13.5923,45.2564],[13.5947,45.253],[13.5897,45.2491],[13.6,45.2431],[13.595,45.2377],[13.5987,45.2292],[13.5896,45.2278],[13.5961,45.2244],[13.5946,45.2143],[13.5897,45.2152],[13.5914,45.2097],[13.5872,45.2092],[13.596,45.2086],[13.599,45.2028],[13.586,45.2053],[13.5902,45.1989],[13.5818,45.1968],[13.5891,45.1863],[13.5949,45.1872],[13.605,45.1797],[13.5886,45.1755],[13.6098,45.1593],[13.5969,45.1535],[13.6031,45.1501],[13.5967,45.1416],[13.6039,45.1324],[13.6124,45.1309],[13.6285,45.1378],[13.6873,45.1335],[13.7073,45.1387],[13.7278,45.1351],[13.7375,45.1292],[13.7064,45.1352],[13.6847,45.1294],[13.6241,45.1295],[13.6215,45.1236],[13.6277,45.1222],[13.6242,45.1171],[13.6167,45.1212],[13.6174,45.118],[13.6073,45.1175],[13.6136,45.1061],[13.6325,45.0993],[13.6296,45.0942],[13.6406,45.0982],[13.6401,45.0865],[13.6304,45.0846],[13.6395,45.0794],[13.637,45.0702],[13.627,45.069],[13.6312,45.063],[13.6578,45.0654],[13.6717,45.06],[13.6701,45.0568],[13.676,45.0534],[13.689,45.0509],[13.6813,45.0444],[13.6904,45.0388],[13.6902,45.0236],[13.7135,45.0221],[13.7104,45.009],[13.7208,45.0072],[13.7234,44.9978],[13.7351,44.9917],[13.7361,44.9857],[13.762,44.9846],[13.7637,44.9753],[13.8022,44.9297],[13.8039,44.9155],[13.8117,44.9135],[13.8085,44.8992],[13.7944,44.89],[13.806,44.8912],[13.8048,44.8829],[13.8226,44.8743],[13.8213,44.8786],[13.8332,44.8784],[13.8354,44.8839],[13.8453,44.8823],[13.8446,44.8749],[13.8352,44.8722],[13.8385,44.8656],[13.8236,44.8635],[13.7958,44.8758],[13.7918,44.8849],[13.7971,44.8627],[13.8117,44.8609],[13.8088,44.857],[13.8137,44.8543],[13.82,44.8591],[13.8363,44.8493],[13.8315,44.8479],[13.835,44.8426],[13.8277,44.8362],[13.8341,44.833],[13.8412,44.8358],[13.8386,44.8377],[13.8437,44.8461],[13.8504,44.8455],[13.8428,44.842],[13.847,44.8369],[13.8441,44.8316],[13.8603,44.8331],[13.8622,44.828],[13.8477,44.828],[13.8471,44.8234],[13.8565,44.8209],[13.8536,44.8174],[13.8591,44.8152],[13.8732,44.8207],[13.8623,44.8122],[13.8778,44.8095],[13.8737,44.8044],[13.8859,44.8097],[13.9013,44.8084],[13.9048,44.7696],[13.9251,44.7667]],[[13.5864,45.2246],[13.5838,45.2229],[13.5897,45.2225],[13.5864,45.2246]],[[13.5735,45.1908],[13.5764,45.1924],[13.5735,45.1917],[13.5735,45.1908]],[[13.5859,45.1766],[13.5856,45.1791],[13.583,45.1789],[13.5859,45.1766]],[[13.6027,45.1579],[13.6033,45.1606],[13.6007,45.1579],[13.6027,45.1579]],[[13.597,45.1489],[13.5914,45.15],[13.5966,45.1478],[13.597,45.1489]],[[13.5978,45.1331],[13.5994,45.1358],[13.5961,45.1344],[13.5978,45.1331]],[[13.6192,45.0942],[13.6218,45.0949],[13.6208,45.0969],[13.6192,45.0942]],[[13.6285,45.0763],[13.6333,45.0793],[13.6262,45.0788],[13.6285,45.0763]],[[13.6222,45.0556],[13.63,45.06],[13.6206,45.0602],[13.6258,45.0591],[13.6222,45.0556]],[[13.6278,45.0515],[13.6265,45.0527],[13.6239,45.0517],[13.6278,45.0515]],[[13.6191,45.048],[13.6272,45.0465],[13.6275,45.0479],[13.6191,45.048]],[[13.6159,45.0434],[13.613,45.0441],[13.6133,45.0427],[13.6159,45.0434]],[[13.6691,45.0352],[13.6687,45.0368],[13.6674,45.0359],[13.6691,45.0352]],[[13.6765,45.0332],[13.6729,45.0355],[13.672,45.0338],[13.6765,45.0332]],[[13.7433,44.9392],[13.7326,44.9403],[13.7304,44.9308],[13.7391,44.9366],[13.7395,44.9304],[13.7495,44.9295],[13.7433,44.9392]],[[13.7194,44.9368],[13.7181,44.9409],[13.7165,44.9372],[13.7194,44.9368]],[[13.7544,44.8876],[13.7559,44.8931],[13.7605,44.8929],[13.7591,44.9052],[13.7645,44.9073],[13.7649,44.9011],[13.7739,44.9074],[13.7807,44.9046],[13.782,44.9081],[13.7749,44.9104],[13.7803,44.9138],[13.7777,44.9186],[13.77,44.9163],[13.7664,44.9216],[13.7573,44.9209],[13.7521,44.9275],[13.7366,44.9267],[13.7366,44.9228],[13.7548,44.9178],[13.7548,44.9098],[13.7465,44.9057],[13.7533,44.8951],[13.7459,44.8928],[13.7544,44.8876]],[[13.8007,44.9033],[13.7966,44.8992],[13.8011,44.9022],[13.8007,44.9033]],[[13.7843,44.8969],[13.7898,44.9012],[13.7837,44.8991],[13.7843,44.8969]],[[13.7381,44.8997],[13.74,44.9029],[13.7375,44.9019],[13.7381,44.8997]],[[13.7332,44.9102],[13.7254,44.9131],[13.7323,44.9061],[13.7332,44.9102]],[[13.8422,44.8261],[13.8419,44.8312],[13.8393,44.8264],[13.8422,44.8261]],[[13.85,44.8172],[13.8452,44.8225],[13.8432,44.8213],[13.85,44.8172]],[[13.9009,44.7666],[13.9035,44.7685],[13.9003,44.768],[13.9009,44.7666]]]}},{"type":"Feature","properties":{"code":"HR802","name":"Kvarner and Kvarneric region"},"geometry":{"type":"Polygon","coordinates":[[[14.6162,45.2259],[14.596,45.2154],[14.5838,45.2322],[14.6052,45.2248],[14.5916,45.2395],[14.5815,45.2418],[14.5773,45.2414],[14.5773,45.2347],[14.5559,45.246],[14.551,45.2357],[14.5387,45.2371],[14.5445,45.2284],[14.551,45.2274],[14.5493,45.2111],[14.5538,45.2093],[14.5512,45.2068],[14.546,45.2114],[14.5318,45.23],[14.5282,45.2279],[14.5308,45.2187],[14.5479,45.2004],[14.5411,45.2027],[14.5353,45.199],[14.5359,45.182],[14.5475,45.168],[14.5371,45.16],[14.5351,45.1517],[14.5228,45.152],[14.5303,45.1458],[14.5257,45.1309],[14.5284,45.1256],[14.5068,45.1162],[14.4741,45.1294],[14.4631,45.1184],[14.4688,45.1],[14.4348,45.0939],[14.4292,45.0817],[14.4314,45.0725],[14.443,45.0615],[14.4495,45.0617],[14.4463,45.0599],[14.4543,45.0502],[14.4673,45.0463],[14.4721,45.0385],[14.4766,45.0403],[14.4747,45.0369],[14.4866,45.027],[14.4988,45.0288],[14.4998,45.0215],[14.5111,45.0242],[14.5266,45.0155],[14.5299,45.0189],[14.5609,45.0126],[14.5788,45.0273],[14.6204,45.0141],[14.624,45.0164],[14.6192,45.0224],[14.6082,45.0268],[14.6115,45.033],[14.6238,45.0383],[14.6285,45.0178],[14.6217,45.0084],[14.6275,45.0029],[14.629,44.9889],[14.6164,44.9855],[14.6167,44.9806],[14.6516,44.9638],[14.6758,44.9656],[14.6861,44.9582],[14.6896,44.949],[14.7003,44.9488],[14.7077,44.9457],[14.7067,44.9416],[14.7325,44.9344],[14.7357,44.934],[14.7341,44.9379],[14.7454,44.9353],[14.7635,44.9405],[14.7475,44.9594],[14.7501,44.9669],[14.775,44.9689],[14.8083,44.9626],[14.8064,44.9667],[14.8126,44.9697],[14.8001,44.9849],[14.8203,44.9707],[14.8137,44.9481],[14.7701,44.9389],[14.7598,44.9317],[14.7541,44.9025],[14.7274,44.8801],[14.7246,44.8635],[14.669,44.8479],[14.6975,44.8229],[14.7071,44.821],[14.7261,44.7984],[14.7019,44.8091],[14.699,44.805],[14.7051,44.7942],[14.7012,44.7949],[14.7082,44.7839],[14.6867,44.7963],[14.6671,44.8003],[14.6564,44.7918],[14.6573,44.7874],[14.6708,44.7805],[14.6673,44.7769],[14.6759,44.7697],[14.6798,44.7718],[14.6794,44.7665],[14.6914,44.7655],[14.6875,44.7628],[14.6962,44.7575],[14.7036,44.7616],[14.701,44.7559],[14.7071,44.7552],[14.7081,44.7602],[14.7126,44.7627],[14.7123,44.757],[14.7184,44.7609],[14.7164,44.7568],[14.7213,44.7585],[14.7232,44.7544],[14.7293,44.7602],[14.7316,44.756],[14.7406,44.7585],[14.7573,44.7506],[14.8041,44.719],[14.8302,44.6886],[14.8421,44.6842],[14.845,44.6884],[14.8635,44.65],[14.8721,44.5967],[14.8846,44.5728],[14.8562,44.6006],[14.8405,44.6037],[14.8463,44.6067],[14.8246,44.6203],[14.8182,44.6299],[14.8143,44.6286],[14.7678,44.6797],[14.7332,44.7028],[14.7342,44.6909],[14.7609,44.6582],[14.774,44.6517],[14.774,44.6448],[14.7801,44.6439],[14.7826,44.6356],[14.8101,44.6167],[14.8187,44.604],[14.8346,44.5959],[14.8359,44.5863],[14.8592,44.5756],[14.8665,44.5682],[14.8623,44.5641],[14.8797,44.5578],[14.8828,44.5496],[14.8751,44.5526],[14.8718,44.5482],[14.8826,44.5395],[14.8829,44.5328],[14.8928,44.5312],[14.9152,44.5141],[14.9218,44.4998],[14.8992,44.4967],[14.9076,44.4841],[14.9349,44.4668],[14.9586,44.4693],[14.9545,44.4645],[14.9631,44.4655],[14.9923,44.4483],[15.0367,44.4096],[15.0386,44.4041],[15.0335,44.3991],[15.0399,44.3924],[15.0639,44.3883],[15.0674,44.3916],[15.0649,44.3989],[15.0812,44.398],[15.1097,44.3838],[15.1171,44.3735],[15.0883,44.3675],[15.0874,44.3606],[15.0957,44.3494],[15.1063,44.3473],[15.0996,44.3379],[15.0929,44.3418],[15.1006,44.3267],[15.1111,44.3175],[15.1907,44.2811],[15.2038,44.2724],[15.2041,44.2658],[15.2134,44.2575],[15.1997,44.2479],[15.1799,44.2492],[15.1888,44.2467],[15.1812,44.2453],[15.1801,44.2406],[15.171,44.2508],[15.177,44.2511],[15.1454,44.2779],[15.139,44.2804],[15.1314,44.2749],[15.1297,44.2788],[15.1116,44.2595],[15.0572,44.2535],[14.9524,44.2313],[14.9194,44.2185],[14.8882,44.1921],[14.8671,44.1891],[14.8422,44.1926],[14.8254,44.184],[14.8005,44.1693],[14.7458,44.1015],[14.7018,44.0194],[14.693,43.9697],[14.6229,44.0081],[14.4021,44.1867],[13.9676,44.4352],[13.7753,44.5541],[13.8523,44.6239],[13.8809,44.6667],[13.9094,44.7238],[13.927,44.7695],[13.9173,44.772],[13.9218,44.7768],[13.9125,44.7763],[13.9199,44.7793],[13.914,44.7926],[13.9214,44.7958],[13.9198,44.8007],[13.9239,44.8034],[13.915,44.815],[13.8918,44.8174],[13.8832,44.8226],[13.8919,44.8235],[13.9026,44.8174],[13.9,44.824],[13.909,44.8227],[13.9098,44.829],[13.9248,44.8248],[13.9285,44.8203],[13.9216,44.8167],[13.9287,44.8194],[13.9336,44.8152],[13.9278,44.8119],[13.9304,44.803],[13.9326,44.8138],[13.9504,44.803],[13.9994,44.8022],[14.0026,44.8059],[13.9958,44.807],[13.9994,44.8114],[13.9913,44.8143],[13.9893,44.821],[13.9832,44.8171],[13.9719,44.821],[13.9877,44.8283],[13.9783,44.8405],[13.9815,44.8533],[14.0008,44.8635],[13.9904,44.8782],[14.0036,44.8846],[13.9803,44.8924],[13.9846,44.8982],[13.9822,44.9032],[13.9965,44.8919],[14.0065,44.8938],[14.0126,44.9014],[14.0142,44.8963],[14.0174,44.8982],[14.0293,44.9124],[14.018,44.9158],[14.028,44.9202],[14.0264,44.9262],[14.038,44.9182],[14.0383,44.9262],[14.0448,44.9322],[14.0416,44.934],[14.0486,44.9386],[14.0321,44.954],[14.0525,44.948],[14.0499,44.9549],[14.0564,44.9604],[14.0518,44.9632],[14.0631,44.9671],[14.0621,44.9776],[14.0754,44.9783],[14.0702,44.9921],[14.0375,45.001],[14.0462,45.0139],[14.0384,45.0311],[14.0445,45.049],[14.041,45.0586],[14.0469,45.0488],[14.0445,45.0338],[14.0567,45.0187],[14.0553,45.0024],[14.0643,45.0001],[14.0773,45.0057],[14.0753,44.9985],[14.0809,44.9843],[14.0867,44.9852],[14.0877,44.977],[14.099,44.9742],[14.0961,44.9701],[14.0715,44.9696],[14.0651,44.9453],[14.1084,44.9715],[14.1165,44.9715],[14.1223,44.9621],[14.1355,44.9676],[14.1452,44.9568],[14.1679,44.9793],[14.1646,45.0188],[14.1536,45.0289],[14.1607,45.0328],[14.1416,45.0548],[14.162,45.0424],[14.1539,45.0555],[14.1584,45.0594],[14.1477,45.0686],[14.1519,45.0693],[14.15,45.0792],[14.1655,45.0723],[14.1869,45.0932],[14.1966,45.1118],[14.1833,45.1287],[14.169,45.1349],[14.1807,45.1333],[14.2057,45.1164],[14.2154,45.1349],[14.2255,45.1408],[14.2221,45.1459],[14.2365,45.1696],[14.2342,45.1756],[14.2446,45.1864],[14.2419,45.2006],[14.255,45.2269],[14.2518,45.2382],[14.258,45.2379],[14.2628,45.2459],[14.2661,45.2639],[14.2738,45.2723],[14.2782,45.2983],[14.3204,45.3502],[14.3304,45.3553],[14.359,45.3423],[14.4116,45.334],[14.4701,45.3144],[14.4812,45.3154],[14.4753,45.3109],[14.4854,45.3083],[14.4895,45.2998],[14.4983,45.2954],[14.5414,45.2788],[14.5576,45.2802],[14.5609,45.285],[14.5544,45.2935],[14.5362,45.3063],[14.5434,45.3052],[14.5785,45.2842],[14.5799,45.2807],[14.5629,45.2815],[14.5694,45.2724],[14.5609,45.2742],[14.5629,45.2652],[14.5754,45.2574],[14.5731,45.249],[14.5832,45.2499],[14.6114,45.2335],[14.6162,45.2259]],[[14.5689,45.2444],[14.5644,45.2568],[14.5556,45.2536],[14.5689,45.2444]],[[14.3238,45.1762],[14.302,45.1652],[14.2991,45.1482],[14.2715,45.12],[14.2783,45.1122],[14.2757,45.1056],[14.2948,45.0945],[14.3038,45.072],[14.3113,45.0656],[14.3462,45.0557],[14.3594,45.0249],[14.3503,45.013],[14.35,45.0031],[14.3781,44.9898],[14.3925,44.9647],[14.3901,44.9594],[14.4015,44.9562],[14.4087,44.9593],[14.4161,44.9454],[14.3915,44.9558],[14.3902,44.9482],[14.385,44.9459],[14.3998,44.9193],[14.4005,44.9112],[14.3907,44.9025],[14.3675,44.9085],[14.364,44.9049],[14.3443,44.9145],[14.3404,44.9246],[14.3169,44.9504],[14.3007,44.9327],[14.3039,44.9116],[14.2961,44.913],[14.3006,44.9056],[14.3091,44.9086],[14.3203,44.8859],[14.3193,44.8735],[14.3322,44.8528],[14.3289,44.8264],[14.3369,44.8243],[14.3415,44.8168],[14.336,44.8142],[14.3472,44.8106],[14.3476,44.8172],[14.3557,44.8156],[14.3668,44.8021],[14.3639,44.7807],[14.3688,44.7789],[14.3697,44.7559],[14.3822,44.7446],[14.3841,44.7506],[14.396,44.7444],[14.397,44.7357],[14.3902,44.7338],[14.3978,44.7093],[14.3927,44.695],[14.4074,44.6767],[14.4151,44.6746],[14.409,44.6679],[14.4189,44.6721],[14.4407,44.6493],[14.4455,44.6378],[14.4561,44.6343],[14.4506,44.63],[14.4548,44.6256],[14.4615,44.6212],[14.458,44.627],[14.4644,44.6286],[14.4618,44.6244],[14.4695,44.6226],[14.4705,44.6169],[14.4837,44.6073],[14.5003,44.6023],[14.5003,44.6064],[14.5096,44.6083],[14.4968,44.6216],[14.5186,44.6082],[14.5234,44.6124],[14.5183,44.6232],[14.5296,44.6163],[14.5334,44.6238],[14.5286,44.6282],[14.5399,44.6266],[14.5469,44.6311],[14.5309,44.6424],[14.5344,44.633],[14.5248,44.6365],[14.52,44.6303],[14.5219,44.6399],[14.5184,44.6436],[14.5126,44.6404],[14.5129,44.6445],[14.5042,44.6376],[14.503,44.6418],[14.5097,44.6477],[14.5062,44.6523],[14.5152,44.6528],[14.5113,44.6567],[14.5152,44.662],[14.5059,44.667],[14.5062,44.6732],[14.4963,44.6725],[14.4949,44.6796],[14.476,44.6937],[14.4626,44.7261],[14.4691,44.7383],[14.4768,44.7376],[14.4778,44.7458],[14.4702,44.7647],[14.4477,44.787],[14.4536,44.795],[14.4684,44.7911],[14.4691,44.798],[14.4455,44.8754],[14.4488,44.8923],[14.4592,44.9095],[14.4564,44.9263],[14.4642,44.9416],[14.4597,44.952],[14.4688,44.9487],[14.472,44.9552],[14.4853,44.9549],[14.4673,44.9832],[14.4489,44.9826],[14.4427,44.9773],[14.4301,44.9803],[14.3947,45.0171],[14.3686,45.0795],[14.3586,45.0887],[14.3555,45.1319],[14.3616,45.142],[14.3704,45.1445],[14.363,45.161],[14.3419,45.1702],[14.3238,45.1698],[14.3238,45.1762]],[[14.5209,44.9862],[14.5034,44.9789],[14.4844,44.9813],[14.5376,44.9538],[14.5557,44.9575],[14.5338,44.9814],[14.5209,44.9862]],[[14.5458,44.9761],[14.548,44.9735],[14.5499,44.9747],[14.5458,44.9761]],[[14.5693,44.9494],[14.5712,44.9464],[14.5725,44.9471],[14.5693,44.9494]],[[14.577,44.9455],[14.5763,44.9437],[14.5786,44.9434],[14.577,44.9455]],[[14.6723,44.9414],[14.6781,44.9379],[14.6791,44.9407],[14.6723,44.9414]],[[14.6923,44.8121],[14.7003,44.8096],[14.7007,44.814],[14.6923,44.8121]],[[14.7074,44.8103],[14.7064,44.8086],[14.7084,44.8093],[14.7074,44.8103]],[[14.664,44.7154],[14.6637,44.7193],[14.6602,44.7197],[14.6612,44.7179],[14.664,44.7154]],[[14.6839,44.6917],[14.6916,44.6889],[14.6852,44.6942],[14.6839,44.6917]],[[14.5811,44.6641],[14.5863,44.666],[14.5741,44.6722],[14.5738,44.6706],[14.5811,44.6641]],[[14.3965,44.6199],[14.3947,44.6297],[14.3999,44.6402],[14.396,44.6452],[14.4006,44.6546],[14.3969,44.6868],[14.3801,44.6999],[14.3618,44.6974],[14.3473,44.7112],[14.3402,44.7119],[14.3379,44.6905],[14.3433,44.6639],[14.3546,44.6517],[14.3504,44.6451],[14.3616,44.6435],[14.3603,44.6377],[14.3809,44.6255],[14.3837,44.6122],[14.392,44.6039],[14.3926,44.5982],[14.384,44.5961],[14.3836,44.589],[14.3798,44.5934],[14.3727,44.5888],[14.3752,44.5746],[14.3675,44.5615],[14.3851,44.5599],[14.3855,44.5557],[14.3938,44.5537],[14.397,44.5601],[14.4073,44.5594],[14.4051,44.5741],[14.4218,44.561],[14.4269,44.5603],[14.4239,44.5667],[14.4307,44.5636],[14.441,44.5521],[14.4669,44.5364],[14.4563,44.5363],[14.4397,44.5465],[14.4447,44.5288],[14.4579,44.5292],[14.4479,44.5235],[14.4569,44.5232],[14.462,44.5163],[14.4787,44.5113],[14.4899,44.5037],[14.4879,44.4975],[14.4947,44.5011],[14.4937,44.4955],[14.5049,44.4931],[14.4998,44.491],[14.5081,44.4896],[14.5185,44.4759],[14.5374,44.4811],[14.5424,44.4921],[14.5299,44.5024],[14.5248,44.5013],[14.5238,44.5128],[14.5187,44.5125],[14.5126,44.521],[14.48,44.5278],[14.4852,44.5312],[14.4444,44.5564],[14.4449,44.5618],[14.4157,44.5876],[14.4059,44.6108],[14.3965,44.6199]],[[14.5798,44.551],[14.5884,44.5459],[14.5804,44.5554],[14.5798,44.551]],[[14.5942,44.5429],[14.598,44.5399],[14.599,44.5406],[14.5942,44.5429]],[[14.5463,44.5075],[14.5536,44.495],[14.563,44.4959],[14.5639,44.5015],[14.5463,44.5075]],[[14.5627,44.4948],[14.5659,44.4849],[14.571,44.4859],[14.5665,44.4884],[14.5667,44.4957],[14.5627,44.4948]],[[14.846,44.4865],[14.8654,44.4694],[14.8731,44.4678],[14.8605,44.4852],[14.846,44.4865]],[[14.5648,44.4604],[14.5474,44.4731],[14.542,44.4699],[14.5648,44.4604]],[[14.5694,44.4561],[14.5433,44.4658],[14.5297,44.4568],[14.5407,44.4444],[14.5542,44.4422],[14.5595,44.4489],[14.5798,44.4428],[14.5694,44.4561]],[[14.8962,44.4569],[14.8808,44.4538],[14.8856,44.4543],[14.8956,44.4406],[14.9184,44.4283],[14.9319,44.4141],[14.9432,44.4084],[14.9544,44.4096],[14.9602,44.402],[14.9691,44.4039],[14.9174,44.4349],[14.9158,44.4423],[14.8962,44.4569]],[[14.9954,44.4358],[14.9981,44.4363],[14.9953,44.4378],[14.9954,44.4358]],[[14.8095,44.3977],[14.8008,44.4153],[14.787,44.4228],[14.7758,44.4191],[14.7764,44.4154],[14.7617,44.4172],[14.7701,44.4046],[14.767,44.3954],[14.7777,44.3813],[14.7442,44.369],[14.7698,44.3615],[14.7715,44.3546],[14.7968,44.3419],[14.8182,44.3424],[14.8226,44.3544],[14.8024,44.3715],[14.7933,44.3868],[14.8048,44.3889],[14.8009,44.3965],[14.8095,44.3977]],[[14.995,44.4005],[14.9944,44.3957],[14.9986,44.3966],[14.995,44.4005]],[[14.8946,44.3966],[14.8921,44.3954],[14.8946,44.395],[14.8946,44.3966]],[[14.8464,44.3895],[14.8525,44.3799],[14.8695,44.3717],[14.8464,44.3895]],[[14.8737,44.363],[14.8785,44.363],[14.8734,44.3646],[14.8737,44.363]],[[14.6096,44.3405],[14.5921,44.3579],[14.5829,44.3523],[14.5937,44.3366],[14.6209,44.3298],[14.619,44.3236],[14.6341,44.3182],[14.6428,44.3095],[14.6514,44.3112],[14.6697,44.3028],[14.6407,44.3293],[14.6096,44.3405]],[[14.6905,44.3332],[14.6985,44.3275],[14.7004,44.3284],[14.694,44.3318],[14.6905,44.3332]],[[15.0285,44.3283],[15.0177,44.3226],[15.0216,44.307],[15.0466,44.2861],[15.0753,44.286],[15.0794,44.297],[15.0941,44.2984],[15.1184,44.2915],[15.1178,44.2807],[15.1344,44.2895],[15.1232,44.2924],[15.1174,44.3009],[15.0973,44.3114],[15.0931,44.3078],[15.0768,44.3107],[15.0717,44.3194],[15.0557,44.3169],[15.0474,44.326],[15.0356,44.324],[15.0285,44.3283]],[[15.1352,44.2868],[15.139,44.285],[15.1393,44.2877],[15.1352,44.2868]],[[14.7861,44.2783],[14.7547,44.2949],[14.7515,44.2915],[14.7622,44.2771],[14.7446,44.2825],[14.7418,44.2781],[14.7369,44.2802],[14.7386,44.2705],[14.7454,44.2654],[14.7697,44.2562],[14.7645,44.2725],[14.7869,44.2634],[14.792,44.2648],[14.7916,44.2692],[14.7999,44.2696],[14.7846,44.2744],[14.7861,44.2783]],[[14.8015,44.2648],[14.7987,44.2593],[14.7914,44.263],[14.7882,44.257],[14.7946,44.2543],[14.8294,44.2019],[14.8422,44.2005],[14.8187,44.2245],[14.8206,44.2289],[14.8145,44.236],[14.8398,44.2265],[14.8485,44.2166],[14.8574,44.2144],[14.8599,44.218],[14.8654,44.2121],[14.8733,44.2126],[14.8677,44.2071],[14.8785,44.2025],[14.8807,44.2062],[14.8916,44.1984],[14.8964,44.1993],[14.8951,44.2039],[14.9018,44.2081],[14.8985,44.2094],[14.9113,44.2122],[14.8934,44.2193],[14.9017,44.2225],[14.8883,44.225],[14.886,44.2307],[14.8819,44.225],[14.8851,44.222],[14.8797,44.2188],[14.8666,44.2263],[14.8669,44.2309],[14.8483,44.2354],[14.8464,44.2398],[14.8371,44.2391],[14.8282,44.2455],[14.8313,44.2491],[14.8227,44.2482],[14.8124,44.2605],[14.8015,44.2648]],[[14.8828,44.2385],[14.8789,44.2381],[14.884,44.2369],[14.8828,44.2385]],[[14.836,44.2237],[14.8318,44.2248],[14.8347,44.2223],[14.836,44.2237]],[[14.7808,44.2187],[14.7779,44.2278],[14.7668,44.2259],[14.7719,44.2211],[14.7808,44.2187]],[[14.7933,44.2201],[14.799,44.2217],[14.7926,44.2224],[14.7933,44.2201]],[[14.7862,44.2318],[14.7836,44.234],[14.7833,44.2327],[14.7862,44.2318]],[[14.757,44.2468],[14.7525,44.2481],[14.7554,44.2458],[14.757,44.2468]],[[14.7371,44.2637],[14.7291,44.2629],[14.7384,44.2625],[14.7371,44.2637]],[[14.7169,44.2734],[14.7136,44.2803],[14.729,44.2758],[14.7113,44.2913],[14.6934,44.293],[14.6864,44.2889],[14.6951,44.2823],[14.7015,44.2832],[14.7003,44.2779],[14.7044,44.2754],[14.7169,44.2734]],[[14.7159,44.3177],[14.7079,44.3211],[14.7168,44.3159],[14.7159,44.3177]],[[14.7062,44.3238],[14.7008,44.3254],[14.7062,44.3234],[14.7062,44.3238]],[[14.5966,44.3331],[14.5917,44.3354],[14.5975,44.332],[14.5966,44.3331]],[[14.5895,44.3381],[14.5882,44.337],[14.5908,44.3372],[14.5895,44.3381]],[[14.5819,44.3551],[14.5794,44.3557],[14.5816,44.3537],[14.5819,44.3551]],[[14.6938,44.3614],[14.721,44.3478],[14.73,44.3512],[14.7216,44.3576],[14.7251,44.3599],[14.7228,44.3652],[14.7029,44.3736],[14.6999,44.3887],[14.7065,44.4],[14.6866,44.4136],[14.6674,44.411],[14.6598,44.402],[14.6608,44.3961],[14.6858,44.3879],[14.6938,44.3614]],[[14.5767,44.3635],[14.5735,44.3667],[14.571,44.3649],[14.5767,44.3635]],[[14.5693,44.41],[14.5698,44.4137],[14.5676,44.4136],[14.5693,44.41]],[[14.7588,44.4188],[14.7556,44.4206],[14.7531,44.4201],[14.7543,44.419],[14.7588,44.4188]],[[14.7382,44.4331],[14.7321,44.4324],[14.7382,44.4297],[14.7382,44.4331]],[[14.5464,44.4782],[14.5416,44.4804],[14.5451,44.4756],[14.5464,44.4782]],[[14.5411,44.496],[14.5443,44.4951],[14.543,44.4967],[14.5411,44.496]],[[14.3025,44.4971],[14.3151,44.5056],[14.3228,44.5049],[14.3257,44.5101],[14.3099,44.5081],[14.3093,44.515],[14.2868,44.521],[14.2833,44.518],[14.2888,44.5155],[14.2894,44.5074],[14.3025,44.4971]],[[14.4332,44.5435],[14.4384,44.5492],[14.4285,44.5559],[14.4307,44.5488],[14.4262,44.5437],[14.4332,44.5435]],[[14.4259,44.5508],[14.4217,44.5506],[14.4207,44.5481],[14.423,44.5481],[14.4259,44.5508]],[[14.3319,44.5593],[14.3399,44.5602],[14.3248,44.5685],[14.3238,44.5648],[14.3319,44.5593]],[[14.2972,44.5912],[14.3008,44.5827],[14.3235,44.5696],[14.3171,44.5783],[14.2972,44.5912]],[[14.2809,44.6096],[14.2501,44.6484],[14.2658,44.6401],[14.2539,44.6585],[14.2649,44.655],[14.2629,44.6658],[14.2668,44.6591],[14.2777,44.6557],[14.2864,44.6651],[14.2803,44.6704],[14.2835,44.6786],[14.2755,44.6803],[14.2794,44.6894],[14.2646,44.6833],[14.2491,44.6638],[14.2382,44.6592],[14.2391,44.6424],[14.2462,44.6337],[14.2304,44.6286],[14.2343,44.6188],[14.2542,44.6183],[14.2799,44.6034],[14.2809,44.6096]],[[14.3127,44.7638],[14.3201,44.784],[14.3201,44.7913],[14.3053,44.7801],[14.3088,44.7755],[14.3004,44.7633],[14.3052,44.7571],[14.3127,44.7638]],[[13.9495,44.7711],[13.9447,44.7741],[13.9476,44.7695],[13.9495,44.7711]],[[13.934,44.783],[13.9356,44.7883],[13.9305,44.7848],[13.934,44.783]],[[13.9495,44.7895],[13.9479,44.7938],[13.9456,44.7897],[13.9495,44.7895]],[[14.3475,44.7771],[14.3481,44.7748],[14.3513,44.7768],[14.3475,44.7771]],[[13.983,44.7971],[13.9842,44.7999],[13.9823,44.798],[13.983,44.7971]],[[14.845,44.6847],[14.846,44.6835],[14.8466,44.6842],[14.845,44.6847]]]}},{"type":"Feature","properties":{"code":"HR803","name":"Velebit channel region"},"geometry":{"type":"Polygon","coordinates":[[[15.1907,44.2811],[15.1757,44.2894],[15.1786,44.2944],[15.1556,44.3066],[15.13,44.3286],[15.1447,44.3316],[15.1802,44.3169],[15.1872,44.3192],[15.214,44.3103],[15.2227,44.3031],[15.2226,44.3091],[15.2073,44.3206],[15.23,44.3171],[15.2338,44.3206],[15.1686,44.3644],[15.2543,44.3213],[15.2584,44.3298],[15.2476,44.3481],[15.2086,44.3699],[15.2015,44.3786],[15.1855,44.3768],[15.1714,44.3942],[15.174,44.3972],[15.1391,44.4118],[15.1404,44.4167],[15.123,44.4283],[15.1201,44.4384],[15.0987,44.4448],[15.0541,44.4723],[15.0521,44.4776],[15.0425,44.4794],[15.0519,44.4512],[15.0513,44.4443],[15.0439,44.4438],[14.9889,44.4937],[14.9482,44.5183],[14.934,44.5353],[14.9167,44.5375],[14.919,44.5487],[14.9324,44.5459],[14.9521,44.5365],[14.9662,44.5232],[14.9909,44.5192],[15.0062,44.5106],[15.0105,44.5065],[15.0058,44.5021],[15.0136,44.4956],[15.0231,44.5004],[15.0434,44.4941],[15.0495,44.4971],[15.0482,44.4879],[15.0784,44.4769],[15.0681,44.4842],[15.0601,44.4994],[15.0507,44.5021],[15.0558,44.5032],[15.0508,44.5124],[15.0441,44.5118],[15.0396,44.5159],[15.0441,44.5164],[15.0314,44.5229],[15.0019,44.5267],[14.9994,44.5313],[14.9843,44.5348],[14.9847,44.5406],[14.9615,44.5636],[14.9629,44.5719],[14.9578,44.5719],[14.9603,44.5744],[14.9557,44.5817],[14.9454,44.5801],[14.9323,44.5957],[14.9268,44.5939],[14.9233,44.5999],[14.9179,44.599],[14.9214,44.601],[14.9131,44.6006],[14.9169,44.6031],[14.9086,44.6018],[14.9166,44.605],[14.9093,44.6116],[14.9048,44.6071],[14.8785,44.61],[14.8705,44.6048],[14.8635,44.65],[14.8431,44.6907],[14.8253,44.7093],[14.7519,44.7562],[14.7438,44.7564],[14.7336,44.7666],[14.7443,44.7677],[14.7625,44.7547],[14.7606,44.7584],[14.7669,44.7564],[14.7638,44.7523],[14.7853,44.7478],[14.8087,44.7319],[14.8394,44.701],[14.8532,44.6984],[14.8619,44.7066],[14.8703,44.7034],[14.8675,44.7209],[14.863,44.7161],[14.8289,44.7566],[14.739,44.8182],[14.7423,44.8228],[14.7585,44.8257],[14.7569,44.8372],[14.764,44.8404],[14.7537,44.8397],[14.7463,44.8459],[14.7544,44.8505],[14.7386,44.8446],[14.7321,44.8464],[14.7367,44.8499],[14.726,44.8494],[14.7296,44.8536],[14.7212,44.8506],[14.7234,44.8414],[14.7189,44.8407],[14.7235,44.832],[14.72,44.8311],[14.7015,44.8433],[14.6795,44.8445],[14.6827,44.8379],[14.669,44.8479],[14.7246,44.8635],[14.7274,44.8801],[14.7541,44.9025],[14.7598,44.9317],[14.7701,44.9389],[14.8137,44.9481],[14.8204,44.9775],[14.8124,44.9908],[14.8005,44.9964],[14.8004,44.9904],[14.7956,44.9939],[14.797,45.0017],[14.7711,45.0107],[14.7435,45.0344],[14.741,45.0427],[14.7452,45.0542],[14.7333,45.0579],[14.7405,45.0638],[14.7369,45.0698],[14.7295,45.0687],[14.7278,45.0632],[14.7149,45.0724],[14.7097,45.0653],[14.7026,45.0648],[14.6722,45.078],[14.6748,45.0819],[14.6648,45.0904],[14.6675,45.0932],[14.6623,45.101],[14.6695,45.1063],[14.6653,45.1072],[14.6585,45.1228],[14.6673,45.1212],[14.6654,45.126],[14.6806,45.1342],[14.6713,45.142],[14.6771,45.1436],[14.6701,45.1579],[14.6677,45.1474],[14.6367,45.1623],[14.6062,45.1502],[14.598,45.1525],[14.6088,45.1713],[14.6341,45.1642],[14.596,45.2154],[14.6175,45.2202],[14.6418,45.2089],[14.6719,45.1898],[14.6877,45.1716],[14.7133,45.1619],[14.7177,45.1527],[14.7413,45.1382],[14.8153,45.1143],[14.8345,45.1161],[14.8308,45.1117],[14.8337,45.1082],[14.8468,45.1155],[14.8409,45.1082],[14.8447,45.1045],[14.8418,45.0999],[14.8449,45.0887],[14.8528,45.0842],[14.8569,45.067],[14.8746,45.045],[14.8837,45.0175],[14.8968,44.9982],[14.896,44.9872],[14.9176,44.973],[14.9253,44.9516],[14.9115,44.9205],[14.9105,44.902],[14.9067,44.9076],[14.9066,44.8963],[14.9027,44.8961],[14.8922,44.8767],[14.8949,44.8597],[14.8897,44.854],[14.8849,44.8588],[14.8874,44.8471],[14.8828,44.8379],[14.8866,44.8361],[14.8818,44.8356],[14.8862,44.8251],[14.881,44.8216],[14.8855,44.8173],[14.8802,44.809],[14.8847,44.8012],[14.8802,44.8019],[14.8798,44.7911],[14.8823,44.7828],[14.8881,44.7842],[14.8845,44.7787],[14.8919,44.747],[14.8999,44.7419],[14.8924,44.727],[14.8995,44.7261],[14.8994,44.7192],[14.8904,44.7211],[14.8887,44.7158],[14.8942,44.7119],[14.8954,44.6995],[14.9044,44.6997],[14.8972,44.6956],[14.9052,44.6868],[14.9123,44.6884],[14.91,44.6824],[14.9151,44.6817],[14.9211,44.6691],[14.9314,44.6649],[14.9255,44.6578],[14.9287,44.6525],[14.9567,44.6299],[14.9631,44.6294],[14.9596,44.6276],[14.965,44.6232],[14.9649,44.6124],[14.9694,44.6124],[14.9662,44.6033],[14.9776,44.5979],[14.987,44.5763],[14.9921,44.5776],[14.9885,44.573],[15.0058,44.5693],[15.016,44.558],[15.0211,44.5613],[15.0295,44.5588],[15.0718,44.5223],[15.077,44.5235],[15.0977,44.5109],[15.1287,44.4777],[15.1354,44.4765],[15.1351,44.4713],[15.1604,44.4609],[15.1744,44.4464],[15.1784,44.4483],[15.1838,44.4453],[15.1859,44.4428],[15.1781,44.4458],[15.2114,44.4252],[15.2818,44.3604],[15.296,44.3587],[15.3059,44.3494],[15.3439,44.3346],[15.407,44.3165],[15.4526,44.2791],[15.4666,44.2815],[15.4765,44.2683],[15.5063,44.2725],[15.5223,44.2678],[15.5385,44.2499],[15.5356,44.2462],[15.5244,44.2484],[15.5301,44.2265],[15.5895,44.2026],[15.6064,44.1859],[15.5966,44.1808],[15.6006,44.1698],[15.6057,44.1699],[15.6096,44.1619],[15.628,44.1491],[15.6296,44.1388],[15.6279,44.1347],[15.6136,44.1316],[15.6,44.1464],[15.6018,44.1558],[15.6056,44.1556],[15.6045,44.1669],[15.5984,44.1689],[15.5941,44.1799],[15.5765,44.1836],[15.5687,44.1905],[15.5495,44.1919],[15.5454,44.188],[15.5493,44.1841],[15.5471,44.1808],[15.5413,44.1868],[15.5255,44.1763],[15.4716,44.2043],[15.4692,44.208],[15.474,44.2107],[15.4969,44.2104],[15.5175,44.2204],[15.5367,44.2192],[15.5261,44.2264],[15.5219,44.2448],[15.4398,44.2635],[15.4148,44.2551],[15.4017,44.2581],[15.3277,44.293],[15.3316,44.3006],[15.2779,44.3243],[15.2763,44.333],[15.2709,44.3298],[15.2652,44.3327],[15.2597,44.3194],[15.3054,44.2871],[15.3015,44.2795],[15.2805,44.2797],[15.2865,44.2662],[15.2974,44.2577],[15.298,44.2488],[15.2849,44.2458],[15.2124,44.2917],[15.207,44.291],[15.2156,44.2848],[15.2124,44.28],[15.1968,44.2873],[15.1907,44.2811]],[[15.2061,44.2921],[15.2006,44.2963],[15.1897,44.2992],[15.1962,44.2917],[15.2061,44.2921]],[[15.2316,44.2979],[15.237,44.297],[15.2313,44.2999],[15.2316,44.2979]],[[15.1869,44.2999],[15.1878,44.3027],[15.1843,44.3029],[15.1869,44.2999]],[[15.2233,44.3031],[15.23,44.3022],[15.2262,44.3057],[15.2233,44.3031]],[[15.3492,44.3189],[15.3517,44.315],[15.354,44.3156],[15.3492,44.3189]],[[15.337,44.3164],[15.3319,44.318],[15.3319,44.3171],[15.337,44.3164]],[[15.1083,44.4474],[15.106,44.449],[15.1057,44.4476],[15.1083,44.4474]],[[15.1015,44.451],[15.099,44.4512],[15.1019,44.4501],[15.1015,44.451]],[[14.8604,44.7308],[14.8575,44.7317],[14.86,44.7299],[14.8604,44.7308]],[[14.8284,44.8238],[14.8265,44.8236],[14.8307,44.8227],[14.8284,44.8238]],[[14.8233,44.8268],[14.8307,44.8321],[14.8288,44.8374],[14.8398,44.8376],[14.8405,44.8451],[14.8019,44.8512],[14.804,44.8388],[14.8176,44.8374],[14.8233,44.8268]],[[14.7796,44.8559],[14.781,44.8633],[14.7511,44.8842],[14.7459,44.8808],[14.751,44.8744],[14.7368,44.8744],[14.7474,44.859],[14.7796,44.8559]],[[14.7729,44.9106],[14.8386,44.8842],[14.8351,44.8945],[14.8268,44.9014],[14.8307,44.9044],[14.8204,44.9141],[14.7847,44.9316],[14.7692,44.9333],[14.7678,44.9202],[14.7729,44.9106]],[[14.8375,44.9955],[14.8327,44.9969],[14.8333,44.995],[14.8375,44.9955]]]}},{"type":"Feature","properties":{"code":"HR804","name":"North Dalmatia region"},"geometry":{"type":"Polygon","coordinates":[[[16.0528,43.4768],[15.9212,43.2349],[15.8645,43.2979],[15.8128,43.3303],[15.4729,43.4382],[15.2764,43.5395],[15.0822,43.6491],[14.8806,43.8082],[14.8515,43.8353],[14.8205,43.8768],[14.7831,43.9154],[14.7342,43.9401],[14.693,43.9697],[14.7018,44.0194],[14.7458,44.1015],[14.8005,44.1693],[14.8254,44.184],[14.8422,44.1926],[14.8671,44.1891],[14.8882,44.1921],[14.9194,44.2185],[14.9524,44.2313],[15.0743,44.2563],[15.1205,44.2579],[15.1261,44.255],[15.124,44.2494],[15.1317,44.2492],[15.1324,44.2405],[15.1464,44.2402],[15.1672,44.2281],[15.163,44.2254],[15.1659,44.2162],[15.1573,44.2159],[15.1596,44.2031],[15.1408,44.1951],[15.159,44.1866],[15.1561,44.1801],[15.1771,44.1712],[15.2072,44.1466],[15.2109,44.1391],[15.202,44.1336],[15.2039,44.1292],[15.2238,44.1252],[15.2333,44.1128],[15.2243,44.1189],[15.219,44.1174],[15.2488,44.0939],[15.2504,44.0991],[15.2667,44.0928],[15.2683,44.0893],[15.2616,44.088],[15.2756,44.0843],[15.2835,44.0593],[15.2927,44.0531],[15.2915,44.0602],[15.31,44.0508],[15.3074,44.0437],[15.3004,44.0464],[15.2981,44.0432],[15.3416,44.0295],[15.3966,43.9748],[15.4391,43.9518],[15.4454,43.9439],[15.4374,43.9391],[15.4542,43.9242],[15.4685,43.915],[15.4777,43.9196],[15.477,43.9145],[15.4869,43.9152],[15.4987,43.9073],[15.5166,43.9042],[15.5365,43.8889],[15.5289,43.8867],[15.5366,43.8842],[15.5344,43.8817],[15.5599,43.872],[15.5638,43.8647],[15.5601,43.8603],[15.5683,43.864],[15.5687,43.8597],[15.5752,43.8671],[15.5754,43.8586],[15.582,43.8577],[15.5904,43.8484],[15.6212,43.8437],[15.6316,43.8334],[15.6536,43.8254],[15.6638,43.8163],[15.6827,43.8155],[15.6772,43.813],[15.6833,43.8015],[15.6808,43.7983],[15.6747,43.8079],[15.6537,43.8158],[15.6397,43.8177],[15.6312,43.8106],[15.6155,43.8226],[15.6166,43.815],[15.6409,43.8003],[15.6501,43.8011],[15.6543,43.7963],[15.6602,43.7993],[15.6743,43.7909],[15.6721,43.7886],[15.6871,43.7784],[15.6843,43.7751],[15.6958,43.7715],[15.6946,43.7656],[15.7298,43.7651],[15.727,43.7593],[15.7597,43.7518],[15.7724,43.7511],[15.7821,43.7586],[15.8077,43.739],[15.8487,43.7218],[15.8471,43.7263],[15.8563,43.7243],[15.8575,43.7315],[15.8616,43.7271],[15.88,43.7293],[15.8585,43.7234],[15.8595,43.7184],[15.8538,43.7216],[15.8567,43.7147],[15.8816,43.6942],[15.8939,43.6993],[15.9233,43.6721],[15.9318,43.6751],[15.9431,43.6729],[15.9466,43.6796],[15.9414,43.6922],[15.9579,43.6854],[15.9442,43.6709],[15.9281,43.6699],[15.9384,43.6649],[15.9392,43.6598],[15.9462,43.6594],[15.9504,43.6399],[15.9266,43.6542],[15.9307,43.6494],[15.9257,43.6466],[15.9187,43.65],[15.9023,43.647],[15.9175,43.6406],[15.9377,43.6426],[15.947,43.6355],[15.9577,43.6371],[15.9731,43.6313],[15.9147,43.6319],[15.912,43.6271],[15.9198,43.6239],[15.9163,43.6177],[15.9246,43.6124],[15.9188,43.6057],[15.9243,43.597],[15.9215,43.5901],[15.9177,43.5908],[15.9225,43.5866],[15.9193,43.5826],[15.9319,43.5849],[15.9314,43.5785],[15.9172,43.5724],[15.9325,43.5633],[15.9413,43.5706],[15.9381,43.5636],[15.9458,43.5579],[15.9341,43.5606],[15.9237,43.5555],[15.9352,43.5443],[15.9592,43.5394],[15.953,43.5272],[15.9612,43.521],[15.9611,43.5325],[15.9741,43.5332],[15.9734,43.5383],[15.9778,43.5398],[15.9933,43.5374],[15.9807,43.5351],[15.9827,43.5239],[15.989,43.5181],[15.9809,43.5126],[15.9737,43.5098],[15.9506,43.5168],[15.9636,43.5084],[15.9503,43.5056],[15.9624,43.4983],[15.9731,43.5043],[15.9703,43.4933],[15.9845,43.4986],[15.9853,43.5055],[15.9873,43.4989],[16.0003,43.5],[15.9928,43.4913],[16.0005,43.4876],[16.0038,43.4954],[16.0161,43.5002],[16.0183,43.492],[16.014,43.4858],[16.0205,43.4865],[16.0218,43.4935],[16.0425,43.4912],[16.0352,43.4795],[16.0451,43.4817],[16.0528,43.4768]],[[14.9221,44.2134],[14.9186,44.2141],[14.9231,44.212],[14.9221,44.2134]],[[14.9433,44.1926],[14.9702,44.1688],[14.9699,44.161],[14.9798,44.1585],[14.9938,44.1418],[15.0066,44.135],[15.0109,44.1406],[15.0226,44.126],[15.0318,44.1272],[15.0327,44.1405],[15.0062,44.1613],[14.9915,44.1622],[14.9733,44.1821],[14.9503,44.197],[14.9509,44.2006],[14.9426,44.2027],[14.9433,44.1926]],[[14.9867,44.1877],[14.9934,44.1838],[14.9879,44.1888],[14.9867,44.1877]],[[14.9991,44.1774],[15.0017,44.1774],[14.9966,44.1787],[14.9991,44.1774]],[[15.0187,44.1675],[15.0405,44.145],[15.0571,44.1409],[15.0519,44.1549],[15.0456,44.154],[15.0238,44.1711],[15.0187,44.1675]],[[15.0541,44.1618],[15.0586,44.1618],[15.0582,44.1652],[15.0551,44.1657],[15.0541,44.1618]],[[15.0611,44.1556],[15.0719,44.1384],[15.0627,44.135],[15.0646,44.1297],[15.0895,44.1194],[15.0972,44.1084],[15.109,44.1043],[15.1096,44.1091],[15.1163,44.1071],[15.1265,44.0887],[15.1638,44.0587],[15.1698,44.0589],[15.1794,44.0459],[15.1985,44.0321],[15.2052,44.0365],[15.1975,44.0498],[15.2179,44.0335],[15.2102,44.0493],[15.2172,44.0473],[15.229,44.0383],[15.2255,44.0363],[15.2316,44.0319],[15.23,44.0266],[15.2427,44.0243],[15.2443,44.0184],[15.2376,44.0149],[15.2417,44.0096],[15.2497,44.0137],[15.2576,44.0053],[15.2662,44.0062],[15.2684,43.9945],[15.2983,43.9729],[15.3056,43.956],[15.3221,43.9518],[15.3281,43.9433],[15.3376,43.9438],[15.3354,43.9364],[15.3484,43.9355],[15.3477,43.9286],[15.3544,43.9321],[15.3642,43.924],[15.3534,43.9233],[15.3626,43.91],[15.3737,43.9068],[15.3702,43.9139],[15.3756,43.9148],[15.3766,43.9086],[15.3855,43.9073],[15.3788,43.9128],[15.3852,43.9144],[15.4257,43.89],[15.4413,43.8952],[15.4492,43.8867],[15.4549,43.8893],[15.4555,43.8961],[15.4492,43.8971],[15.4498,43.9017],[15.4327,43.9104],[15.4229,43.9217],[15.3944,43.9336],[15.3856,43.9497],[15.3907,43.9573],[15.3807,43.958],[15.3758,43.9676],[15.3564,43.9662],[15.3453,43.9805],[15.3247,43.9943],[15.2958,44.0014],[15.2881,44.0131],[15.2687,44.0145],[15.2662,44.0211],[15.2586,44.0142],[15.2508,44.0159],[15.2528,44.0214],[15.2598,44.0216],[15.2465,44.0344],[15.2532,44.0374],[15.2249,44.0576],[15.2023,44.0665],[15.1835,44.0846],[15.1828,44.0922],[15.1863,44.0931],[15.1704,44.1016],[15.1727,44.0934],[15.165,44.0961],[15.1656,44.1025],[15.1545,44.1083],[15.151,44.1039],[15.1261,44.1264],[15.1201,44.1234],[15.1204,44.127],[15.1064,44.1307],[15.1064,44.1357],[15.0834,44.1444],[15.0668,44.1575],[15.0611,44.1556]],[[15.1849,44.0857],[15.188,44.0843],[15.1909,44.0859],[15.189,44.087],[15.1849,44.0857]],[[15.2115,44.0723],[15.2113,44.079],[15.2065,44.0792],[15.2065,44.0751],[15.2115,44.0723]],[[15.2631,44.0283],[15.2628,44.0265],[15.2654,44.0276],[15.2631,44.0283]],[[15.3855,43.981],[15.381,43.9803],[15.3794,43.9794],[15.3848,43.9766],[15.3855,43.981]],[[15.3893,43.978],[15.3883,43.9759],[15.3905,43.9764],[15.3893,43.978]],[[15.3616,43.9723],[15.3664,43.9711],[15.3661,43.9727],[15.3616,43.9723]],[[15.3956,43.9642],[15.3959,43.9676],[15.3915,43.9681],[15.3918,43.9667],[15.3956,43.9642]],[[15.3959,43.9605],[15.3943,43.9564],[15.4108,43.9518],[15.4064,43.9594],[15.3959,43.9605]],[[15.3914,43.952],[15.393,43.9477],[15.3968,43.9477],[15.3959,43.95],[15.3914,43.952]],[[15.3974,43.9461],[15.4003,43.9436],[15.4019,43.944],[15.3974,43.9461]],[[15.4009,43.9426],[15.4079,43.9408],[15.4013,43.9431],[15.4009,43.9426]],[[15.4279,43.9339],[15.4317,43.932],[15.4308,43.9359],[15.4279,43.9339]],[[15.503,43.9035],[15.5056,43.9012],[15.5059,43.904],[15.503,43.9035]],[[15.4265,43.8877],[15.4157,43.8851],[15.4233,43.8757],[15.4335,43.8824],[15.4265,43.8877]],[[15.4385,43.8769],[15.4373,43.875],[15.4395,43.8757],[15.4385,43.8769]],[[15.3304,43.8738],[15.3149,43.8866],[15.3133,43.8821],[15.3194,43.8754],[15.3162,43.8722],[15.3016,43.8743],[15.3032,43.8782],[15.2946,43.8745],[15.2848,43.885],[15.2994,43.8848],[15.2826,43.8912],[15.2766,43.8871],[15.2724,43.8933],[15.2648,43.8935],[15.2607,43.8837],[15.2521,43.8846],[15.2655,43.8759],[15.2664,43.8805],[15.2791,43.8766],[15.312,43.8513],[15.3247,43.8502],[15.3358,43.8385],[15.3412,43.8405],[15.3484,43.832],[15.3541,43.8327],[15.3658,43.8187],[15.3722,43.8203],[15.3507,43.8373],[15.3504,43.8476],[15.3377,43.8522],[15.3352,43.8612],[15.3215,43.8678],[15.3304,43.8738]],[[15.3298,43.872],[15.3336,43.8687],[15.3355,43.874],[15.3298,43.872]],[[15.4274,43.8705],[15.4306,43.8659],[15.4467,43.8603],[15.4391,43.8686],[15.4274,43.8705]],[[15.4512,43.8656],[15.4537,43.8704],[15.4477,43.87],[15.4502,43.8686],[15.4512,43.8656]],[[15.4553,43.8704],[15.4581,43.8679],[15.4588,43.8688],[15.4553,43.8704]],[[15.4832,43.8683],[15.486,43.8671],[15.4883,43.869],[15.487,43.8701],[15.4832,43.8683]],[[15.5338,43.8625],[15.5435,43.852],[15.5527,43.8516],[15.551,43.8599],[15.5338,43.8625]],[[15.5543,43.8525],[15.5616,43.8501],[15.5673,43.8517],[15.5647,43.8558],[15.5543,43.8525]],[[15.5185,43.8504],[15.5024,43.8608],[15.498,43.861],[15.4994,43.8557],[15.4844,43.8614],[15.4914,43.8506],[15.5005,43.8461],[15.5185,43.8504]],[[15.5696,43.8485],[15.5636,43.8455],[15.5624,43.843],[15.5744,43.8424],[15.5696,43.8485]],[[15.5729,43.8398],[15.5802,43.8371],[15.584,43.8404],[15.5801,43.8426],[15.5729,43.8398]],[[15.5089,43.8363],[15.5054,43.8384],[15.5076,43.8356],[15.5089,43.8363]],[[15.5913,43.8368],[15.5876,43.8338],[15.5926,43.8349],[15.5913,43.8368]],[[15.5971,43.8343],[15.5927,43.8292],[15.5956,43.8258],[15.5887,43.8214],[15.5749,43.8348],[15.5666,43.8329],[15.5661,43.8281],[15.5741,43.8247],[15.5709,43.8212],[15.5989,43.7962],[15.6053,43.7926],[15.6132,43.7952],[15.619,43.784],[15.6257,43.7817],[15.6227,43.7741],[15.6321,43.776],[15.6529,43.7647],[15.6687,43.7648],[15.66,43.7776],[15.6438,43.7846],[15.6535,43.7865],[15.6432,43.7988],[15.6286,43.7954],[15.6313,43.7997],[15.6101,43.8094],[15.6086,43.8259],[15.6,43.8264],[15.5971,43.8343]],[[15.6582,43.7907],[15.6633,43.788],[15.6633,43.7889],[15.6582,43.7907]],[[15.6646,43.7868],[15.6675,43.7843],[15.6675,43.7859],[15.6646,43.7868]],[[15.6758,43.7798],[15.6771,43.7754],[15.6783,43.7814],[15.6758,43.7798]],[[15.6801,43.7688],[15.6829,43.7672],[15.6832,43.7688],[15.6801,43.7688]],[[15.4596,43.7344],[15.4615,43.7381],[15.4489,43.745],[15.3857,43.7722],[15.3613,43.7875],[15.3424,43.808],[15.2512,43.8624],[15.2582,43.861],[15.2601,43.8669],[15.268,43.8642],[15.2626,43.8699],[15.2382,43.8706],[15.2407,43.8734],[15.235,43.8775],[15.2205,43.8754],[15.2243,43.8722],[15.2201,43.8706],[15.248,43.85],[15.242,43.8504],[15.2411,43.8456],[15.2569,43.8383],[15.2537,43.8376],[15.2601,43.8293],[15.2715,43.8225],[15.2762,43.8264],[15.2851,43.8206],[15.2832,43.8169],[15.2917,43.8186],[15.2949,43.811],[15.3053,43.811],[15.299,43.8082],[15.3028,43.8009],[15.3069,43.8046],[15.3303,43.7869],[15.337,43.7896],[15.3502,43.7807],[15.3591,43.7816],[15.4596,43.7344]],[[15.6247,43.7629],[15.627,43.7604],[15.627,43.7624],[15.6247,43.7629]],[[15.677,43.7621],[15.6748,43.7607],[15.677,43.7605],[15.677,43.7621]],[[15.6324,43.7593],[15.6301,43.7611],[15.6302,43.7595],[15.6324,43.7593]],[[15.6749,43.7548],[15.6787,43.7552],[15.6805,43.758],[15.6789,43.7589],[15.6749,43.7548]],[[15.7231,43.7526],[15.7269,43.7508],[15.7249,43.7533],[15.7231,43.7526]],[[15.744,43.7488],[15.7565,43.7374],[15.7596,43.7374],[15.744,43.7488]],[[15.7809,43.738],[15.7956,43.7188],[15.8004,43.7205],[15.7959,43.7246],[15.8076,43.7221],[15.8034,43.7313],[15.7907,43.7367],[15.7884,43.7424],[15.7809,43.738]],[[15.8083,43.718],[15.8131,43.7134],[15.8169,43.7144],[15.8111,43.7208],[15.8083,43.718]],[[15.7759,43.7054],[15.7706,43.7178],[15.7814,43.7153],[15.7578,43.7333],[15.7518,43.7291],[15.7759,43.7054]],[[15.8385,43.709],[15.8348,43.6973],[15.8218,43.7016],[15.8202,43.697],[15.8715,43.6605],[15.8645,43.6722],[15.8698,43.6775],[15.8617,43.6914],[15.8455,43.7056],[15.8385,43.709]],[[15.9094,43.6736],[15.9122,43.6697],[15.9198,43.6711],[15.9125,43.677],[15.9094,43.6736]],[[15.8795,43.6596],[15.8835,43.6631],[15.8803,43.6695],[15.8787,43.6681],[15.8795,43.6596]],[[15.906,43.6593],[15.9026,43.6589],[15.9038,43.6559],[15.906,43.6593]],[[15.9111,43.6598],[15.9086,43.6531],[15.9139,43.6547],[15.9111,43.6598]],[[15.9007,43.6522],[15.8931,43.6542],[15.8938,43.6496],[15.9007,43.6522]],[[15.8426,43.6475],[15.8388,43.6498],[15.8388,43.6486],[15.8426,43.6475]],[[15.6937,43.628],[15.6822,43.6361],[15.6929,43.6369],[15.6996,43.6315],[15.7047,43.6331],[15.703,43.6377],[15.7107,43.6281],[15.7126,43.6331],[15.7313,43.6294],[15.7036,43.6427],[15.6868,43.6435],[15.6746,43.657],[15.6674,43.656],[15.6714,43.6597],[15.6625,43.6654],[15.6571,43.6649],[15.66,43.6605],[15.639,43.6716],[15.6239,43.6688],[15.6025,43.6787],[15.6072,43.6652],[15.6243,43.6584],[15.6214,43.6651],[15.6293,43.6631],[15.6588,43.639],[15.6937,43.628]],[[15.8164,43.6467],[15.8202,43.6426],[15.8218,43.643],[15.8196,43.646],[15.8164,43.6467]],[[15.7402,43.6448],[15.7396,43.6464],[15.738,43.6453],[15.7402,43.6448]],[[15.8984,43.6315],[15.8969,43.6281],[15.9089,43.6288],[15.8984,43.6315]],[[15.7373,43.6287],[15.7446,43.6244],[15.7465,43.626],[15.7373,43.6287]],[[15.682,43.6256],[15.682,43.6272],[15.6788,43.6265],[15.682,43.6256]],[[15.5739,43.6252],[15.5781,43.6246],[15.5787,43.6253],[15.5739,43.6252]],[[15.6064,43.6326],[15.6045,43.6349],[15.6039,43.6328],[15.6064,43.6326]],[[15.5576,43.6577],[15.5602,43.6582],[15.5579,43.6591],[15.5576,43.6577]],[[15.6791,43.6784],[15.6949,43.6785],[15.6923,43.6849],[15.677,43.694],[15.6682,43.6914],[15.6391,43.7095],[15.6453,43.6999],[15.6791,43.6784]],[[15.4856,43.6819],[15.4809,43.6846],[15.4831,43.6814],[15.4856,43.6819]],[[15.5215,43.6868],[15.5201,43.6902],[15.4664,43.711],[15.4835,43.7],[15.4831,43.6961],[15.5215,43.6868]],[[15.4739,43.6904],[15.4765,43.695],[15.4664,43.7003],[15.4651,43.6957],[15.4695,43.6973],[15.4739,43.6904]],[[15.4389,43.6957],[15.4351,43.6973],[15.4392,43.695],[15.4389,43.6957]],[[15.4607,43.7021],[15.4582,43.7058],[15.456,43.7044],[15.4607,43.7021]],[[15.4617,43.7067],[15.4655,43.7076],[15.4614,43.7094],[15.4617,43.7067]],[[15.4525,43.7081],[15.4528,43.7104],[15.4497,43.7092],[15.4525,43.7081]],[[15.6818,43.7151],[15.6889,43.7041],[15.6819,43.7025],[15.7116,43.6868],[15.6973,43.6884],[15.6983,43.681],[15.7104,43.679],[15.7232,43.6695],[15.7173,43.6798],[15.7243,43.6805],[15.7239,43.6872],[15.7299,43.6879],[15.7279,43.6927],[15.7175,43.6894],[15.7062,43.6986],[15.7081,43.7022],[15.6999,43.7072],[15.6984,43.7042],[15.6906,43.7131],[15.6931,43.717],[15.6716,43.7178],[15.6818,43.7151]],[[15.4541,43.7117],[15.4506,43.7159],[15.4484,43.7161],[15.4541,43.7117]],[[15.4339,43.7164],[15.4434,43.7177],[15.4364,43.7223],[15.4339,43.7164]],[[15.4333,43.7191],[15.4282,43.7196],[15.4329,43.7182],[15.4333,43.7191]],[[15.4165,43.7196],[15.4105,43.7244],[15.4029,43.727],[15.407,43.7212],[15.4165,43.7196]],[[15.4077,43.7313],[15.4229,43.7251],[15.4263,43.7267],[15.4175,43.7329],[15.4077,43.7313]],[[15.3991,43.7279],[15.3966,43.7302],[15.3947,43.7286],[15.3991,43.7279]],[[15.469,43.7319],[15.4696,43.7207],[15.474,43.7196],[15.4754,43.7271],[15.4829,43.7232],[15.4776,43.733],[15.469,43.7319]],[[15.5861,43.7336],[15.5808,43.7357],[15.5805,43.7336],[15.5861,43.7336]],[[15.593,43.7254],[15.5969,43.7195],[15.6009,43.7228],[15.593,43.7254]],[[15.6155,43.7243],[15.6215,43.722],[15.6155,43.7259],[15.6155,43.7243]],[[15.6889,43.7243],[15.6921,43.7214],[15.693,43.7228],[15.6889,43.7243]],[[15.608,43.7171],[15.6041,43.7196],[15.6026,43.7182],[15.608,43.7171]],[[15.463,43.7177],[15.4611,43.7218],[15.4415,43.729],[15.4589,43.7145],[15.463,43.7177]],[[15.4298,43.7244],[15.4323,43.7267],[15.4393,43.7269],[15.4311,43.7306],[15.4298,43.7244]],[[15.7777,43.6861],[15.7636,43.6957],[15.7535,43.6965],[15.747,43.7073],[15.7398,43.7038],[15.745,43.6896],[15.7507,43.6905],[15.7559,43.6846],[15.7656,43.6867],[15.7727,43.6806],[15.7777,43.6861]],[[15.7876,43.6729],[15.79,43.6835],[15.7849,43.6862],[15.7834,43.6802],[15.7876,43.6729]],[[15.7658,43.6664],[15.762,43.6707],[15.7551,43.6711],[15.7618,43.6654],[15.7658,43.6664]],[[15.8127,43.6629],[15.8108,43.6677],[15.8089,43.6654],[15.8127,43.6629]],[[15.7472,43.6687],[15.7392,43.6735],[15.7329,43.6707],[15.7472,43.6687]],[[15.7306,43.7033],[15.7243,43.7037],[15.731,43.701],[15.7306,43.7033]],[[15.7026,43.6705],[15.6997,43.6737],[15.7004,43.6707],[15.7026,43.6705]],[[15.6953,43.6736],[15.6909,43.6736],[15.6896,43.6711],[15.6909,43.6706],[15.6953,43.6736]],[[15.6725,43.6974],[15.6696,43.7001],[15.6684,43.6978],[15.6725,43.6974]],[[15.662,43.6987],[15.6661,43.704],[15.6617,43.7039],[15.662,43.6987]],[[15.5347,43.708],[15.5366,43.7055],[15.5404,43.709],[15.5347,43.708]],[[15.5285,43.7001],[15.5241,43.6996],[15.5217,43.6998],[15.5267,43.6978],[15.5285,43.7001]],[[15.5565,43.6891],[15.5591,43.6868],[15.561,43.6878],[15.5565,43.6891]],[[15.7359,43.659],[15.7438,43.6593],[15.7457,43.6604],[15.7359,43.659]],[[15.8852,43.6588],[15.8896,43.6567],[15.888,43.6606],[15.8852,43.6588]],[[15.883,43.6521],[15.8801,43.6564],[15.8782,43.6557],[15.883,43.6521]],[[15.3983,43.7358],[15.4039,43.738],[15.402,43.7403],[15.3983,43.7358]],[[15.3853,43.7382],[15.396,43.743],[15.3891,43.7458],[15.3853,43.7382]],[[15.384,43.7385],[15.3799,43.7417],[15.3805,43.7373],[15.384,43.7385]],[[15.3723,43.7431],[15.3828,43.7566],[15.3774,43.7586],[15.3647,43.7511],[15.3692,43.7589],[15.3635,43.7605],[15.3638,43.755],[15.3578,43.7506],[15.3723,43.7431]],[[15.3549,43.7548],[15.3527,43.7538],[15.3556,43.7536],[15.3549,43.7548]],[[15.3477,43.7564],[15.3404,43.7623],[15.3369,43.7628],[15.3423,43.7571],[15.3477,43.7564]],[[15.3518,43.7582],[15.3635,43.7632],[15.3433,43.7672],[15.3214,43.7784],[15.3123,43.7748],[15.3211,43.7699],[15.3274,43.7727],[15.3518,43.7582]],[[15.311,43.778],[15.3097,43.7825],[15.3053,43.7784],[15.2945,43.7805],[15.3047,43.7775],[15.311,43.778]],[[15.3351,43.7821],[15.3411,43.7818],[15.3322,43.7844],[15.3351,43.7821]],[[15.3505,43.7786],[15.3433,43.7766],[15.3528,43.774],[15.3505,43.7786]],[[15.3793,43.7467],[15.3853,43.7451],[15.3862,43.7511],[15.3793,43.7467]],[[15.2882,43.7869],[15.2933,43.7908],[15.287,43.7917],[15.2882,43.7869]],[[15.2765,43.7979],[15.2756,43.8048],[15.274,43.8009],[15.2673,43.8057],[15.2602,43.803],[15.2765,43.7979]],[[15.2534,43.8053],[15.2559,43.8082],[15.2525,43.8076],[15.2534,43.8053]],[[15.2686,43.8073],[15.2721,43.8066],[15.2686,43.8105],[15.2686,43.8073]],[[15.2591,43.8098],[15.2512,43.8147],[15.2461,43.8128],[15.2528,43.8092],[15.2591,43.8098]],[[15.2781,43.8108],[15.2825,43.8073],[15.2854,43.8071],[15.2819,43.8108],[15.2781,43.8108]],[[15.2936,43.8014],[15.2974,43.7983],[15.2974,43.7988],[15.2936,43.8014]],[[15.2499,43.8163],[15.2559,43.8197],[15.2651,43.8172],[15.2639,43.8234],[15.2544,43.8268],[15.2547,43.8209],[15.2499,43.8268],[15.2296,43.8335],[15.242,43.8236],[15.2417,43.8186],[15.2499,43.8213],[15.2499,43.8163]],[[15.2328,43.8268],[15.2293,43.8268],[15.2259,43.8275],[15.2306,43.8238],[15.2328,43.8268]],[[15.2262,43.833],[15.2278,43.836],[15.223,43.8348],[15.2262,43.833]],[[15.249,43.8291],[15.2544,43.828],[15.2493,43.8312],[15.249,43.8291]],[[15.2791,43.8206],[15.2819,43.8183],[15.2819,43.8192],[15.2791,43.8206]],[[15.2388,43.8376],[15.2411,43.8397],[15.2376,43.8383],[15.2388,43.8376]],[[15.2319,43.8475],[15.2347,43.8537],[15.2262,43.8603],[15.2211,43.8575],[15.2319,43.8475]],[[15.2151,43.8497],[15.2125,43.8511],[15.2116,43.8497],[15.2151,43.8497]],[[15.2062,43.8509],[15.211,43.8518],[15.2033,43.8534],[15.2062,43.8509]],[[15.2113,43.8562],[15.2116,43.8587],[15.21,43.8571],[15.2113,43.8562]],[[15.2386,43.848],[15.2366,43.8511],[15.2366,43.8484],[15.2386,43.848]],[[15.2148,43.8614],[15.2154,43.8708],[15.2068,43.8706],[15.2065,43.8688],[15.2148,43.8614]],[[15.2017,43.8666],[15.1953,43.8705],[15.201,43.8737],[15.2,43.8781],[15.1791,43.8836],[15.168,43.8971],[15.1587,43.8924],[15.1501,43.8998],[15.1534,43.8994],[15.1451,43.9164],[15.1335,43.9143],[15.1363,43.9166],[15.1308,43.9209],[15.1388,43.9283],[15.1467,43.9239],[15.1477,43.9164],[15.1518,43.918],[15.1655,43.909],[15.1578,43.9097],[15.1575,43.9017],[15.1781,43.9049],[15.188,43.8983],[15.1896,43.9058],[15.1943,43.8946],[15.2096,43.8877],[15.2191,43.8907],[15.213,43.8997],[15.2264,43.8967],[15.2235,43.9049],[15.1727,43.926],[15.1769,43.9272],[15.168,43.9393],[15.1632,43.9427],[15.1597,43.9389],[15.1454,43.9471],[15.1486,43.9508],[15.1448,43.956],[15.1318,43.9583],[15.127,43.9666],[15.1162,43.9705],[15.1225,43.9757],[15.1196,43.9799],[15.0986,43.9911],[15.0968,43.9785],[15.0777,43.9904],[15.071,44.0002],[15.0618,44.0002],[15.0519,44.0082],[15.0299,44.035],[15.0219,44.0563],[15.0234,44.0646],[15.0203,44.0616],[15.0145,44.071],[15.0053,44.0687],[15.0021,44.0737],[15.0107,44.074],[15.01,44.0824],[14.9963,44.0881],[14.9999,44.0802],[14.9954,44.0794],[14.9475,44.1023],[14.9478,44.1084],[14.9405,44.11],[14.9446,44.1197],[14.922,44.1231],[14.9069,44.1393],[14.911,44.1432],[14.8963,44.1535],[14.8928,44.1505],[14.8883,44.1587],[14.8823,44.1594],[14.8842,44.1656],[14.8701,44.1646],[14.8733,44.1683],[14.8583,44.1777],[14.8535,44.1742],[14.858,44.1667],[14.8615,44.1678],[14.869,44.1516],[14.8818,44.1394],[14.8687,44.1424],[14.8572,44.1522],[14.8572,44.1472],[14.8454,44.1531],[14.8537,44.1428],[14.8355,44.1462],[14.8249,44.1571],[14.8307,44.162],[14.8393,44.1611],[14.8329,44.1657],[14.8199,44.1574],[14.8244,44.1461],[14.8346,44.1404],[14.8758,44.1241],[14.8745,44.1348],[14.892,44.1262],[14.9189,44.1077],[14.9394,44.085],[14.9716,44.0697],[14.9882,44.0542],[14.9926,44.0567],[14.9917,44.0517],[15.0201,44.0251],[15.0262,44.0107],[15.058,43.9802],[15.0692,43.9603],[15.0819,43.9523],[15.0772,43.9498],[15.1604,43.8856],[15.2017,43.8666]],[[15.1846,43.8678],[15.1812,43.8706],[15.1802,43.8665],[15.1846,43.8678]],[[15.1777,43.8727],[15.1767,43.8754],[15.1745,43.8747],[15.1777,43.8727]],[[14.9221,44.0923],[14.9177,44.0937],[14.9161,44.0916],[14.9221,44.0923]],[[14.9041,44.1902],[14.9405,44.1696],[14.9184,44.1902],[14.9041,44.1902]],[[14.8566,44.1838],[14.8525,44.1813],[14.8567,44.1784],[14.8566,44.1838]],[[14.8471,44.187],[14.8454,44.1893],[14.8435,44.1879],[14.8471,44.187]],[[14.8977,44.1929],[14.9021,44.1943],[14.8974,44.1973],[14.8977,44.1929]],[[14.932,44.1543],[14.9483,44.1456],[14.9281,44.1623],[14.9096,44.1716],[14.8892,44.1748],[14.9007,44.1624],[14.917,44.1611],[14.9186,44.1547],[14.9276,44.1508],[14.932,44.1543]],[[14.9397,44.1424],[14.9397,44.1447],[14.9375,44.1444],[14.9397,44.1424]],[[14.9537,44.1357],[14.9515,44.1387],[14.9509,44.1369],[14.9537,44.1357]],[[14.9315,44.1281],[14.928,44.1277],[14.9312,44.127],[14.9315,44.1281]],[[15.0418,44.1245],[15.038,44.1254],[15.0415,44.1236],[15.0418,44.1245]],[[14.9523,44.1163],[14.95,44.1192],[14.9488,44.1176],[14.9523,44.1163]],[[14.9564,44.1062],[14.9574,44.1089],[14.9558,44.1082],[14.9564,44.1062]],[[14.9921,44.0881],[14.9915,44.0934],[14.9868,44.0897],[14.9921,44.0881]],[[15.148,44.0171],[15.155,44.0146],[15.1546,44.0159],[15.1518,44.0166],[15.1546,44.0226],[15.1451,44.021],[15.1467,44.0276],[15.1301,44.0327],[15.1286,44.04],[15.1184,44.0437],[15.1136,44.0519],[15.1098,44.0505],[15.1126,44.0533],[15.1075,44.0569],[15.1113,44.0586],[15.1024,44.0677],[15.0973,44.0672],[15.0973,44.0725],[15.0703,44.0835],[15.078,44.0601],[15.0716,44.0608],[15.077,44.0525],[15.0882,44.0516],[15.1353,44.0116],[15.1677,43.9972],[15.148,44.0171]],[[15.1572,44.0114],[15.1626,44.0086],[15.1572,44.0123],[15.1572,44.0114]],[[15.1731,44.0121],[15.1759,44.0095],[15.1759,44.0121],[15.1731,44.0121]],[[15.0932,43.9943],[15.0821,44.0],[15.0951,43.9906],[15.0932,43.9943]],[[15.0862,44.0076],[15.0763,44.0241],[15.0728,44.0229],[15.0741,44.0268],[15.0633,44.0314],[15.0658,44.0401],[15.0508,44.0426],[15.059,44.0339],[15.056,44.0307],[15.0623,44.0289],[15.0541,44.0263],[15.0553,44.0224],[15.0595,44.0243],[15.0764,44.0089],[15.0862,44.0076]],[[15.0391,44.0371],[15.0416,44.0401],[15.0394,44.0412],[15.0391,44.0371]],[[15.1022,44.0326],[15.1054,44.0303],[15.1038,44.0331],[15.1022,44.0326]],[[15.1117,44.018],[15.1149,44.015],[15.1162,44.0187],[15.1117,44.018]],[[15.0725,44.0638],[15.0706,44.0656],[15.0687,44.0635],[15.0725,44.0638]],[[15.0649,44.0647],[15.0671,44.069],[15.0617,44.0706],[15.0617,44.0688],[15.0649,44.0647]],[[15.0566,44.082],[15.0512,44.0794],[15.0595,44.0765],[15.0598,44.0781],[15.0566,44.082]],[[15.1196,44.0551],[15.1231,44.0517],[15.1231,44.0542],[15.1196,44.0551]],[[15.1301,44.0434],[15.1378,44.0361],[15.1365,44.0423],[15.1301,44.0434]],[[15.211,44.0331],[15.2123,44.0283],[15.2158,44.0292],[15.211,44.0331]],[[15.2205,44.0246],[15.217,44.0226],[15.2218,44.0233],[15.2205,44.0246]],[[15.1421,43.9603],[15.1405,43.9692],[15.1313,43.9678],[15.1421,43.9603]],[[15.1459,43.9651],[15.1481,43.9628],[15.1488,43.9649],[15.1459,43.9651]],[[15.1697,43.9637],[15.17,43.9615],[15.1726,43.9617],[15.1697,43.9637]],[[15.1792,43.9541],[15.1751,43.9569],[15.1764,43.953],[15.1792,43.9541]],[[15.2269,43.9213],[15.2072,43.942],[15.1929,43.9459],[15.2072,43.9287],[15.2269,43.9213]],[[15.2687,43.9394],[15.2801,43.9382],[15.2677,43.9403],[15.2687,43.9394]],[[15.3102,43.9187],[15.3115,43.9139],[15.3178,43.9171],[15.3064,43.9279],[15.2833,43.9387],[15.2833,43.933],[15.3102,43.9187]],[[15.3254,43.9077],[15.3305,43.9109],[15.3219,43.9144],[15.3254,43.9077]],[[15.3356,43.9057],[15.3495,43.8981],[15.3353,43.9073],[15.3356,43.9057]],[[15.2534,43.8938],[15.255,43.9006],[15.2455,43.9011],[15.2534,43.8938]],[[15.2731,43.9052],[15.2744,43.9068],[15.2731,43.9071],[15.2731,43.9052]],[[15.2671,43.9087],[15.2639,43.9096],[15.2661,43.9073],[15.2671,43.9087]],[[15.2617,43.9114],[15.261,43.9174],[15.2563,43.9155],[15.2617,43.9114]],[[15.2297,43.9151],[15.2301,43.9188],[15.2275,43.9188],[15.2297,43.9151]],[[15.2741,43.9217],[15.2709,43.9243],[15.2569,43.9275],[15.2614,43.9215],[15.2741,43.9217]],[[15.2883,43.9286],[15.2855,43.9263],[15.2896,43.927],[15.2883,43.9286]],[[15.2845,43.9236],[15.2785,43.9249],[15.2785,43.922],[15.2845,43.9236]],[[15.2284,43.8917],[15.2319,43.888],[15.2376,43.889],[15.2284,43.8917]],[[15.2449,43.8903],[15.2496,43.8892],[15.2449,43.8915],[15.2449,43.8903]],[[15.2566,43.8908],[15.2585,43.8869],[15.261,43.8871],[15.2566,43.8908]],[[15.2262,43.877],[15.223,43.8818],[15.2271,43.8841],[15.2166,43.8892],[15.2132,43.8873],[15.216,43.8832],[15.2078,43.877],[15.2262,43.877]],[[15.2357,43.878],[15.2379,43.8812],[15.2347,43.883],[15.2341,43.8825],[15.2357,43.878]],[[15.2439,43.8773],[15.2401,43.8796],[15.242,43.8766],[15.2439,43.8773]],[[15.1349,43.919],[15.1361,43.9224],[15.1336,43.9211],[15.1349,43.919]],[[15.1387,43.9247],[15.1409,43.9213],[15.1425,43.9224],[15.1387,43.9247]],[[15.28,43.8608],[15.2715,43.8649],[15.268,43.8621],[15.2765,43.8578],[15.28,43.8608]],[[15.3763,43.8171],[15.3734,43.8194],[15.376,43.8165],[15.3763,43.8171]],[[15.3595,43.808],[15.3642,43.8084],[15.3652,43.8093],[15.3617,43.8125],[15.3595,43.808]],[[15.5601,43.8246],[15.5629,43.8274],[15.5588,43.8255],[15.5601,43.8246]],[[15.3722,43.8258],[15.3696,43.8295],[15.3643,43.8313],[15.3674,43.8254],[15.3722,43.8258]],[[15.5064,43.8301],[15.5112,43.832],[15.5268,43.8271],[15.5121,43.8352],[15.5064,43.8301]],[[15.5821,43.836],[15.5825,43.8316],[15.5863,43.8351],[15.5821,43.836]],[[15.5027,43.8259],[15.5046,43.8289],[15.5011,43.828],[15.5027,43.8259]],[[15.4815,43.8451],[15.4853,43.8483],[15.4841,43.8488],[15.4815,43.8451]],[[15.4597,43.8523],[15.4533,43.8534],[15.4622,43.85],[15.4597,43.8523]],[[15.3402,43.8676],[15.3396,43.8703],[15.3368,43.8674],[15.3402,43.8676]],[[15.3942,43.8939],[15.403,43.8822],[15.4103,43.8833],[15.3989,43.8891],[15.3942,43.8939]],[[15.4078,43.8914],[15.4104,43.8888],[15.4126,43.8893],[15.4078,43.8914]],[[15.3105,43.8853],[15.3076,43.8876],[15.3083,43.8848],[15.3105,43.8853]],[[15.3498,43.8905],[15.353,43.8882],[15.3526,43.8905],[15.3498,43.8905]],[[15.3311,43.8772],[15.3358,43.8777],[15.3362,43.8802],[15.3336,43.88],[15.3311,43.8772]],[[15.0357,44.1293],[15.0396,44.1309],[15.0367,44.1316],[15.0357,44.1293]],[[15.9124,43.5912],[15.913,43.5944],[15.9108,43.5916],[15.9124,43.5912]],[[15.8709,43.5756],[15.8734,43.577],[15.8727,43.5774],[15.8709,43.5756]],[[15.9053,43.5677],[15.8965,43.5732],[15.8924,43.5723],[15.9053,43.5677]],[[15.8795,43.563],[15.8785,43.5662],[15.8754,43.5653],[15.8763,43.5642],[15.8795,43.563]],[[15.9318,43.5415],[15.9359,43.5401],[15.9356,43.5431],[15.9318,43.5415]],[[15.8892,43.5369],[15.8879,43.5399],[15.8861,43.5383],[15.8892,43.5369]],[[15.9676,43.5187],[15.9752,43.5199],[15.9723,43.5291],[15.9668,43.5286],[15.9676,43.5187]],[[15.9431,43.5168],[15.9443,43.5188],[15.9412,43.5177],[15.9431,43.5168]],[[15.9428,43.5101],[15.9399,43.5154],[15.9368,43.5142],[15.9428,43.5101]],[[16.0336,43.4804],[16.0322,43.4815],[16.0324,43.4802],[16.0336,43.4804]],[[16.0335,43.4732],[16.0203,43.4763],[16.0184,43.4749],[16.0335,43.4732]],[[16.0393,43.4747],[16.0408,43.4732],[16.0407,43.4749],[16.0393,43.4747]],[[16.0109,43.4748],[16.0091,43.4759],[16.0083,43.4757],[16.0109,43.4748]]]}},{"type":"Feature","properties":{"code":"HR805","name":"Middle Dalmatia region"},"geometry":{"type":"Polygon","coordinates":[[[15.9212,43.2349],[16.0528,43.4768],[16.0584,43.4759],[16.0656,43.4859],[16.0909,43.4743],[16.1139,43.4723],[16.1278,43.4791],[16.1116,43.4858],[16.1112,43.4905],[16.1177,43.4849],[16.1362,43.4826],[16.169,43.4869],[16.1766,43.4945],[16.1747,43.5007],[16.1636,43.4995],[16.1108,43.512],[16.1311,43.5183],[16.1847,43.5099],[16.1809,43.5057],[16.2093,43.5095],[16.2247,43.5166],[16.2469,43.5143],[16.272,43.5252],[16.2947,43.5232],[16.3101,43.5379],[16.3486,43.5495],[16.4303,43.5436],[16.4391,43.5376],[16.4691,43.536],[16.4759,43.5319],[16.4597,43.5296],[16.4659,43.5301],[16.4718,43.5277],[16.4455,43.5296],[16.4401,43.524],[16.4395,43.5277],[16.4269,43.5284],[16.4231,43.5259],[16.4303,43.5236],[16.4205,43.5213],[16.4278,43.5199],[16.4256,43.5151],[16.4029,43.5142],[16.3881,43.5077],[16.4285,43.4998],[16.436,43.5064],[16.442,43.5045],[16.4408,43.5],[16.453,43.4991],[16.4767,43.502],[16.5256,43.4988],[16.5299,43.5036],[16.5386,43.4893],[16.5797,43.4632],[16.6202,43.4529],[16.643,43.4379],[16.6769,43.4386],[16.6925,43.446],[16.6888,43.4409],[16.6949,43.4404],[16.7107,43.4206],[16.726,43.4126],[16.7923,43.4024],[16.8687,43.3974],[16.8867,43.4009],[16.9232,43.37],[16.9477,43.3585],[16.9629,43.3388],[17.0102,43.3003],[17.0088,43.2939],[17.0155,43.2937],[17.017,43.2875],[17.049,43.2715],[17.0587,43.26],[17.0609,43.2488],[17.0732,43.243],[17.0763,43.2338],[17.107,43.2249],[17.1102,43.2086],[17.1377,43.1937],[17.1415,43.1967],[17.1525,43.193],[17.1621,43.179],[17.1753,43.1724],[17.1988,43.1703],[17.242,43.1528],[17.2609,43.1507],[17.2601,43.1461],[17.2808,43.1387],[17.2899,43.1259],[17.3249,43.1168],[17.3364,43.1102],[17.3373,43.1042],[17.3436,43.1037],[17.3567,43.0826],[17.3617,43.0842],[17.3769,43.064],[17.3903,43.0582],[17.4068,43.0405],[17.4165,43.0395],[17.4226,43.0632],[17.4288,43.0533],[17.4345,43.0542],[17.4348,43.0529],[17.4234,43.0484],[17.4277,43.0454],[17.4225,43.0425],[17.423,43.0301],[17.4581,43.0488],[17.4713,43.0495],[17.4722,43.0444],[17.4535,43.0447],[17.424,43.0278],[17.4355,43.031],[17.4415,43.0273],[17.4484,43.0367],[17.4596,43.036],[17.4612,43.0311],[17.4446,43.0188],[17.4599,43.0208],[17.4667,43.0125],[17.4614,43.0105],[17.4654,43.0011],[17.4791,43.0033],[17.4712,42.9898],[17.4912,42.979],[17.4877,42.9758],[17.4933,42.9693],[17.5063,42.968],[17.5098,42.9648],[17.5041,42.9647],[17.5104,42.9574],[17.5378,42.9413],[17.5448,42.9398],[17.5443,42.9442],[17.5588,42.9392],[17.5631,42.9432],[17.5778,42.9387],[17.5522,42.9363],[17.5436,42.9283],[17.5497,42.9232],[17.6427,42.8845],[17.6494,42.8887],[17.6915,42.8665],[17.6997,42.8676],[17.702,42.8788],[17.709,42.8822],[17.718,42.8758],[17.7029,42.8684],[17.7014,42.8615],[17.7075,42.8561],[17.6958,42.8602],[17.7437,42.8342],[17.7317,42.8338],[17.7052,42.8464],[17.7042,42.8529],[17.6803,42.8626],[17.6833,42.8637],[17.6801,42.8699],[17.6496,42.8805],[17.6679,42.8675],[17.6505,42.8705],[17.6084,42.8959],[17.5972,42.8952],[17.5275,42.9242],[17.5167,42.9235],[17.5238,42.9198],[17.532,42.9036],[17.5196,42.906],[17.5142,42.9123],[17.4876,42.9104],[17.478,42.9205],[17.4779,42.9143],[17.4698,42.9161],[17.4689,42.9215],[17.4512,42.9283],[17.4475,42.9332],[17.4497,42.9401],[17.4388,42.9537],[17.3883,42.9671],[17.3612,42.9812],[17.2938,43.0043],[17.2832,43.0036],[17.2699,43.0114],[17.2626,43.0087],[17.167,43.0249],[17.0763,43.019],[17.0463,43.0352],[17.0341,43.0371],[17.0363,43.0405],[17.0307,43.0435],[17.0056,43.0483],[17.0006,43.0469],[16.9915,43.0282],[16.9899,43.0146],[16.9949,43.0011],[17.0099,42.9911],[16.9985,42.9861],[16.9114,42.9804],[16.86,42.9675],[16.7408,42.9904],[16.7372,42.9961],[16.728,42.9982],[16.6908,43.0018],[16.3619,43.0022],[16.3429,42.9404],[16.3167,42.8833],[16.2525,42.8178],[16.1936,42.8144],[16.1437,42.7846],[16.0841,42.7639],[16.0335,42.7554],[15.9628,42.7556],[15.9168,42.7632],[15.8732,42.7765],[15.8144,42.807],[15.7596,42.8084],[15.6164,42.8321],[15.5541,42.8574],[15.5016,42.894],[15.4116,42.8949],[15.331,42.9156],[15.2803,42.9414],[15.2386,42.975],[15.2065,43.0178],[15.1901,43.0615],[15.1868,43.0964],[15.1939,43.138],[15.2126,43.1776],[15.2312,43.202],[15.2674,43.2345],[15.2964,43.2528],[15.3456,43.2743],[15.3814,43.2842],[15.4474,43.2925],[15.5281,43.2865],[15.5946,43.267],[15.634,43.2473],[15.6682,43.2228],[15.7259,43.2332],[15.7958,43.2336],[15.8772,43.2166],[15.9212,43.2349]],[[16.5471,43.232],[16.5506,43.2244],[16.5434,43.229],[16.5415,43.2253],[16.5371,43.2282],[16.5362,43.2239],[16.5292,43.2307],[16.5198,43.2254],[16.5398,43.2104],[16.5403,43.2163],[16.5488,43.2136],[16.5507,43.2196],[16.5576,43.2194],[16.5617,43.2134],[16.5561,43.2114],[16.5631,43.2015],[16.5757,43.2016],[16.5703,43.1976],[16.576,43.1945],[16.5748,43.1903],[16.5977,43.1838],[16.5676,43.1782],[16.5396,43.1899],[16.5266,43.2032],[16.4735,43.2107],[16.4683,43.2106],[16.467,43.2041],[16.4637,43.2087],[16.4537,43.2087],[16.4563,43.2022],[16.4493,43.2062],[16.4474,43.1983],[16.4383,43.2029],[16.4385,43.1949],[16.4303,43.2011],[16.4334,43.1928],[16.4288,43.1948],[16.4264,43.1904],[16.4253,43.1993],[16.4173,43.1931],[16.4122,43.1987],[16.4164,43.189],[16.4007,43.1948],[16.3956,43.192],[16.3915,43.1984],[16.3663,43.1957],[16.3774,43.1886],[16.4222,43.1797],[16.4252,43.1736],[16.4389,43.172],[16.4439,43.1675],[16.4404,43.1647],[16.4487,43.1619],[16.4548,43.1641],[16.4663,43.1578],[16.4808,43.1637],[16.5417,43.1404],[16.5661,43.1424],[16.5859,43.134],[16.6634,43.1214],[16.7832,43.1273],[16.9417,43.1122],[16.9702,43.1125],[16.9799,43.1187],[17.0018,43.1134],[17.0353,43.1146],[17.0416,43.1185],[17.0572,43.1132],[17.0835,43.1169],[17.0885,43.1139],[17.0967,43.1185],[17.1132,43.1139],[17.1968,43.1251],[17.1859,43.1315],[17.1452,43.1396],[17.1039,43.1334],[17.091,43.138],[17.0622,43.1355],[17.0384,43.1407],[17.0334,43.138],[17.0234,43.1439],[17.0143,43.14],[17.0083,43.1448],[16.9598,43.1519],[16.8984,43.1511],[16.8949,43.1562],[16.8862,43.1482],[16.8814,43.1562],[16.8852,43.1603],[16.8749,43.1568],[16.8789,43.1607],[16.8742,43.1617],[16.8636,43.16],[16.8664,43.1568],[16.8407,43.1545],[16.8417,43.1588],[16.8335,43.1609],[16.82,43.1613],[16.8144,43.156],[16.7821,43.1605],[16.7787,43.1569],[16.7577,43.1644],[16.7486,43.1582],[16.7492,43.1641],[16.7243,43.1567],[16.7043,43.1622],[16.7035,43.1667],[16.6931,43.163],[16.6978,43.1662],[16.6956,43.1706],[16.6727,43.1825],[16.6875,43.1766],[16.6918,43.1805],[16.7012,43.1789],[16.6867,43.1839],[16.682,43.1917],[16.6739,43.1898],[16.6776,43.1937],[16.6694,43.199],[16.6644,43.1964],[16.6616,43.2001],[16.6706,43.2084],[16.6671,43.2129],[16.6552,43.2127],[16.6514,43.2184],[16.6449,43.2124],[16.6433,43.2193],[16.6389,43.2163],[16.6408,43.2128],[16.6173,43.2114],[16.6075,43.2205],[16.5819,43.206],[16.5824,43.2147],[16.5693,43.2135],[16.5754,43.2332],[16.5681,43.235],[16.5672,43.2295],[16.5615,43.2359],[16.5471,43.232]],[[16.6986,43.1899],[16.6911,43.1906],[16.6911,43.1896],[16.6986,43.1899]],[[16.3806,43.1454],[16.3788,43.1467],[16.3776,43.1455],[16.3806,43.1454]],[[16.3634,43.1512],[16.3626,43.1566],[16.3546,43.155],[16.3596,43.1505],[16.3634,43.1512]],[[16.3651,43.1541],[16.3715,43.1541],[16.3714,43.1622],[16.3765,43.1547],[16.38,43.1595],[16.3839,43.1534],[16.3886,43.1594],[16.3888,43.1527],[16.3967,43.1594],[16.4017,43.1557],[16.4007,43.1677],[16.392,43.1618],[16.3949,43.1644],[16.385,43.1667],[16.3815,43.1627],[16.3761,43.1692],[16.3661,43.1653],[16.3567,43.1728],[16.3537,43.1702],[16.3503,43.1776],[16.3427,43.1737],[16.3381,43.1767],[16.3382,43.1725],[16.3298,43.1688],[16.3313,43.1651],[16.3387,43.1695],[16.3482,43.1676],[16.3459,43.1618],[16.3561,43.1649],[16.3565,43.1595],[16.3634,43.1637],[16.3684,43.1593],[16.3651,43.1541]],[[16.3115,43.1704],[16.3177,43.1725],[16.3162,43.1762],[16.312,43.1764],[16.3115,43.1704]],[[16.3323,43.175],[16.3323,43.1729],[16.3332,43.1728],[16.3323,43.175]],[[16.327,43.1734],[16.3274,43.1749],[16.3233,43.1738],[16.327,43.1734]],[[16.3644,43.1701],[16.3643,43.1689],[16.3656,43.17],[16.3644,43.1701]],[[16.4041,43.1685],[16.4048,43.167],[16.4051,43.1684],[16.4041,43.1685]],[[16.438,43.1672],[16.4356,43.1665],[16.4382,43.1666],[16.438,43.1672]],[[16.4205,43.1646],[16.4108,43.1558],[16.4162,43.1514],[16.42,43.1608],[16.4286,43.1571],[16.4205,43.1646]],[[16.4301,43.157],[16.4335,43.157],[16.4373,43.1601],[16.4314,43.1622],[16.4301,43.157]],[[16.4518,43.158],[16.4512,43.1563],[16.4534,43.1568],[16.4518,43.158]],[[16.4106,43.1565],[16.4105,43.1576],[16.4097,43.1575],[16.4106,43.1565]],[[16.4049,43.1618],[16.4087,43.1605],[16.4115,43.1608],[16.4049,43.1618]],[[16.416,43.1645],[16.4136,43.16],[16.4167,43.1621],[16.416,43.1645]],[[16.4048,43.1976],[16.4051,43.1963],[16.406,43.1971],[16.4048,43.1976]],[[16.6964,43.0988],[16.6729,43.0967],[16.6736,43.0919],[16.6685,43.0935],[16.6689,43.09],[16.6601,43.0877],[16.7162,43.0803],[16.7152,43.0844],[16.7212,43.0813],[16.7218,43.0849],[16.7384,43.0843],[16.7412,43.0887],[16.7308,43.0953],[16.713,43.0973],[16.7074,43.0938],[16.7039,43.0979],[16.7005,43.0901],[16.6964,43.0988]],[[16.1854,43.08],[16.1379,43.08],[16.1309,43.0747],[16.1225,43.0798],[16.1238,43.0769],[16.1211,43.0748],[16.1163,43.0785],[16.1124,43.0748],[16.0855,43.0732],[16.0514,43.058],[16.0481,43.0552],[16.0552,43.0534],[16.0624,43.0421],[16.0824,43.0494],[16.0905,43.0392],[16.091,43.0253],[16.07,43.0145],[16.0658,43.0079],[16.1005,43.0059],[16.133,43.0143],[16.1556,43.0143],[16.1606,43.0185],[16.1703,43.0153],[16.171,43.0204],[16.174,43.0172],[16.1845,43.022],[16.1915,43.0179],[16.1963,43.0194],[16.1955,43.0239],[16.2144,43.0174],[16.2123,43.0253],[16.2212,43.0234],[16.2234,43.0296],[16.2297,43.0309],[16.2307,43.0411],[16.2509,43.0512],[16.2567,43.0606],[16.251,43.0592],[16.2566,43.0663],[16.2484,43.0669],[16.2536,43.0734],[16.2454,43.073],[16.2404,43.0652],[16.2423,43.0729],[16.2362,43.0723],[16.2428,43.077],[16.2398,43.0778],[16.228,43.0723],[16.2262,43.0767],[16.2098,43.0727],[16.1968,43.0603],[16.1874,43.0607],[16.1833,43.0635],[16.1887,43.0627],[16.1883,43.0696],[16.1923,43.068],[16.1977,43.0756],[16.1927,43.0738],[16.1769,43.0793],[16.1854,43.08]],[[16.2042,43.0776],[16.1999,43.0759],[16.2048,43.0773],[16.2042,43.0776]],[[16.265,43.0532],[16.2646,43.0495],[16.2666,43.0535],[16.265,43.0532]],[[16.2534,43.0369],[16.2555,43.0349],[16.2566,43.0377],[16.2534,43.0369]],[[16.8165,43.0327],[16.819,43.0285],[16.824,43.0281],[16.8165,43.0327]],[[16.2468,43.0253],[16.238,43.0293],[16.2393,43.0232],[16.2468,43.0253]],[[16.2368,43.025],[16.2358,43.0263],[16.235,43.0255],[16.2368,43.025]],[[16.2208,43.018],[16.2275,43.0153],[16.2296,43.0217],[16.2265,43.0213],[16.2208,43.018]],[[15.7393,43.0146],[15.761,43.0201],[15.7671,43.0301],[15.7497,43.0322],[15.7243,43.0211],[15.7271,43.0163],[15.7393,43.0146]],[[16.5826,43.0842],[16.5813,43.0821],[16.5838,43.0833],[16.5826,43.0842]],[[16.5744,43.0862],[16.576,43.0878],[16.5728,43.0867],[16.5744,43.0862]],[[15.4588,43.0867],[15.455,43.0884],[15.4546,43.0874],[15.4588,43.0867]],[[15.7976,43.0038],[15.8014,43.0048],[15.7976,43.0052],[15.7976,43.0038]],[[16.0065,42.9945],[15.9982,42.9911],[16.0014,42.9874],[15.9966,42.9833],[16.0026,42.9836],[15.9966,42.9801],[16.0002,42.967],[15.9942,42.9545],[16.0072,42.9626],[16.0176,42.9605],[16.0209,42.9694],[16.0194,42.9887],[16.0065,42.9945]],[[17.4544,42.9546],[17.4576,42.9532],[17.4579,42.9545],[17.4544,42.9546]],[[17.474,42.9384],[17.4749,42.9354],[17.4759,42.9368],[17.474,42.9384]],[[17.4987,42.9288],[17.4969,42.9277],[17.499,42.9278],[17.4987,42.9288]],[[17.4855,42.9272],[17.483,42.9272],[17.4861,42.9255],[17.4855,42.9272]],[[17.5019,42.9256],[17.5021,42.9205],[17.5082,42.92],[17.509,42.9212],[17.5019,42.9256]],[[17.4926,42.9189],[17.4892,42.9205],[17.491,42.9184],[17.4926,42.9189]],[[17.4714,42.9251],[17.4764,42.9258],[17.4761,42.9272],[17.4736,42.929],[17.4714,42.9251]],[[17.7229,42.8429],[17.7237,42.8412],[17.724,42.843],[17.7229,42.8429]],[[16.6358,43.2569],[16.7528,43.265],[16.7873,43.2624],[16.8133,43.2693],[16.8409,43.2692],[16.84,43.2735],[16.8544,43.271],[16.8578,43.2788],[16.8672,43.2814],[16.8602,43.2871],[16.8723,43.2855],[16.8748,43.2805],[16.8836,43.2842],[16.8792,43.2862],[16.8813,43.2963],[16.8958,43.3002],[16.8863,43.3078],[16.8935,43.3069],[16.8995,43.3145],[16.8636,43.3259],[16.8668,43.33],[16.852,43.3382],[16.8488,43.335],[16.8425,43.3428],[16.8397,43.3386],[16.8322,43.3409],[16.837,43.3335],[16.8302,43.3326],[16.8221,43.3407],[16.8166,43.3358],[16.8125,43.3362],[16.8133,43.3407],[16.8014,43.3404],[16.7991,43.3364],[16.7929,43.3404],[16.8196,43.3462],[16.8004,43.3546],[16.7966,43.3514],[16.7865,43.3548],[16.7819,43.3493],[16.7818,43.3571],[16.7428,43.362],[16.7433,43.346],[16.7347,43.3489],[16.7394,43.3519],[16.7356,43.3622],[16.724,43.3629],[16.7196,43.3587],[16.7205,43.3629],[16.7136,43.3658],[16.6871,43.3696],[16.6821,43.3662],[16.6796,43.3721],[16.6667,43.3696],[16.6497,43.3764],[16.6289,43.3786],[16.6208,43.3744],[16.6151,43.3804],[16.6005,43.3771],[16.6006,43.3817],[16.5481,43.3862],[16.5503,43.3888],[16.5129,43.3838],[16.4402,43.3937],[16.4267,43.3898],[16.4335,43.3765],[16.4403,43.3772],[16.4492,43.3691],[16.445,43.3678],[16.4442,43.359],[16.4629,43.3545],[16.4448,43.3524],[16.4313,43.3434],[16.4341,43.3304],[16.4469,43.3291],[16.4486,43.3257],[16.4385,43.3282],[16.4237,43.3239],[16.4173,43.3324],[16.4077,43.3343],[16.4103,43.3163],[16.4202,43.3163],[16.4284,43.3097],[16.4347,43.3165],[16.4327,43.3065],[16.4453,43.3047],[16.4433,43.3122],[16.4512,43.3125],[16.4517,43.308],[16.4578,43.3079],[16.4527,43.2998],[16.4609,43.3023],[16.4629,43.299],[16.4605,43.3055],[16.4643,43.3083],[16.4652,43.3035],[16.4697,43.3044],[16.4705,43.2964],[16.4795,43.2936],[16.4824,43.2969],[16.4884,43.2853],[16.4948,43.293],[16.4931,43.2885],[16.5014,43.2871],[16.4996,43.2784],[16.5093,43.2834],[16.5062,43.2798],[16.5144,43.2741],[16.5159,43.2784],[16.5292,43.2709],[16.6358,43.2569]],[[16.3855,43.3286],[16.3884,43.3374],[16.3929,43.3293],[16.3981,43.33],[16.3948,43.3399],[16.3631,43.3582],[16.368,43.3607],[16.3596,43.3735],[16.3508,43.3721],[16.3492,43.3786],[16.339,43.3831],[16.3291,43.3956],[16.3238,43.3845],[16.3133,43.382],[16.3104,43.3874],[16.3158,43.3886],[16.3118,43.3916],[16.3171,43.397],[16.3062,43.401],[16.3034,43.3951],[16.2993,43.3941],[16.299,43.3992],[16.2898,43.401],[16.296,43.4042],[16.2772,43.4115],[16.2287,43.416],[16.2057,43.4157],[16.2001,43.4114],[16.2073,43.4057],[16.2025,43.4046],[16.2029,43.3952],[16.2145,43.395],[16.2051,43.3891],[16.2082,43.384],[16.2301,43.3861],[16.2664,43.3753],[16.2761,43.368],[16.2807,43.3733],[16.2872,43.3727],[16.287,43.3653],[16.2923,43.3684],[16.3023,43.359],[16.3098,43.3594],[16.3043,43.3555],[16.3481,43.3427],[16.3525,43.3357],[16.3618,43.3358],[16.3659,43.3415],[16.3642,43.3348],[16.3682,43.3318],[16.3735,43.3312],[16.3752,43.3362],[16.3777,43.3284],[16.3855,43.3286]],[[16.1934,43.3913],[16.1964,43.3963],[16.1915,43.3946],[16.1934,43.3913]],[[16.1832,43.3934],[16.179,43.3948],[16.1824,43.3916],[16.1832,43.3934]],[[16.1842,43.3972],[16.1832,43.3989],[16.1827,43.3977],[16.1842,43.3972]],[[16.1724,43.401],[16.1785,43.4011],[16.1811,43.4027],[16.1695,43.4087],[16.1724,43.401]],[[16.1935,43.4041],[16.1965,43.4021],[16.1969,43.4027],[16.1935,43.4041]],[[16.1353,43.414],[16.1331,43.4152],[16.1343,43.4135],[16.1353,43.414]],[[16.1281,43.416],[16.126,43.4209],[16.1179,43.422],[16.1198,43.4187],[16.1281,43.416]],[[16.4088,43.339],[16.4099,43.3391],[16.4093,43.3401],[16.4088,43.339]],[[16.1073,43.4312],[16.142,43.4304],[16.1467,43.4343],[16.1437,43.4371],[16.1521,43.4398],[16.1668,43.4333],[16.1687,43.4405],[16.1752,43.4429],[16.1733,43.4493],[16.1589,43.4599],[16.1335,43.4609],[16.1324,43.4568],[16.1445,43.4528],[16.1445,43.4499],[16.1246,43.4531],[16.1207,43.4469],[16.1266,43.4434],[16.1171,43.4438],[16.1073,43.4312]],[[16.089,43.4448],[16.097,43.4479],[16.0901,43.4495],[16.0858,43.457],[16.0523,43.4496],[16.08,43.446],[16.0825,43.4371],[16.0909,43.4404],[16.089,43.4448]],[[16.1772,43.4416],[16.1789,43.4419],[16.1771,43.443],[16.1772,43.4416]],[[16.1747,43.4381],[16.1786,43.4373],[16.1747,43.4403],[16.1747,43.4381]],[[16.0554,43.4673],[16.0557,43.4682],[16.0546,43.4677],[16.0554,43.4673]],[[16.1759,43.4746],[16.174,43.4752],[16.1718,43.4746],[16.1759,43.4746]],[[16.1657,43.4769],[16.1674,43.4796],[16.1659,43.4796],[16.1657,43.4769]],[[16.2152,43.4795],[16.2201,43.4791],[16.2149,43.4801],[16.2152,43.4795]],[[16.2363,43.4814],[16.2254,43.4782],[16.2381,43.4789],[16.2363,43.4814]],[[16.2411,43.4814],[16.2537,43.4868],[16.2682,43.486],[16.2712,43.4937],[16.2861,43.4868],[16.3169,43.483],[16.3812,43.485],[16.392,43.4891],[16.353,43.4934],[16.3028,43.5142],[16.265,43.5174],[16.2374,43.5114],[16.2576,43.507],[16.2591,43.4973],[16.2539,43.4938],[16.2346,43.494],[16.2191,43.5004],[16.201,43.497],[16.2122,43.4881],[16.2198,43.4895],[16.2411,43.4814]]]}},{"type":"Feature","properties":{"code":"HR806","name":"South Dalmatia region"},"geometry":{"type":"Polygon","coordinates":[[[18.2287,42.6028],[18.2233,42.5828],[18.2125,42.5867],[18.2152,42.5801],[18.2081,42.5815],[18.2248,42.5736],[18.233,42.5584],[18.272,42.5374],[18.2886,42.523],[18.3206,42.5134],[18.3772,42.4888],[18.3911,42.478],[18.4064,42.4745],[18.4275,42.4616],[18.4261,42.4557],[18.4137,42.4579],[18.4312,42.4458],[18.4308,42.4523],[18.4382,42.4526],[18.4456,42.4457],[18.4568,42.4494],[18.5042,42.412],[18.5143,42.3992],[18.5342,42.3936],[18.5116,42.4082],[18.5155,42.4226],[18.5227,42.4213],[18.5398,42.3924],[18.4195,42.2096],[18.2743,42.2779],[18.2322,42.3054],[18.2034,42.3332],[18.147,42.3527],[18.0874,42.3885],[17.8657,42.4545],[17.6826,42.4924],[17.6271,42.499],[17.5751,42.5138],[17.4908,42.5198],[17.4456,42.5315],[17.3979,42.5521],[17.3451,42.5563],[17.2849,42.5712],[17.1487,42.5606],[16.9167,42.5229],[16.7952,42.5226],[16.6412,42.553],[16.5984,42.566],[16.5376,42.5523],[16.4742,42.5515],[16.5359,42.5132],[16.5804,42.4633],[16.6033,42.406],[16.6032,42.3496],[16.5822,42.2955],[16.5617,42.2676],[16.5259,42.2347],[16.4612,42.1991],[16.3854,42.1791],[16.3153,42.1774],[16.2559,42.1848],[16.1691,42.2009],[16.0984,42.228],[16.0564,42.2558],[16.0255,42.2865],[15.997,42.3343],[15.9869,42.3754],[15.9927,42.4344],[16.0108,42.474],[16.0514,42.5209],[16.0926,42.5495],[16.1452,42.5727],[16.2175,42.5882],[16.2929,42.5884],[16.3497,42.5778],[16.2953,42.6117],[16.2547,42.6521],[16.2289,42.6966],[16.2183,42.7478],[16.2214,42.7824],[16.2318,42.8141],[16.2525,42.8178],[16.3167,42.8833],[16.3429,42.9404],[16.3619,43.0022],[16.6908,43.0018],[16.728,42.9982],[16.7372,42.9961],[16.7408,42.9904],[16.86,42.9675],[16.9114,42.9804],[16.9985,42.9861],[17.0099,42.9911],[16.9949,43.0011],[16.9899,43.0146],[17.0006,43.0469],[17.0153,43.0416],[17.0135,43.0384],[17.0178,43.0373],[17.0125,43.0357],[17.0125,43.029],[17.0232,43.0254],[17.0207,43.0306],[17.0285,43.0311],[17.0338,43.0254],[17.0207,43.0185],[17.0176,43.0049],[17.0057,43.0109],[17.0104,43.005],[17.0376,43.0029],[17.0654,42.9843],[17.0964,42.9836],[17.1025,42.9781],[17.1414,42.9734],[17.1759,42.9707],[17.2,42.9815],[17.2158,42.9811],[17.2512,42.9583],[17.3282,42.9338],[17.3653,42.9128],[17.4006,42.9163],[17.4096,42.9104],[17.4167,42.9118],[17.4323,42.9003],[17.4531,42.8929],[17.4459,42.8881],[17.4484,42.8842],[17.4375,42.8837],[17.4356,42.8769],[17.4302,42.8755],[17.4461,42.872],[17.4471,42.8679],[17.4959,42.8571],[17.51,42.8492],[17.5931,42.8326],[17.6346,42.8176],[17.668,42.8115],[17.6764,42.8164],[17.6775,42.8076],[17.6886,42.8032],[17.6946,42.8056],[17.6989,42.8002],[17.7047,42.8026],[17.7066,42.7967],[17.716,42.8008],[17.7195,42.7946],[17.733,42.7915],[17.742,42.7969],[17.7505,42.7911],[17.7488,42.7852],[17.7546,42.7778],[17.7477,42.7718],[17.7613,42.7607],[17.7604,42.769],[17.7695,42.7741],[17.7685,42.778],[17.7455,42.8038],[17.7189,42.8168],[17.6975,42.8352],[17.7516,42.8102],[17.7803,42.7875],[17.7972,42.7997],[17.7939,42.8067],[17.8067,42.8066],[17.8192,42.7991],[17.8435,42.8027],[17.8422,42.7991],[17.851,42.7954],[17.8448,42.7926],[17.8473,42.7874],[17.8594,42.7839],[17.8635,42.7768],[17.872,42.7759],[17.8696,42.7793],[17.888,42.7872],[17.8823,42.7734],[17.8732,42.7724],[17.8752,42.7642],[17.9052,42.7446],[17.9266,42.7396],[17.9485,42.7264],[17.9534,42.7281],[17.9548,42.7216],[17.9628,42.7202],[17.9672,42.712],[18.0456,42.6847],[18.0411,42.6897],[18.0443,42.7011],[18.0498,42.6833],[18.0719,42.6678],[18.0995,42.6737],[18.1346,42.6726],[18.0792,42.6671],[18.0861,42.6552],[18.0774,42.6634],[18.0611,42.6639],[18.057,42.6598],[18.0704,42.655],[18.0599,42.6495],[18.0871,42.6434],[18.0964,42.6455],[18.1041,42.6382],[18.1253,42.6394],[18.132,42.6323],[18.1595,42.6261],[18.1805,42.6146],[18.1997,42.6234],[18.2069,42.6216],[18.2129,42.614],[18.2241,42.6112],[18.2287,42.6028]],[[18.127,42.6238],[18.1198,42.6336],[18.1139,42.6332],[18.1236,42.6207],[18.127,42.6238]],[[17.9517,42.6438],[17.9502,42.6476],[17.9487,42.6473],[17.9517,42.6438]],[[18.0523,42.6512],[18.0499,42.6523],[18.0494,42.6519],[18.0523,42.6512]],[[18.0195,42.6626],[18.0245,42.6677],[18.0169,42.671],[18.012,42.6811],[18.0025,42.6829],[18.0056,42.6774],[17.9856,42.6753],[18.0144,42.6693],[18.0195,42.6626]],[[17.9383,42.6751],[17.9554,42.6744],[17.9531,42.6807],[17.9751,42.6782],[17.9462,42.6973],[17.9423,42.697],[17.9384,42.6858],[17.9228,42.6887],[17.9383,42.6751]],[[17.7511,42.6891],[17.7534,42.6936],[17.7438,42.6969],[17.741,42.7032],[17.7455,42.7087],[17.6818,42.7295],[17.6739,42.7248],[17.6686,42.7255],[17.6736,42.7282],[17.6678,42.7362],[17.6488,42.7296],[17.6442,42.7369],[17.622,42.7408],[17.5998,42.7387],[17.5965,42.7428],[17.609,42.7464],[17.5003,42.7714],[17.4664,42.7731],[17.4642,42.7772],[17.44,42.7807],[17.4381,42.7858],[17.4126,42.7836],[17.3709,42.7906],[17.3843,42.7908],[17.3943,42.8015],[17.3797,42.8032],[17.3713,42.7972],[17.3669,42.8043],[17.3675,42.7993],[17.3329,42.7852],[17.3316,42.7794],[17.332,42.7891],[17.3267,42.7916],[17.3161,42.7854],[17.3254,42.7856],[17.3279,42.7749],[17.3813,42.7571],[17.386,42.7575],[17.3776,42.761],[17.3882,42.7586],[17.3873,42.7651],[17.3579,42.7671],[17.3514,42.7748],[17.3562,42.7765],[17.3526,42.7807],[17.364,42.7733],[17.3739,42.7729],[17.3752,42.7676],[17.405,42.7634],[17.4097,42.7561],[17.433,42.7562],[17.4438,42.7452],[17.456,42.7525],[17.4996,42.7415],[17.5101,42.7332],[17.5325,42.734],[17.5617,42.7232],[17.6455,42.717],[17.6586,42.7095],[17.698,42.7021],[17.6975,42.6917],[17.7012,42.6967],[17.7083,42.6949],[17.7067,42.6916],[17.711,42.6981],[17.7208,42.6994],[17.7246,42.6939],[17.7307,42.6943],[17.7361,42.7002],[17.7412,42.6963],[17.7356,42.689],[17.7511,42.6891]],[[16.8878,42.7227],[16.922,42.7349],[16.9434,42.7661],[16.925,42.773],[16.9185,42.7693],[16.9057,42.7737],[16.8808,42.7697],[16.8801,42.7761],[16.8677,42.7711],[16.8689,42.7745],[16.8552,42.7777],[16.8484,42.7676],[16.8459,42.7752],[16.8338,42.7772],[16.8369,42.7723],[16.8337,42.7687],[16.8211,42.766],[16.8247,42.7477],[16.8133,42.748],[16.8127,42.743],[16.8211,42.7428],[16.8246,42.7322],[16.8361,42.7329],[16.8427,42.7229],[16.8473,42.7247],[16.8442,42.7309],[16.8796,42.7371],[16.8775,42.733],[16.8862,42.7298],[16.8874,42.7369],[16.8927,42.7321],[16.8815,42.7248],[16.8878,42.7227]],[[16.795,42.7473],[16.8009,42.7452],[16.8034,42.7466],[16.795,42.7473]],[[16.7091,42.7505],[16.7255,42.7522],[16.7343,42.7517],[16.7261,42.7586],[16.7205,42.7574],[16.7203,42.7519],[16.7091,42.7505]],[[16.4941,42.7529],[16.501,42.7542],[16.5017,42.7597],[16.5089,42.7596],[16.5098,42.7639],[16.526,42.7592],[16.5359,42.7656],[16.5265,42.7716],[16.5081,42.7738],[16.4876,42.7516],[16.495,42.7483],[16.4941,42.7529]],[[16.7836,42.7746],[16.7871,42.7707],[16.7846,42.7601],[16.7962,42.7604],[16.793,42.7776],[16.7836,42.7746]],[[16.9648,42.779],[16.9617,42.7733],[16.9661,42.769],[16.9695,42.773],[16.9648,42.779]],[[16.9832,42.776],[16.99,42.7751],[16.9967,42.7784],[16.9835,42.7802],[16.9832,42.776]],[[16.8297,42.7781],[16.8323,42.7797],[16.8281,42.7793],[16.8297,42.7781]],[[17.3319,42.773],[17.331,42.7709],[17.3338,42.7712],[17.3319,42.773]],[[16.9844,42.7721],[16.9804,42.7705],[16.9686,42.7689],[16.9848,42.7648],[16.9844,42.7721]],[[17.1448,42.7662],[17.1429,42.7653],[17.146,42.7644],[17.1448,42.7662]],[[17.1177,42.7623],[17.1158,42.7639],[17.1145,42.7617],[17.1177,42.7623]],[[17.1133,42.7616],[17.1108,42.7632],[17.11,42.7616],[17.1133,42.7616]],[[17.1052,42.7614],[17.104,42.763],[17.1024,42.7618],[17.1052,42.7614]],[[17.0956,42.7598],[17.094,42.7618],[17.0928,42.7611],[17.0956,42.7598]],[[16.9736,42.7611],[16.967,42.7629],[16.9633,42.7584],[16.9726,42.7574],[16.9736,42.7611]],[[17.0735,42.7584],[17.0719,42.7563],[17.0757,42.757],[17.0735,42.7584]],[[16.954,42.7551],[16.9603,42.7578],[16.9521,42.7551],[16.954,42.7551]],[[16.9891,42.7641],[16.9926,42.7648],[16.9913,42.7662],[16.9891,42.7641]],[[16.9957,42.7662],[16.9941,42.7639],[16.9978,42.7648],[16.9957,42.7662]],[[16.8048,42.7714],[16.7989,42.7641],[16.8077,42.7537],[16.8158,42.7538],[16.8105,42.757],[16.8157,42.7613],[16.8095,42.7634],[16.8322,42.7696],[16.8219,42.7717],[16.8282,42.7763],[16.8188,42.7723],[16.8179,42.7765],[16.8048,42.7714]],[[16.8186,42.7602],[16.8208,42.759],[16.8214,42.7604],[16.8186,42.7602]],[[16.8018,42.7528],[16.8002,42.7556],[16.7968,42.7555],[16.8018,42.7528]],[[16.7448,42.7538],[16.7476,42.7561],[16.7445,42.7547],[16.7448,42.7538]],[[16.6798,42.7584],[16.6813,42.76],[16.6791,42.7589],[16.6798,42.7584]],[[16.5148,42.7573],[16.5142,42.7587],[16.5133,42.7574],[16.5148,42.7573]],[[16.5111,42.7587],[16.5132,42.76],[16.5101,42.7591],[16.5111,42.7587]],[[16.7255,42.7622],[16.7242,42.7641],[16.7227,42.762],[16.7255,42.7622]],[[17.3994,42.7531],[17.3993,42.7513],[17.4015,42.7517],[17.3994,42.7531]],[[17.3972,42.7602],[17.3969,42.7625],[17.3954,42.7621],[17.3972,42.7602]],[[16.9857,42.7811],[16.9882,42.7829],[16.9875,42.7836],[16.9857,42.7811]],[[16.991,42.7836],[16.9897,42.782],[16.9937,42.7821],[16.991,42.7836]],[[17.0131,42.7832],[17.0137,42.7809],[17.0146,42.7822],[17.0131,42.7832]],[[17.3379,42.7913],[17.3451,42.7913],[17.3466,42.7961],[17.3404,42.7955],[17.3379,42.7913]],[[17.4052,42.7939],[17.3943,42.7974],[17.3949,42.7942],[17.4052,42.7939]],[[17.3988,42.7927],[17.3971,42.7891],[17.4005,42.7916],[17.3988,42.7927]],[[17.4024,42.7903],[17.4104,42.787],[17.4309,42.7876],[17.4257,42.7904],[17.4024,42.7903]],[[17.7679,42.7607],[17.7808,42.7587],[17.7762,42.7654],[17.7795,42.7684],[17.7683,42.7662],[17.7679,42.7607]],[[17.7988,42.7588],[17.7966,42.7562],[17.8018,42.7573],[17.7988,42.7588]],[[17.8526,42.7548],[17.8289,42.7556],[17.8615,42.727],[17.8409,42.7345],[17.843,42.7316],[17.9078,42.6986],[17.9084,42.7036],[17.9164,42.7065],[17.9105,42.7108],[17.9193,42.7136],[17.9177,42.7188],[17.8969,42.7329],[17.8683,42.7433],[17.8526,42.7548]],[[17.9283,42.7102],[17.9257,42.7052],[17.9341,42.708],[17.9329,42.7095],[17.9283,42.7102]],[[17.8351,42.7333],[17.8407,42.7373],[17.8292,42.7428],[17.8284,42.7366],[17.8073,42.7495],[17.7881,42.7537],[17.8032,42.7414],[17.8396,42.7281],[17.8351,42.7333]],[[17.8081,42.754],[17.8091,42.75],[17.8124,42.7524],[17.8081,42.754]],[[17.8222,42.7469],[17.8234,42.7452],[17.8243,42.746],[17.8222,42.7469]],[[18.0573,42.6681],[18.0595,42.6683],[18.0561,42.6705],[18.0573,42.6681]],[[17.3545,42.8051],[17.3601,42.805],[17.3613,42.8069],[17.3545,42.8051]],[[16.9912,42.8155],[16.994,42.8159],[16.9909,42.8159],[16.9912,42.8155]],[[17.4262,42.8737],[17.4268,42.8755],[17.4243,42.8739],[17.4262,42.8737]],[[16.7946,42.8943],[16.7974,42.8943],[16.7993,42.8955],[16.7946,42.8943]],[[16.7906,42.8943],[16.7856,42.8943],[16.7918,42.8933],[16.7906,42.8943]],[[16.8115,42.8962],[16.8155,42.8938],[16.8214,42.8948],[16.8168,42.8966],[16.8115,42.8962]],[[16.8501,42.8979],[16.8951,42.897],[16.91,42.9023],[16.9109,42.9065],[16.9337,42.9127],[16.9412,42.9104],[16.9412,42.9154],[16.9452,42.9134],[16.9761,42.9276],[16.9908,42.9235],[17.002,42.9283],[17.0045,42.9235],[17.0454,42.9242],[17.0479,42.9194],[17.1178,42.9075],[17.1284,42.913],[17.1275,42.9088],[17.1318,42.9079],[17.1718,42.9118],[17.1852,42.9184],[17.1889,42.9118],[17.2011,42.9175],[17.1955,42.9226],[17.1722,42.924],[17.1671,42.9299],[17.1615,42.9292],[17.164,42.935],[17.1487,42.9501],[17.1509,42.9544],[17.1437,42.9584],[17.1391,42.952],[17.1362,42.9643],[17.1144,42.9639],[17.1106,42.959],[17.1116,42.9632],[17.106,42.9655],[17.0454,42.9742],[17.0407,42.9774],[17.0476,42.9804],[17.0444,42.9809],[17.021,42.9781],[17.0197,42.9737],[17.0091,42.9781],[16.9951,42.974],[16.9457,42.9744],[16.9289,42.9721],[16.9295,42.9682],[16.912,42.9716],[16.9145,42.9682],[16.9058,42.9642],[16.8543,42.9575],[16.8099,42.9682],[16.7827,42.9656],[16.7858,42.9707],[16.7805,42.9736],[16.7752,42.9706],[16.7671,42.9766],[16.7643,42.9736],[16.7415,42.9786],[16.7248,42.9898],[16.6974,42.9874],[16.6989,42.9929],[16.6942,42.9942],[16.6839,42.9901],[16.6848,42.9944],[16.6733,42.993],[16.6696,42.9882],[16.6686,42.9926],[16.6611,42.9918],[16.6493,42.9858],[16.6508,42.9893],[16.6439,42.9909],[16.6299,42.986],[16.6302,42.9816],[16.6424,42.9831],[16.645,42.9737],[16.6552,42.9849],[16.6655,42.9813],[16.6659,42.9765],[16.6718,42.9795],[16.6709,42.9738],[16.679,42.9733],[16.6747,42.9687],[16.7031,42.9688],[16.7059,42.9619],[16.7135,42.9627],[16.7139,42.9666],[16.7161,42.9626],[16.7129,42.9571],[16.7038,42.9603],[16.6742,42.9527],[16.6635,42.9545],[16.6617,42.9512],[16.672,42.944],[16.6405,42.9372],[16.6403,42.9317],[16.6478,42.9299],[16.6413,42.9255],[16.6613,42.9198],[16.6619,42.9162],[16.6685,42.9166],[16.6649,42.9297],[16.6699,42.9293],[16.6725,42.9254],[16.6752,42.9284],[16.7084,42.9184],[16.7102,42.9218],[16.7162,42.917],[16.7156,42.9202],[16.7255,42.9187],[16.754,42.9075],[16.7753,42.9079],[16.7762,42.9034],[16.799,42.906],[16.8367,42.9022],[16.8572,42.9089],[16.8548,42.9052],[16.862,42.9057],[16.8613,42.9027],[16.8501,42.8979]],[[16.7048,42.8977],[16.7016,42.8989],[16.7016,42.897],[16.7048,42.8977]],[[16.7615,42.9018],[16.7665,42.8995],[16.7634,42.9032],[16.7615,42.9018]],[[16.6988,42.9021],[16.6975,42.9076],[16.691,42.9039],[16.6944,42.9011],[16.6988,42.9021]],[[16.6922,42.9069],[16.6885,42.9087],[16.6872,42.9078],[16.6885,42.9057],[16.6922,42.9069]],[[16.7228,42.9152],[16.7415,42.905],[16.7403,42.9093],[16.7228,42.9152]],[[16.6829,42.9124],[16.6756,42.9178],[16.6716,42.9146],[16.6829,42.9124]],[[16.7525,42.9048],[16.75,42.9029],[16.7528,42.9031],[16.7525,42.9048]],[[16.8305,42.9024],[16.832,42.9005],[16.8339,42.9017],[16.8305,42.9024]],[[16.681,42.9589],[16.6863,42.9623],[16.6785,42.9623],[16.681,42.9589]],[[16.608,42.9841],[16.6246,42.9821],[16.6252,42.9851],[16.6189,42.9898],[16.608,42.9841]],[[16.6502,42.9927],[16.6517,42.9946],[16.6489,42.9934],[16.6502,42.9927]],[[17.0494,42.9804],[17.0523,42.979],[17.0548,42.98],[17.0494,42.9804]],[[17.2062,42.9634],[17.2071,42.9618],[17.2081,42.9625],[17.2062,42.9634]],[[17.1943,42.9586],[17.1881,42.9604],[17.1908,42.9563],[17.1943,42.9586]],[[17.2,42.9583],[17.1996,42.9556],[17.2028,42.9563],[17.2,42.9583]],[[17.1672,42.9554],[17.1606,42.9586],[17.1506,42.957],[17.1665,42.9499],[17.1672,42.9554]],[[17.1637,42.9441],[17.1706,42.9432],[17.164,42.9483],[17.1637,42.9441]],[[17.1877,42.9402],[17.1918,42.9391],[17.194,42.9398],[17.1906,42.9418],[17.1877,42.9402]],[[17.1709,42.9327],[17.1699,42.9374],[17.1653,42.9382],[17.1646,42.9359],[17.1709,42.9327]],[[17.2021,42.9379],[17.2021,42.9347],[17.2046,42.9372],[17.2021,42.9379]],[[17.1818,42.9336],[17.1803,42.9317],[17.1853,42.932],[17.1818,42.9336]],[[16.8024,42.8936],[16.8102,42.8955],[16.8008,42.8959],[16.8024,42.8936]],[[18.2016,42.5961],[18.2031,42.5935],[18.2044,42.5939],[18.2016,42.5961]],[[18.1759,42.5861],[18.1788,42.5853],[18.174,42.5883],[18.1759,42.5861]],[[18.1899,42.5798],[18.1953,42.5721],[18.2004,42.5716],[18.193,42.5788],[18.1899,42.5798]],[[16.2632,42.3936],[16.2499,42.3937],[16.267,42.3913],[16.2632,42.3936]],[[16.2758,42.3892],[16.2744,42.3897],[16.2739,42.3897],[16.2758,42.3892]],[[16.2732,42.3874],[16.2718,42.3892],[16.2703,42.3888],[16.2732,42.3874]],[[16.3385,42.3781],[16.3392,42.3778],[16.3395,42.3779],[16.3385,42.3781]],[[18.4326,42.4427],[18.4391,42.4427],[18.434,42.4454],[18.4326,42.4427]]]}}]}