{"type":"FeatureCollection","features":[{"type":"Feature","properties":{"code":"UK201","name":"Aberdeen"},"geometry":{"type":"Polygon","coordinates":[[[-2.0614,57.2119],[-2.0775,57.1761],[-2.0782,57.1537],[-2.0734,57.1457],[-2.0876,57.1463],[-2.0895,57.1395],[-2.0553,57.1425],[-2.0467,57.1385],[-2.0576,57.1354],[-2.0508,57.13],[-2.0518,57.1242],[-2.0853,57.0858],[-2.1187,57.0904],[-2.1211,57.1136],[-2.1261,57.1184],[-2.1754,57.1125],[-2.1789,57.1072],[-2.222,57.1016],[-2.2319,57.095],[-2.2593,57.0953],[-2.2619,57.0847],[-2.2697,57.0795],[-2.3061,57.0766],[-2.317,57.08],[-2.2807,57.0959],[-2.2845,57.1017],[-2.3023,57.105],[-2.3309,57.1014],[-2.3608,57.1092],[-2.3517,57.1208],[-2.3512,57.1356],[-2.3091,57.1249],[-2.2744,57.1318],[-2.2777,57.1382],[-2.2535,57.1602],[-2.2951,57.1978],[-2.2795,57.2012],[-2.279,57.2283],[-2.2699,57.2329],[-2.2598,57.2287],[-2.2525,57.2332],[-2.2044,57.2308],[-2.2016,57.2228],[-2.1717,57.2126],[-2.1432,57.2112],[-2.1314,57.2179],[-2.1283,57.2274],[-2.0614,57.2119]]]}},{"type":"Feature","properties":{"code":"UK202","name":"Aberdeenshire"},"geometry":{"type":"Polygon","coordinates":[[[-2.0614,57.2119],[-2.1283,57.2274],[-2.1314,57.2179],[-2.1432,57.2112],[-2.1717,57.2126],[-2.2016,57.2228],[-2.2044,57.2308],[-2.2525,57.2332],[-2.2598,57.2287],[-2.2699,57.2329],[-2.279,57.2283],[-2.2795,57.2012],[-2.2951,57.1978],[-2.2535,57.1602],[-2.2777,57.1382],[-2.2744,57.1318],[-2.3091,57.1249],[-2.3512,57.1356],[-2.3517,57.1208],[-2.3608,57.1092],[-2.3309,57.1014],[-2.3023,57.105],[-2.2845,57.1017],[-2.2807,57.0959],[-2.317,57.08],[-2.3061,57.0766],[-2.2697,57.0795],[-2.2619,57.0847],[-2.2593,57.0953],[-2.2319,57.095],[-2.222,57.1016],[-2.1789,57.1072],[-2.1754,57.1125],[-2.1261,57.1184],[-2.1211,57.1136],[-2.1187,57.0904],[-2.0853,57.0858],[-2.0916,57.0799],[-2.0921,57.068],[-2.1059,57.0636],[-2.1052,57.0573],[-2.1231,57.0477],[-2.1205,57.0436],[-2.1613,57.018],[-2.1696,56.9993],[-2.1822,56.986],[-2.1823,56.9786],[-2.2047,56.9689],[-2.2066,56.9631],[-2.1958,56.9398],[-2.2022,56.9333],[-2.1971,56.9306],[-2.2003,56.9189],[-2.1966,56.9089],[-2.2036,56.908],[-2.2067,56.8976],[-2.2152,56.8954],[-2.213,56.8913],[-2.2193,56.8866],[-2.214,56.8837],[-2.2333,56.8628],[-2.2621,56.8445],[-2.2734,56.8436],[-2.2774,56.8297],[-2.2896,56.8277],[-2.3082,56.8071],[-2.3263,56.796],[-2.3583,56.7872],[-2.3757,56.7771],[-2.3994,56.7743],[-2.4366,56.7512],[-2.4626,56.7477],[-2.4839,56.7651],[-2.5028,56.7701],[-2.5298,56.7851],[-2.5454,56.7818],[-2.5585,56.787],[-2.5915,56.7884],[-2.6159,56.7833],[-2.6172,56.793],[-2.6316,56.8091],[-2.6499,56.8154],[-2.651,56.8226],[-2.6661,56.8346],[-2.6718,56.8587],[-2.666,56.8594],[-2.6612,56.8854],[-2.6693,56.8905],[-2.6812,56.8883],[-2.6787,56.9032],[-2.6867,56.9151],[-2.7247,56.9259],[-2.7401,56.9485],[-2.7656,56.9599],[-2.7832,56.9568],[-2.8245,56.9619],[-2.8336,56.9729],[-2.858,56.9743],[-2.8839,56.9857],[-2.9129,56.9817],[-2.9103,56.9758],[-2.924,56.9723],[-2.9448,56.9738],[-2.954,56.9668],[-2.9987,56.9707],[-3.0073,56.9668],[-3.0264,56.9728],[-3.0481,56.9635],[-3.0832,56.9584],[-3.0836,56.9507],[-3.0939,56.9502],[-3.0987,56.9453],[-3.0947,56.9323],[-3.1108,56.9187],[-3.1088,56.9079],[-3.1124,56.9032],[-3.1068,56.895],[-3.1204,56.8884],[-3.1307,56.8883],[-3.1476,56.903],[-3.1605,56.9068],[-3.1995,56.9061],[-3.2842,56.9285],[-3.291,56.9255],[-3.2834,56.9126],[-3.2849,56.9073],[-3.3216,56.8955],[-3.337,56.8959],[-3.3536,56.884],[-3.3673,56.8817],[-3.3667,56.8771],[-3.3721,56.8746],[-3.405,56.8841],[-3.4105,56.8808],[-3.438,56.8855],[-3.4463,56.8756],[-3.4657,56.8728],[-3.4899,56.8767],[-3.4992,56.886],[-3.5105,56.8882],[-3.5292,56.8836],[-3.5377,56.8922],[-3.5607,56.8842],[-3.5685,56.8922],[-3.5587,56.9003],[-3.5828,56.9309],[-3.641,56.9233],[-3.6501,56.9237],[-3.6548,56.9329],[-3.6755,56.9324],[-3.6836,56.9161],[-3.7048,56.9156],[-3.7252,56.9184],[-3.7329,56.9312],[-3.7465,56.9336],[-3.782,56.9232],[-3.8017,56.9359],[-3.7878,56.9632],[-3.7582,56.9767],[-3.7581,56.9872],[-3.7483,56.9931],[-3.7443,57.0167],[-3.7574,57.0378],[-3.7324,57.0568],[-3.7471,57.0576],[-3.7581,57.0693],[-3.7498,57.0763],[-3.715,57.079],[-3.7093,57.0875],[-3.6836,57.0953],[-3.6738,57.0849],[-3.6771,57.0816],[-3.666,57.0756],[-3.6692,57.0704],[-3.6569,57.0685],[-3.6538,57.081],[-3.6465,57.0883],[-3.6332,57.0856],[-3.6204,57.0899],[-3.5932,57.084],[-3.5829,57.0916],[-3.5571,57.0961],[-3.5589,57.083],[-3.5526,57.0826],[-3.5385,57.0908],[-3.5168,57.0864],[-3.4479,57.0925],[-3.4319,57.1031],[-3.4171,57.1053],[-3.4156,57.0998],[-3.3781,57.0978],[-3.361,57.1075],[-3.3363,57.111],[-3.3226,57.1304],[-3.3355,57.1373],[-3.3335,57.1423],[-3.3494,57.1481],[-3.3423,57.1572],[-3.3529,57.1599],[-3.3582,57.1716],[-3.3536,57.1782],[-3.3138,57.1923],[-3.2844,57.1932],[-3.2643,57.2032],[-3.258,57.1995],[-3.2426,57.2021],[-3.24,57.2057],[-3.2474,57.2104],[-3.2436,57.221],[-3.2353,57.2232],[-3.2386,57.2277],[-3.2085,57.2561],[-3.1965,57.2547],[-3.1884,57.2627],[-3.1648,57.2623],[-3.1433,57.2779],[-3.1285,57.2761],[-3.1192,57.2817],[-3.1103,57.2771],[-3.0924,57.2843],[-3.0647,57.2767],[-3.0434,57.2782],[-3.0313,57.2725],[-3.027,57.2637],[-2.99,57.274],[-2.9729,57.2885],[-2.9768,57.2988],[-2.9544,57.3158],[-2.9721,57.3281],[-2.9698,57.3514],[-2.9836,57.3633],[-2.9545,57.3778],[-2.9759,57.3868],[-2.9892,57.3987],[-3.023,57.4047],[-3.0068,57.4206],[-2.9577,57.4376],[-2.9754,57.4425],[-2.9914,57.4397],[-2.9965,57.4439],[-3.0106,57.4429],[-3.0199,57.4495],[-3.0109,57.4561],[-3.0131,57.4596],[-2.9857,57.4778],[-2.9865,57.483],[-2.972,57.4913],[-2.9167,57.495],[-2.9195,57.5062],[-2.8864,57.5219],[-2.8895,57.5262],[-2.8832,57.5329],[-2.8638,57.53],[-2.826,57.5392],[-2.817,57.5199],[-2.7885,57.5082],[-2.7658,57.5215],[-2.7577,57.5204],[-2.76,57.5138],[-2.7419,57.5041],[-2.718,57.5009],[-2.7083,57.511],[-2.6932,57.5089],[-2.6928,57.5163],[-2.6499,57.5296],[-2.6558,57.5349],[-2.6857,57.539],[-2.6947,57.538],[-2.7038,57.5298],[-2.7111,57.5322],[-2.72,57.5642],[-2.7522,57.569],[-2.7481,57.5715],[-2.7487,57.5801],[-2.7756,57.5841],[-2.7829,57.597],[-2.8051,57.6116],[-2.7879,57.6253],[-2.7724,57.6502],[-2.7975,57.662],[-2.8023,57.6737],[-2.8016,57.6951],[-2.7943,57.7003],[-2.7779,57.6924],[-2.7489,57.6911],[-2.7481,57.6842],[-2.7384,57.6819],[-2.7147,57.6923],[-2.694,57.6844],[-2.6676,57.6906],[-2.6383,57.6802],[-2.5983,57.6821],[-2.5837,57.6776],[-2.5761,57.6824],[-2.5533,57.6706],[-2.5258,57.6707],[-2.5121,57.6636],[-2.495,57.6733],[-2.3965,57.6683],[-2.359,57.6756],[-2.3445,57.6699],[-2.3273,57.6761],[-2.3256,57.6865],[-2.3018,57.6945],[-2.259,57.679],[-2.247,57.6826],[-2.2122,57.6793],[-2.192,57.6714],[-2.1752,57.6736],[-2.1629,57.6835],[-2.1548,57.683],[-2.117,57.7003],[-2.11,57.6972],[-2.0798,57.7006],[-2.0429,57.6917],[-2.0109,57.6968],[-2.0027,57.6935],[-1.9953,57.681],[-1.954,57.675],[-1.9419,57.6808],[-1.9291,57.6773],[-1.8989,57.6554],[-1.8767,57.6317],[-1.8269,57.6147],[-1.8208,57.6076],[-1.8279,57.597],[-1.8224,57.5708],[-1.8042,57.5564],[-1.8019,57.5449],[-1.8069,57.5311],[-1.7956,57.5159],[-1.7745,57.5107],[-1.7667,57.5031],[-1.7913,57.5022],[-1.7939,57.4958],[-1.7826,57.4912],[-1.7949,57.4857],[-1.776,57.4734],[-1.7795,57.4655],[-1.7971,57.4539],[-1.7976,57.4472],[-1.8163,57.4347],[-1.8155,57.4278],[-1.8302,57.4157],[-1.8384,57.4099],[-1.8477,57.4139],[-1.8553,57.4109],[-1.8646,57.4004],[-1.8596,57.3912],[-1.8881,57.3731],[-1.9145,57.3631],[-1.9253,57.3507],[-1.9573,57.3295],[-1.9674,57.3281],[-1.9861,57.3156],[-1.9991,57.3389],[-1.9901,57.3466],[-1.9924,57.3502],[-2.0019,57.3479],[-2.009,57.3406],[-1.9987,57.3317],[-1.9997,57.3241],[-1.9914,57.3162],[-1.9951,57.3121],[-1.9903,57.3048],[-2.0429,57.2432],[-2.0614,57.2119]]]}},{"type":"Feature","properties":{"code":"UK203","name":"Angus"},"geometry":{"type":"Polygon","coordinates":[[[-2.4626,56.7477],[-2.4281,56.7515],[-2.4522,56.7044],[-2.4759,56.7078],[-2.4744,56.7199],[-2.5159,56.7235],[-2.5315,56.7054],[-2.516,56.6986],[-2.4839,56.6994],[-2.4797,56.7044],[-2.4374,56.7021],[-2.4426,56.6971],[-2.4394,56.6919],[-2.4514,56.6787],[-2.4839,56.6714],[-2.5001,56.6625],[-2.5062,56.6487],[-2.5049,56.6338],[-2.48,56.6258],[-2.4883,56.6141],[-2.5197,56.5902],[-2.5245,56.5793],[-2.5404,56.5728],[-2.5383,56.5667],[-2.6121,56.5476],[-2.6359,56.5272],[-2.7144,56.4954],[-2.722,56.4775],[-2.7343,56.4642],[-2.7948,56.4805],[-2.8386,56.474],[-2.8457,56.4779],[-2.8356,56.4887],[-2.8394,56.492],[-2.8607,56.4923],[-2.8627,56.4961],[-2.8965,56.4932],[-2.9184,56.4965],[-2.9225,56.5026],[-2.9685,56.5003],[-2.9681,56.4954],[-2.9809,56.4943],[-3.0317,56.5025],[-3.0521,56.4969],[-3.0512,56.4825],[-3.0736,56.4845],[-3.098,56.4793],[-3.0894,56.467],[-3.1196,56.4676],[-3.1302,56.4792],[-3.1436,56.4797],[-3.1421,56.4875],[-3.1915,56.5033],[-3.1925,56.5125],[-3.2121,56.5243],[-3.173,56.5262],[-3.1736,56.531],[-3.164,56.5381],[-3.1793,56.5463],[-3.1904,56.5563],[-3.1902,56.5612],[-3.1327,56.5791],[-3.1121,56.5939],[-3.098,56.5983],[-3.1053,56.6074],[-3.0882,56.6131],[-3.0914,56.617],[-3.1106,56.6122],[-3.1444,56.5955],[-3.166,56.6011],[-3.1542,56.6085],[-3.1531,56.6139],[-3.1609,56.6192],[-3.1809,56.6157],[-3.1912,56.6219],[-3.1756,56.6242],[-3.1781,56.6356],[-3.1559,56.6371],[-3.1486,56.6438],[-3.1514,56.6531],[-3.2128,56.6554],[-3.2668,56.6707],[-3.2841,56.6656],[-3.2838,56.6778],[-3.3085,56.69],[-3.302,56.6949],[-3.3068,56.7028],[-3.3153,56.71],[-3.3279,56.7091],[-3.3527,56.7262],[-3.3491,56.7294],[-3.364,56.7381],[-3.3579,56.7477],[-3.3831,56.7578],[-3.3897,56.7692],[-3.3577,56.8044],[-3.3667,56.8134],[-3.3516,56.8203],[-3.4032,56.8457],[-3.3785,56.8609],[-3.3796,56.8669],[-3.3667,56.8771],[-3.3673,56.8817],[-3.3536,56.884],[-3.337,56.8959],[-3.3216,56.8955],[-3.2849,56.9073],[-3.2834,56.9126],[-3.291,56.9255],[-3.2842,56.9285],[-3.1995,56.9061],[-3.1605,56.9068],[-3.1476,56.903],[-3.1307,56.8883],[-3.1204,56.8884],[-3.1068,56.895],[-3.1124,56.9032],[-3.1088,56.9079],[-3.1108,56.9187],[-3.0947,56.9323],[-3.0987,56.9453],[-3.0939,56.9502],[-3.0836,56.9507],[-3.0832,56.9584],[-3.0481,56.9635],[-3.0264,56.9728],[-3.0073,56.9668],[-2.9987,56.9707],[-2.954,56.9668],[-2.9448,56.9738],[-2.9103,56.9758],[-2.9129,56.9817],[-2.8925,56.9868],[-2.851,56.9726],[-2.8336,56.9729],[-2.8245,56.9619],[-2.7832,56.9568],[-2.7656,56.9599],[-2.7401,56.9485],[-2.7247,56.9259],[-2.6867,56.9151],[-2.6787,56.9032],[-2.6812,56.8883],[-2.6693,56.8905],[-2.6612,56.8854],[-2.666,56.8594],[-2.6718,56.8587],[-2.6661,56.8346],[-2.651,56.8226],[-2.6499,56.8154],[-2.6316,56.8091],[-2.6172,56.793],[-2.6159,56.7833],[-2.5915,56.7884],[-2.5585,56.787],[-2.5454,56.7818],[-2.5298,56.7851],[-2.5028,56.7701],[-2.4839,56.7651],[-2.4626,56.7477]]]}},{"type":"Feature","properties":{"code":"UK204","name":"Argyll and Bute"},"geometry":{"type":"MultiPolygon","coordinates":[[[[-6.1498,55.618],[-6.1344,55.6213],[-6.1437,55.6133],[-6.1498,55.618]]],[[[-6.1201,55.9344],[-6.1321,55.8896],[-6.1201,55.8823],[-6.1092,55.8624],[-6.1014,55.8403],[-6.1052,55.8361],[-6.104,55.8129],[-6.084,55.7826],[-6.047,55.7637],[-6.0531,55.7431],[-6.0475,55.7343],[-6.0311,55.7286],[-6.0322,55.7183],[-6.0405,55.7085],[-6.0332,55.6929],[-6.0234,55.6944],[-6.0253,55.679],[-6.0498,55.6716],[-6.0583,55.6646],[-6.0578,55.6595],[-6.072,55.664],[-6.0782,55.6576],[-6.0725,55.6542],[-6.0734,55.6439],[-6.0828,55.6416],[-6.0918,55.6463],[-6.1493,55.6256],[-6.1656,55.6308],[-6.1826,55.6238],[-6.1939,55.633],[-6.2176,55.63],[-6.2201,55.6266],[-6.213,55.6193],[-6.2359,55.601],[-6.2344,55.5966],[-6.2616,55.5867],[-6.2667,55.58],[-6.3118,55.5824],[-6.3142,55.5889],[-6.338,55.5916],[-6.3283,55.6106],[-6.3317,55.6195],[-6.3092,55.6431],[-6.3001,55.6502],[-6.2735,55.6495],[-6.2594,55.6578],[-6.276,55.6913],[-6.2911,55.7051],[-6.3123,55.7163],[-6.3306,55.7136],[-6.3412,55.7171],[-6.3356,55.7238],[-6.3394,55.7303],[-6.3332,55.7326],[-6.3321,55.7418],[-6.2619,55.7638],[-6.2521,55.7735],[-6.2631,55.784],[-6.3467,55.7841],[-6.3832,55.7327],[-6.4148,55.706],[-6.4818,55.6725],[-6.5099,55.6768],[-6.5195,55.6947],[-6.5002,55.7063],[-6.4941,55.7159],[-6.5054,55.7202],[-6.4961,55.7367],[-6.4658,55.753],[-6.4709,55.7549],[-6.4689,55.7616],[-6.456,55.7727],[-6.4616,55.7868],[-6.4863,55.7916],[-6.4808,55.7999],[-6.458,55.8097],[-6.4566,55.823],[-6.4611,55.8276],[-6.4563,55.834],[-6.4553,55.852],[-6.4281,55.8607],[-6.4172,55.8539],[-6.3931,55.8579],[-6.3709,55.875],[-6.3563,55.8756],[-6.3317,55.8916],[-6.3218,55.8864],[-6.3371,55.8694],[-6.3372,55.8539],[-6.3462,55.8345],[-6.3372,55.825],[-6.3241,55.8249],[-6.3278,55.8356],[-6.305,55.8673],[-6.3115,55.8737],[-6.2692,55.8828],[-6.2694,55.8881],[-6.2352,55.901],[-6.1969,55.9252],[-6.1737,55.9258],[-6.1626,55.9334],[-6.1268,55.9378],[-6.1201,55.9344]]],[[[-6.3439,55.8993],[-6.3288,55.9033],[-6.3377,55.896],[-6.3439,55.8993]]],[[[-6.2588,56.0053],[-6.2523,56.011],[-6.2601,56.0193],[-6.2729,56.0202],[-6.2696,56.0243],[-6.2273,56.0285],[-6.2138,56.0218],[-6.2311,56.019],[-6.2374,56.0072],[-6.254,56.0005],[-6.2588,56.0053]]],[[[-6.1677,56.078],[-6.1971,56.0607],[-6.1823,56.0522],[-6.1885,56.047],[-6.1846,56.0438],[-6.1936,56.0369],[-6.2166,56.0282],[-6.2186,56.039],[-6.2374,56.033],[-6.253,56.0364],[-6.243,56.0412],[-6.2463,56.0453],[-6.2687,56.0361],[-6.2686,56.0449],[-6.2551,56.0489],[-6.2556,56.0604],[-6.248,56.062],[-6.2492,56.081],[-6.2336,56.0935],[-6.2112,56.1009],[-6.2137,56.1055],[-6.2049,56.1079],[-6.1863,56.1022],[-6.1752,56.1068],[-6.1808,56.1177],[-6.1467,56.1328],[-6.1341,56.1203],[-6.1629,56.0911],[-6.1677,56.078]]],[[[-6.385,56.2907],[-6.373,56.3008],[-6.3545,56.2988],[-6.3623,56.2844],[-6.385,56.2907]]],[[[-6.4218,56.3067],[-6.4449,56.3139],[-6.4218,56.3251],[-6.4309,56.3339],[-6.4269,56.3386],[-6.3855,56.35],[-6.3858,56.3354],[-6.4095,56.3131],[-6.4218,56.3067]]],[[[-6.1639,56.4448],[-6.1508,56.4472],[-6.1613,56.4398],[-6.1639,56.4448]]],[[[-6.256,56.4548],[-6.2501,56.4491],[-6.2584,56.4462],[-6.2669,56.4526],[-6.256,56.4548]]],[[[-6.0762,56.4673],[-6.0805,56.4629],[-6.1005,56.464],[-6.0899,56.4702],[-6.0762,56.4673]]],[[[-6.1694,56.4875],[-6.1619,56.4797],[-6.1541,56.4827],[-6.1423,56.4709],[-6.1545,56.4696],[-6.1601,56.4634],[-6.1858,56.4664],[-6.1976,56.4605],[-6.209,56.4626],[-6.208,56.4725],[-6.241,56.4655],[-6.2465,56.4727],[-6.2664,56.4788],[-6.2495,56.4964],[-6.2299,56.4954],[-6.2256,56.5002],[-6.1996,56.4934],[-6.1888,56.4852],[-6.1694,56.4875]]],[[[-6.2873,56.4823],[-6.2994,56.4806],[-6.3079,56.4901],[-6.3011,56.4959],[-6.28,56.4978],[-6.2749,56.4921],[-6.254,56.4943],[-6.2755,56.4754],[-6.2873,56.4823]]],[[[-6.7233,56.5295],[-6.7334,56.5247],[-6.7523,56.5284],[-6.7661,56.5234],[-6.7847,56.5275],[-6.8043,56.5234],[-6.8115,56.5179],[-6.7986,56.5083],[-6.8149,56.4878],[-6.8567,56.4928],[-6.8787,56.4877],[-6.8975,56.4706],[-6.891,56.46],[-6.8946,56.4544],[-6.8922,56.4458],[-6.9126,56.4409],[-6.9303,56.4437],[-6.9431,56.4569],[-6.9663,56.4585],[-6.9781,56.452],[-6.9815,56.4593],[-6.9711,56.4662],[-6.9791,56.4837],[-6.9738,56.4884],[-6.9804,56.4911],[-6.9779,56.4957],[-6.9872,56.5054],[-6.9759,56.5169],[-6.955,56.5209],[-6.951,56.529],[-6.9202,56.5265],[-6.9129,56.5307],[-6.9003,56.5235],[-6.8926,56.5257],[-6.8863,56.5194],[-6.8742,56.5187],[-6.8585,56.5261],[-6.8587,56.5313],[-6.8174,56.5433],[-6.7978,56.5352],[-6.7769,56.5378],[-6.7635,56.5445],[-6.754,56.5563],[-6.7376,56.5421],[-6.729,56.5429],[-6.7233,56.5295]]],[[[-6.4593,56.6657],[-6.5066,56.6164],[-6.5187,56.6233],[-6.5231,56.6213],[-6.5231,56.6151],[-6.5329,56.6051],[-6.5449,56.6047],[-6.55,56.5948],[-6.5605,56.597],[-6.5669,56.5932],[-6.5658,56.588],[-6.6026,56.5877],[-6.6039,56.5833],[-6.6205,56.5788],[-6.6188,56.5882],[-6.6289,56.5904],[-6.6311,56.5778],[-6.644,56.5725],[-6.6447,56.5813],[-6.6591,56.5846],[-6.6785,56.5814],[-6.6805,56.5708],[-6.6883,56.563],[-6.6956,56.5638],[-6.7003,56.5736],[-6.7097,56.5794],[-6.6953,56.5821],[-6.6789,56.5953],[-6.6679,56.5906],[-6.6545,56.5947],[-6.6585,56.6006],[-6.646,56.6006],[-6.6389,56.6136],[-6.614,56.6261],[-6.6175,56.6316],[-6.6112,56.6374],[-6.5692,56.651],[-6.5656,56.6586],[-6.548,56.6603],[-6.5318,56.6761],[-6.4694,56.6916],[-6.4538,56.6868],[-6.4593,56.6657]]],[[[-5.7453,55.6375],[-5.7513,55.6254],[-5.7581,55.6307],[-5.7534,55.6367],[-5.7453,55.6375]]],[[[-5.733,55.7064],[-5.7237,55.6983],[-5.7344,55.6843],[-5.7271,55.6804],[-5.7383,55.6725],[-5.729,55.6667],[-5.7548,55.6483],[-5.7687,55.6533],[-5.7601,55.669],[-5.7747,55.6736],[-5.7486,55.7006],[-5.746,55.7093],[-5.7221,55.7294],[-5.7209,55.7248],[-5.7115,55.7222],[-5.733,55.7064]]],[[[-5.7015,55.9504],[-5.6929,55.9563],[-5.675,55.9532],[-5.6937,55.9332],[-5.706,55.9388],[-5.7015,55.9504]]],[[[-5.6896,56.1089],[-5.7312,56.0731],[-5.7771,56.0162],[-5.7947,56.011],[-5.8146,55.9794],[-5.8274,55.9686],[-5.8345,55.9682],[-5.8383,55.955],[-5.8486,55.9449],[-5.8531,55.9276],[-5.8684,55.9174],[-5.8783,55.8935],[-5.8974,55.8899],[-5.9002,55.8814],[-5.8954,55.8721],[-5.902,55.8671],[-5.9171,55.8726],[-5.9365,55.8674],[-5.9511,55.8346],[-5.943,55.8302],[-5.9427,55.8228],[-5.9501,55.8197],[-5.9641,55.7922],[-6.0138,55.798],[-6.0344,55.7957],[-6.0418,55.8017],[-6.0647,55.8061],[-6.0813,55.8221],[-6.0914,55.8468],[-6.0863,55.8635],[-6.0946,55.873],[-6.0924,55.8921],[-6.0735,55.9058],[-6.0634,55.9224],[-6.043,55.9393],[-6.0002,55.9528],[-5.9793,55.9491],[-5.9591,55.9564],[-5.9398,55.9547],[-5.9301,55.9594],[-5.916,55.9564],[-5.8516,55.9791],[-5.8563,55.9891],[-5.8692,55.9761],[-5.8889,55.971],[-5.8851,55.9805],[-5.8936,55.9824],[-5.9058,55.9733],[-5.9165,55.9736],[-5.9246,55.9623],[-5.9383,55.9608],[-5.9969,55.9757],[-6.0024,55.9857],[-5.9763,56.0117],[-5.9637,56.017],[-5.9639,56.0275],[-5.95,56.0375],[-5.905,56.0554],[-5.9035,56.0613],[-5.8929,56.0668],[-5.8373,56.0889],[-5.8229,56.089],[-5.8232,56.0957],[-5.8042,56.1034],[-5.8047,56.1089],[-5.7957,56.1131],[-5.7853,56.1085],[-5.778,56.1173],[-5.747,56.1297],[-5.7493,56.1347],[-5.7373,56.1415],[-5.7229,56.1428],[-5.7213,56.1483],[-5.7042,56.1486],[-5.6974,56.1442],[-5.6921,56.1368],[-5.6896,56.1089]]],[[[-5.6839,56.1694],[-5.7005,56.1596],[-5.7294,56.159],[-5.7441,56.1606],[-5.7519,56.1685],[-5.7478,56.1756],[-5.7324,56.1811],[-5.7312,56.1882],[-5.6861,56.1989],[-5.676,56.1917],[-5.6788,56.1833],[-5.67,56.1705],[-5.6839,56.1694]]],[[[-5.7012,56.2076],[-5.7153,56.2119],[-5.7125,56.2189],[-5.707,56.2179],[-5.6904,56.2358],[-5.6945,56.2099],[-5.6856,56.2044],[-5.6984,56.2022],[-5.7012,56.2076]]],[[[-5.8153,56.2168],[-5.8025,56.228],[-5.8019,56.2217],[-5.8153,56.2168]]],[[[-5.6176,56.2429],[-5.6314,56.2181],[-5.6305,56.1894],[-5.6435,56.1909],[-5.6503,56.1985],[-5.6501,56.2089],[-5.6657,56.2188],[-5.6514,56.2469],[-5.6547,56.25],[-5.6514,56.2611],[-5.639,56.2708],[-5.6304,56.2623],[-5.6332,56.2595],[-5.6285,56.2523],[-5.6194,56.2488],[-5.6176,56.2429]]],[[[-5.7244,56.2323],[-5.711,56.2351],[-5.7161,56.2282],[-5.7244,56.2323]]],[[[-5.7665,56.2475],[-5.7523,56.2496],[-5.7508,56.246],[-5.7722,56.2372],[-5.7778,56.2394],[-5.7665,56.2475]]],[[[-5.607,56.2594],[-5.6121,56.2513],[-5.6256,56.2522],[-5.6093,56.2658],[-5.607,56.2594]]],[[[-5.5992,56.28],[-5.6269,56.2656],[-5.6367,56.2753],[-5.6332,56.2891],[-5.6542,56.2969],[-5.6383,56.3126],[-5.6202,56.3212],[-5.6003,56.3155],[-5.5829,56.3255],[-5.5902,56.3018],[-5.6065,56.298],[-5.6093,56.293],[-5.6003,56.2903],[-5.5992,56.28]]],[[[-6.1127,56.6439],[-6.0644,56.637],[-6.0583,56.6281],[-6.0697,56.6214],[-6.0599,56.615],[-6.0326,56.6102],[-6.0122,56.588],[-5.9878,56.5782],[-5.984,56.5728],[-5.9874,56.5657],[-5.9709,56.5527],[-5.9639,56.53],[-5.9519,56.519],[-5.9393,56.5249],[-5.9203,56.5165],[-5.8637,56.5216],[-5.8501,56.5199],[-5.8382,56.5092],[-5.8246,56.5069],[-5.8257,56.516],[-5.7947,56.5143],[-5.7738,56.4994],[-5.7685,56.4893],[-5.7415,56.4819],[-5.7203,56.486],[-5.7095,56.478],[-5.7133,56.4748],[-5.6813,56.4605],[-5.6846,56.4524],[-5.6582,56.4495],[-5.6594,56.4555],[-5.6524,56.4567],[-5.6458,56.4472],[-5.6519,56.4261],[-5.6705,56.4287],[-5.6677,56.4349],[-5.6783,56.4348],[-5.6751,56.423],[-5.6526,56.4155],[-5.6677,56.3897],[-5.6899,56.3861],[-5.7093,56.3872],[-5.7188,56.3954],[-5.7173,56.4043],[-5.7095,56.4121],[-5.7149,56.4149],[-5.7451,56.4114],[-5.7358,56.407],[-5.7317,56.396],[-5.7543,56.3913],[-5.7581,56.3812],[-5.7682,56.3747],[-5.7941,56.3666],[-5.7562,56.37],[-5.7358,56.3801],[-5.6985,56.384],[-5.6899,56.3794],[-5.6957,56.3709],[-5.706,56.3611],[-5.7277,56.3542],[-5.7458,56.3418],[-5.8284,56.3167],[-5.8319,56.3114],[-5.8745,56.315],[-5.8889,56.3217],[-5.8634,56.3329],[-5.8609,56.3403],[-5.8495,56.3425],[-5.846,56.3486],[-5.8549,56.3543],[-5.8737,56.3559],[-5.9022,56.3469],[-5.9335,56.322],[-5.95,56.3188],[-5.9868,56.3228],[-5.9959,56.3145],[-6.0455,56.2928],[-6.0666,56.2957],[-6.0775,56.3023],[-6.0871,56.2979],[-6.1266,56.2967],[-6.1428,56.2844],[-6.169,56.2903],[-6.1772,56.2865],[-6.2155,56.2904],[-6.2254,56.2834],[-6.2453,56.2885],[-6.2538,56.2834],[-6.2646,56.2642],[-6.2737,56.2683],[-6.2699,56.2725],[-6.3004,56.273],[-6.3036,56.2673],[-6.3303,56.273],[-6.3279,56.2812],[-6.3498,56.2828],[-6.3518,56.3023],[-6.3659,56.3036],[-6.3671,56.3111],[-6.3735,56.31],[-6.3646,56.338],[-6.3467,56.3461],[-6.2923,56.343],[-6.2734,56.338],[-6.2677,56.3259],[-6.2767,56.3252],[-6.2682,56.318],[-6.244,56.3191],[-6.2384,56.3313],[-6.2515,56.3367],[-6.2513,56.3423],[-6.2266,56.3423],[-6.2138,56.3331],[-6.203,56.3375],[-6.1903,56.3322],[-6.18,56.3337],[-6.1807,56.3386],[-6.1729,56.3409],[-6.142,56.3373],[-6.1236,56.3442],[-6.104,56.3427],[-6.0889,56.3474],[-6.0891,56.3514],[-6.019,56.3652],[-6.0034,56.3799],[-6.0113,56.3814],[-6.015,56.3881],[-5.9977,56.383],[-5.9793,56.3858],[-5.9869,56.3912],[-5.9967,56.3881],[-6.0032,56.3937],[-6.0228,56.3946],[-6.0556,56.3805],[-6.0661,56.3831],[-6.0802,56.3733],[-6.101,56.3673],[-6.1448,56.367],[-6.1763,56.3574],[-6.1949,56.3588],[-6.2093,56.3738],[-6.2088,56.3805],[-6.1861,56.3984],[-6.1559,56.4098],[-6.145,56.4277],[-6.138,56.4307],[-6.14,56.4386],[-6.1322,56.4401],[-6.1291,56.4484],[-6.0548,56.4514],[-6.0418,56.4634],[-6.0209,56.4668],[-5.9959,56.4839],[-5.9966,56.4883],[-6.0047,56.4993],[-6.0133,56.4999],[-6.035,56.4883],[-6.105,56.4785],[-6.1218,56.4721],[-6.1496,56.4811],[-6.1505,56.4855],[-6.1385,56.4905],[-6.1475,56.499],[-6.1813,56.5132],[-6.1866,56.5097],[-6.2288,56.5295],[-6.2868,56.5234],[-6.2954,56.5292],[-6.3364,56.535],[-6.34,56.5422],[-6.3336,56.5552],[-6.307,56.5585],[-6.2808,56.5803],[-6.3095,56.5758],[-6.3163,56.5796],[-6.322,56.5957],[-6.316,56.602],[-6.2898,56.6068],[-6.2707,56.6033],[-6.2616,56.6128],[-6.2409,56.6099],[-6.1943,56.5845],[-6.1883,56.5865],[-6.2243,56.6048],[-6.2263,56.631],[-6.2072,56.6308],[-6.1976,56.6419],[-6.1662,56.6417],[-6.1457,56.6531],[-6.1342,56.6501],[-6.1231,56.655],[-6.1127,56.6439]]],[[[-6.0337,56.6194],[-6.0334,56.6128],[-6.0442,56.6169],[-6.0458,56.625],[-6.0337,56.6194]]],[[[-5.5869,55.286],[-5.5723,55.2867],[-5.5645,55.2814],[-5.5914,55.2761],[-5.5977,55.2793],[-5.5869,55.286]]],[[[-5.5363,55.4231],[-5.5478,55.4215],[-5.5524,55.4245],[-5.5425,55.4286],[-5.5363,55.4231]]],[[[-5.168,55.791],[-5.1666,55.8023],[-5.1605,55.8051],[-5.1474,55.7847],[-5.1582,55.7767],[-5.168,55.791]]],[[[-5.1584,55.921],[-5.1137,55.8924],[-5.0799,55.8822],[-5.0749,55.8742],[-5.0909,55.8615],[-5.0615,55.8583],[-5.0617,55.8415],[-5.0519,55.8378],[-5.0277,55.8451],[-5.0237,55.8408],[-5.0224,55.8094],[-5.001,55.7699],[-5.0088,55.7637],[-5.0287,55.7602],[-5.0321,55.7536],[-5.0122,55.7456],[-5.0041,55.7321],[-5.0318,55.7221],[-5.0537,55.7333],[-5.0496,55.7372],[-5.0622,55.7478],[-5.061,55.7585],[-5.1026,55.7798],[-5.1169,55.7717],[-5.1288,55.7905],[-5.1227,55.8006],[-5.1267,55.8095],[-5.1429,55.8133],[-5.1385,55.836],[-5.1287,55.8396],[-5.1292,55.8453],[-5.1458,55.8516],[-5.154,55.8472],[-5.1695,55.8518],[-5.2134,55.8865],[-5.2151,55.8997],[-5.2103,55.91],[-5.1978,55.9136],[-5.1842,55.9254],[-5.1584,55.921]]],[[[-4.7001,56.4674],[-4.7049,56.4617],[-4.7333,56.4549],[-4.724,56.4497],[-4.7263,56.4408],[-4.7359,56.4337],[-4.7616,56.4357],[-4.79,56.4274],[-4.7986,56.4168],[-4.8117,56.4176],[-4.8174,56.402],[-4.8126,56.3981],[-4.8351,56.3901],[-4.8366,56.3766],[-4.8532,56.3693],[-4.8318,56.3668],[-4.7832,56.3439],[-4.7805,56.338],[-4.7928,56.3331],[-4.7859,56.3239],[-4.753,56.3251],[-4.7361,56.3317],[-4.6956,56.3224],[-4.6772,56.3265],[-4.661,56.3233],[-4.6767,56.3129],[-4.6739,56.3021],[-4.682,56.2979],[-4.6786,56.2891],[-4.6606,56.2854],[-4.6603,56.2811],[-4.6902,56.2788],[-4.6971,56.2744],[-4.7014,56.2546],[-4.6855,56.2191],[-4.6953,56.1992],[-4.6727,56.1748],[-4.6557,56.165],[-4.6575,56.1588],[-4.6411,56.1235],[-4.6328,56.1185],[-4.5941,56.1138],[-4.5892,56.1079],[-4.6044,56.0905],[-4.5981,56.0842],[-4.6028,56.0703],[-4.622,56.045],[-4.6016,56.0202],[-4.63,56.009],[-4.6232,56.0061],[-4.6303,56.0027],[-4.653,56.0081],[-4.6598,56.0028],[-4.6537,55.9984],[-4.6416,55.9991],[-4.6417,55.994],[-4.6144,55.9809],[-4.625,55.9724],[-4.6023,55.958],[-4.6096,55.9466],[-4.6547,55.9602],[-4.6664,55.9584],[-4.6825,55.9705],[-4.7018,55.9672],[-4.7051,55.9724],[-4.6938,55.9786],[-4.7001,55.9917],[-4.7747,56.0127],[-4.8202,56.0541],[-4.8174,56.0651],[-4.8262,56.0676],[-4.8281,56.0777],[-4.8388,56.0786],[-4.8417,56.0589],[-4.8381,56.0512],[-4.8063,56.013],[-4.7956,56.0127],[-4.7928,56.0009],[-4.7741,56.0019],[-4.7681,55.9981],[-4.7719,55.995],[-4.7686,55.9874],[-4.8034,55.9826],[-4.8461,55.9864],[-4.8534,55.9903],[-4.852,56.0],[-4.8671,56.0135],[-4.866,56.0318],[-4.8703,56.0425],[-4.8812,56.0494],[-4.8799,56.0582],[-4.8389,56.1135],[-4.8199,56.1248],[-4.8111,56.1427],[-4.7805,56.1765],[-4.7517,56.1936],[-4.7442,56.2032],[-4.7495,56.2065],[-4.7905,56.1813],[-4.8265,56.1414],[-4.8326,56.1231],[-4.8413,56.1221],[-4.8655,56.1007],[-4.8829,56.104],[-4.8908,56.1183],[-4.8825,56.1416],[-4.9008,56.1696],[-4.9074,56.1718],[-4.9177,56.164],[-4.9,56.1461],[-4.9018,56.1332],[-4.9079,56.1299],[-4.9114,56.1188],[-4.9092,56.1122],[-4.8757,56.0941],[-4.8748,56.0849],[-4.883,56.0752],[-4.8983,56.0585],[-4.9144,56.0512],[-4.9074,56.0448],[-4.9069,56.0323],[-4.8993,56.02],[-4.9031,56.0171],[-4.8952,55.9973],[-4.896,55.9862],[-4.9011,55.9831],[-4.9491,55.9979],[-4.9631,55.9917],[-4.9441,55.9808],[-4.9136,55.9751],[-4.9079,55.9685],[-4.9099,55.9601],[-4.9247,55.9505],[-4.922,55.9454],[-4.9336,55.9431],[-4.9529,55.8954],[-4.9718,55.8818],[-4.9837,55.8618],[-5.0449,55.8708],[-5.0406,55.8818],[-5.0477,55.8908],[-5.055,55.9276],[-5.0685,55.9522],[-5.1054,55.9716],[-5.1197,55.9963],[-5.1205,56.0084],[-5.126,56.008],[-5.1297,55.9983],[-5.1184,55.9732],[-5.093,55.9537],[-5.0824,55.9385],[-5.0736,55.9062],[-5.0784,55.8975],[-5.1122,55.9026],[-5.1665,55.9324],[-5.1736,55.932],[-5.19,55.9473],[-5.1852,55.9566],[-5.1894,55.9689],[-5.1842,55.9732],[-5.194,55.9807],[-5.2021,55.9416],[-5.1943,55.9365],[-5.2091,55.9162],[-5.2398,55.902],[-5.2421,55.8944],[-5.2086,55.8563],[-5.2086,55.8445],[-5.2008,55.834],[-5.2058,55.8262],[-5.2156,55.8265],[-5.2254,55.8378],[-5.2477,55.8399],[-5.2514,55.8493],[-5.2618,55.8526],[-5.2723,55.8475],[-5.2851,55.8483],[-5.2895,55.8512],[-5.2879,55.857],[-5.3108,55.8521],[-5.3156,55.8581],[-5.3091,55.8695],[-5.3124,55.8761],[-5.3416,55.8897],[-5.3507,55.9074],[-5.3428,55.9165],[-5.3479,55.9276],[-5.3434,55.9388],[-5.3295,55.9549],[-5.3459,55.9674],[-5.3471,55.9745],[-5.34,55.9802],[-5.342,55.9951],[-5.3015,56.0236],[-5.2842,56.0547],[-5.206,56.1084],[-5.2103,56.1169],[-5.1997,56.1301],[-5.1701,56.1379],[-5.1527,56.1376],[-5.1018,56.156],[-5.0804,56.1686],[-5.0841,56.1755],[-5.0706,56.1969],[-5.0552,56.2109],[-5.032,56.2233],[-4.985,56.2343],[-4.9369,56.2567],[-4.9187,56.2701],[-4.9321,56.2695],[-4.9484,56.2591],[-4.9895,56.2453],[-5.0341,56.2356],[-5.0466,56.234],[-5.0461,56.2459],[-5.0535,56.2465],[-5.0728,56.2343],[-5.0776,56.2234],[-5.0905,56.2177],[-5.1103,56.197],[-5.1059,56.1922],[-5.1084,56.1806],[-5.1174,56.1708],[-5.1409,56.1585],[-5.1922,56.1499],[-5.2368,56.1284],[-5.2552,56.1133],[-5.257,56.0974],[-5.2834,56.0891],[-5.2975,56.0653],[-5.3161,56.0589],[-5.3225,56.0609],[-5.3214,56.0687],[-5.3328,56.0688],[-5.3366,56.0631],[-5.3302,56.0586],[-5.3418,56.0493],[-5.3371,56.0436],[-5.3378,56.0331],[-5.3466,56.0217],[-5.3619,56.0239],[-5.3801,56.0058],[-5.4073,56.0062],[-5.4275,56.0131],[-5.4305,56.0348],[-5.441,56.0343],[-5.4481,56.0173],[-5.4454,56.0133],[-5.4506,56.0081],[-5.4449,55.9898],[-5.4511,55.9718],[-5.4439,55.958],[-5.4342,55.9547],[-5.4287,55.9468],[-5.4196,55.8965],[-5.3967,55.8699],[-5.4033,55.8659],[-5.3877,55.8634],[-5.3323,55.8189],[-5.3148,55.7848],[-5.3217,55.7683],[-5.3507,55.7661],[-5.3667,55.7564],[-5.3944,55.7506],[-5.4506,55.7063],[-5.4468,55.7037],[-5.4473,55.6913],[-5.4604,55.6826],[-5.4566,55.6792],[-5.4697,55.6504],[-5.4836,55.6426],[-5.4765,55.634],[-5.4755,55.6042],[-5.459,55.5907],[-5.4584,55.5765],[-5.468,55.5762],[-5.47,55.5809],[-5.4876,55.5789],[-5.4944,55.5678],[-5.4901,55.565],[-5.4945,55.545],[-5.4906,55.5291],[-5.5008,55.5284],[-5.5115,55.5062],[-5.5085,55.5004],[-5.5178,55.4848],[-5.5456,55.4661],[-5.5443,55.458],[-5.5582,55.435],[-5.5791,55.426],[-5.603,55.4279],[-5.5841,55.4137],[-5.5635,55.4183],[-5.5488,55.4152],[-5.5454,55.4067],[-5.5294,55.3963],[-5.5166,55.3692],[-5.5216,55.3598],[-5.5615,55.33],[-5.5619,55.3237],[-5.6037,55.3075],[-5.6536,55.311],[-5.6886,55.3077],[-5.7199,55.2933],[-5.7616,55.2889],[-5.7987,55.2994],[-5.8048,55.3109],[-5.7967,55.3344],[-5.7984,55.3433],[-5.8047,55.3483],[-5.7992,55.3533],[-5.8009,55.3653],[-5.7936,55.3826],[-5.7967,55.3896],[-5.7552,55.4142],[-5.7489,55.4245],[-5.73,55.424],[-5.7229,55.4286],[-5.7163,55.4425],[-5.712,55.4728],[-5.7136,55.5206],[-5.704,55.5369],[-5.7156,55.5683],[-5.7153,55.5785],[-5.6927,55.5874],[-5.6853,55.6004],[-5.6846,55.6147],[-5.6723,55.6327],[-5.6723,55.6506],[-5.663,55.6679],[-5.6761,55.6813],[-5.6375,55.6967],[-5.6071,55.7235],[-5.5698,55.7669],[-5.5534,55.7671],[-5.5159,55.7848],[-5.51,55.7941],[-5.4789,55.804],[-5.4809,55.8076],[-5.467,55.8177],[-5.4703,55.8206],[-5.4464,55.841],[-5.4504,55.8472],[-5.4566,55.8475],[-5.4585,55.8402],[-5.4726,55.8372],[-5.4823,55.8219],[-5.4969,55.8175],[-5.5192,55.7974],[-5.5687,55.7757],[-5.5785,55.7791],[-5.5894,55.7672],[-5.6068,55.7615],[-5.6169,55.7685],[-5.6096,55.7739],[-5.6209,55.782],[-5.6093,55.7887],[-5.6133,55.7933],[-5.6401,55.7868],[-5.6629,55.7984],[-5.6705,55.8164],[-5.6614,55.8355],[-5.6629,55.8474],[-5.6551,55.8529],[-5.6503,55.8654],[-5.6292,55.8811],[-5.6221,55.8965],[-5.6075,55.9121],[-5.5881,55.9188],[-5.5846,55.9262],[-5.5713,55.9333],[-5.5794,55.9396],[-5.6003,55.9288],[-5.609,55.9293],[-5.644,55.9039],[-5.6586,55.9026],[-5.6753,55.8875],[-5.6833,55.8874],[-5.6869,55.8981],[-5.6813,55.903],[-5.6818,55.9087],[-5.6874,55.9092],[-5.6816,55.9257],[-5.667,55.9467],[-5.6405,55.9644],[-5.596,56.0094],[-5.5763,56.0131],[-5.5635,56.0287],[-5.595,56.0149],[-5.5902,56.0231],[-5.5702,56.0361],[-5.5886,56.0346],[-5.595,56.0272],[-5.609,56.024],[-5.6211,56.0265],[-5.6244,56.0216],[-5.6113,56.019],[-5.6484,55.983],[-5.6537,55.9861],[-5.6411,56.0031],[-5.6541,55.9977],[-5.6649,55.9765],[-5.6547,55.9773],[-5.6683,55.9639],[-5.6791,55.9587],[-5.6813,55.9647],[-5.7035,55.9591],[-5.706,55.9669],[-5.6834,55.9857],[-5.6864,55.9888],[-5.6587,56.0153],[-5.6567,56.0229],[-5.6353,56.0306],[-5.6405,56.036],[-5.6387,56.0435],[-5.627,56.056],[-5.6159,56.0599],[-5.5824,56.0924],[-5.5663,56.0877],[-5.5532,56.091],[-5.5479,56.0853],[-5.5504,56.0808],[-5.528,56.0732],[-5.5323,56.0798],[-5.5275,56.0838],[-5.5421,56.0877],[-5.5294,56.0993],[-5.5395,56.1045],[-5.5498,56.1015],[-5.5682,56.1136],[-5.5463,56.1445],[-5.5242,56.1606],[-5.5171,56.169],[-5.5199,56.1739],[-5.5048,56.1834],[-5.5037,56.1887],[-5.5255,56.1883],[-5.5476,56.1711],[-5.5761,56.1572],[-5.5804,56.146],[-5.5917,56.1426],[-5.5984,56.1327],[-5.6146,56.1316],[-5.6022,56.1444],[-5.6005,56.1611],[-5.5708,56.1899],[-5.5705,56.1951],[-5.5572,56.2039],[-5.5571,56.2109],[-5.5476,56.2141],[-5.5484,56.2305],[-5.567,56.2363],[-5.5123,56.2465],[-5.5088,56.2538],[-5.4874,56.2576],[-5.4977,56.2636],[-5.4949,56.2685],[-5.5051,56.2702],[-5.534,56.2581],[-5.5619,56.2607],[-5.5816,56.2482],[-5.596,56.2488],[-5.5992,56.2542],[-5.5924,56.2623],[-5.5947,56.2648],[-5.5791,56.2839],[-5.5909,56.2887],[-5.5776,56.3335],[-5.5564,56.3469],[-5.5426,56.3447],[-5.5347,56.3488],[-5.5249,56.3428],[-5.5131,56.3429],[-5.4988,56.3521],[-5.4771,56.3524],[-5.4415,56.3643],[-5.4532,56.3679],[-5.4798,56.3554],[-5.5068,56.3564],[-5.5204,56.3454],[-5.5269,56.3536],[-5.5355,56.3541],[-5.5382,56.3611],[-5.5299,56.3694],[-5.5332,56.3725],[-5.5229,56.3777],[-5.5265,56.3799],[-5.5232,56.3868],[-5.5141,56.3957],[-5.4726,56.4141],[-5.4864,56.4262],[-5.4516,56.4515],[-5.4415,56.4476],[-5.4149,56.4553],[-5.3663,56.4544],[-5.3499,56.4597],[-5.3252,56.4512],[-5.3161,56.4577],[-5.3118,56.4536],[-5.2998,56.456],[-5.2783,56.4511],[-5.2693,56.455],[-5.2584,56.4501],[-5.2491,56.4387],[-5.2323,56.4378],[-5.2252,56.4441],[-5.1978,56.4469],[-5.17,56.4576],[-5.1569,56.4719],[-5.1453,56.4755],[-5.1363,56.4899],[-5.124,56.4935],[-5.1177,56.5041],[-5.1033,56.5125],[-5.096,56.5285],[-5.0617,56.5271],[-5.0519,56.5362],[-5.0227,56.5361],[-4.9943,56.5421],[-4.9852,56.5565],[-4.9711,56.5546],[-4.9709,56.5592],[-4.9515,56.5637],[-4.9474,56.5757],[-4.8801,56.5662],[-4.8386,56.5738],[-4.83,56.5692],[-4.8182,56.5741],[-4.8011,56.5736],[-4.7744,56.5885],[-4.7638,56.5852],[-4.7262,56.5878],[-4.7036,56.5984],[-4.7033,56.6043],[-4.6878,56.6008],[-4.6577,56.6126],[-4.6265,56.6156],[-4.6099,56.6148],[-4.5862,56.5996],[-4.5638,56.5714],[-4.5996,56.5767],[-4.6976,56.5499],[-4.6976,56.5411],[-4.6595,56.5345],[-4.6537,56.526],[-4.6583,56.5107],[-4.6761,56.5],[-4.6825,56.4864],[-4.6708,56.4797],[-4.6391,56.476],[-4.6553,56.4731],[-4.6664,56.4615],[-4.7001,56.4674]]],[[[-5.5561,56.1419],[-5.5655,56.1309],[-5.5726,56.1305],[-5.5624,56.1406],[-5.5561,56.1419]]],[[[-5.544,56.1598],[-5.5373,56.1651],[-5.5285,56.1667],[-5.5405,56.1557],[-5.544,56.1598]]],[[[-5.6113,56.1954],[-5.6186,56.209],[-5.6168,56.2165],[-5.6027,56.2294],[-5.5947,56.2259],[-5.5897,56.2044],[-5.6113,56.1954]]],[[[-5.5265,56.3962],[-5.5516,56.3727],[-5.5577,56.3802],[-5.5836,56.3803],[-5.5853,56.387],[-5.5735,56.3922],[-5.5735,56.3986],[-5.5617,56.4081],[-5.5267,56.4108],[-5.5055,56.4183],[-5.4993,56.4256],[-5.4919,56.4231],[-5.4995,56.4171],[-5.499,56.4124],[-5.5265,56.3962]]],[[[-5.507,56.4981],[-5.5849,56.4629],[-5.597,56.4634],[-5.5763,56.4755],[-5.5717,56.4938],[-5.5328,56.5077],[-5.4728,56.553],[-5.4647,56.556],[-5.4624,56.551],[-5.4504,56.5518],[-5.4279,56.5605],[-5.4342,56.5513],[-5.4864,56.5186],[-5.507,56.4981]]],[[[-5.4214,56.5329],[-5.4008,56.5348],[-5.4244,56.5264],[-5.4214,56.5329]]],[[[-5.1348,56.5034],[-5.1559,56.5013],[-5.1643,56.4852],[-5.1746,56.48],[-5.1758,56.4707],[-5.1851,56.4662],[-5.1846,56.4609],[-5.2244,56.4482],[-5.2597,56.4631],[-5.3065,56.4624],[-5.3393,56.4709],[-5.362,56.4701],[-5.3615,56.4623],[-5.3745,56.4581],[-5.407,56.4589],[-5.4008,56.4722],[-5.4053,56.4843],[-5.427,56.4956],[-5.4353,56.4936],[-5.4486,56.4793],[-5.4551,56.4884],[-5.4738,56.4819],[-5.4516,56.4971],[-5.4516,56.5058],[-5.4352,56.5212],[-5.4262,56.5187],[-5.4202,56.5266],[-5.4033,56.5257],[-5.3998,56.5154],[-5.3828,56.5099],[-5.3648,56.5168],[-5.3337,56.5201],[-5.3138,56.529],[-5.2925,56.547],[-5.2758,56.544],[-5.2494,56.5484],[-5.2453,56.5532],[-5.2474,56.5606],[-5.2869,56.5478],[-5.302,56.5513],[-5.3239,56.5475],[-5.3604,56.5262],[-5.3751,56.5293],[-5.3793,56.5248],[-5.3877,56.5281],[-5.398,56.5438],[-5.4154,56.5418],[-5.4051,56.5491],[-5.4149,56.5531],[-5.4041,56.5614],[-5.391,56.5688],[-5.3861,56.5641],[-5.375,56.5655],[-5.3821,56.5706],[-5.374,56.5892],[-5.3627,56.6018],[-5.3358,56.617],[-5.325,56.6207],[-5.2973,56.598],[-5.2759,56.6006],[-5.2497,56.5922],[-5.2355,56.5933],[-5.2111,56.6083],[-5.2166,56.6233],[-5.2137,56.6319],[-5.153,56.6267],[-5.153,56.6129],[-5.1118,56.6159],[-5.0796,56.6071],[-5.0991,56.5895],[-5.1089,56.5875],[-5.105,56.5773],[-5.0958,56.5765],[-5.101,56.5659],[-5.0975,56.5595],[-5.1144,56.548],[-5.1106,56.5414],[-5.0977,56.5357],[-5.1194,56.5128],[-5.1348,56.5034]]],[[[-5.4043,56.5866],[-5.3823,56.5945],[-5.3896,56.582],[-5.3972,56.5786],[-5.4043,56.5866]]]]}},{"type":"Feature","properties":{"code":"UK205","name":"Bath and North East Somerset"},"geometry":{"type":"Polygon","coordinates":[[[-2.2946,51.4288],[-2.2785,51.4159],[-2.2908,51.4057],[-2.2845,51.3969],[-2.2968,51.3949],[-2.2974,51.3849],[-2.2903,51.3726],[-2.3001,51.3622],[-2.3076,51.365],[-2.3102,51.3575],[-2.323,51.3566],[-2.3444,51.3455],[-2.324,51.3478],[-2.3086,51.3398],[-2.2999,51.3427],[-2.295,51.3402],[-2.3001,51.3323],[-2.2906,51.3306],[-2.2891,51.3253],[-2.3326,51.3085],[-2.3797,51.3006],[-2.3872,51.2946],[-2.3974,51.303],[-2.4117,51.3013],[-2.4203,51.2966],[-2.4174,51.2922],[-2.422,51.2875],[-2.4391,51.2852],[-2.4517,51.2743],[-2.4907,51.2745],[-2.5064,51.279],[-2.497,51.2863],[-2.5033,51.2901],[-2.5578,51.3026],[-2.5713,51.2951],[-2.5917,51.2965],[-2.6131,51.2842],[-2.63,51.2836],[-2.6411,51.2955],[-2.6948,51.3181],[-2.6872,51.3304],[-2.7079,51.3378],[-2.7041,51.3435],[-2.6948,51.3443],[-2.69,51.3528],[-2.6966,51.3624],[-2.6942,51.3799],[-2.6895,51.3802],[-2.6797,51.3602],[-2.6696,51.3618],[-2.6694,51.3569],[-2.6779,51.3536],[-2.6741,51.3435],[-2.6552,51.3426],[-2.6512,51.345],[-2.6499,51.3689],[-2.6429,51.3748],[-2.6298,51.3755],[-2.627,51.3871],[-2.6184,51.3822],[-2.6145,51.3887],[-2.582,51.4009],[-2.5708,51.3994],[-2.5631,51.4075],[-2.5359,51.4111],[-2.5313,51.4233],[-2.523,51.4257],[-2.522,51.4315],[-2.5079,51.4246],[-2.4915,51.4289],[-2.4696,51.416],[-2.3518,51.4387],[-2.325,51.437],[-2.3139,51.4289],[-2.3139,51.4232],[-2.2946,51.4288]]]}},{"type":"Feature","properties":{"code":"UK206","name":"Bedford"},"geometry":{"type":"Polygon","coordinates":[[[-0.2441,52.1827],[-0.2892,52.1909],[-0.3016,52.1782],[-0.3034,52.1682],[-0.3301,52.1654],[-0.3492,52.1454],[-0.362,52.1429],[-0.3447,52.1159],[-0.3592,52.1036],[-0.3812,52.0936],[-0.3769,52.0878],[-0.3892,52.0809],[-0.3849,52.0756],[-0.4401,52.0633],[-0.4578,52.0728],[-0.4716,52.088],[-0.4996,52.0756],[-0.5048,52.0701],[-0.4996,52.0677],[-0.5051,52.059],[-0.5179,52.0603],[-0.5189,52.0686],[-0.5416,52.0819],[-0.55,52.0807],[-0.5618,52.0923],[-0.5782,52.0941],[-0.5875,52.1011],[-0.5832,52.1045],[-0.5978,52.1157],[-0.599,52.1258],[-0.6073,52.1338],[-0.6346,52.1379],[-0.6408,52.1528],[-0.6306,52.1549],[-0.635,52.1681],[-0.6283,52.1725],[-0.6275,52.1816],[-0.6575,52.1897],[-0.6686,52.1977],[-0.6486,52.2209],[-0.6373,52.2274],[-0.6537,52.2683],[-0.6021,52.2786],[-0.5864,52.2729],[-0.5656,52.2534],[-0.5547,52.2582],[-0.5427,52.256],[-0.5393,52.2661],[-0.5311,52.2704],[-0.5406,52.2915],[-0.5184,52.3116],[-0.5199,52.3166],[-0.4872,52.3211],[-0.4762,52.3181],[-0.4653,52.323],[-0.4335,52.3118],[-0.4358,52.2967],[-0.4218,52.285],[-0.4069,52.2874],[-0.399,52.2788],[-0.3805,52.2827],[-0.3724,52.2754],[-0.381,52.2732],[-0.3734,52.234],[-0.3441,52.2352],[-0.3432,52.2414],[-0.323,52.2432],[-0.2857,52.2374],[-0.2999,52.218],[-0.293,52.2076],[-0.2618,52.2098],[-0.2641,52.2064],[-0.2407,52.1902],[-0.2441,52.1827]]]}},{"type":"Feature","properties":{"code":"UK207","name":"Blackburn with Darwen"},"geometry":{"type":"Polygon","coordinates":[[[-2.3759,53.6756],[-2.3626,53.656],[-2.3726,53.642],[-2.3686,53.635],[-2.3792,53.6308],[-2.3978,53.6322],[-2.4013,53.6246],[-2.4263,53.6265],[-2.4261,53.635],[-2.4387,53.6461],[-2.4502,53.6414],[-2.4538,53.622],[-2.4792,53.617],[-2.52,53.6305],[-2.5233,53.6504],[-2.5323,53.6649],[-2.5184,53.6777],[-2.5157,53.6924],[-2.5396,53.7021],[-2.5432,53.7099],[-2.5389,53.7134],[-2.5407,53.7197],[-2.5552,53.7253],[-2.5572,53.7346],[-2.5636,53.7393],[-2.5625,53.7462],[-2.5457,53.7594],[-2.5233,53.7604],[-2.5094,53.7692],[-2.4989,53.7686],[-2.4809,53.774],[-2.4771,53.781],[-2.4671,53.7815],[-2.4464,53.7665],[-2.452,53.7616],[-2.4419,53.752],[-2.4326,53.7189],[-2.4183,53.7114],[-2.42,53.7084],[-2.411,53.7051],[-2.4003,53.6926],[-2.3744,53.6872],[-2.3759,53.6756]]]}},{"type":"Feature","properties":{"code":"UK208","name":"Blackpool"},"geometry":{"type":"Polygon","coordinates":[[[-3.057,53.7765],[-3.0565,53.8321],[-3.0477,53.8758],[-3.0313,53.8747],[-3.0142,53.8505],[-3.0181,53.8482],[-3.0156,53.8407],[-3.0073,53.8329],[-3.0137,53.8292],[-2.9957,53.8187],[-2.9834,53.7938],[-2.9993,53.7943],[-3.0061,53.788],[-2.9965,53.7745],[-3.0288,53.7731],[-3.0328,53.7807],[-3.057,53.7765]]]}},{"type":"Feature","properties":{"code":"UK209","name":"Blaenau Gwent"},"geometry":{"type":"Polygon","coordinates":[[[-3.1574,51.8161],[-3.1512,51.8075],[-3.1554,51.7965],[-3.1342,51.7929],[-3.1439,51.7861],[-3.1061,51.7612],[-3.1149,51.7586],[-3.1065,51.7417],[-3.1119,51.7347],[-3.1094,51.7023],[-3.1284,51.6815],[-3.1356,51.6813],[-3.137,51.6865],[-3.1285,51.6931],[-3.1461,51.7024],[-3.1473,51.7103],[-3.1592,51.7132],[-3.1673,51.7099],[-3.194,51.7392],[-3.2101,51.7501],[-3.2196,51.7452],[-3.2116,51.7312],[-3.2197,51.7274],[-3.2582,51.753],[-3.2557,51.7564],[-3.2672,51.7636],[-3.2725,51.7775],[-3.2914,51.7857],[-3.2954,51.794],[-3.3066,51.7979],[-3.3101,51.7943],[-3.3086,51.8061],[-3.2834,51.8255],[-3.2388,51.8124],[-3.1574,51.8161]]]}},{"type":"Feature","properties":{"code":"UK210","name":"Bournemouth Christchurch and Poole"},"geometry":{"type":"Polygon","coordinates":[[[-1.8039,50.796],[-1.7976,50.7839],[-1.7879,50.7788],[-1.7883,50.7669],[-1.7823,50.765],[-1.7491,50.7795],[-1.739,50.7633],[-1.7442,50.7475],[-1.6818,50.7519],[-1.6846,50.7438],[-1.6926,50.7374],[-1.7221,50.7345],[-1.7357,50.727],[-1.7564,50.7274],[-1.7617,50.7231],[-1.7593,50.7177],[-1.7447,50.718],[-1.7488,50.7124],[-1.8163,50.7205],[-1.8651,50.7172],[-1.913,50.7043],[-1.9336,50.6914],[-1.9341,50.6991],[-1.9664,50.7153],[-1.9729,50.7105],[-1.99,50.7122],[-1.9929,50.7143],[-1.985,50.7207],[-1.9924,50.724],[-1.9924,50.7335],[-1.9971,50.7354],[-2.0105,50.732],[-2.0057,50.719],[-1.9953,50.7173],[-1.9933,50.7123],[-2.0125,50.7104],[-2.0369,50.7171],[-2.0367,50.725],[-2.0225,50.7365],[-2.0135,50.737],[-2.0094,50.7826],[-2.0004,50.7854],[-1.9971,50.7928],[-1.9583,50.7893],[-1.9362,50.7972],[-1.9375,50.7836],[-1.9321,50.7801],[-1.921,50.784],[-1.9216,50.7762],[-1.915,50.7734],[-1.8964,50.7802],[-1.8742,50.7656],[-1.8654,50.774],[-1.8646,50.8066],[-1.8452,50.8096],[-1.8339,50.8001],[-1.8039,50.796]]]}},{"type":"Feature","properties":{"code":"UK211","name":"Bracknell Forest"},"geometry":{"type":"Polygon","coordinates":[[[-0.6676,51.3845],[-0.7353,51.365],[-0.7754,51.332],[-0.787,51.3392],[-0.8141,51.3416],[-0.8139,51.3454],[-0.8282,51.3528],[-0.8373,51.3528],[-0.827,51.3641],[-0.8096,51.3709],[-0.7889,51.3718],[-0.802,51.4091],[-0.7925,51.4088],[-0.7987,51.4196],[-0.8,51.4412],[-0.7839,51.4608],[-0.7826,51.4687],[-0.7696,51.4678],[-0.7647,51.4598],[-0.7527,51.4622],[-0.7245,51.4561],[-0.7144,51.4672],[-0.6889,51.467],[-0.6728,51.4579],[-0.6567,51.4615],[-0.662,51.4443],[-0.6305,51.4422],[-0.6371,51.4281],[-0.6313,51.4229],[-0.6313,51.4144],[-0.6763,51.4316],[-0.6965,51.4109],[-0.6676,51.3845]]]}},{"type":"Feature","properties":{"code":"UK212","name":"Bridgend"},"geometry":{"type":"Polygon","coordinates":[[[-3.5954,51.6413],[-3.5382,51.6443],[-3.51,51.6181],[-3.4728,51.6016],[-3.476,51.5838],[-3.4863,51.5766],[-3.4854,51.5696],[-3.4775,51.5654],[-3.4783,51.5602],[-3.4637,51.5425],[-3.4768,51.5389],[-3.4879,51.5168],[-3.5284,51.4998],[-3.5329,51.4816],[-3.5548,51.4928],[-3.6418,51.4708],[-3.6589,51.48],[-3.6786,51.4753],[-3.6989,51.478],[-3.7014,51.4739],[-3.7208,51.4797],[-3.7241,51.4888],[-3.7437,51.5007],[-3.7631,51.5365],[-3.7443,51.5367],[-3.7032,51.5272],[-3.6878,51.5375],[-3.6561,51.5398],[-3.6501,51.5525],[-3.6567,51.559],[-3.6561,51.5652],[-3.6771,51.5757],[-3.6944,51.5941],[-3.6909,51.6035],[-3.6786,51.603],[-3.6826,51.6092],[-3.678,51.6185],[-3.6806,51.6219],[-3.6619,51.6454],[-3.5957,51.6377],[-3.5954,51.6413]]]}},{"type":"Feature","properties":{"code":"UK213","name":"Brighton and Hove"},"geometry":{"type":"Polygon","coordinates":[[[-0.1351,50.8866],[-0.1353,50.8781],[-0.1241,50.8779],[-0.1218,50.8735],[-0.1049,50.8723],[-0.0974,50.8779],[-0.085,50.8731],[-0.0789,50.8538],[-0.0707,50.8459],[-0.0734,50.8413],[-0.0455,50.845],[-0.0369,50.8413],[-0.0424,50.8242],[-0.0309,50.8174],[-0.0205,50.8219],[-0.016,50.8149],[-0.0386,50.7991],[-0.0921,50.8118],[-0.216,50.8276],[-0.2406,50.8652],[-0.2326,50.8759],[-0.1877,50.8686],[-0.1898,50.8744],[-0.1779,50.8905],[-0.1694,50.8899],[-0.1681,50.8807],[-0.153,50.8799],[-0.1532,50.8849],[-0.1351,50.8866]]]}},{"type":"Feature","properties":{"code":"UK214","name":"Bristol"},"geometry":{"type":"Polygon","coordinates":[[[-2.6738,51.5444],[-2.6636,51.537],[-2.6655,51.531],[-2.6514,51.5207],[-2.6545,51.5138],[-2.588,51.5171],[-2.5882,51.5013],[-2.5691,51.4996],[-2.5553,51.4927],[-2.5378,51.4971],[-2.5111,51.4899],[-2.5167,51.4852],[-2.5109,51.4716],[-2.5122,51.4623],[-2.5185,51.4591],[-2.519,51.4526],[-2.5316,51.4464],[-2.5217,51.4318],[-2.5104,51.4288],[-2.522,51.4315],[-2.523,51.4257],[-2.5313,51.4233],[-2.5359,51.4111],[-2.5631,51.4075],[-2.5708,51.3994],[-2.5902,51.3976],[-2.6333,51.4035],[-2.6298,51.4147],[-2.6371,51.4232],[-2.6335,51.4358],[-2.6401,51.4404],[-2.6258,51.4487],[-2.6344,51.4668],[-2.6512,51.4737],[-2.6615,51.4864],[-2.6762,51.4797],[-2.7165,51.5006],[-2.7101,51.5022],[-2.7155,51.5073],[-2.6738,51.5444]]]}},{"type":"Feature","properties":{"code":"UK215","name":"Buckinghamshire"},"geometry":{"type":"Polygon","coordinates":[[[-0.8713,52.0402],[-0.8123,52.0061],[-0.8045,51.9862],[-0.762,51.9856],[-0.7404,51.9699],[-0.7139,51.9779],[-0.7134,51.9898],[-0.653,51.9692],[-0.6552,51.9606],[-0.6824,51.9427],[-0.6816,51.9377],[-0.7021,51.9091],[-0.6922,51.9002],[-0.6738,51.9015],[-0.6549,51.8879],[-0.6373,51.8826],[-0.62,51.8855],[-0.6089,51.8756],[-0.5869,51.8706],[-0.5693,51.8581],[-0.5714,51.855],[-0.562,51.8455],[-0.5376,51.8314],[-0.5436,51.8246],[-0.5605,51.8302],[-0.5819,51.8069],[-0.5917,51.8082],[-0.5976,51.8143],[-0.6119,51.8121],[-0.6345,51.8187],[-0.6671,51.8158],[-0.6902,51.8412],[-0.6867,51.8492],[-0.6923,51.857],[-0.7174,51.8571],[-0.7363,51.8424],[-0.7457,51.8421],[-0.729,51.8218],[-0.7192,51.8162],[-0.7093,51.8206],[-0.6827,51.7972],[-0.6902,51.7924],[-0.6816,51.7881],[-0.6759,51.7712],[-0.6688,51.7657],[-0.6436,51.7541],[-0.5864,51.7521],[-0.5728,51.7359],[-0.55,51.7306],[-0.5535,51.7284],[-0.5504,51.7231],[-0.5613,51.718],[-0.5631,51.7119],[-0.5477,51.7032],[-0.5429,51.6937],[-0.5492,51.6849],[-0.5462,51.6804],[-0.5109,51.6798],[-0.5051,51.6731],[-0.5147,51.6654],[-0.521,51.668],[-0.5223,51.6593],[-0.5363,51.6604],[-0.5366,51.6524],[-0.531,51.6492],[-0.5374,51.6429],[-0.5205,51.6018],[-0.5006,51.5996],[-0.4829,51.5628],[-0.4766,51.558],[-0.4955,51.5384],[-0.4905,51.5341],[-0.4923,51.5171],[-0.4835,51.5081],[-0.49,51.4947],[-0.5318,51.4934],[-0.5288,51.5101],[-0.5686,51.5114],[-0.5724,51.5274],[-0.5671,51.533],[-0.5759,51.5339],[-0.5811,51.5231],[-0.595,51.5242],[-0.6305,51.5389],[-0.66,51.5276],[-0.6532,51.5151],[-0.6535,51.5005],[-0.6423,51.5006],[-0.6338,51.4927],[-0.6507,51.4858],[-0.6658,51.4883],[-0.6786,51.4946],[-0.6862,51.5072],[-0.7036,51.5126],[-0.6912,51.5568],[-0.6962,51.5651],[-0.7113,51.5643],[-0.7122,51.5722],[-0.7189,51.5776],[-0.7575,51.5648],[-0.7756,51.5664],[-0.7826,51.5561],[-0.7945,51.5512],[-0.8103,51.5527],[-0.8428,51.5448],[-0.8637,51.5499],[-0.8756,51.5617],[-0.8834,51.5615],[-0.8968,51.5449],[-0.9031,51.5458],[-0.9016,51.5561],[-0.9386,51.5711],[-0.9415,51.5855],[-0.9249,51.5909],[-0.9169,51.5994],[-0.9201,51.6035],[-0.9431,51.6051],[-0.9386,51.6179],[-0.9497,51.6207],[-0.9501,51.6289],[-0.9347,51.6367],[-0.9446,51.6466],[-0.9444,51.6522],[-0.923,51.657],[-0.9308,51.6661],[-0.9104,51.6738],[-0.8778,51.6684],[-0.895,51.6747],[-0.8819,51.6846],[-0.8948,51.6925],[-0.8872,51.7033],[-0.8877,51.7184],[-0.9333,51.7524],[-0.963,51.7591],[-0.9871,51.7522],[-1.0327,51.7558],[-1.0315,51.7444],[-1.0454,51.7446],[-1.0549,51.7522],[-1.0828,51.7605],[-1.0788,51.7712],[-1.0857,51.7813],[-1.1219,51.787],[-1.1236,51.7942],[-1.1174,51.7991],[-1.1249,51.8075],[-1.1143,51.8183],[-1.1406,51.8347],[-1.1216,51.8453],[-1.076,51.8293],[-1.0489,51.839],[-1.062,51.8442],[-1.0647,51.8687],[-1.0766,51.8787],[-1.0702,51.8821],[-1.0705,51.8887],[-1.0935,51.894],[-1.0871,51.8974],[-1.0813,51.9276],[-1.0622,51.9351],[-1.0559,51.9426],[-1.0551,51.9487],[-1.076,51.9433],[-1.0952,51.9571],[-1.0781,51.981],[-1.0579,51.9994],[-1.0589,52.008],[-1.0881,52.0058],[-1.0967,52.0151],[-1.1362,52.0201],[-1.1222,52.0449],[-1.0823,52.0529],[-1.062,52.0627],[-1.0529,52.0597],[-1.0262,52.0658],[-1.0421,52.0739],[-0.9678,52.0709],[-0.9519,52.0816],[-0.9318,52.054],[-0.9303,52.0432],[-0.906,52.0212],[-0.8892,52.0315],[-0.8778,52.0299],[-0.8713,52.0402]]]}},{"type":"Feature","properties":{"code":"UK216","name":"Caerphilly"},"geometry":{"type":"Polygon","coordinates":[[[-3.1161,51.6908],[-3.1156,51.6852],[-3.102,51.6821],[-3.0844,51.6884],[-3.0716,51.6742],[-3.0748,51.6522],[-3.1026,51.6339],[-3.0869,51.6271],[-3.0812,51.613],[-3.0645,51.6039],[-3.0953,51.5925],[-3.1051,51.5973],[-3.1242,51.5885],[-3.1217,51.581],[-3.0902,51.5685],[-3.0944,51.5631],[-3.1089,51.5572],[-3.1189,51.5457],[-3.1411,51.5541],[-3.1502,51.5511],[-3.1647,51.5598],[-3.2279,51.5501],[-3.2376,51.5526],[-3.2425,51.5655],[-3.2493,51.5695],[-3.2629,51.5662],[-3.2698,51.5838],[-3.2872,51.5875],[-3.3027,51.615],[-3.3032,51.6358],[-3.3139,51.6447],[-3.301,51.6518],[-3.2975,51.6612],[-3.2852,51.6582],[-3.2847,51.6772],[-3.2755,51.6833],[-3.3007,51.7363],[-3.3154,51.7318],[-3.3101,51.7394],[-3.3179,51.7429],[-3.329,51.7588],[-3.3345,51.7904],[-3.3066,51.7979],[-3.2954,51.794],[-3.2914,51.7857],[-3.2725,51.7775],[-3.2672,51.7636],[-3.2557,51.7564],[-3.2582,51.753],[-3.2327,51.734],[-3.2197,51.7274],[-3.2116,51.7312],[-3.2196,51.7452],[-3.2101,51.7501],[-3.194,51.7392],[-3.1673,51.7099],[-3.1592,51.7132],[-3.1473,51.7103],[-3.1461,51.7024],[-3.133,51.6983],[-3.1285,51.6931],[-3.137,51.6865],[-3.1356,51.6813],[-3.1161,51.6908]]]}},{"type":"Feature","properties":{"code":"UK217","name":"Cambridgeshire"},"geometry":{"type":"Polygon","coordinates":[[[0.1544,52.6631],[0.1304,52.6425],[0.0931,52.6269],[0.0654,52.6116],[0.0614,52.6067],[-0.0129,52.5943],[-0.0313,52.6616],[0.0215,52.6649],[0.048,52.6811],[0.0442,52.7144],[0.0639,52.7275],[0.089,52.7237],[0.0988,52.7303],[0.111,52.7298],[0.1329,52.7393],[0.1702,52.7399],[0.1669,52.7243],[0.1558,52.7078],[0.152,52.6762],[0.156,52.672],[0.154,52.6821],[0.1847,52.6779],[0.1838,52.6557],[0.1699,52.6504],[0.2152,52.6244],[0.2109,52.618],[0.2173,52.6145],[0.2056,52.6118],[0.2016,52.6031],[0.1916,52.6015],[0.2026,52.5801],[0.2159,52.5795],[0.2183,52.5709],[0.2069,52.5676],[0.2067,52.5636],[0.217,52.5587],[0.2047,52.5546],[0.2039,52.5454],[0.2132,52.5382],[0.2059,52.5339],[0.2203,52.5289],[0.2256,52.5325],[0.2306,52.5279],[0.2137,52.5185],[0.2457,52.5004],[0.2565,52.5077],[0.3094,52.5136],[0.3182,52.5119],[0.3183,52.5077],[0.331,52.5091],[0.364,52.4995],[0.3807,52.4795],[0.4283,52.4543],[0.4233,52.4537],[0.4293,52.4365],[0.4253,52.4304],[0.3747,52.4097],[0.4099,52.3602],[0.4155,52.3598],[0.4195,52.3526],[0.4426,52.3489],[0.4376,52.3353],[0.4242,52.3292],[0.4315,52.3158],[0.4575,52.3163],[0.4621,52.3088],[0.5013,52.2893],[0.4941,52.272],[0.4242,52.2558],[0.4038,52.2745],[0.3854,52.283],[0.3855,52.2896],[0.3608,52.2978],[0.3591,52.2892],[0.353,52.2851],[0.3552,52.2793],[0.3401,52.2677],[0.361,52.2494],[0.3427,52.2423],[0.3713,52.2266],[0.3847,52.234],[0.395,52.2307],[0.4087,52.2391],[0.4152,52.2381],[0.421,52.2427],[0.4145,52.2478],[0.427,52.2536],[0.4434,52.2426],[0.4555,52.2476],[0.4779,52.2345],[0.495,52.2393],[0.5132,52.2281],[0.5129,52.2136],[0.5031,52.2071],[0.5006,52.1933],[0.4875,52.1698],[0.4724,52.164],[0.4522,52.1732],[0.4447,52.171],[0.4359,52.1595],[0.4218,52.1604],[0.4174,52.1331],[0.4101,52.1344],[0.4048,52.1293],[0.4086,52.1238],[0.3897,52.1175],[0.3819,52.1027],[0.3923,52.096],[0.3908,52.0885],[0.4071,52.0708],[0.3824,52.051],[0.3897,52.0364],[0.3718,52.0374],[0.3439,52.051],[0.3246,52.0728],[0.2921,52.0882],[0.2762,52.0926],[0.254,52.08],[0.2353,52.089],[0.2034,52.0927],[0.1936,52.0751],[0.1832,52.0732],[0.19,52.0602],[0.1863,52.0566],[0.1283,52.05],[0.119,52.06],[0.1057,52.0602],[0.1011,52.0388],[0.0807,52.0082],[0.0681,52.0058],[0.0591,52.0145],[0.0404,52.0531],[-0.0014,52.0517],[-0.0163,52.063],[-0.0357,52.0588],[-0.0542,52.0466],[-0.1077,52.0283],[-0.121,52.0195],[-0.1266,52.0209],[-0.1223,52.0297],[-0.1338,52.0462],[-0.1545,52.0523],[-0.1475,52.0694],[-0.1573,52.0805],[-0.1495,52.0899],[-0.1444,52.1382],[-0.1543,52.1444],[-0.1817,52.1397],[-0.2323,52.1448],[-0.2183,52.1579],[-0.2261,52.165],[-0.2606,52.1764],[-0.2499,52.1844],[-0.2441,52.1827],[-0.2407,52.1902],[-0.2641,52.2064],[-0.2618,52.2098],[-0.293,52.2076],[-0.2999,52.218],[-0.2857,52.2374],[-0.323,52.2432],[-0.3432,52.2414],[-0.3441,52.2352],[-0.3734,52.234],[-0.381,52.2732],[-0.3724,52.2754],[-0.3805,52.2827],[-0.399,52.2788],[-0.4069,52.2874],[-0.4218,52.285],[-0.4358,52.2967],[-0.4335,52.3118],[-0.4653,52.323],[-0.4678,52.3385],[-0.4832,52.341],[-0.4774,52.3484],[-0.4986,52.3601],[-0.5,52.3652],[-0.4847,52.3816],[-0.4462,52.3832],[-0.4159,52.4038],[-0.4203,52.405],[-0.417,52.4116],[-0.3625,52.4335],[-0.3703,52.4368],[-0.3635,52.4507],[-0.3422,52.4691],[-0.3482,52.4712],[-0.35,52.4826],[-0.3595,52.4902],[-0.3522,52.5033],[-0.4135,52.5257],[-0.4013,52.5386],[-0.4033,52.5489],[-0.4154,52.5516],[-0.4195,52.5589],[-0.4074,52.5658],[-0.4157,52.5701],[-0.4137,52.5811],[-0.3968,52.583],[-0.3877,52.5744],[-0.3883,52.5688],[-0.3674,52.5627],[-0.3485,52.5643],[-0.326,52.5486],[-0.3328,52.5465],[-0.2963,52.5144],[-0.2933,52.5069],[-0.2847,52.5061],[-0.2729,52.5127],[-0.2703,52.5205],[-0.2424,52.5247],[-0.2318,52.5344],[-0.2348,52.5437],[-0.1857,52.5449],[-0.1979,52.5508],[-0.1877,52.5604],[-0.187,52.5685],[-0.1659,52.5696],[0.0401,52.6022],[0.0619,52.6065],[0.0961,52.628],[0.1304,52.6421],[0.1544,52.6631]],[[0.1574,52.6702],[0.1581,52.6663],[0.1595,52.6675],[0.1574,52.6702]]]}},{"type":"Feature","properties":{"code":"UK218","name":"Cardiff"},"geometry":{"type":"Polygon","coordinates":[[[-3.1411,51.5541],[-3.1126,51.5468],[-3.0793,51.53],[-3.0773,51.5237],[-3.069,51.5202],[-3.0887,51.5099],[-3.0827,51.5019],[-3.1232,51.4892],[-3.141,51.4628],[-3.1567,51.4517],[-3.1647,51.4511],[-3.1642,51.4458],[-3.1851,51.4473],[-3.2182,51.4747],[-3.241,51.4706],[-3.2481,51.4645],[-3.2715,51.4653],[-3.2983,51.4999],[-3.3116,51.5072],[-3.3357,51.5084],[-3.3391,51.5117],[-3.3352,51.5189],[-3.3431,51.5287],[-3.3416,51.5352],[-3.3237,51.5363],[-3.3214,51.5428],[-3.3103,51.5489],[-3.2841,51.5513],[-3.2745,51.5512],[-3.2741,51.5458],[-3.2615,51.5377],[-3.2376,51.5526],[-3.2279,51.5501],[-3.1647,51.5598],[-3.1502,51.5511],[-3.1411,51.5541]]]}},{"type":"Feature","properties":{"code":"UK219","name":"Carmarthenshire"},"geometry":{"type":"Polygon","coordinates":[[[-4.3596,51.7228],[-4.343,51.7251],[-4.3238,51.7211],[-4.317,51.7248],[-4.3246,51.7281],[-4.3216,51.7346],[-4.3643,51.7372],[-4.3755,51.7475],[-4.3721,51.768],[-4.3624,51.7799],[-4.3639,51.7885],[-4.3435,51.7969],[-4.3706,51.7901],[-4.3767,51.7757],[-4.4072,51.757],[-4.4465,51.7694],[-4.4384,51.7792],[-4.4462,51.7861],[-4.459,51.7705],[-4.4555,51.7627],[-4.4228,51.7456],[-4.4241,51.7406],[-4.446,51.7334],[-4.4633,51.7317],[-4.559,51.742],[-4.5787,51.7343],[-4.6107,51.7381],[-4.6328,51.7352],[-4.6354,51.74],[-4.63,51.7582],[-4.6235,51.763],[-4.6263,51.7715],[-4.6351,51.7706],[-4.6412,51.78],[-4.6341,51.785],[-4.6442,51.7966],[-4.6169,51.8111],[-4.6434,51.826],[-4.6441,51.8306],[-4.6842,51.8396],[-4.7043,51.8391],[-4.7086,51.8473],[-4.6941,51.8596],[-4.7071,51.8891],[-4.7232,51.8957],[-4.7135,51.8992],[-4.7134,51.9158],[-4.6653,51.9295],[-4.6356,51.9186],[-4.6266,51.9286],[-4.5999,51.9409],[-4.5878,51.9318],[-4.5777,51.9319],[-4.5414,51.9565],[-4.5328,51.9544],[-4.4928,51.9628],[-4.4857,51.9758],[-4.4872,51.9887],[-4.5122,51.9949],[-4.523,52.0113],[-4.545,52.0182],[-4.5502,52.0354],[-4.5598,52.0438],[-4.5154,52.0471],[-4.5019,52.0426],[-4.487,52.0488],[-4.4749,52.039],[-4.4636,52.0365],[-4.4517,52.0433],[-4.3954,52.0346],[-4.3855,52.0399],[-4.3636,52.0328],[-4.3619,52.0278],[-4.3507,52.0267],[-4.3303,52.0377],[-4.3104,52.0393],[-4.3004,52.052],[-4.2885,52.0527],[-4.2855,52.0502],[-4.2908,52.0439],[-4.2827,52.0399],[-4.2303,52.0397],[-4.2304,52.0481],[-4.2142,52.0512],[-4.2132,52.058],[-4.2059,52.0626],[-4.1971,52.0649],[-4.1929,52.0593],[-4.1641,52.0681],[-4.1546,52.0863],[-4.1443,52.0941],[-4.1254,52.0919],[-4.105,52.0959],[-4.0576,52.1138],[-4.0188,52.097],[-4.0004,52.1043],[-3.9959,52.1118],[-3.9815,52.1128],[-3.9427,52.1377],[-3.9137,52.1237],[-3.9001,52.1223],[-3.8687,52.142],[-3.8526,52.1401],[-3.8228,52.1243],[-3.7951,52.1162],[-3.7971,52.1109],[-3.7863,52.107],[-3.7763,52.1071],[-3.7747,52.1153],[-3.766,52.1188],[-3.7646,52.1241],[-3.7495,52.1277],[-3.7161,52.1135],[-3.7153,52.1031],[-3.7261,52.0956],[-3.7216,52.0866],[-3.6816,52.0739],[-3.6717,52.0747],[-3.6689,52.0695],[-3.678,52.0589],[-3.6471,52.0388],[-3.6717,52.0206],[-3.6718,52.0156],[-3.6657,52.0147],[-3.67,52.0042],[-3.6979,51.9828],[-3.6941,51.9772],[-3.7111,51.9619],[-3.7025,51.9543],[-3.705,51.9484],[-3.7191,51.9431],[-3.7218,51.9346],[-3.7178,51.932],[-3.7274,51.9104],[-3.7135,51.9055],[-3.7179,51.9012],[-3.7138,51.8871],[-3.7378,51.8654],[-3.7727,51.846],[-3.7835,51.8301],[-3.782,51.8216],[-3.8037,51.8014],[-3.8067,51.788],[-3.8209,51.8031],[-3.8651,51.8104],[-3.8933,51.8006],[-3.8821,51.7879],[-3.8873,51.7688],[-3.9067,51.7692],[-3.9185,51.7753],[-3.9652,51.7637],[-3.9798,51.7648],[-3.9962,51.7742],[-4.0052,51.7688],[-4.0016,51.7626],[-4.0251,51.7491],[-4.0319,51.7386],[-4.044,51.7362],[-4.0503,51.7258],[-4.0452,51.7202],[-4.046,51.7126],[-4.0533,51.7009],[-4.0656,51.6969],[-4.0677,51.6903],[-4.081,51.6887],[-4.082,51.6638],[-4.1533,51.6554],[-4.1823,51.6807],[-4.2185,51.6853],[-4.2261,51.6798],[-4.253,51.6789],[-4.2832,51.6676],[-4.2978,51.6686],[-4.3356,51.6862],[-4.3691,51.7124],[-4.3797,51.7273],[-4.3745,51.7326],[-4.3563,51.7283],[-4.3593,51.7233],[-4.3556,51.7285],[-4.3419,51.7293],[-4.3596,51.7228]]]}},{"type":"Feature","properties":{"code":"UK220","name":"Central Bedfordshire"},"geometry":{"type":"Polygon","coordinates":[[[-0.2499,52.1844],[-0.2606,52.1764],[-0.2261,52.165],[-0.2183,52.1579],[-0.2323,52.1448],[-0.1817,52.1397],[-0.1543,52.1444],[-0.1444,52.1382],[-0.1495,52.0899],[-0.1641,52.077],[-0.1726,52.0602],[-0.195,52.0624],[-0.2195,52.0367],[-0.2013,52.0099],[-0.2441,51.999],[-0.2479,51.9852],[-0.2575,51.9854],[-0.2603,51.9797],[-0.2706,51.9796],[-0.2839,52.0019],[-0.3001,52.0008],[-0.2953,51.9954],[-0.3104,51.9826],[-0.3613,51.9854],[-0.3679,51.9801],[-0.3638,51.9752],[-0.3519,51.9738],[-0.3502,51.9576],[-0.3726,51.9481],[-0.3815,51.9506],[-0.3807,51.9794],[-0.3913,51.977],[-0.3948,51.9674],[-0.399,51.9674],[-0.4063,51.9413],[-0.4024,51.9302],[-0.3892,51.9258],[-0.3857,51.9157],[-0.4024,51.9097],[-0.4147,51.9115],[-0.4208,51.9152],[-0.4217,51.9257],[-0.4378,51.9278],[-0.4865,51.9222],[-0.4786,51.9173],[-0.4822,51.9078],[-0.5059,51.9006],[-0.4839,51.8883],[-0.4666,51.8882],[-0.4553,51.8823],[-0.4232,51.8547],[-0.4009,51.8686],[-0.3885,51.8719],[-0.3698,51.8681],[-0.3548,51.874],[-0.3495,51.8572],[-0.3394,51.8496],[-0.3442,51.8454],[-0.3577,51.84],[-0.3633,51.8421],[-0.3741,51.8292],[-0.4217,51.8495],[-0.4252,51.8467],[-0.4389,51.8518],[-0.4475,51.8476],[-0.454,51.853],[-0.4641,51.8502],[-0.4696,51.8559],[-0.4782,51.8531],[-0.4713,51.8455],[-0.491,51.8428],[-0.4918,51.8353],[-0.5018,51.8367],[-0.5061,51.8273],[-0.5023,51.8154],[-0.5197,51.8051],[-0.5325,51.8089],[-0.5537,51.8268],[-0.5436,51.8246],[-0.5376,51.8314],[-0.562,51.8455],[-0.5772,51.866],[-0.6089,51.8756],[-0.62,51.8855],[-0.6373,51.8826],[-0.6549,51.8879],[-0.6738,51.9015],[-0.6922,51.9002],[-0.7021,51.9091],[-0.6816,51.9377],[-0.6824,51.9427],[-0.6696,51.9486],[-0.6731,51.9523],[-0.6552,51.9606],[-0.653,51.9692],[-0.6457,51.9723],[-0.6562,51.9821],[-0.6617,51.9998],[-0.6451,52.0137],[-0.6505,52.017],[-0.6431,52.0259],[-0.6431,52.0373],[-0.669,52.0487],[-0.6258,52.0844],[-0.6058,52.0921],[-0.6018,52.105],[-0.5918,52.1107],[-0.5782,52.0941],[-0.5618,52.0923],[-0.55,52.0807],[-0.5416,52.0819],[-0.5189,52.0686],[-0.5179,52.0603],[-0.5051,52.059],[-0.4996,52.0677],[-0.5048,52.0701],[-0.4996,52.0756],[-0.4716,52.088],[-0.4578,52.0728],[-0.4401,52.0633],[-0.4054,52.0688],[-0.3849,52.0756],[-0.3892,52.0809],[-0.3769,52.0878],[-0.3812,52.0936],[-0.3592,52.1036],[-0.3447,52.1159],[-0.362,52.1429],[-0.3578,52.146],[-0.3492,52.1454],[-0.3301,52.1654],[-0.3034,52.1682],[-0.3016,52.1782],[-0.2892,52.1909],[-0.2499,52.1844]]]}},{"type":"Feature","properties":{"code":"UK221","name":"Ceredigion"},"geometry":{"type":"Polygon","coordinates":[[[-4.6644,52.0816],[-4.681,52.0852],[-4.6747,52.1004],[-4.6822,52.1047],[-4.6892,52.1214],[-4.6875,52.1287],[-4.648,52.1335],[-4.6436,52.1381],[-4.5858,52.1377],[-4.5623,52.1443],[-4.5482,52.1351],[-4.5187,52.135],[-4.4921,52.1475],[-4.4689,52.1634],[-4.4673,52.1688],[-4.4462,52.1696],[-4.4289,52.1782],[-4.3789,52.2145],[-4.3648,52.2188],[-4.355,52.2108],[-4.325,52.2136],[-4.2611,52.2459],[-4.2337,52.2515],[-4.2075,52.2636],[-4.1842,52.2901],[-4.1704,52.2952],[-4.1375,52.3263],[-4.1108,52.3742],[-4.0891,52.4009],[-4.0896,52.4142],[-4.0795,52.4321],[-4.0825,52.4386],[-4.0773,52.4509],[-4.0618,52.4767],[-4.0518,52.4816],[-4.0586,52.523],[-4.0574,52.5308],[-4.0516,52.5345],[-4.0465,52.5268],[-4.0143,52.5265],[-3.9715,52.5409],[-3.9559,52.5554],[-3.9417,52.558],[-3.9347,52.5525],[-3.9276,52.5543],[-3.9261,52.5607],[-3.9137,52.5624],[-3.8594,52.5608],[-3.8408,52.5514],[-3.8362,52.5259],[-3.8445,52.5173],[-3.8377,52.498],[-3.8241,52.4839],[-3.8125,52.4789],[-3.7971,52.4879],[-3.7747,52.4879],[-3.7679,52.4985],[-3.7451,52.5076],[-3.7332,52.5065],[-3.7302,52.4986],[-3.7412,52.4955],[-3.7388,52.4866],[-3.7465,52.4732],[-3.7647,52.4703],[-3.7642,52.4587],[-3.7717,52.4422],[-3.7392,52.4308],[-3.7262,52.4165],[-3.712,52.4133],[-3.7131,52.4018],[-3.7078,52.4008],[-3.7105,52.3934],[-3.6962,52.367],[-3.6854,52.3682],[-3.6667,52.3582],[-3.6582,52.3476],[-3.6919,52.3395],[-3.7052,52.3414],[-3.745,52.3175],[-3.7294,52.3089],[-3.7261,52.2993],[-3.733,52.2903],[-3.7083,52.2759],[-3.7443,52.2649],[-3.7534,52.2517],[-3.7442,52.2463],[-3.7491,52.241],[-3.7433,52.2266],[-3.7505,52.2148],[-3.746,52.2107],[-3.7523,52.1976],[-3.7458,52.192],[-3.7516,52.1815],[-3.742,52.1397],[-3.7747,52.1153],[-3.7763,52.1071],[-3.7971,52.1109],[-3.7951,52.1162],[-3.8228,52.1243],[-3.8526,52.1401],[-3.8687,52.142],[-3.9001,52.1223],[-3.9137,52.1237],[-3.9427,52.1377],[-3.9815,52.1128],[-3.9959,52.1118],[-4.0093,52.0994],[-4.0261,52.0981],[-4.0576,52.1138],[-4.105,52.0959],[-4.1254,52.0919],[-4.1443,52.0941],[-4.1546,52.0863],[-4.1641,52.0681],[-4.1929,52.0593],[-4.1971,52.0649],[-4.2059,52.0626],[-4.2132,52.058],[-4.2142,52.0512],[-4.2304,52.0481],[-4.2303,52.0397],[-4.2827,52.0399],[-4.2908,52.0439],[-4.2855,52.0502],[-4.2885,52.0527],[-4.3004,52.052],[-4.3104,52.0393],[-4.3303,52.0377],[-4.3507,52.0267],[-4.3619,52.0278],[-4.3636,52.0328],[-4.3855,52.0399],[-4.3954,52.0346],[-4.4517,52.0433],[-4.4636,52.0365],[-4.4749,52.039],[-4.487,52.0488],[-4.5019,52.0426],[-4.5154,52.0471],[-4.5598,52.0438],[-4.5663,52.0573],[-4.5955,52.0626],[-4.6246,52.0545],[-4.6369,52.0604],[-4.6434,52.0802],[-4.6509,52.0823],[-4.6584,52.0814],[-4.6474,52.0765],[-4.6573,52.062],[-4.665,52.0578],[-4.6804,52.0638],[-4.68,52.0705],[-4.6694,52.0754],[-4.6729,52.082],[-4.6644,52.0816]]]}},{"type":"Feature","properties":{"code":"UK222","name":"Cheshire East"},"geometry":{"type":"Polygon","coordinates":[[[-2.314,53.3575],[-2.2974,53.3438],[-2.288,53.3431],[-2.2565,53.3607],[-2.2162,53.3589],[-2.1855,53.352],[-2.188,53.3487],[-2.181,53.344],[-2.1941,53.3386],[-2.1633,53.3281],[-2.1525,53.3285],[-2.144,53.3429],[-2.1512,53.3481],[-2.1382,53.3569],[-2.1396,53.3646],[-2.0949,53.366],[-2.0785,53.3581],[-2.0596,53.3589],[-2.0553,53.3669],[-2.041,53.3727],[-2.0311,53.3702],[-2.0271,53.3637],[-2.0218,53.3668],[-2.0067,53.3546],[-2.0047,53.346],[-2.0143,53.34],[-2.0102,53.3229],[-2.0016,53.3189],[-2.0087,53.3045],[-2.0054,53.2676],[-2.0095,53.2606],[-2.0004,53.2555],[-1.9997,53.245],[-1.9818,53.2386],[-1.976,53.2275],[-1.9903,53.223],[-1.9875,53.2136],[-2.0017,53.193],[-2.0163,53.1893],[-2.0463,53.1927],[-2.0593,53.1809],[-2.0568,53.1777],[-2.0694,53.1722],[-2.1087,53.1684],[-2.1279,53.1746],[-2.1334,53.1828],[-2.1422,53.1823],[-2.1414,53.1566],[-2.1548,53.1593],[-2.1765,53.1455],[-2.2231,53.1038],[-2.2339,53.1029],[-2.2464,53.0916],[-2.277,53.0859],[-2.2785,53.0809],[-2.3183,53.0812],[-2.329,53.0766],[-2.3485,53.0558],[-2.3812,53.0526],[-2.3842,53.0262],[-2.3704,53.0146],[-2.383,53.0078],[-2.3809,52.9984],[-2.4051,52.9943],[-2.4109,52.9879],[-2.4384,52.9846],[-2.4341,52.9796],[-2.4363,52.9734],[-2.4528,52.9654],[-2.4812,52.9589],[-2.4917,52.9677],[-2.5232,52.9703],[-2.5233,52.9544],[-2.5351,52.9481],[-2.5616,52.9643],[-2.5862,52.9553],[-2.5976,52.963],[-2.5955,52.9759],[-2.6077,52.9884],[-2.622,52.9868],[-2.6326,52.9967],[-2.6809,52.9861],[-2.6993,52.9954],[-2.6885,53.0125],[-2.6801,53.0152],[-2.685,53.0217],[-2.6787,53.0327],[-2.6688,53.0387],[-2.7024,53.0544],[-2.7162,53.0476],[-2.729,53.0516],[-2.7529,53.0692],[-2.7507,53.0766],[-2.7303,53.0915],[-2.7114,53.0936],[-2.7061,53.1185],[-2.6744,53.1151],[-2.6625,53.1213],[-2.6597,53.1307],[-2.6412,53.1285],[-2.6401,53.141],[-2.6253,53.1508],[-2.6094,53.15],[-2.6043,53.1451],[-2.5888,53.1465],[-2.5958,53.1527],[-2.5917,53.1572],[-2.5724,53.1635],[-2.5618,53.1626],[-2.5422,53.1498],[-2.5268,53.1528],[-2.523,53.1591],[-2.4965,53.1641],[-2.487,53.1634],[-2.4691,53.1527],[-2.4422,53.1638],[-2.4436,53.1708],[-2.4573,53.1766],[-2.4583,53.1968],[-2.4431,53.2014],[-2.3988,53.1746],[-2.3921,53.1799],[-2.3779,53.1738],[-2.3688,53.183],[-2.3756,53.1892],[-2.3726,53.1956],[-2.3898,53.1961],[-2.3935,53.2049],[-2.4102,53.2057],[-2.4142,53.2193],[-2.4011,53.2218],[-2.3963,53.2343],[-2.3638,53.2236],[-2.3591,53.2334],[-2.3464,53.2409],[-2.3532,53.2483],[-2.3941,53.2667],[-2.4115,53.2682],[-2.4228,53.2601],[-2.4441,53.2704],[-2.4532,53.2845],[-2.4956,53.2905],[-2.5043,53.3143],[-2.5122,53.3214],[-2.4943,53.3407],[-2.5184,53.3424],[-2.521,53.3479],[-2.4897,53.3669],[-2.4671,53.3637],[-2.4588,53.3683],[-2.4399,53.3667],[-2.4255,53.3797],[-2.4266,53.3875],[-2.4106,53.3838],[-2.3757,53.3654],[-2.3409,53.3675],[-2.314,53.3575]]]}},{"type":"Feature","properties":{"code":"UK223","name":"Cheshire West and Chester"},"geometry":{"type":"Polygon","coordinates":[[[-2.6993,52.9954],[-2.7165,52.9841],[-2.7268,52.9832],[-2.7585,52.9861],[-2.7668,52.9947],[-2.79,52.9957],[-2.801,52.9909],[-2.835,52.9987],[-2.8441,53.0177],[-2.861,53.0228],[-2.8557,53.0372],[-2.8666,53.0406],[-2.8685,53.0459],[-2.863,53.0533],[-2.8726,53.0587],[-2.8693,53.0697],[-2.8812,53.0755],[-2.8758,53.0815],[-2.8991,53.0941],[-2.8995,53.0979],[-2.8904,53.0997],[-2.893,53.1058],[-2.8839,53.1113],[-2.8809,53.1214],[-2.9035,53.1118],[-2.9449,53.1223],[-2.9469,53.1273],[-2.9638,53.1327],[-2.9794,53.1506],[-2.9929,53.1533],[-2.9278,53.1714],[-2.921,53.1771],[-2.9224,53.1893],[-2.9496,53.2113],[-3.0259,53.2484],[-3.0914,53.2595],[-3.1073,53.272],[-3.1086,53.2799],[-3.123,53.2893],[-3.0741,53.3164],[-3.0262,53.2978],[-2.9927,53.3071],[-2.9691,53.3019],[-2.9494,53.3032],[-2.9396,53.3104],[-2.8792,53.2909],[-2.8411,53.2981],[-2.8481,53.3019],[-2.8464,53.3069],[-2.8356,53.3083],[-2.7859,53.2977],[-2.7524,53.3148],[-2.7393,53.3069],[-2.7235,53.3132],[-2.7008,53.3059],[-2.6854,53.3154],[-2.6325,53.3076],[-2.5864,53.3294],[-2.5631,53.3231],[-2.5184,53.3424],[-2.4943,53.3407],[-2.5122,53.3214],[-2.5043,53.3143],[-2.4956,53.2905],[-2.4532,53.2845],[-2.4441,53.2704],[-2.4228,53.2601],[-2.4115,53.2682],[-2.3941,53.2667],[-2.3532,53.2483],[-2.3464,53.2409],[-2.3591,53.2334],[-2.3638,53.2236],[-2.3963,53.2343],[-2.4011,53.2218],[-2.4142,53.2193],[-2.4102,53.2057],[-2.3935,53.2049],[-2.3898,53.1961],[-2.3726,53.1956],[-2.3756,53.1892],[-2.3688,53.183],[-2.3779,53.1738],[-2.3921,53.1799],[-2.3988,53.1746],[-2.4104,53.1782],[-2.4174,53.1888],[-2.4431,53.2014],[-2.4583,53.1968],[-2.4573,53.1766],[-2.4436,53.1708],[-2.4422,53.1638],[-2.4691,53.1527],[-2.487,53.1634],[-2.4965,53.1641],[-2.523,53.1591],[-2.5268,53.1528],[-2.5422,53.1498],[-2.5618,53.1626],[-2.5724,53.1635],[-2.5917,53.1572],[-2.5958,53.1527],[-2.5888,53.1465],[-2.6043,53.1451],[-2.6094,53.15],[-2.6253,53.1508],[-2.6401,53.141],[-2.6412,53.1285],[-2.6597,53.1307],[-2.6625,53.1213],[-2.6744,53.1151],[-2.7061,53.1185],[-2.7114,53.0936],[-2.7303,53.0915],[-2.7507,53.0766],[-2.7529,53.0692],[-2.729,53.0516],[-2.7162,53.0476],[-2.7024,53.0544],[-2.6688,53.0387],[-2.6787,53.0327],[-2.685,53.0217],[-2.6801,53.0152],[-2.6885,53.0125],[-2.6993,52.9954]]]}},{"type":"Feature","properties":{"code":"UK224","name":"Clackmannanshire"},"geometry":{"type":"Polygon","coordinates":[[[-3.7369,56.0807],[-3.7612,56.0834],[-3.7949,56.1076],[-3.8131,56.1117],[-3.8233,56.1092],[-3.8354,56.1182],[-3.8521,56.1213],[-3.8745,56.1202],[-3.884,56.1294],[-3.878,56.1348],[-3.8574,56.1353],[-3.8735,56.1512],[-3.8543,56.1529],[-3.8581,56.1645],[-3.8412,56.1885],[-3.7808,56.2172],[-3.7485,56.208],[-3.7367,56.1891],[-3.6864,56.1959],[-3.6669,56.1886],[-3.6491,56.2022],[-3.638,56.1968],[-3.6193,56.2055],[-3.5793,56.1957],[-3.5851,56.1917],[-3.5823,56.1845],[-3.598,56.1811],[-3.5914,56.1742],[-3.6271,56.1677],[-3.648,56.1583],[-3.6367,56.1513],[-3.6415,56.1445],[-3.6392,56.1406],[-3.6448,56.1376],[-3.6284,56.1327],[-3.6508,56.1291],[-3.6596,56.1198],[-3.6292,56.1114],[-3.6747,56.1059],[-3.675,56.1013],[-3.7174,56.1027],[-3.7178,56.0943],[-3.7369,56.0807]]]}},{"type":"Feature","properties":{"code":"UK225","name":"Conwy"},"geometry":{"type":"Polygon","coordinates":[[[-3.4977,53.3008],[-3.5052,53.2912],[-3.5125,53.2903],[-3.511,53.2859],[-3.5219,53.2834],[-3.5264,53.2667],[-3.5184,53.2631],[-3.533,53.2489],[-3.5267,53.2408],[-3.5091,53.2417],[-3.466,53.2208],[-3.4723,53.1728],[-3.4617,53.1646],[-3.4868,53.1596],[-3.5465,53.1327],[-3.5664,53.1116],[-3.5559,53.1066],[-3.5994,53.0916],[-3.6017,53.0852],[-3.5931,53.0785],[-3.5548,53.0932],[-3.5519,53.0893],[-3.5158,53.0898],[-3.51,53.081],[-3.4869,53.0841],[-3.4833,53.0741],[-3.4869,53.0659],[-3.4652,53.053],[-3.4632,53.0462],[-3.4826,53.0436],[-3.4897,53.0379],[-3.4829,53.032],[-3.4851,53.0277],[-3.4763,53.0265],[-3.4781,53.0214],[-3.461,53.0055],[-3.4546,52.9876],[-3.4581,52.9849],[-3.5045,52.9653],[-3.5339,52.9737],[-3.5441,52.9683],[-3.5829,52.9675],[-3.5962,52.9778],[-3.6053,53.0007],[-3.5997,53.0117],[-3.6153,53.0113],[-3.6596,52.9969],[-3.673,52.997],[-3.683,52.9869],[-3.7354,52.9798],[-3.7697,52.9593],[-3.8131,52.9493],[-3.841,52.9623],[-3.8493,52.9773],[-3.8929,52.9953],[-3.8888,53.0101],[-3.8976,53.0147],[-3.8989,53.0206],[-3.915,53.0226],[-3.9632,53.0109],[-3.9916,53.014],[-3.9936,53.0215],[-3.9898,53.0268],[-3.9972,53.0376],[-3.9929,53.0502],[-3.9813,53.0587],[-3.977,53.0689],[-3.9894,53.0817],[-4.0142,53.0907],[-4.0142,53.1036],[-4.0291,53.1015],[-4.0311,53.1064],[-4.0079,53.1438],[-3.9914,53.1544],[-3.9704,53.1602],[-3.9632,53.1738],[-3.9649,53.1834],[-3.9389,53.2002],[-3.9352,53.2149],[-3.9793,53.2319],[-3.9982,53.2484],[-4.0074,53.2469],[-3.9835,53.2595],[-3.9321,53.2691],[-3.88,53.2895],[-3.8644,53.288],[-3.8508,53.2961],[-3.8413,53.2954],[-3.8158,53.276],[-3.811,53.2645],[-3.8228,53.2603],[-3.8281,53.2538],[-3.8248,53.2482],[-3.801,53.2638],[-3.7982,53.2728],[-3.8382,53.2957],[-3.8447,53.3192],[-3.8795,53.3372],[-3.8685,53.3427],[-3.8349,53.3381],[-3.8284,53.3254],[-3.8188,53.3228],[-3.7783,53.3291],[-3.7644,53.3187],[-3.7392,53.3141],[-3.7387,53.3055],[-3.7148,53.2948],[-3.601,53.2916],[-3.513,53.3167],[-3.4977,53.3008]]]}},{"type":"Feature","properties":{"code":"UK226","name":"Cornwall"},"geometry":{"type":"Polygon","coordinates":[[[-4.2145,50.5346],[-4.2021,50.5132],[-4.2029,50.503],[-4.1855,50.5082],[-4.1812,50.5011],[-4.2039,50.4929],[-4.2201,50.4985],[-4.2248,50.4899],[-4.2188,50.4835],[-4.2191,50.4754],[-4.2404,50.4626],[-4.2284,50.4553],[-4.2178,50.4644],[-4.2117,50.4562],[-4.2099,50.4457],[-4.1992,50.4357],[-4.2037,50.4299],[-4.2186,50.4291],[-4.2114,50.424],[-4.2117,50.4139],[-4.2055,50.4078],[-4.2118,50.3994],[-4.2399,50.3926],[-4.2483,50.3851],[-4.2664,50.3872],[-4.2759,50.3739],[-4.2512,50.3758],[-4.2397,50.3801],[-4.2303,50.3905],[-4.213,50.3927],[-4.2059,50.3891],[-4.2024,50.3791],[-4.1929,50.3758],[-4.1948,50.3718],[-4.2359,50.3637],[-4.2064,50.3617],[-4.1966,50.3586],[-4.1974,50.3533],[-4.1744,50.3606],[-4.1666,50.3515],[-4.1674,50.3456],[-4.2012,50.3329],[-4.1885,50.3177],[-4.219,50.3152],[-4.2273,50.3191],[-4.2195,50.3246],[-4.2291,50.3335],[-4.2827,50.3569],[-4.3873,50.3644],[-4.4364,50.3611],[-4.4525,50.3449],[-4.4731,50.3385],[-4.4746,50.3329],[-4.4981,50.3368],[-4.5018,50.3306],[-4.5515,50.3243],[-4.5875,50.3321],[-4.5971,50.3247],[-4.6094,50.3287],[-4.6185,50.3238],[-4.6331,50.3243],[-4.6386,50.3262],[-4.63,50.3325],[-4.6291,50.3458],[-4.6366,50.3559],[-4.6338,50.3674],[-4.6474,50.3804],[-4.6538,50.3787],[-4.6396,50.3714],[-4.6379,50.3476],[-4.6311,50.3446],[-4.6341,50.335],[-4.6532,50.3237],[-4.6767,50.3179],[-4.6849,50.3201],[-4.682,50.3383],[-4.6898,50.3464],[-4.7024,50.3469],[-4.7062,50.3405],[-4.7397,50.3354],[-4.7631,50.3265],[-4.7651,50.313],[-4.754,50.3059],[-4.7565,50.3003],[-4.7728,50.2953],[-4.7844,50.2846],[-4.7787,50.2791],[-4.7839,50.2751],[-4.7855,50.2626],[-4.7713,50.2581],[-4.7686,50.2528],[-4.7882,50.2421],[-4.7829,50.2379],[-4.795,50.2326],[-4.7971,50.2219],[-4.8024,50.2187],[-4.8195,50.2317],[-4.8615,50.2349],[-4.8998,50.2142],[-4.9109,50.2001],[-4.922,50.1955],[-4.9235,50.2022],[-4.9338,50.2071],[-4.9487,50.2057],[-4.9686,50.1921],[-4.9748,50.1799],[-4.9724,50.1646],[-4.9845,50.156],[-4.9819,50.1518],[-5.0096,50.1393],[-5.0175,50.1494],[-5.0008,50.1555],[-4.9967,50.1667],[-5.0239,50.1547],[-5.0282,50.1584],[-5.0199,50.1765],[-5.035,50.2033],[-5.0245,50.21],[-5.0229,50.2227],[-5.0093,50.2271],[-5.0044,50.2234],[-4.9847,50.2258],[-4.9849,50.2288],[-5.002,50.2251],[-5.0111,50.2288],[-5.0164,50.2343],[-5.0121,50.2408],[-5.0174,50.2446],[-5.0162,50.2502],[-5.0293,50.2436],[-5.0171,50.2417],[-5.0219,50.2328],[-5.0182,50.2257],[-5.0252,50.2249],[-5.0287,50.2144],[-5.0404,50.2047],[-5.055,50.198],[-5.0748,50.2084],[-5.0738,50.1999],[-5.0565,50.1902],[-5.0552,50.178],[-5.0456,50.1757],[-5.0464,50.1687],[-5.0535,50.1623],[-5.0691,50.1619],[-5.0718,50.165],[-5.0938,50.1676],[-5.0797,50.1644],[-5.0647,50.1519],[-5.0502,50.1533],[-5.0449,50.1496],[-5.0769,50.1401],[-5.0729,50.1343],[-5.0905,50.1245],[-5.0912,50.1144],[-5.0854,50.1093],[-5.0915,50.1029],[-5.1632,50.0967],[-5.1605,50.0914],[-5.1182,50.0963],[-5.0986,50.0904],[-5.0991,50.0854],[-5.0749,50.0816],[-5.0774,50.0679],[-5.0675,50.067],[-5.0583,50.0539],[-5.0645,50.0503],[-5.0703,50.0346],[-5.0894,50.0313],[-5.0975,50.0248],[-5.0947,50.0179],[-5.1013,50.0043],[-5.1124,50.0032],[-5.1215,50.0089],[-5.1633,50.0057],[-5.172,49.9972],[-5.1701,49.9917],[-5.1885,49.9741],[-5.1832,49.967],[-5.1909,49.9617],[-5.2156,49.9603],[-5.2207,49.9719],[-5.2469,49.977],[-5.2448,49.9849],[-5.255,49.9883],[-5.2514,49.9913],[-5.2564,49.9974],[-5.2668,50.0005],[-5.2559,50.0217],[-5.265,50.0289],[-5.2665,50.0375],[-5.2801,50.0419],[-5.2758,50.0483],[-5.2784,50.0549],[-5.3081,50.0776],[-5.335,50.0914],[-5.3619,50.0889],[-5.3917,50.1035],[-5.4131,50.1039],[-5.4232,50.0985],[-5.4642,50.1233],[-5.4839,50.1276],[-5.5305,50.1234],[-5.5309,50.1157],[-5.5478,50.1079],[-5.5333,50.0885],[-5.5425,50.0703],[-5.5546,50.0598],[-5.5761,50.0522],[-5.6076,50.0483],[-5.6191,50.0512],[-5.6285,50.0441],[-5.6426,50.0446],[-5.673,50.0346],[-5.6848,50.0379],[-5.6984,50.0552],[-5.7057,50.0549],[-5.7164,50.0663],[-5.7095,50.0712],[-5.709,50.0777],[-5.6927,50.0828],[-5.6892,50.0924],[-5.6975,50.0994],[-5.7048,50.1348],[-5.6934,50.1381],[-5.6937,50.1469],[-5.6715,50.1668],[-5.6604,50.1641],[-5.6289,50.1683],[-5.6149,50.1819],[-5.607,50.1811],[-5.6035,50.1886],[-5.5654,50.1996],[-5.5549,50.2094],[-5.4983,50.2199],[-5.4794,50.2148],[-5.4695,50.2063],[-5.4692,50.1999],[-5.4368,50.1935],[-5.4308,50.1867],[-5.441,50.1785],[-5.437,50.1762],[-5.4226,50.1888],[-5.4335,50.1911],[-5.4279,50.1995],[-5.402,50.2158],[-5.3909,50.2299],[-5.3959,50.2399],[-5.3781,50.244],[-5.3683,50.2361],[-5.3249,50.2442],[-5.3007,50.2628],[-5.2856,50.2648],[-5.2793,50.2733],[-5.2635,50.275],[-5.2423,50.2886],[-5.2338,50.3048],[-5.2348,50.3179],[-5.2209,50.3224],[-5.2008,50.3201],[-5.1812,50.3342],[-5.1819,50.34],[-5.155,50.3489],[-5.1464,50.3753],[-5.1547,50.3877],[-5.1428,50.3954],[-5.1489,50.4006],[-5.1443,50.4054],[-5.1021,50.4079],[-5.088,50.4036],[-5.0864,50.4062],[-5.1094,50.4097],[-5.0914,50.4201],[-5.0787,50.4155],[-5.0592,50.4241],[-5.0408,50.4479],[-5.0424,50.4641],[-5.032,50.4673],[-5.0396,50.4749],[-5.0331,50.4882],[-5.0386,50.4959],[-5.0452,50.4964],[-5.0273,50.5146],[-5.0293,50.5248],[-5.0229,50.5323],[-5.0263,50.5417],[-5.0333,50.5429],[-5.0366,50.5494],[-5.0278,50.5515],[-5.0152,50.5441],[-5.0061,50.5464],[-4.9986,50.5403],[-4.9835,50.5424],[-4.9721,50.5577],[-4.9568,50.5629],[-4.9522,50.5692],[-4.9447,50.5686],[-4.9496,50.5566],[-4.934,50.547],[-4.931,50.5299],[-4.8975,50.5255],[-4.8852,50.5302],[-4.8485,50.5306],[-4.8612,50.5361],[-4.8988,50.5308],[-4.9142,50.537],[-4.9149,50.5433],[-4.9247,50.5444],[-4.931,50.5507],[-4.926,50.561],[-4.9296,50.5654],[-4.9207,50.58],[-4.9355,50.5868],[-4.919,50.5917],[-4.9083,50.5845],[-4.8887,50.5825],[-4.8812,50.5831],[-4.8699,50.5953],[-4.7983,50.5975],[-4.7704,50.6224],[-4.7731,50.6284],[-4.7587,50.6528],[-4.766,50.6546],[-4.7645,50.6699],[-4.7321,50.6729],[-4.7232,50.6852],[-4.7175,50.6834],[-4.7036,50.6875],[-4.6985,50.6944],[-4.6863,50.6959],[-4.6812,50.7044],[-4.6681,50.7066],[-4.6674,50.7109],[-4.6545,50.7163],[-4.6499,50.7269],[-4.6522,50.7358],[-4.647,50.7394],[-4.6416,50.7382],[-4.6311,50.7503],[-4.6178,50.753],[-4.615,50.7592],[-4.562,50.7813],[-4.557,50.7986],[-4.5575,50.8293],[-4.5538,50.8321],[-4.5658,50.905],[-4.5623,50.917],[-4.546,50.9284],[-4.4561,50.929],[-4.4633,50.9176],[-4.4586,50.9076],[-4.45,50.9058],[-4.4462,50.8912],[-4.421,50.8666],[-4.4336,50.8655],[-4.4422,50.847],[-4.4442,50.8278],[-4.4386,50.8231],[-4.4462,50.8092],[-4.4896,50.7952],[-4.4749,50.7854],[-4.4513,50.7857],[-4.422,50.7642],[-4.4109,50.7638],[-4.413,50.7752],[-4.3935,50.7782],[-4.3802,50.7695],[-4.3867,50.764],[-4.3878,50.7577],[-4.3817,50.7573],[-4.385,50.7478],[-4.3616,50.7187],[-4.3687,50.7058],[-4.3643,50.6978],[-4.3487,50.6889],[-4.3445,50.6628],[-4.3356,50.6557],[-4.3337,50.6414],[-4.3001,50.6334],[-4.3075,50.6201],[-4.3034,50.6115],[-4.3112,50.5848],[-4.3052,50.579],[-4.2913,50.5839],[-4.2888,50.5764],[-4.2818,50.5771],[-4.2853,50.5848],[-4.2726,50.5828],[-4.2697,50.5789],[-4.2795,50.5691],[-4.2659,50.5589],[-4.2593,50.5458],[-4.2714,50.5387],[-4.2634,50.536],[-4.2535,50.5436],[-4.2415,50.5427],[-4.2374,50.535],[-4.2259,50.5297],[-4.2145,50.5346]]]}},{"type":"Feature","properties":{"code":"UK227","name":"County Antrim"},"geometry":{"type":"MultiPolygon","coordinates":[[[[-5.9512,54.5556],[-5.9536,54.5478],[-5.965,54.5472],[-5.9661,54.5425],[-5.9601,54.5379],[-5.9728,54.5308],[-5.993,54.5429],[-6.0178,54.5364],[-6.0142,54.5312],[-6.0272,54.525],[-6.0211,54.5194],[-6.0279,54.5044],[-6.0416,54.5046],[-6.0571,54.4974],[-6.0744,54.506],[-6.1129,54.4947],[-6.1304,54.4975],[-6.1432,54.4859],[-6.1763,54.4773],[-6.1879,54.4773],[-6.2087,54.4902],[-6.2299,54.4956],[-6.2401,54.4943],[-6.2397,54.4905],[-6.2577,54.4913],[-6.2659,54.499],[-6.277,54.5009],[-6.2805,54.4953],[-6.2959,54.4973],[-6.3268,54.5121],[-6.354,54.5093],[-6.3808,54.514],[-6.426,54.5682],[-6.4071,54.6488],[-6.4692,54.6852],[-6.4959,54.7137],[-6.4859,54.7366],[-6.4572,54.7618],[-6.4606,54.7669],[-6.4679,54.7646],[-6.4803,54.7759],[-6.471,54.8125],[-6.4587,54.817],[-6.4573,54.8246],[-6.4714,54.8413],[-6.4754,54.8615],[-6.4897,54.8857],[-6.4978,54.8897],[-6.5063,54.9083],[-6.4993,54.9182],[-6.5177,54.9408],[-6.5396,54.9532],[-6.5367,54.9574],[-6.5446,54.9591],[-6.5516,54.9742],[-6.5465,54.9801],[-6.5701,54.9855],[-6.5824,55.0094],[-6.5762,55.0174],[-6.5726,55.0358],[-6.5825,55.05],[-6.5801,55.0576],[-6.6079,55.0792],[-6.5849,55.0886],[-6.5696,55.1129],[-6.568,55.1348],[-6.5742,55.1433],[-6.5805,55.1441],[-6.5927,55.1684],[-6.6037,55.1655],[-6.6133,55.1817],[-6.6226,55.1793],[-6.6233,55.1859],[-6.6372,55.1881],[-6.6463,55.195],[-6.6653,55.1909],[-6.6692,55.199],[-6.6595,55.1988],[-6.6549,55.2034],[-6.6629,55.2127],[-6.6571,55.2128],[-6.6496,55.2051],[-6.6064,55.2059],[-6.5529,55.2201],[-6.5461,55.216],[-6.5449,55.2201],[-6.536,55.2196],[-6.5285,55.225],[-6.5306,55.2337],[-6.5062,55.2404],[-6.5028,55.2475],[-6.4759,55.2522],[-6.4623,55.2479],[-6.455,55.2391],[-6.4212,55.2385],[-6.4093,55.2323],[-6.3917,55.2347],[-6.3681,55.2458],[-6.3586,55.2409],[-6.3326,55.2396],[-6.3127,55.2298],[-6.2894,55.2302],[-6.2873,55.2248],[-6.2602,55.213],[-6.2379,55.2088],[-6.2402,55.208],[-6.24,55.206],[-6.2362,55.2027],[-6.1781,55.2138],[-6.1593,55.2261],[-6.1459,55.228],[-6.1161,55.2095],[-6.1014,55.2088],[-6.0741,55.198],[-6.0622,55.1989],[-6.0646,55.1908],[-6.0529,55.1826],[-6.0511,55.1758],[-6.0337,55.1698],[-6.0269,55.1612],[-6.0255,55.1404],[-6.0417,55.1299],[-6.0354,55.123],[-6.0354,55.1053],[-6.0553,55.0847],[-6.0518,55.0816],[-6.0528,55.0657],[-6.0553,55.0662],[-6.0585,55.0641],[-6.0604,55.0616],[-6.0425,55.053],[-5.9813,55.0579],[-5.9632,55.0482],[-5.979,55.0117],[-5.9772,55.0074],[-5.9927,54.9898],[-5.9904,54.9848],[-5.9823,54.9789],[-5.9658,54.9796],[-5.9554,54.9692],[-5.9404,54.9705],[-5.9249,54.9655],[-5.8994,54.9427],[-5.878,54.9076],[-5.8594,54.899],[-5.8428,54.8996],[-5.8372,54.8807],[-5.8218,54.8756],[-5.7956,54.8506],[-5.8009,54.8401],[-5.803,54.8448],[-5.8174,54.8473],[-5.8028,54.8237],[-5.7782,54.8161],[-5.7484,54.8154],[-5.7408,54.8092],[-5.7562,54.8119],[-5.7371,54.7959],[-5.7257,54.7778],[-5.7209,54.778],[-5.7182,54.7858],[-5.7253,54.7853],[-5.7194,54.7887],[-5.7314,54.8099],[-5.7368,54.8119],[-5.7341,54.8132],[-5.7439,54.8151],[-5.7522,54.8215],[-5.7506,54.8253],[-5.769,54.8319],[-5.7776,54.8394],[-5.7898,54.8423],[-5.7901,54.8431],[-5.7911,54.8431],[-5.7917,54.8436],[-5.7913,54.8443],[-5.7924,54.8447],[-5.789,54.8444],[-5.79,54.852],[-5.7816,54.852],[-5.7802,54.8586],[-5.7688,54.8519],[-5.7616,54.8542],[-5.7628,54.8593],[-5.7577,54.8587],[-5.7222,54.8462],[-5.6894,54.8029],[-5.6947,54.7741],[-5.688,54.767],[-5.7059,54.7549],[-5.7099,54.7461],[-5.7243,54.7391],[-5.7048,54.738],[-5.7067,54.7359],[-5.7331,54.7382],[-5.7442,54.7253],[-5.7574,54.7242],[-5.7549,54.7213],[-5.7802,54.723],[-5.8045,54.7149],[-5.8067,54.7103],[-5.8339,54.7077],[-5.8957,54.6741],[-5.9002,54.6597],[-5.9129,54.648],[-5.8748,54.6385],[-5.9195,54.6032],[-5.9202,54.5987],[-5.9126,54.5952],[-5.9311,54.5758],[-5.9253,54.5693],[-5.9269,54.5643],[-5.9345,54.5634],[-5.942,54.5533],[-5.9512,54.5556]]],[[[-6.1928,55.2925],[-6.2276,55.2961],[-6.2607,55.2898],[-6.2868,55.2944],[-6.27,55.307],[-6.242,55.3129],[-6.1698,55.3016],[-6.1683,55.2967],[-6.1809,55.28],[-6.1786,55.2718],[-6.1899,55.2585],[-6.1996,55.2668],[-6.2008,55.2754],[-6.1887,55.285],[-6.1928,55.2925]]]]}},{"type":"Feature","properties":{"code":"UK228","name":"County Armagh"},"geometry":{"type":"Polygon","coordinates":[[[-6.3808,54.514],[-6.3313,54.5024],[-6.3326,54.4966],[-6.2996,54.4894],[-6.2799,54.4789],[-6.2885,54.4736],[-6.3007,54.4738],[-6.3021,54.4654],[-6.3122,54.4554],[-6.3023,54.4498],[-6.3084,54.4439],[-6.3348,54.4472],[-6.3502,54.4413],[-6.3475,54.4348],[-6.3789,54.4228],[-6.3739,54.4188],[-6.3793,54.4115],[-6.377,54.4044],[-6.4003,54.3957],[-6.3753,54.3512],[-6.3626,54.3408],[-6.3666,54.3295],[-6.3603,54.3135],[-6.3694,54.304],[-6.3712,54.2926],[-6.3543,54.2742],[-6.3664,54.2696],[-6.3612,54.2585],[-6.374,54.2471],[-6.3617,54.2312],[-6.3647,54.2265],[-6.3537,54.2151],[-6.3475,54.1925],[-6.3372,54.1903],[-6.335,54.1857],[-6.3505,54.1844],[-6.3486,54.1711],[-6.3438,54.1647],[-6.3295,54.1623],[-6.2909,54.1127],[-6.309,54.1067],[-6.318,54.091],[-6.3364,54.0947],[-6.3345,54.1051],[-6.3399,54.1119],[-6.3664,54.1137],[-6.3621,54.0963],[-6.3661,54.0939],[-6.3635,54.0726],[-6.3827,54.0685],[-6.3911,54.0589],[-6.412,54.0631],[-6.4435,54.0565],[-6.456,54.0725],[-6.462,54.0706],[-6.4778,54.0771],[-6.4815,54.072],[-6.4713,54.0663],[-6.4843,54.0667],[-6.5099,54.0575],[-6.5105,54.0527],[-6.532,54.0597],[-6.558,54.0493],[-6.5866,54.0576],[-6.5957,54.052],[-6.595,54.0446],[-6.6046,54.045],[-6.6066,54.0397],[-6.6161,54.0426],[-6.6238,54.0365],[-6.6409,54.0483],[-6.6499,54.0614],[-6.661,54.0628],[-6.669,54.0728],[-6.6582,54.0762],[-6.6558,54.0872],[-6.662,54.0927],[-6.6589,54.0961],[-6.652,54.093],[-6.6451,54.0959],[-6.6612,54.1227],[-6.6485,54.1216],[-6.6499,54.1294],[-6.6397,54.1318],[-6.6407,54.1421],[-6.6298,54.1532],[-6.6356,54.1707],[-6.644,54.1797],[-6.6586,54.1848],[-6.6651,54.1932],[-6.6829,54.1932],[-6.6919,54.2002],[-6.7101,54.198],[-6.721,54.182],[-6.7351,54.1858],[-6.7414,54.1821],[-6.7559,54.199],[-6.7756,54.1989],[-6.8011,54.2132],[-6.8004,54.2211],[-6.8162,54.223],[-6.819,54.2385],[-6.8291,54.2475],[-6.8277,54.2614],[-6.8393,54.2677],[-6.8518,54.265],[-6.8525,54.269],[-6.8655,54.2697],[-6.8656,54.2746],[-6.878,54.2791],[-6.875,54.2873],[-6.8615,54.2811],[-6.8604,54.2893],[-6.851,54.2919],[-6.8528,54.3005],[-6.8591,54.3039],[-6.8563,54.3136],[-6.8634,54.3153],[-6.8655,54.328],[-6.8369,54.3357],[-6.8268,54.3599],[-6.8139,54.3662],[-6.8089,54.3729],[-6.8117,54.3749],[-6.8047,54.3796],[-6.8075,54.399],[-6.7942,54.4147],[-6.7708,54.414],[-6.761,54.407],[-6.735,54.4092],[-6.7281,54.4017],[-6.7101,54.4039],[-6.7007,54.4165],[-6.7028,54.4284],[-6.6938,54.4296],[-6.6971,54.4422],[-6.6745,54.4505],[-6.6679,54.4629],[-6.6498,54.47],[-6.6507,54.4867],[-6.6403,54.4901],[-6.6294,54.5039],[-6.6101,54.5073],[-6.5918,54.5034],[-6.5778,54.5117],[-6.5785,54.5178],[-6.5413,54.5421],[-6.426,54.5682],[-6.3808,54.514]]]}},{"type":"Feature","properties":{"code":"UK229","name":"County Down"},"geometry":{"type":"MultiPolygon","coordinates":[[[[-6.0792,54.0475],[-6.0804,54.0477],[-6.0798,54.0486],[-6.0792,54.0475]]],[[[-5.6279,54.68],[-5.6138,54.6751],[-5.5974,54.6787],[-5.5911,54.6743],[-5.5765,54.6751],[-5.5682,54.6636],[-5.5415,54.6545],[-5.5378,54.6436],[-5.5302,54.645],[-5.5279,54.6363],[-5.5341,54.6224],[-5.5297,54.6208],[-5.5323,54.6171],[-5.5216,54.5976],[-5.5069,54.5916],[-5.5031,54.5812],[-5.4893,54.5777],[-5.4773,54.5641],[-5.4858,54.5466],[-5.4796,54.544],[-5.4838,54.5398],[-5.4817,54.5339],[-5.4698,54.5257],[-5.4717,54.5171],[-5.4636,54.4984],[-5.4328,54.4873],[-5.442,54.4756],[-5.4357,54.4705],[-5.44,54.4594],[-5.4356,54.4571],[-5.4505,54.4513],[-5.4553,54.4394],[-5.4716,54.4361],[-5.4797,54.4296],[-5.4789,54.4244],[-5.4642,54.4146],[-5.4646,54.3972],[-5.4581,54.3929],[-5.4623,54.3834],[-5.4813,54.3841],[-5.4897,54.3764],[-5.4849,54.3741],[-5.493,54.3653],[-5.4829,54.365],[-5.4813,54.3567],[-5.4898,54.3579],[-5.4928,54.3516],[-5.4982,54.3515],[-5.4951,54.3473],[-5.4996,54.3381],[-5.4958,54.3353],[-5.5052,54.331],[-5.5134,54.3451],[-5.5221,54.3407],[-5.527,54.3436],[-5.528,54.3593],[-5.5405,54.3649],[-5.5389,54.3691],[-5.548,54.38],[-5.5614,54.3904],[-5.5749,54.3936],[-5.5796,54.4005],[-5.5723,54.4185],[-5.5769,54.423],[-5.5711,54.4218],[-5.5645,54.4299],[-5.5489,54.4349],[-5.545,54.4334],[-5.5489,54.4315],[-5.5497,54.4284],[-5.5423,54.431],[-5.5473,54.4273],[-5.5397,54.4251],[-5.5382,54.4304],[-5.5431,54.4332],[-5.5352,54.4305],[-5.5376,54.4336],[-5.534,54.433],[-5.534,54.4341],[-5.5479,54.4381],[-5.5349,54.4378],[-5.537,54.4468],[-5.5287,54.4544],[-5.5356,54.4536],[-5.5341,54.4581],[-5.5398,54.462],[-5.55,54.4579],[-5.558,54.4576],[-5.5321,54.4692],[-5.5411,54.4752],[-5.5304,54.4772],[-5.5404,54.4794],[-5.5333,54.4798],[-5.5374,54.4812],[-5.5293,54.4855],[-5.5417,54.4838],[-5.5379,54.4947],[-5.547,54.4964],[-5.5461,54.5035],[-5.5515,54.5068],[-5.5486,54.511],[-5.554,54.5135],[-5.5504,54.518],[-5.5557,54.5201],[-5.5615,54.5336],[-5.5698,54.5364],[-5.582,54.5279],[-5.5789,54.532],[-5.5881,54.5405],[-5.5952,54.5409],[-5.5956,54.5486],[-5.6048,54.549],[-5.6143,54.5586],[-5.6391,54.5617],[-5.6719,54.5792],[-5.6905,54.5772],[-5.6967,54.5719],[-5.6972,54.5466],[-5.7186,54.539],[-5.7224,54.5394],[-5.7201,54.5418],[-5.7265,54.5441],[-5.7339,54.5457],[-5.739,54.546],[-5.7413,54.5455],[-5.7144,54.5355],[-5.6853,54.5333],[-5.6885,54.5283],[-5.6804,54.5235],[-5.6821,54.5203],[-5.6817,54.5187],[-5.6727,54.5225],[-5.6663,54.5186],[-5.654,54.5202],[-5.6491,54.5137],[-5.6318,54.5161],[-5.6435,54.5112],[-5.6364,54.5076],[-5.6429,54.5098],[-5.6465,54.4988],[-5.6191,54.507],[-5.6407,54.4959],[-5.6508,54.4994],[-5.6447,54.5085],[-5.6462,54.5139],[-5.6547,54.5075],[-5.6566,54.5105],[-5.6519,54.5125],[-5.6568,54.5163],[-5.6647,54.5098],[-5.6762,54.5099],[-5.6778,54.4967],[-5.6704,54.4942],[-5.6739,54.4936],[-5.6741,54.4926],[-5.6649,54.492],[-5.658,54.4977],[-5.6494,54.4884],[-5.6397,54.4889],[-5.6541,54.4848],[-5.6447,54.4809],[-5.6536,54.4759],[-5.6464,54.4722],[-5.656,54.4682],[-5.6548,54.465],[-5.6394,54.464],[-5.6425,54.4624],[-5.6397,54.4586],[-5.6469,54.4592],[-5.6404,54.4557],[-5.6493,54.4557],[-5.6494,54.453],[-5.6344,54.4516],[-5.6364,54.4562],[-5.6291,54.4545],[-5.6326,54.46],[-5.6267,54.4633],[-5.6287,54.4538],[-5.6348,54.4499],[-5.6332,54.4472],[-5.6401,54.4495],[-5.6423,54.4495],[-5.644,54.4484],[-5.638,54.4435],[-5.6401,54.4383],[-5.6348,54.4399],[-5.6289,54.4346],[-5.6308,54.4283],[-5.6329,54.4348],[-5.6379,54.4298],[-5.6447,54.4305],[-5.6381,54.4265],[-5.6423,54.4267],[-5.6475,54.4193],[-5.644,54.4149],[-5.6488,54.4151],[-5.6496,54.4102],[-5.6417,54.4104],[-5.6413,54.4006],[-5.65,54.3977],[-5.6469,54.3933],[-5.6582,54.3856],[-5.6544,54.3815],[-5.6654,54.3822],[-5.6792,54.3755],[-5.6774,54.3751],[-5.6772,54.3712],[-5.6801,54.3758],[-5.6848,54.3716],[-5.666,54.3624],[-5.6567,54.3679],[-5.6464,54.3649],[-5.6401,54.3728],[-5.6355,54.3704],[-5.6145,54.3794],[-5.604,54.3768],[-5.5879,54.3847],[-5.572,54.3829],[-5.5709,54.3766],[-5.5779,54.373],[-5.5687,54.365],[-5.5612,54.3675],[-5.5656,54.3701],[-5.5631,54.376],[-5.557,54.3764],[-5.5506,54.3695],[-5.5483,54.3442],[-5.5405,54.3389],[-5.5444,54.3323],[-5.5394,54.329],[-5.542,54.3194],[-5.5228,54.3148],[-5.5266,54.3099],[-5.5384,54.3128],[-5.5501,54.3067],[-5.5603,54.2865],[-5.595,54.261],[-5.6076,54.2657],[-5.602,54.2567],[-5.6088,54.2487],[-5.6182,54.2462],[-5.619,54.2539],[-5.624,54.2558],[-5.6287,54.2508],[-5.6344,54.2524],[-5.6297,54.2582],[-5.6367,54.2591],[-5.6364,54.2633],[-5.6397,54.263],[-5.6454,54.2561],[-5.6366,54.2526],[-5.6399,54.2495],[-5.6374,54.2404],[-5.6423,54.2409],[-5.648,54.2313],[-5.6607,54.2256],[-5.6664,54.2352],[-5.6739,54.235],[-5.6706,54.2386],[-5.6744,54.2384],[-5.6771,54.2466],[-5.6928,54.2513],[-5.7212,54.2485],[-5.7263,54.2531],[-5.7442,54.2522],[-5.7557,54.2462],[-5.8184,54.2429],[-5.8338,54.2566],[-5.8158,54.2592],[-5.8203,54.2723],[-5.815,54.2834],[-5.8193,54.2831],[-5.8301,54.2771],[-5.826,54.2774],[-5.8288,54.2699],[-5.8374,54.2654],[-5.8405,54.257],[-5.85,54.2535],[-5.85,54.2489],[-5.8333,54.2513],[-5.8283,54.2473],[-5.8297,54.2419],[-5.8781,54.2184],[-5.8929,54.2054],[-5.8766,54.1884],[-5.8718,54.1676],[-5.8892,54.1347],[-5.8862,54.1215],[-5.8924,54.1178],[-5.8969,54.1047],[-5.9519,54.0778],[-5.9635,54.0626],[-5.9884,54.058],[-5.9962,54.0613],[-5.9882,54.0576],[-6.0023,54.0537],[-6.0206,54.0385],[-6.0627,54.0227],[-6.0659,54.0283],[-6.0816,54.0295],[-6.0891,54.0364],[-6.1075,54.0402],[-6.0985,54.0486],[-6.0824,54.045],[-6.0737,54.0475],[-6.095,54.0626],[-6.1594,54.065],[-6.1832,54.0737],[-6.1907,54.0939],[-6.1981,54.0982],[-6.2349,54.1013],[-6.2541,54.0964],[-6.2558,54.1008],[-6.2936,54.114],[-6.3217,54.1478],[-6.3203,54.1529],[-6.3486,54.1711],[-6.3505,54.1844],[-6.335,54.1857],[-6.3372,54.1903],[-6.3475,54.1925],[-6.3537,54.2151],[-6.3647,54.2265],[-6.3617,54.2312],[-6.374,54.2471],[-6.3612,54.2585],[-6.3664,54.2696],[-6.3543,54.2742],[-6.3712,54.2926],[-6.3694,54.304],[-6.3603,54.3135],[-6.3666,54.3295],[-6.3626,54.3408],[-6.3781,54.3553],[-6.4002,54.3958],[-6.377,54.4044],[-6.3793,54.4115],[-6.3739,54.4188],[-6.3789,54.4228],[-6.3475,54.4348],[-6.3502,54.4413],[-6.3348,54.4472],[-6.3084,54.4439],[-6.3023,54.4498],[-6.3122,54.4554],[-6.3021,54.4654],[-6.3007,54.4738],[-6.2885,54.4736],[-6.2799,54.4789],[-6.2996,54.4894],[-6.3326,54.4966],[-6.3313,54.5024],[-6.354,54.5093],[-6.3268,54.5121],[-6.2959,54.4973],[-6.2805,54.4953],[-6.277,54.5009],[-6.2659,54.499],[-6.2577,54.4913],[-6.2397,54.4905],[-6.2401,54.4943],[-6.2299,54.4956],[-6.2087,54.4902],[-6.1879,54.4773],[-6.1514,54.4824],[-6.1304,54.4975],[-6.1129,54.4947],[-6.0793,54.5057],[-6.0512,54.4987],[-6.0233,54.5091],[-6.0215,54.5215],[-6.0273,54.5249],[-6.0142,54.5312],[-6.0177,54.5365],[-5.993,54.5429],[-5.9758,54.5306],[-5.9603,54.5377],[-5.9661,54.5425],[-5.9649,54.5473],[-5.9536,54.5478],[-5.9518,54.5554],[-5.9421,54.5533],[-5.9345,54.5634],[-5.9269,54.5644],[-5.9253,54.5693],[-5.9311,54.5758],[-5.9126,54.5952],[-5.9202,54.5987],[-5.919,54.6038],[-5.8748,54.6385],[-5.8552,54.6335],[-5.8054,54.659],[-5.741,54.6776],[-5.7203,54.667],[-5.6667,54.6659],[-5.6557,54.671],[-5.6472,54.6655],[-5.6349,54.6699],[-5.6373,54.6783],[-5.6279,54.68]]]]}},{"type":"Feature","properties":{"code":"UK230","name":"County Fermanagh"},"geometry":{"type":"Polygon","coordinates":[[[-7.6942,54.6051],[-7.676,54.6033],[-7.6793,54.5998],[-7.6698,54.5836],[-7.6247,54.5847],[-7.62,54.5769],[-7.6019,54.5729],[-7.5994,54.5658],[-7.5878,54.5682],[-7.5884,54.564],[-7.5457,54.57],[-7.5281,54.5559],[-7.5435,54.5442],[-7.5603,54.5418],[-7.5571,54.532],[-7.5721,54.5195],[-7.5745,54.5055],[-7.581,54.5031],[-7.5817,54.4976],[-7.6167,54.4917],[-7.6365,54.4833],[-7.6291,54.4743],[-7.6185,54.4713],[-7.6204,54.4592],[-7.6054,54.4604],[-7.6097,54.4553],[-7.6158,54.4583],[-7.6318,54.4531],[-7.6252,54.4493],[-7.6246,54.4394],[-7.5685,54.4311],[-7.5688,54.4345],[-7.5541,54.4388],[-7.5551,54.4334],[-7.5432,54.4316],[-7.5277,54.4215],[-7.5328,54.4182],[-7.528,54.4136],[-7.5091,54.4056],[-7.4713,54.4213],[-7.4246,54.4334],[-7.4213,54.4395],[-7.4271,54.4427],[-7.3906,54.4427],[-7.3874,54.4384],[-7.367,54.4375],[-7.3577,54.422],[-7.3622,54.4196],[-7.3315,54.4048],[-7.329,54.3975],[-7.3409,54.3846],[-7.3314,54.3786],[-7.3344,54.3717],[-7.3028,54.3674],[-7.2962,54.3692],[-7.3025,54.3744],[-7.2952,54.3765],[-7.29,54.3702],[-7.2804,54.3715],[-7.2712,54.3611],[-7.2719,54.3441],[-7.2461,54.3269],[-7.2271,54.327],[-7.2228,54.3338],[-7.2008,54.3374],[-7.201,54.3418],[-7.1815,54.3331],[-7.1795,54.3093],[-7.1978,54.3111],[-7.2122,54.2996],[-7.207,54.2944],[-7.1729,54.2861],[-7.1793,54.2726],[-7.1606,54.2736],[-7.1525,54.2667],[-7.1505,54.2583],[-7.1422,54.2556],[-7.1425,54.2516],[-7.159,54.2437],[-7.1461,54.2398],[-7.1498,54.2316],[-7.145,54.2247],[-7.1709,54.2176],[-7.1848,54.2201],[-7.1883,54.2248],[-7.1987,54.2156],[-7.2211,54.2158],[-7.2326,54.2109],[-7.2319,54.2056],[-7.248,54.2045],[-7.2492,54.1979],[-7.233,54.1978],[-7.2361,54.1934],[-7.2591,54.1922],[-7.2583,54.1774],[-7.2403,54.1697],[-7.2581,54.1645],[-7.2525,54.1557],[-7.2639,54.1453],[-7.2629,54.1374],[-7.2775,54.1297],[-7.278,54.1233],[-7.2919,54.1191],[-7.3033,54.1227],[-7.3089,54.1321],[-7.2926,54.1306],[-7.2854,54.1365],[-7.2842,54.1398],[-7.3013,54.144],[-7.2989,54.1493],[-7.2838,54.1539],[-7.2858,54.1578],[-7.2798,54.1676],[-7.2913,54.1719],[-7.3004,54.1661],[-7.3102,54.1673],[-7.3262,54.1515],[-7.3395,54.1468],[-7.3276,54.1353],[-7.3187,54.1374],[-7.312,54.1317],[-7.3161,54.1269],[-7.3053,54.1234],[-7.3076,54.1175],[-7.3188,54.1133],[-7.3271,54.1246],[-7.3361,54.1167],[-7.3462,54.1165],[-7.3464,54.1225],[-7.3635,54.1314],[-7.3919,54.1202],[-7.3926,54.1269],[-7.3728,54.1395],[-7.3836,54.1413],[-7.3915,54.1368],[-7.403,54.1409],[-7.4204,54.1369],[-7.425,54.1411],[-7.4121,54.1485],[-7.4096,54.1562],[-7.4423,54.1539],[-7.4537,54.1447],[-7.4685,54.1408],[-7.4671,54.1343],[-7.4793,54.1222],[-7.5195,54.1297],[-7.5281,54.1358],[-7.5376,54.1273],[-7.5469,54.129],[-7.5479,54.1222],[-7.5657,54.1266],[-7.5751,54.1337],[-7.5746,54.1415],[-7.6104,54.1438],[-7.6253,54.1533],[-7.6285,54.1693],[-7.6561,54.1857],[-7.6645,54.1879],[-7.6765,54.182],[-7.6795,54.1925],[-7.6885,54.1992],[-7.6854,54.2078],[-7.6921,54.2039],[-7.702,54.2078],[-7.7106,54.2031],[-7.7392,54.2035],[-7.7484,54.2094],[-7.768,54.2094],[-7.8034,54.2071],[-7.8115,54.2009],[-7.8602,54.2176],[-7.8554,54.2227],[-7.86,54.2295],[-7.8606,54.2604],[-7.8727,54.2662],[-7.8732,54.2795],[-7.8707,54.2882],[-7.8619,54.2935],[-7.8809,54.2919],[-7.8882,54.3005],[-7.9015,54.3014],[-7.9109,54.296],[-7.9185,54.3031],[-7.9462,54.3044],[-7.9616,54.3124],[-7.9634,54.3204],[-7.9864,54.3442],[-7.9995,54.3472],[-8.0003,54.3581],[-8.0076,54.3612],[-8.0313,54.3566],[-8.0394,54.3627],[-8.0575,54.3658],[-8.0842,54.3974],[-8.1619,54.442],[-8.1503,54.4439],[-8.1432,54.451],[-8.1775,54.4648],[-8.1641,54.4691],[-8.1148,54.4691],[-8.1132,54.4764],[-8.0911,54.4763],[-8.0986,54.4842],[-8.089,54.4871],[-8.0426,54.4877],[-8.0385,54.5032],[-8.0418,54.5065],[-8.0129,54.5332],[-8.006,54.5459],[-7.9914,54.5431],[-7.9703,54.5473],[-7.9497,54.5336],[-7.9076,54.5376],[-7.8566,54.5365],[-7.8505,54.533],[-7.8239,54.5444],[-7.8332,54.5523],[-7.7966,54.5716],[-7.7996,54.5766],[-7.794,54.5816],[-7.761,54.5864],[-7.7604,54.5942],[-7.7489,54.5995],[-7.69,54.6099],[-7.6942,54.6051]]]}},{"type":"Feature","properties":{"code":"UK231","name":"County Londonderry"},"geometry":{"type":"Polygon","coordinates":[[[-6.6692,55.199],[-6.6653,55.1909],[-6.6463,55.195],[-6.6372,55.1881],[-6.6233,55.1859],[-6.6226,55.1793],[-6.6113,55.1805],[-6.6037,55.1655],[-6.5927,55.1684],[-6.5805,55.1441],[-6.5742,55.1433],[-6.568,55.1348],[-6.5696,55.1129],[-6.5849,55.0886],[-6.6079,55.0792],[-6.5801,55.0576],[-6.5825,55.05],[-6.5726,55.0358],[-6.5762,55.0174],[-6.5824,55.0094],[-6.5701,54.9855],[-6.5465,54.9801],[-6.5516,54.9742],[-6.5446,54.9591],[-6.5367,54.9574],[-6.5396,54.9532],[-6.5177,54.9408],[-6.4993,54.9182],[-6.5063,54.9083],[-6.4978,54.8897],[-6.4897,54.8857],[-6.4754,54.8615],[-6.4714,54.8413],[-6.4573,54.8245],[-6.4587,54.817],[-6.471,54.8125],[-6.4803,54.7759],[-6.4679,54.7646],[-6.4606,54.7669],[-6.4572,54.7618],[-6.4859,54.7366],[-6.4959,54.7137],[-6.4692,54.6852],[-6.5327,54.6658],[-6.5429,54.6572],[-6.5658,54.6582],[-6.572,54.6645],[-6.5876,54.6551],[-6.6022,54.657],[-6.6082,54.6513],[-6.6172,54.6519],[-6.6233,54.6472],[-6.6221,54.6396],[-6.6327,54.638],[-6.6397,54.63],[-6.6525,54.6313],[-6.6508,54.6381],[-6.6808,54.6427],[-6.6785,54.6345],[-6.7157,54.6286],[-6.719,54.6367],[-6.7123,54.6469],[-6.6938,54.6422],[-6.6942,54.648],[-6.6849,54.6488],[-6.6852,54.6535],[-6.6921,54.6572],[-6.7134,54.6506],[-6.7205,54.6518],[-6.721,54.6616],[-6.7376,54.6584],[-6.7455,54.6732],[-6.7776,54.6871],[-6.776,54.6925],[-6.7841,54.7014],[-6.7968,54.7028],[-6.8088,54.7166],[-6.8244,54.7228],[-6.8302,54.7412],[-6.8643,54.7364],[-6.8913,54.7246],[-6.8915,54.7301],[-6.9082,54.7297],[-6.9089,54.7341],[-6.949,54.7302],[-6.9705,54.7373],[-6.9725,54.7435],[-6.9408,54.7522],[-6.936,54.7662],[-6.94,54.7736],[-6.9221,54.7731],[-6.9029,54.7838],[-6.906,54.7913],[-6.9224,54.8025],[-6.9118,54.8134],[-6.9121,54.8204],[-6.9462,54.8337],[-6.9718,54.8282],[-6.9874,54.833],[-7.0042,54.8208],[-7.0395,54.8197],[-7.0638,54.8109],[-7.0923,54.8185],[-7.1016,54.8132],[-7.1036,54.8224],[-7.1228,54.8278],[-7.1567,54.8477],[-7.1592,54.8515],[-7.1533,54.8584],[-7.1782,54.8536],[-7.1912,54.846],[-7.2038,54.8537],[-7.1877,54.8572],[-7.2064,54.8673],[-7.2046,54.8748],[-7.1976,54.8784],[-7.2003,54.8882],[-7.2436,54.8838],[-7.2697,54.888],[-7.2728,54.8936],[-7.2621,54.9068],[-7.2597,54.9182],[-7.2958,54.9208],[-7.3016,54.9249],[-7.3228,54.9145],[-7.3575,54.915],[-7.3706,54.9199],[-7.3756,54.9369],[-7.3836,54.944],[-7.397,54.9461],[-7.4072,54.9552],[-7.4021,54.9596],[-7.4075,54.9637],[-7.4004,54.9722],[-7.4071,54.9829],[-7.3915,54.9978],[-7.4056,55.0033],[-7.3914,55.0223],[-7.3453,55.0508],[-7.3184,55.0451],[-7.2994,55.0561],[-7.2892,55.0474],[-7.2773,55.0543],[-7.2727,55.0635],[-7.2569,55.0672],[-7.2559,55.067],[-7.2566,55.0635],[-7.2559,55.0616],[-7.2545,55.06],[-7.2509,55.0643],[-7.2556,55.0655],[-7.2455,55.0635],[-7.2546,55.052],[-7.2518,55.0442],[-7.2448,55.0457],[-7.2493,55.0464],[-7.2433,55.0499],[-7.2443,55.046],[-7.2328,55.0482],[-7.2343,55.0537],[-7.2249,55.0611],[-7.2142,55.0569],[-7.1561,55.059],[-7.148,55.0573],[-7.1456,55.0454],[-7.1293,55.0419],[-7.0594,55.0477],[-7.0514,55.0496],[-7.05,55.0569],[-7.0483,55.0515],[-7.0434,55.0517],[-7.0459,55.0583],[-7.0455,55.0581],[-7.0418,55.0558],[-7.0414,55.0557],[-7.045,55.058],[-7.0138,55.0771],[-7.0235,55.0899],[-7.0201,55.1004],[-7.0106,55.1065],[-6.99,55.1095],[-6.9931,55.1143],[-6.9688,55.1479],[-6.9603,55.1785],[-6.9661,55.1947],[-6.9515,55.1926],[-6.9204,55.1764],[-6.8897,55.1699],[-6.8325,55.1665],[-6.7723,55.1721],[-6.7684,55.1674],[-6.7271,55.1723],[-6.7254,55.1808],[-6.7192,55.1841],[-6.7219,55.1899],[-6.6692,55.199]]]}},{"type":"Feature","properties":{"code":"UK232","name":"County Tyrone"},"geometry":{"type":"Polygon","coordinates":[[[-7.3818,54.9421],[-7.3711,54.9281],[-7.3706,54.9199],[-7.3575,54.915],[-7.3228,54.9145],[-7.3016,54.9249],[-7.2958,54.9208],[-7.2597,54.9182],[-7.2621,54.9068],[-7.2728,54.8936],[-7.2697,54.888],[-7.2436,54.8838],[-7.2003,54.8882],[-7.1976,54.8784],[-7.2046,54.8748],[-7.2064,54.8673],[-7.1877,54.8572],[-7.2038,54.8537],[-7.1912,54.846],[-7.1782,54.8536],[-7.1533,54.8584],[-7.1592,54.8515],[-7.1567,54.8477],[-7.1228,54.8278],[-7.1036,54.8224],[-7.1016,54.8132],[-7.0923,54.8185],[-7.0638,54.8109],[-7.0395,54.8197],[-7.0042,54.8208],[-6.9874,54.833],[-6.9718,54.8282],[-6.9462,54.8337],[-6.9121,54.8204],[-6.9118,54.8134],[-6.9224,54.8025],[-6.906,54.7913],[-6.9029,54.7838],[-6.9221,54.7731],[-6.94,54.7736],[-6.936,54.7662],[-6.9408,54.7522],[-6.9725,54.7435],[-6.9705,54.7373],[-6.949,54.7302],[-6.9089,54.7341],[-6.9082,54.7297],[-6.8915,54.7301],[-6.8913,54.7246],[-6.8643,54.7364],[-6.8302,54.7412],[-6.8244,54.7228],[-6.8088,54.7166],[-6.7968,54.7028],[-6.7841,54.7014],[-6.776,54.6925],[-6.7776,54.6871],[-6.7455,54.6732],[-6.7376,54.6584],[-6.721,54.6616],[-6.7205,54.6518],[-6.7134,54.6506],[-6.6921,54.6572],[-6.6852,54.6535],[-6.6849,54.6488],[-6.6942,54.648],[-6.6938,54.6422],[-6.7123,54.6469],[-6.719,54.6367],[-6.7138,54.628],[-6.6785,54.6345],[-6.6808,54.6427],[-6.6508,54.6381],[-6.6525,54.6313],[-6.6398,54.63],[-6.6332,54.6329],[-6.6327,54.638],[-6.6221,54.6396],[-6.6233,54.6472],[-6.6173,54.6518],[-6.6082,54.6513],[-6.6025,54.6569],[-6.5877,54.6551],[-6.5718,54.6646],[-6.5658,54.6582],[-6.5431,54.6572],[-6.5327,54.6658],[-6.4692,54.6852],[-6.4071,54.6488],[-6.426,54.5682],[-6.5413,54.5421],[-6.5785,54.5178],[-6.5778,54.5117],[-6.5918,54.5034],[-6.6101,54.5073],[-6.6295,54.5038],[-6.6403,54.4901],[-6.6507,54.4867],[-6.6498,54.47],[-6.6679,54.4629],[-6.6745,54.4505],[-6.6971,54.4422],[-6.6938,54.4296],[-6.7028,54.4284],[-6.7007,54.4165],[-6.7101,54.4039],[-6.7281,54.4017],[-6.735,54.4092],[-6.761,54.407],[-6.7708,54.414],[-6.7937,54.415],[-6.8075,54.399],[-6.8043,54.3819],[-6.8125,54.3736],[-6.809,54.3729],[-6.8213,54.3601],[-6.8268,54.3599],[-6.8371,54.3356],[-6.854,54.3294],[-6.8684,54.3309],[-6.8756,54.3386],[-6.876,54.3466],[-6.9064,54.3504],[-6.9029,54.3608],[-6.9107,54.3655],[-6.9067,54.3694],[-6.911,54.3746],[-6.9327,54.3778],[-6.9238,54.3829],[-6.938,54.3831],[-6.9455,54.3872],[-6.9441,54.3911],[-6.9596,54.3922],[-6.9592,54.3979],[-6.9784,54.4019],[-6.9788,54.4086],[-6.9958,54.4054],[-7.0021,54.4085],[-7.0006,54.4132],[-7.0134,54.417],[-7.0166,54.414],[-7.0292,54.4214],[-7.0573,54.411],[-7.0724,54.3883],[-7.1098,54.3683],[-7.1017,54.3607],[-7.1036,54.3559],[-7.1237,54.3507],[-7.1527,54.3352],[-7.201,54.3418],[-7.2008,54.3374],[-7.2228,54.3338],[-7.2271,54.327],[-7.237,54.3252],[-7.2585,54.333],[-7.2611,54.3404],[-7.2719,54.3441],[-7.2712,54.3611],[-7.2805,54.3715],[-7.29,54.3702],[-7.2952,54.3765],[-7.3025,54.3744],[-7.2962,54.3692],[-7.3028,54.3674],[-7.3344,54.3717],[-7.3314,54.3786],[-7.3409,54.3846],[-7.329,54.3975],[-7.3315,54.4048],[-7.3622,54.4196],[-7.3577,54.422],[-7.367,54.4375],[-7.3874,54.4384],[-7.3906,54.4427],[-7.4271,54.4427],[-7.4213,54.4395],[-7.4246,54.4334],[-7.4713,54.4213],[-7.5091,54.4056],[-7.528,54.4136],[-7.5328,54.4182],[-7.5277,54.4215],[-7.5432,54.4316],[-7.5551,54.4334],[-7.5541,54.4388],[-7.5688,54.4345],[-7.5685,54.4311],[-7.6246,54.4394],[-7.6252,54.4493],[-7.6318,54.4531],[-7.6158,54.4583],[-7.6097,54.4553],[-7.6054,54.4604],[-7.6204,54.4592],[-7.6185,54.4713],[-7.6291,54.4743],[-7.6365,54.4832],[-7.6167,54.4917],[-7.5817,54.4976],[-7.581,54.5031],[-7.5745,54.5055],[-7.5721,54.5195],[-7.5571,54.532],[-7.5603,54.5418],[-7.5435,54.5442],[-7.5287,54.5548],[-7.5396,54.5659],[-7.5492,54.5701],[-7.5884,54.564],[-7.5878,54.5682],[-7.5994,54.5658],[-7.6019,54.5729],[-7.62,54.5769],[-7.6247,54.5847],[-7.6698,54.5836],[-7.6793,54.5998],[-7.676,54.6033],[-7.6926,54.6039],[-7.6942,54.6051],[-7.6904,54.6069],[-7.6913,54.6105],[-7.7035,54.6085],[-7.6949,54.6126],[-7.6935,54.6191],[-7.7064,54.6196],[-7.7034,54.6274],[-7.7084,54.6349],[-7.7416,54.6179],[-7.7543,54.6185],[-7.7578,54.625],[-7.7725,54.6215],[-7.7837,54.6333],[-7.8022,54.6337],[-7.8133,54.6439],[-7.8283,54.633],[-7.8513,54.6306],[-7.8547,54.6321],[-7.8508,54.6362],[-7.8571,54.639],[-7.8566,54.6505],[-7.8933,54.6565],[-7.9141,54.6753],[-7.898,54.6878],[-7.921,54.696],[-7.9181,54.7027],[-7.8797,54.7026],[-7.8551,54.7269],[-7.8367,54.7364],[-7.8178,54.7338],[-7.8047,54.7187],[-7.7887,54.7196],[-7.7788,54.7159],[-7.7781,54.7104],[-7.7499,54.7043],[-7.7353,54.7169],[-7.7116,54.7261],[-7.697,54.7238],[-7.6366,54.7515],[-7.6176,54.7434],[-7.5886,54.7437],[-7.5867,54.7499],[-7.5782,54.7504],[-7.5784,54.7417],[-7.5578,54.7453],[-7.5492,54.7405],[-7.5343,54.747],[-7.5476,54.7554],[-7.5481,54.7727],[-7.5432,54.7825],[-7.5493,54.7894],[-7.5391,54.8008],[-7.5276,54.8029],[-7.5283,54.8077],[-7.5174,54.8082],[-7.484,54.8238],[-7.4441,54.8697],[-7.4421,54.8794],[-7.4525,54.8984],[-7.4452,54.911],[-7.4473,54.935],[-7.4249,54.9432],[-7.3921,54.9454],[-7.3818,54.9421]]]}},{"type":"Feature","properties":{"code":"UK233","name":"Cumbria"},"geometry":{"type":"MultiPolygon","coordinates":[[[[-3.2645,54.1477],[-3.2647,54.1411],[-3.2509,54.1258],[-3.2391,54.0876],[-3.2235,54.0803],[-3.2259,54.0703],[-3.2108,54.0616],[-3.2055,54.052],[-3.196,54.0488],[-3.1786,54.0553],[-3.1731,54.0471],[-3.1955,54.0443],[-3.2099,54.0476],[-3.2471,54.082],[-3.2675,54.1068],[-3.2755,54.1316],[-3.2766,54.142],[-3.2715,54.1481],[-3.2521,54.1505],[-3.2645,54.1477]]],[[[-2.312,54.791],[-2.3099,54.7719],[-2.3225,54.764],[-2.3208,54.755],[-2.3319,54.7312],[-2.3258,54.7266],[-2.3422,54.7155],[-2.3414,54.706],[-2.3535,54.6979],[-2.3517,54.6857],[-2.3276,54.6709],[-2.3062,54.6701],[-2.2928,54.6639],[-2.288,54.6505],[-2.325,54.6316],[-2.3087,54.6118],[-2.3046,54.5962],[-2.2709,54.5822],[-2.246,54.5651],[-2.2095,54.5518],[-2.2102,54.5437],[-2.1976,54.5327],[-2.1823,54.5359],[-2.1724,54.5324],[-2.1745,54.5218],[-2.1687,54.5197],[-2.1624,54.504],[-2.1664,54.49],[-2.159,54.4721],[-2.1618,54.4647],[-2.1702,54.4582],[-2.1775,54.4617],[-2.1893,54.449],[-2.2356,54.4482],[-2.2495,54.452],[-2.2679,54.4472],[-2.2654,54.4429],[-2.2928,54.4393],[-2.2923,54.4326],[-2.3079,54.4208],[-2.3064,54.3987],[-2.292,54.3915],[-2.2974,54.3769],[-2.317,54.3764],[-2.3243,54.3692],[-2.3608,54.3549],[-2.3596,54.3503],[-2.3358,54.3405],[-2.3348,54.3349],[-2.3099,54.3244],[-2.315,54.3136],[-2.323,54.3111],[-2.3203,54.3067],[-2.3245,54.3032],[-2.3205,54.3],[-2.3241,54.2936],[-2.3172,54.2871],[-2.3241,54.2802],[-2.3155,54.2703],[-2.3227,54.2454],[-2.3358,54.2381],[-2.348,54.2378],[-2.3623,54.2498],[-2.3724,54.2483],[-2.3731,54.2401],[-2.3968,54.2394],[-2.4036,54.2256],[-2.4354,54.2229],[-2.4608,54.2268],[-2.4596,54.2396],[-2.4996,54.2195],[-2.52,54.2165],[-2.5507,54.2003],[-2.5761,54.1956],[-2.625,54.1955],[-2.6399,54.202],[-2.6447,54.1909],[-2.6704,54.1766],[-2.6799,54.1611],[-2.7364,54.1691],[-2.7345,54.1841],[-2.7683,54.186],[-2.7995,54.1977],[-2.8164,54.1898],[-2.8137,54.1839],[-2.8187,54.1809],[-2.8379,54.1742],[-2.8635,54.1826],[-2.8642,54.192],[-2.8258,54.204],[-2.7943,54.2246],[-2.8049,54.2277],[-2.8172,54.2151],[-2.8363,54.2129],[-2.8438,54.2057],[-2.8809,54.2004],[-2.8978,54.1898],[-2.9109,54.1613],[-2.9181,54.1602],[-2.9273,54.15],[-2.9998,54.1548],[-3.0021,54.1667],[-2.9967,54.1707],[-3.0065,54.1723],[-3.0348,54.1963],[-3.0171,54.2016],[-3.0146,54.2068],[-3.0351,54.2283],[-3.0531,54.221],[-3.0348,54.2152],[-3.0391,54.2043],[-3.0532,54.1989],[-3.0534,54.1884],[-3.062,54.1819],[-3.0608,54.162],[-3.0778,54.1542],[-3.0874,54.1366],[-3.1078,54.1177],[-3.1648,54.0832],[-3.1721,54.0821],[-3.1869,54.0905],[-3.1879,54.0993],[-3.1942,54.1042],[-3.2264,54.0938],[-3.2393,54.1041],[-3.2449,54.1169],[-3.2376,54.1558],[-3.2577,54.1659],[-3.2546,54.1702],[-3.2302,54.1717],[-3.2171,54.1775],[-3.2123,54.2086],[-3.2063,54.2097],[-3.2048,54.2177],[-3.1927,54.2283],[-3.1977,54.2289],[-3.2139,54.2565],[-3.2279,54.2621],[-3.2307,54.2577],[-3.2229,54.2515],[-3.2255,54.24],[-3.2544,54.2187],[-3.24,54.2042],[-3.2542,54.1915],[-3.2688,54.1902],[-3.2806,54.1965],[-3.3002,54.1883],[-3.3242,54.1915],[-3.4211,54.2845],[-3.4227,54.294],[-3.4159,54.3015],[-3.4249,54.3286],[-3.4232,54.3391],[-3.409,54.3489],[-3.4113,54.3375],[-3.404,54.3392],[-3.4126,54.3582],[-3.4226,54.3597],[-3.4174,54.3488],[-3.4353,54.3434],[-3.4718,54.3752],[-3.4763,54.3864],[-3.4926,54.4011],[-3.5635,54.452],[-3.5932,54.4823],[-3.6082,54.491],[-3.6196,54.4909],[-3.6398,54.5144],[-3.6133,54.5253],[-3.5803,54.572],[-3.5829,54.5908],[-3.5707,54.6028],[-3.5682,54.6121],[-3.5758,54.6467],[-3.5476,54.6738],[-3.5193,54.6927],[-3.5075,54.716],[-3.461,54.7406],[-3.4345,54.7624],[-3.4314,54.7812],[-3.4383,54.7997],[-3.409,54.8441],[-3.3998,54.8674],[-3.3665,54.8917],[-3.3451,54.8997],[-3.3362,54.8912],[-3.2796,54.8788],[-3.2839,54.8929],[-3.26,54.8946],[-3.2537,54.9015],[-3.2551,54.9097],[-3.2605,54.9105],[-3.2723,54.8996],[-3.3032,54.9092],[-3.3153,54.9184],[-3.2851,54.9416],[-3.2496,54.944],[-3.2114,54.9544],[-3.1859,54.9496],[-3.1781,54.942],[-3.1565,54.9376],[-3.1429,54.9287],[-3.1167,54.9268],[-3.0487,54.9464],[-3.0522,54.9503],[-3.0691,54.9476],[-3.1094,54.932],[-3.1179,54.9336],[-3.127,54.9509],[-3.0846,54.9665],[-3.0839,54.9715],[-3.0552,54.9867],[-3.0464,55.0006],[-3.0494,55.0094],[-3.0419,55.0141],[-3.0401,55.0226],[-3.0302,55.0246],[-3.0323,55.0308],[-3.0259,55.0364],[-3.0534,55.0495],[-3.0436,55.055],[-2.9585,55.0493],[-2.9554,55.0547],[-2.9375,55.0606],[-2.9429,55.0641],[-2.9404,55.0691],[-2.8968,55.078],[-2.8713,55.1002],[-2.8708,55.1063],[-2.852,55.1085],[-2.8326,55.1215],[-2.8267,55.127],[-2.8325,55.1332],[-2.8255,55.1383],[-2.8127,55.1361],[-2.7849,55.1418],[-2.733,55.1671],[-2.7034,55.1732],[-2.6898,55.189],[-2.6743,55.1738],[-2.6832,55.1666],[-2.657,55.1361],[-2.6061,55.1261],[-2.5935,55.1128],[-2.5922,55.1042],[-2.5767,55.0959],[-2.5684,55.0962],[-2.5588,55.0874],[-2.5628,55.0843],[-2.5527,55.0813],[-2.5006,55.0901],[-2.4907,55.0859],[-2.4971,55.0774],[-2.4938,55.066],[-2.5008,55.0642],[-2.5021,55.0578],[-2.483,55.0401],[-2.5276,55.0322],[-2.5732,55.0162],[-2.5747,55.0112],[-2.5678,55.0027],[-2.5757,54.9849],[-2.6014,54.9713],[-2.5956,54.9635],[-2.5684,54.9583],[-2.5713,54.9484],[-2.5676,54.9408],[-2.5475,54.9263],[-2.5663,54.9192],[-2.5764,54.8967],[-2.6054,54.8843],[-2.5902,54.8738],[-2.5734,54.8535],[-2.5827,54.8459],[-2.5678,54.8236],[-2.5291,54.8061],[-2.4956,54.8103],[-2.4611,54.8329],[-2.4522,54.832],[-2.4227,54.8429],[-2.4115,54.8565],[-2.4016,54.8515],[-2.3897,54.832],[-2.3727,54.8274],[-2.3698,54.8209],[-2.3484,54.807],[-2.3273,54.803],[-2.3233,54.795],[-2.312,54.791]]]]}},{"type":"Feature","properties":{"code":"UK234","name":"Darlington"},"geometry":{"type":"Polygon","coordinates":[[[-1.4518,54.5908],[-1.4314,54.5954],[-1.4261,54.6027],[-1.4073,54.5937],[-1.4168,54.5758],[-1.4113,54.5648],[-1.4468,54.5557],[-1.4426,54.5431],[-1.4496,54.533],[-1.4214,54.5197],[-1.4287,54.5131],[-1.4252,54.5006],[-1.4363,54.491],[-1.4349,54.4875],[-1.4566,54.5028],[-1.4752,54.5],[-1.4584,54.4913],[-1.4614,54.4847],[-1.4576,54.4815],[-1.4639,54.4736],[-1.4553,54.4649],[-1.4619,54.4629],[-1.4548,54.4538],[-1.4606,54.4512],[-1.471,54.4547],[-1.468,54.4632],[-1.4791,54.4753],[-1.4984,54.475],[-1.4904,54.4848],[-1.4944,54.4863],[-1.5143,54.4779],[-1.513,54.4829],[-1.5289,54.4848],[-1.5302,54.4758],[-1.5206,54.4735],[-1.5224,54.4701],[-1.5456,54.4712],[-1.5553,54.485],[-1.5835,54.498],[-1.5788,54.5039],[-1.5831,54.5131],[-1.6037,54.5121],[-1.604,54.5194],[-1.6143,54.5196],[-1.6279,54.5139],[-1.6337,54.5254],[-1.6529,54.5242],[-1.6579,54.5346],[-1.6969,54.536],[-1.6984,54.5442],[-1.7054,54.5492],[-1.6966,54.5578],[-1.7093,54.5632],[-1.709,54.5741],[-1.7,54.5841],[-1.6793,54.5859],[-1.6825,54.6177],[-1.6185,54.6192],[-1.6068,54.6176],[-1.6057,54.6067],[-1.5866,54.6104],[-1.5841,54.6073],[-1.5929,54.6045],[-1.5909,54.5902],[-1.5851,54.5882],[-1.5835,54.581],[-1.5763,54.5802],[-1.5612,54.5822],[-1.5609,54.5903],[-1.5218,54.5966],[-1.4687,54.6006],[-1.4561,54.5992],[-1.4518,54.5908]]]}},{"type":"Feature","properties":{"code":"UK235","name":"Denbighshire"},"geometry":{"type":"Polygon","coordinates":[[[-3.1297,53.0724],[-3.1292,53.0615],[-3.1478,53.0438],[-3.1419,53.0418],[-3.1308,53.0241],[-3.1469,53.0086],[-3.1487,52.9986],[-3.1206,52.9855],[-3.1174,52.9746],[-3.0912,52.9716],[-3.0914,52.9652],[-3.1088,52.9625],[-3.1143,52.9554],[-3.198,52.9442],[-3.2299,52.9498],[-3.2974,52.943],[-3.3143,52.9468],[-3.3244,52.9318],[-3.3537,52.9208],[-3.3489,52.9163],[-3.3594,52.9054],[-3.3731,52.9011],[-3.3803,52.8837],[-3.3889,52.8761],[-3.4693,52.8619],[-3.4829,52.8654],[-3.4735,52.8713],[-3.4872,52.8947],[-3.4803,52.9088],[-3.4675,52.9142],[-3.4659,52.9198],[-3.4914,52.9337],[-3.4823,52.9398],[-3.4841,52.9429],[-3.4468,52.9632],[-3.4493,52.972],[-3.4423,52.9775],[-3.4489,52.9845],[-3.4581,52.9849],[-3.4546,52.9876],[-3.461,53.0055],[-3.4781,53.0214],[-3.4763,53.0265],[-3.4851,53.0277],[-3.4829,53.032],[-3.4897,53.0379],[-3.4826,53.0436],[-3.4632,53.0462],[-3.4652,53.053],[-3.4869,53.0659],[-3.4833,53.0741],[-3.4869,53.0841],[-3.51,53.081],[-3.5158,53.0898],[-3.5519,53.0893],[-3.5548,53.0932],[-3.5931,53.0785],[-3.6017,53.0852],[-3.5994,53.0916],[-3.5559,53.1066],[-3.5664,53.1116],[-3.5465,53.1327],[-3.4868,53.1596],[-3.4617,53.1646],[-3.4723,53.1728],[-3.466,53.2208],[-3.5091,53.2417],[-3.5267,53.2408],[-3.533,53.2489],[-3.5184,53.2631],[-3.5264,53.2667],[-3.5219,53.2834],[-3.511,53.2859],[-3.5125,53.2903],[-3.5052,53.2912],[-3.4949,53.3032],[-3.5091,53.3124],[-3.4806,53.3284],[-3.3634,53.352],[-3.3607,53.3466],[-3.369,53.3457],[-3.3692,53.3342],[-3.377,53.3322],[-3.3763,53.3278],[-3.3959,53.3242],[-3.4007,53.3139],[-3.3804,53.3139],[-3.3909,53.3085],[-3.3919,53.3005],[-3.3821,53.3011],[-3.3751,53.2917],[-3.3557,53.2971],[-3.3584,53.288],[-3.3539,53.282],[-3.3299,53.2732],[-3.3581,53.2547],[-3.3272,53.237],[-3.3055,53.2312],[-3.3169,53.2215],[-3.3178,53.2109],[-3.3055,53.205],[-3.311,53.2007],[-3.2751,53.179],[-3.2803,53.1677],[-3.2711,53.1575],[-3.2441,53.1524],[-3.2139,53.1553],[-3.2083,53.1599],[-3.1824,53.1541],[-3.1813,53.1463],[-3.1859,53.142],[-3.1758,53.1234],[-3.1768,53.1161],[-3.17,53.1083],[-3.1459,53.104],[-3.1519,53.0932],[-3.1368,53.0734],[-3.1297,53.0724]]]}},{"type":"Feature","properties":{"code":"UK236","name":"Derby"},"geometry":{"type":"Polygon","coordinates":[[[-1.4954,52.9659],[-1.4677,52.9649],[-1.4685,52.9507],[-1.4093,52.9503],[-1.4236,52.9357],[-1.4193,52.9314],[-1.4035,52.9322],[-1.3831,52.9259],[-1.3896,52.9228],[-1.3878,52.9114],[-1.3936,52.9018],[-1.4028,52.9005],[-1.411,52.8848],[-1.4189,52.8846],[-1.4254,52.8739],[-1.4236,52.8651],[-1.4435,52.8612],[-1.4637,52.8725],[-1.4904,52.8693],[-1.5032,52.8849],[-1.5417,52.8895],[-1.5397,52.8939],[-1.5551,52.906],[-1.5529,52.9226],[-1.5118,52.9352],[-1.5067,52.9399],[-1.5067,52.9542],[-1.4979,52.956],[-1.4954,52.9659]]]}},{"type":"Feature","properties":{"code":"UK237","name":"Derbyshire"},"geometry":{"type":"Polygon","coordinates":[[[-1.8223,53.5211],[-1.8195,53.5134],[-1.8007,53.5113],[-1.8103,53.5063],[-1.7962,53.5032],[-1.8015,53.481],[-1.7808,53.475],[-1.7684,53.4648],[-1.7453,53.462],[-1.7437,53.445],[-1.7498,53.4392],[-1.7442,53.4295],[-1.7467,53.4261],[-1.7299,53.416],[-1.714,53.4191],[-1.7039,53.4149],[-1.705,53.4051],[-1.6946,53.4012],[-1.6818,53.4017],[-1.668,53.3931],[-1.6548,53.393],[-1.6536,53.3849],[-1.6639,53.3669],[-1.6256,53.352],[-1.5906,53.3459],[-1.6123,53.3432],[-1.6327,53.3208],[-1.6282,53.3164],[-1.6092,53.3227],[-1.599,53.3113],[-1.5849,53.3216],[-1.579,53.3167],[-1.5805,53.3118],[-1.5622,53.3158],[-1.5566,53.3115],[-1.5569,53.3055],[-1.5417,53.3047],[-1.5105,53.316],[-1.4697,53.3172],[-1.4553,53.3218],[-1.4599,53.3307],[-1.443,53.3373],[-1.4209,53.3346],[-1.411,53.342],[-1.3907,53.3359],[-1.3899,53.3185],[-1.3377,53.3159],[-1.3247,53.3288],[-1.3136,53.3273],[-1.3123,53.3341],[-1.2886,53.3262],[-1.2957,53.3198],[-1.2937,53.3139],[-1.2542,53.3018],[-1.2307,53.3085],[-1.2032,53.3042],[-1.1997,53.3115],[-1.1741,53.3025],[-1.1715,53.2946],[-1.1783,53.2862],[-1.1665,53.2777],[-1.1816,53.27],[-1.1756,53.2665],[-1.2027,53.2611],[-1.2129,53.2477],[-1.202,53.2356],[-1.2111,53.2158],[-1.2028,53.2083],[-1.195,53.1894],[-1.2012,53.1824],[-1.2388,53.1791],[-1.2547,53.1647],[-1.2887,53.1715],[-1.3234,53.1624],[-1.3217,53.1443],[-1.3149,53.1358],[-1.3217,53.1306],[-1.3148,53.1257],[-1.3118,53.1087],[-1.3007,53.1016],[-1.3091,53.0945],[-1.3025,53.0886],[-1.3297,53.0824],[-1.3446,53.0633],[-1.3332,53.0482],[-1.3347,53.0407],[-1.3186,53.0162],[-1.3193,53.0102],[-1.3028,53.0003],[-1.2907,52.9707],[-1.2917,52.9562],[-1.2811,52.9491],[-1.2783,52.9329],[-1.2858,52.9261],[-1.2819,52.9108],[-1.2753,52.9056],[-1.2476,52.9032],[-1.2396,52.8942],[-1.2458,52.8903],[-1.2385,52.8818],[-1.2678,52.8733],[-1.306,52.8771],[-1.3811,52.846],[-1.3879,52.8331],[-1.4178,52.8016],[-1.4413,52.802],[-1.4418,52.7936],[-1.4629,52.7868],[-1.4571,52.7791],[-1.4733,52.7655],[-1.4924,52.7595],[-1.504,52.7675],[-1.5548,52.762],[-1.5626,52.7506],[-1.5453,52.7329],[-1.5501,52.7203],[-1.5639,52.7112],[-1.5916,52.7059],[-1.601,52.6975],[-1.6364,52.7023],[-1.6544,52.6999],[-1.6592,52.714],[-1.6566,52.7218],[-1.7045,52.7311],[-1.6979,52.7354],[-1.6851,52.7664],[-1.67,52.7736],[-1.6707,52.7811],[-1.6656,52.7852],[-1.6485,52.7798],[-1.6382,52.7867],[-1.6269,52.7797],[-1.5889,52.7998],[-1.5899,52.8064],[-1.6103,52.8156],[-1.5976,52.8284],[-1.5886,52.829],[-1.603,52.8409],[-1.6427,52.8563],[-1.7035,52.8664],[-1.7229,52.8603],[-1.7495,52.8668],[-1.7516,52.8742],[-1.7742,52.8793],[-1.7772,52.8838],[-1.7881,52.88],[-1.8014,52.8862],[-1.811,52.8807],[-1.8341,52.8895],[-1.8301,52.8966],[-1.8334,52.9021],[-1.841,52.9051],[-1.8564,52.9237],[-1.8493,52.9356],[-1.8289,52.9488],[-1.8346,52.955],[-1.8291,52.9579],[-1.8302,52.9713],[-1.8234,52.9788],[-1.8069,52.9802],[-1.7871,52.993],[-1.7626,52.9997],[-1.7661,53.0092],[-1.7583,53.0183],[-1.7637,53.0214],[-1.7573,53.0288],[-1.7601,53.0389],[-1.7682,53.0441],[-1.7787,53.043],[-1.7846,53.0499],[-1.7757,53.0593],[-1.7856,53.0631],[-1.7943,53.0884],[-1.7836,53.0927],[-1.7835,53.1017],[-1.7879,53.1092],[-1.8009,53.1151],[-1.8133,53.1331],[-1.8198,53.134],[-1.8213,53.1414],[-1.8128,53.1517],[-1.8321,53.1728],[-1.8759,53.1955],[-1.9092,53.1988],[-1.9356,53.211],[-1.9568,53.2138],[-1.9624,53.2262],[-1.9875,53.2136],[-1.9903,53.223],[-1.976,53.2275],[-1.9818,53.2386],[-1.9997,53.245],[-2.0004,53.2555],[-2.0095,53.2606],[-2.0054,53.2676],[-2.0087,53.3045],[-2.0016,53.3189],[-2.0102,53.3229],[-2.0143,53.34],[-2.0047,53.346],[-2.0067,53.3546],[-2.0218,53.3668],[-2.0271,53.3637],[-2.0311,53.3702],[-2.0047,53.3863],[-1.9923,53.4152],[-2.0238,53.4206],[-2.0196,53.4251],[-2.0263,53.4298],[-1.9856,53.4557],[-1.9881,53.4606],[-1.9808,53.4629],[-1.9885,53.47],[-1.9878,53.4811],[-1.9747,53.4879],[-1.9727,53.5025],[-1.9634,53.5098],[-1.9556,53.5045],[-1.922,53.5099],[-1.9168,53.5145],[-1.9268,53.521],[-1.9225,53.5308],[-1.9097,53.5384],[-1.8941,53.5336],[-1.8707,53.5392],[-1.8419,53.5199],[-1.8223,53.5211]],[[-1.4677,52.9649],[-1.4954,52.9659],[-1.4979,52.956],[-1.5067,52.9542],[-1.5067,52.9399],[-1.5118,52.9352],[-1.5529,52.9226],[-1.5551,52.906],[-1.5397,52.8939],[-1.5417,52.8895],[-1.5032,52.8849],[-1.4904,52.8693],[-1.4637,52.8725],[-1.4435,52.8612],[-1.4236,52.8651],[-1.4254,52.8739],[-1.4189,52.8846],[-1.411,52.8848],[-1.4028,52.9005],[-1.3936,52.9018],[-1.3878,52.9114],[-1.3896,52.9228],[-1.3831,52.9259],[-1.4035,52.9322],[-1.4193,52.9314],[-1.4236,52.9357],[-1.4093,52.9503],[-1.4685,52.9507],[-1.4677,52.9649]]]}},{"type":"Feature","properties":{"code":"UK238","name":"Devon"},"geometry":{"type":"MultiPolygon","coordinates":[[[[-4.0851,50.3178],[-4.1059,50.3154],[-4.1206,50.3217],[-4.1191,50.3321],[-4.1268,50.336],[-4.1286,50.3429],[-4.1231,50.3467],[-4.0886,50.343],[-4.0795,50.3501],[-4.0501,50.358],[-4.0551,50.3682],[-4.0501,50.3775],[-4.0271,50.3791],[-4.0196,50.3875],[-4.0211,50.3917],[-4.0412,50.3977],[-4.0397,50.4014],[-4.0715,50.4018],[-4.0827,50.4246],[-4.1062,50.4303],[-4.1135,50.4441],[-4.1249,50.4357],[-4.1465,50.4311],[-4.1511,50.4367],[-4.1694,50.424],[-4.1835,50.4254],[-4.1883,50.4273],[-4.1739,50.4353],[-4.1566,50.4536],[-4.1586,50.4564],[-4.1696,50.4519],[-4.1851,50.4342],[-4.1908,50.4353],[-4.213,50.4664],[-4.2196,50.4689],[-4.2273,50.4641],[-4.2273,50.4584],[-4.2367,50.4594],[-4.2356,50.4665],[-4.2186,50.4745],[-4.2208,50.4977],[-4.1948,50.4932],[-4.1949,50.4979],[-4.1803,50.501],[-4.1837,50.5079],[-4.2026,50.5031],[-4.2016,50.5134],[-4.2145,50.5346],[-4.2259,50.5297],[-4.2374,50.535],[-4.2415,50.5427],[-4.2535,50.5436],[-4.2634,50.536],[-4.2714,50.5387],[-4.2593,50.5458],[-4.2659,50.5589],[-4.2795,50.5691],[-4.2697,50.5789],[-4.2726,50.5828],[-4.2853,50.5848],[-4.2818,50.5771],[-4.2888,50.5764],[-4.2913,50.5839],[-4.3052,50.579],[-4.3112,50.5848],[-4.3034,50.6115],[-4.3075,50.6201],[-4.3001,50.6334],[-4.3337,50.6414],[-4.3356,50.6557],[-4.3445,50.6628],[-4.3487,50.6889],[-4.3643,50.6978],[-4.3687,50.7058],[-4.3616,50.7187],[-4.385,50.7478],[-4.3817,50.7573],[-4.3878,50.7577],[-4.3867,50.764],[-4.3802,50.7695],[-4.3935,50.7782],[-4.413,50.7752],[-4.4109,50.7638],[-4.422,50.7642],[-4.4513,50.7857],[-4.4749,50.7854],[-4.4896,50.7952],[-4.4462,50.8092],[-4.4386,50.8231],[-4.4442,50.8278],[-4.4422,50.847],[-4.4336,50.8655],[-4.421,50.8666],[-4.4462,50.8912],[-4.45,50.9058],[-4.4586,50.9076],[-4.4633,50.9176],[-4.4561,50.929],[-4.5348,50.9269],[-4.546,50.9284],[-4.5492,50.9388],[-4.5329,50.9657],[-4.5293,50.9863],[-4.5329,51.0103],[-4.527,51.0118],[-4.5275,51.0185],[-4.5134,51.0224],[-4.5011,51.0187],[-4.4694,51.0215],[-4.4517,51.0151],[-4.4255,51.0136],[-4.3745,50.9901],[-4.3434,50.9889],[-4.3031,50.9977],[-4.2633,51.0337],[-4.2364,51.043],[-4.2218,51.0646],[-4.2089,51.0622],[-4.2137,51.0567],[-4.2062,51.0533],[-4.1976,51.0579],[-4.1906,51.0548],[-4.1905,51.0464],[-4.2039,51.0318],[-4.2021,51.0248],[-4.1971,51.0242],[-4.1981,51.0335],[-4.1793,51.0501],[-4.1807,51.0665],[-4.1584,51.0733],[-4.153,51.0802],[-4.1291,51.0776],[-4.1118,51.0888],[-4.0838,51.0783],[-4.0755,51.08],[-4.119,51.0947],[-4.1288,51.0934],[-4.1331,51.0858],[-4.1596,51.0851],[-4.1918,51.0701],[-4.2175,51.0768],[-4.2233,51.0874],[-4.2225,51.1177],[-4.239,51.1201],[-4.2432,51.1229],[-4.2392,51.1333],[-4.2593,51.141],[-4.2575,51.1466],[-4.2225,51.1447],[-4.2145,51.1542],[-4.2097,51.1708],[-4.2158,51.1832],[-4.2276,51.1888],[-4.2143,51.1899],[-4.1984,51.1993],[-4.1777,51.1973],[-4.0878,51.2173],[-4.0387,51.2067],[-4.0321,51.2146],[-3.9576,51.2193],[-3.9387,51.2287],[-3.904,51.2296],[-3.8921,51.2238],[-3.8538,51.2346],[-3.8135,51.2311],[-3.7854,51.2464],[-3.7699,51.2377],[-3.7277,51.2354],[-3.7208,51.2331],[-3.7332,51.2227],[-3.7287,51.2188],[-3.7315,51.2151],[-3.7262,51.1994],[-3.732,51.1909],[-3.7238,51.1808],[-3.7863,51.1719],[-3.8063,51.1779],[-3.8322,51.1775],[-3.8389,51.1749],[-3.8321,51.1511],[-3.8345,51.1384],[-3.8044,51.1157],[-3.7674,51.1058],[-3.7199,51.0808],[-3.6924,51.0806],[-3.638,51.0566],[-3.6242,51.0613],[-3.6048,51.0575],[-3.5982,51.037],[-3.6108,51.0245],[-3.6146,51.0127],[-3.6098,51.008],[-3.5276,51.0055],[-3.5189,51.0148],[-3.5196,51.0254],[-3.505,51.0299],[-3.4841,51.0338],[-3.4637,51.0253],[-3.4212,51.0308],[-3.4075,51.0195],[-3.3804,51.0185],[-3.3834,50.9945],[-3.3786,50.9775],[-3.3337,50.9828],[-3.2939,50.9552],[-3.2549,50.9418],[-3.1846,50.9487],[-3.164,50.9459],[-3.1879,50.9104],[-3.1758,50.9077],[-3.1705,50.9003],[-3.156,50.9],[-3.1529,50.8938],[-3.1391,50.8917],[-3.1264,50.9018],[-3.122,50.8981],[-3.0529,50.9087],[-3.0537,50.8734],[-3.0393,50.8687],[-3.0333,50.8612],[-3.0368,50.8511],[-3.021,50.8555],[-2.9797,50.8548],[-2.9701,50.8495],[-2.9698,50.8341],[-2.9544,50.8212],[-2.96,50.8164],[-2.9113,50.8046],[-2.8928,50.8048],[-2.887,50.7961],[-2.8975,50.7862],[-2.9297,50.7824],[-2.9544,50.7677],[-2.956,50.7637],[-2.9351,50.7543],[-2.9406,50.7486],[-2.9378,50.7441],[-2.953,50.7285],[-2.9477,50.7183],[-2.9532,50.7145],[-3.0227,50.6984],[-3.0791,50.7024],[-3.0924,50.6956],[-3.096,50.6852],[-3.1932,50.6845],[-3.2642,50.6712],[-3.3007,50.6315],[-3.3494,50.6203],[-3.359,50.6155],[-3.3579,50.6087],[-3.3854,50.6068],[-3.4158,50.6158],[-3.4154,50.6292],[-3.4329,50.6461],[-3.4448,50.6689],[-3.4732,50.6873],[-3.477,50.6841],[-3.4688,50.6812],[-3.4682,50.664],[-3.4513,50.6471],[-3.4448,50.6055],[-3.4297,50.6054],[-3.4675,50.5773],[-3.4702,50.5627],[-3.4964,50.5425],[-3.5292,50.5472],[-3.5888,50.539],[-3.5883,50.5359],[-3.5073,50.5422],[-3.4962,50.5375],[-3.5091,50.5166],[-3.5209,50.5177],[-3.5199,50.5111],[-3.5844,50.4792],[-3.5828,50.4691],[-3.5906,50.4623],[-3.5869,50.4522],[-3.6128,50.447],[-3.6281,50.4336],[-3.6281,50.426],[-3.6141,50.4228],[-3.614,50.4154],[-3.599,50.4093],[-3.578,50.4084],[-3.5755,50.3972],[-3.5632,50.3904],[-3.5554,50.3781],[-3.5443,50.3735],[-3.5076,50.3792],[-3.5163,50.3714],[-3.5211,50.358],[-3.5151,50.3505],[-3.5325,50.3421],[-3.5345,50.337],[-3.5443,50.3354],[-3.5625,50.3428],[-3.5727,50.3472],[-3.5705,50.357],[-3.58,50.3775],[-3.5916,50.3822],[-3.5829,50.3861],[-3.5806,50.3924],[-3.6072,50.3923],[-3.6324,50.4],[-3.63,50.4034],[-3.6422,50.4093],[-3.6495,50.4075],[-3.6262,50.392],[-3.5942,50.3898],[-3.5949,50.3809],[-3.5806,50.3722],[-3.5889,50.3604],[-3.5788,50.3599],[-3.5763,50.3456],[-3.5657,50.3407],[-3.5765,50.3251],[-3.5886,50.3258],[-3.5965,50.3197],[-3.6126,50.3174],[-3.6408,50.2926],[-3.6596,50.2382],[-3.6496,50.2248],[-3.6558,50.2178],[-3.681,50.2224],[-3.7214,50.2019],[-3.7367,50.2143],[-3.7657,50.2204],[-3.7727,50.226],[-3.7641,50.2349],[-3.7377,50.2401],[-3.7383,50.2433],[-3.7523,50.2398],[-3.7544,50.2524],[-3.737,50.2576],[-3.7324,50.2645],[-3.7538,50.2578],[-3.7619,50.2615],[-3.7592,50.268],[-3.7725,50.2752],[-3.7695,50.2606],[-3.7763,50.2603],[-3.7777,50.2553],[-3.7649,50.2539],[-3.7592,50.2477],[-3.766,50.2363],[-3.7838,50.2248],[-3.7808,50.2157],[-3.7846,50.2108],[-3.8113,50.2142],[-3.8712,50.242],[-3.8591,50.2425],[-3.8581,50.2606],[-3.8792,50.272],[-3.8818,50.2765],[-3.8753,50.2814],[-3.8971,50.2832],[-3.8981,50.288],[-3.91,50.2943],[-3.9447,50.2978],[-3.9468,50.3129],[-3.9604,50.3045],[-3.9918,50.3075],[-4.0352,50.2928],[-4.0747,50.304],[-4.0724,50.3089],[-4.0584,50.3118],[-4.0851,50.3178]],[[-4.0508,50.3123],[-4.053,50.318],[-4.0399,50.3317],[-4.0296,50.3355],[-4.0334,50.339],[-4.0457,50.3316],[-4.0558,50.3177],[-4.0572,50.3119],[-4.0508,50.3123]]],[[[-4.6703,51.201],[-4.6618,51.1863],[-4.6616,51.1671],[-4.6573,51.163],[-4.6701,51.1587],[-4.6805,51.1725],[-4.6737,51.1803],[-4.6795,51.196],[-4.6766,51.2018],[-4.6703,51.201]]]]}},{"type":"Feature","properties":{"code":"UK239","name":"Dorset"},"geometry":{"type":"MultiPolygon","coordinates":[[[[-1.9583,50.695],[-1.9561,50.6888],[-1.9616,50.6863],[-1.9835,50.6871],[-1.988,50.6925],[-1.9793,50.6965],[-1.9583,50.695]]],[[[-1.9573,50.9832],[-1.921,50.9615],[-1.9092,50.9454],[-1.8737,50.9173],[-1.8404,50.9318],[-1.8148,50.9232],[-1.8205,50.9121],[-1.8165,50.9039],[-1.8256,50.8961],[-1.8417,50.897],[-1.8485,50.8898],[-1.8478,50.8697],[-1.8535,50.8665],[-1.851,50.8587],[-1.8296,50.8553],[-1.808,50.8644],[-1.8059,50.8531],[-1.7999,50.8484],[-1.8034,50.8445],[-1.7914,50.837],[-1.7971,50.83],[-1.8037,50.83],[-1.804,50.82],[-1.8118,50.8087],[-1.8024,50.8003],[-1.8039,50.796],[-1.8339,50.8001],[-1.8452,50.8096],[-1.8646,50.8066],[-1.8654,50.774],[-1.8742,50.7656],[-1.8964,50.7802],[-1.915,50.7734],[-1.9216,50.7762],[-1.921,50.784],[-1.9321,50.7801],[-1.9375,50.7836],[-1.9362,50.7972],[-1.9583,50.7893],[-1.9971,50.7928],[-2.0004,50.7854],[-2.0094,50.7826],[-2.0135,50.737],[-2.0225,50.7365],[-2.0274,50.7292],[-2.0462,50.7303],[-2.0414,50.7235],[-2.0462,50.716],[-2.0616,50.7167],[-2.0712,50.7084],[-2.0772,50.6951],[-2.0755,50.688],[-2.0593,50.6906],[-2.0555,50.699],[-2.0395,50.7072],[-2.0261,50.7074],[-2.0304,50.7032],[-2.0248,50.6876],[-2.0286,50.6819],[-2.012,50.6827],[-2.007,50.6798],[-2.01,50.675],[-1.9981,50.6752],[-2.0006,50.6702],[-1.9968,50.6678],[-1.985,50.6698],[-1.9697,50.6638],[-1.9669,50.6708],[-1.9508,50.6787],[-1.9414,50.6739],[-1.9528,50.6512],[-1.9409,50.6407],[-1.9254,50.6407],[-1.9332,50.6309],[-1.9521,50.6241],[-1.9574,50.6157],[-1.9502,50.6048],[-1.9536,50.5943],[-1.9609,50.591],[-2.0263,50.589],[-2.0427,50.5792],[-2.0576,50.5771],[-2.0641,50.5936],[-2.1145,50.599],[-2.1344,50.6127],[-2.1445,50.6095],[-2.158,50.6155],[-2.1845,50.616],[-2.1984,50.6229],[-2.2447,50.6164],[-2.3299,50.6269],[-2.3346,50.631],[-2.4195,50.6365],[-2.4454,50.6229],[-2.4527,50.6132],[-2.4487,50.6012],[-2.4593,50.5975],[-2.4713,50.5844],[-2.4903,50.5919],[-2.4994,50.5989],[-2.4956,50.6028],[-2.5044,50.6051],[-2.5175,50.6179],[-2.5316,50.6174],[-2.5489,50.6248],[-2.5459,50.6304],[-2.558,50.6308],[-2.5605,50.638],[-2.5822,50.6419],[-2.5985,50.6491],[-2.5976,50.6535],[-2.6116,50.6541],[-2.4688,50.5804],[-2.4605,50.571],[-2.425,50.5633],[-2.4157,50.5491],[-2.418,50.543],[-2.4567,50.5131],[-2.4601,50.5165],[-2.4555,50.5257],[-2.4565,50.5425],[-2.4492,50.5601],[-2.5446,50.6193],[-2.6404,50.6652],[-2.7937,50.7182],[-2.9117,50.7338],[-2.9477,50.7183],[-2.953,50.7285],[-2.9378,50.7441],[-2.9406,50.7486],[-2.9351,50.7543],[-2.956,50.7637],[-2.9544,50.7677],[-2.9297,50.7824],[-2.8975,50.7862],[-2.887,50.7925],[-2.8928,50.8048],[-2.9113,50.8046],[-2.96,50.8164],[-2.9474,50.8237],[-2.9443,50.8332],[-2.8862,50.8506],[-2.8452,50.8516],[-2.8429,50.8474],[-2.8263,50.8507],[-2.8129,50.8621],[-2.7925,50.8528],[-2.7822,50.8597],[-2.7617,50.8608],[-2.76,50.8659],[-2.7146,50.8639],[-2.7144,50.8712],[-2.6789,50.8775],[-2.6607,50.8871],[-2.6504,50.8833],[-2.6462,50.8874],[-2.628,50.8863],[-2.6272,50.8799],[-2.616,50.8817],[-2.6094,50.8909],[-2.624,50.908],[-2.6174,50.9123],[-2.6152,50.9224],[-2.6044,50.9277],[-2.6063,50.9347],[-2.6127,50.9373],[-2.5988,50.9479],[-2.598,50.9736],[-2.6034,50.9763],[-2.5958,50.9814],[-2.5893,50.9769],[-2.5691,50.9854],[-2.5623,50.9777],[-2.5454,50.9851],[-2.5447,50.9916],[-2.5519,50.9937],[-2.5474,50.9995],[-2.5351,50.9994],[-2.5356,50.994],[-2.5235,50.9922],[-2.5023,50.9937],[-2.4802,50.9658],[-2.4553,50.9493],[-2.4422,50.9625],[-2.4472,50.9678],[-2.428,50.9714],[-2.4149,50.9606],[-2.3835,50.9723],[-2.3459,50.9791],[-2.3439,50.9823],[-2.355,50.9909],[-2.3777,50.9915],[-2.3814,51.0049],[-2.3606,51.0252],[-2.3296,51.0422],[-2.3331,51.0514],[-2.3495,51.0616],[-2.35,51.0688],[-2.3258,51.0796],[-2.2986,51.0785],[-2.2686,51.0688],[-2.2402,51.0699],[-2.1951,51.0396],[-2.1891,51.0305],[-2.1886,51.0185],[-2.1764,51.0128],[-2.1726,51.0011],[-2.1318,50.9797],[-2.1198,50.9782],[-2.1195,50.9596],[-2.1002,50.9451],[-2.0682,50.9512],[-2.0533,50.9662],[-2.0372,50.9719],[-1.9941,50.9757],[-1.9654,50.992],[-1.9568,50.9898],[-1.9573,50.9832]]]]}},{"type":"Feature","properties":{"code":"UK240","name":"Dumfries and Galloway"},"geometry":{"type":"Polygon","coordinates":[[[-3.5073,55.4123],[-3.5035,55.4088],[-3.4906,55.4103],[-3.4892,55.4045],[-3.4737,55.4038],[-3.4299,55.4107],[-3.4204,55.416],[-3.4028,55.409],[-3.3624,55.417],[-3.3544,55.4125],[-3.3509,55.4214],[-3.3388,55.425],[-3.331,55.4388],[-3.3159,55.4447],[-3.2934,55.4309],[-3.2796,55.4352],[-3.2454,55.4295],[-3.2441,55.4267],[-3.2642,55.4133],[-3.2819,55.4082],[-3.3028,55.3938],[-3.3116,55.3796],[-3.3038,55.3689],[-3.3141,55.3675],[-3.3133,55.3549],[-3.3194,55.3511],[-3.3037,55.3424],[-3.2915,55.3423],[-3.2687,55.354],[-3.2655,55.3614],[-3.2153,55.3734],[-3.1793,55.3605],[-3.1819,55.3566],[-3.1745,55.3468],[-3.1272,55.3597],[-3.1146,55.3569],[-3.1108,55.3488],[-3.102,55.3516],[-3.0992,55.3317],[-3.0862,55.3279],[-3.0817,55.3155],[-3.0695,55.3168],[-3.0516,55.2971],[-3.0536,55.2797],[-3.0429,55.2715],[-3.0199,55.2792],[-3.0093,55.2671],[-2.9938,55.2699],[-2.9909,55.2763],[-2.9647,55.2897],[-2.9244,55.2794],[-2.9069,55.2855],[-2.893,55.2799],[-2.8859,55.2709],[-2.8912,55.2627],[-2.905,55.2572],[-2.9214,55.2367],[-2.8638,55.2363],[-2.8658,55.2274],[-2.862,55.2233],[-2.8882,55.2078],[-2.886,55.2026],[-2.8965,55.1936],[-2.9048,55.1737],[-2.8995,55.1698],[-2.8998,55.1519],[-2.8904,55.1411],[-2.8759,55.1419],[-2.8651,55.1353],[-2.8585,55.1083],[-2.8708,55.1063],[-2.8713,55.1002],[-2.8968,55.078],[-2.9404,55.0691],[-2.9429,55.0641],[-2.9375,55.0606],[-2.9554,55.0547],[-2.9585,55.0493],[-3.0436,55.055],[-3.0534,55.0495],[-3.0259,55.0364],[-3.0323,55.0308],[-3.0302,55.0246],[-3.0401,55.0226],[-3.0419,55.0141],[-3.0494,55.0094],[-3.0464,55.0006],[-3.0534,54.9928],[-3.0764,54.9802],[-3.1209,54.9758],[-3.1461,54.9645],[-3.2056,54.9763],[-3.2566,54.9725],[-3.269,54.9655],[-3.3285,54.9786],[-3.3703,54.9706],[-3.4085,54.9744],[-3.4329,54.9916],[-3.4514,54.9763],[-3.4705,54.9684],[-3.5227,54.9654],[-3.5612,54.981],[-3.5732,54.9966],[-3.5776,55.0151],[-3.5892,55.0013],[-3.5761,54.9806],[-3.5839,54.9746],[-3.578,54.9622],[-3.5889,54.93],[-3.5723,54.9236],[-3.5635,54.9057],[-3.5756,54.8926],[-3.5946,54.8844],[-3.5972,54.8724],[-3.6486,54.8796],[-3.7229,54.881],[-3.7415,54.8649],[-3.7894,54.8545],[-3.7946,54.8649],[-3.812,54.8712],[-3.8163,54.8871],[-3.8249,54.8895],[-3.8216,54.877],[-3.8292,54.8749],[-3.8248,54.8699],[-3.8262,54.8615],[-3.8082,54.8525],[-3.8072,54.8456],[-3.8218,54.8469],[-3.8372,54.8649],[-3.8511,54.8614],[-3.8403,54.851],[-3.8631,54.8471],[-3.8244,54.8236],[-3.8432,54.815],[-3.8594,54.8159],[-3.8685,54.8063],[-3.9347,54.7881],[-3.9634,54.7719],[-3.9843,54.7686],[-4.006,54.7746],[-4.0118,54.7702],[-4.0288,54.7731],[-4.0447,54.7699],[-4.0654,54.7817],[-4.0644,54.792],[-4.0483,54.8082],[-4.0482,54.8208],[-4.0551,54.8255],[-4.0677,54.8138],[-4.0734,54.8144],[-4.0614,54.8258],[-4.0618,54.8378],[-4.0483,54.8394],[-4.0414,54.848],[-4.0488,54.8537],[-4.0404,54.8574],[-4.0483,54.8605],[-4.0515,54.8547],[-4.0453,54.8464],[-4.0508,54.8396],[-4.0631,54.8398],[-4.0815,54.8189],[-4.0913,54.8144],[-4.0899,54.7819],[-4.1045,54.7801],[-4.0903,54.7751],[-4.0949,54.7654],[-4.1085,54.7685],[-4.1117,54.7775],[-4.1246,54.7778],[-4.1196,54.7868],[-4.1248,54.7882],[-4.1351,54.7767],[-4.142,54.776],[-4.1639,54.7883],[-4.1717,54.7877],[-4.1858,54.8023],[-4.1815,54.8076],[-4.2104,54.8157],[-4.207,54.8208],[-4.2193,54.8269],[-4.2145,54.835],[-4.2251,54.8412],[-4.2193,54.8434],[-4.2225,54.8499],[-4.2075,54.8607],[-4.2104,54.8656],[-4.2266,54.8648],[-4.2308,54.8549],[-4.2553,54.8444],[-4.2575,54.8373],[-4.2664,54.8354],[-4.2815,54.842],[-4.3037,54.8434],[-4.3656,54.8667],[-4.3822,54.8807],[-4.3895,54.8975],[-4.3993,54.9026],[-4.3953,54.9119],[-4.4019,54.9186],[-4.4193,54.9215],[-4.4218,54.9274],[-4.4178,54.9329],[-4.4507,54.939],[-4.4556,54.9349],[-4.445,54.9306],[-4.4246,54.9325],[-4.422,54.9205],[-4.4016,54.9163],[-4.3998,54.91],[-4.4062,54.9004],[-4.3968,54.8935],[-4.4263,54.881],[-4.4212,54.8719],[-4.4281,54.8644],[-4.4216,54.8635],[-4.4137,54.8293],[-4.3545,54.8133],[-4.3419,54.8006],[-4.3439,54.7916],[-4.3621,54.7958],[-4.3694,54.7929],[-4.3601,54.7776],[-4.3711,54.772],[-4.355,54.7659],[-4.3576,54.752],[-4.3669,54.7418],[-4.3634,54.7375],[-4.3669,54.7282],[-4.3634,54.718],[-4.3528,54.718],[-4.3487,54.7113],[-4.3513,54.7056],[-4.3671,54.6985],[-4.3653,54.6911],[-4.3921,54.6775],[-4.4963,54.7039],[-4.5309,54.7226],[-4.5409,54.7231],[-4.545,54.7332],[-4.5717,54.7382],[-4.585,54.7575],[-4.5853,54.7653],[-4.6008,54.777],[-4.6713,54.7998],[-4.7087,54.8239],[-4.7804,54.8321],[-4.7918,54.8464],[-4.8021,54.8494],[-4.8068,54.8585],[-4.856,54.8704],[-4.8495,54.8608],[-4.8545,54.8568],[-4.9335,54.8338],[-4.954,54.8155],[-4.9607,54.8027],[-4.9497,54.7962],[-4.9388,54.7768],[-4.9403,54.766],[-4.9175,54.7432],[-4.92,54.7366],[-4.9144,54.7347],[-4.9056,54.7011],[-4.8955,54.6923],[-4.8668,54.6819],[-4.8822,54.6689],[-4.8837,54.6535],[-4.8772,54.6392],[-4.8585,54.6385],[-4.8558,54.6342],[-4.8776,54.6338],[-4.917,54.6425],[-4.9641,54.6669],[-4.9743,54.6842],[-4.9726,54.6897],[-4.9504,54.6989],[-4.967,54.7176],[-4.9577,54.7288],[-4.9925,54.735],[-4.9867,54.7499],[-5.0043,54.7551],[-5.0063,54.7626],[-4.9988,54.7647],[-5.0013,54.773],[-5.0429,54.7935],[-5.0396,54.7992],[-5.0537,54.8099],[-5.0776,54.8159],[-5.0842,54.8254],[-5.1033,54.8292],[-5.1326,54.8518],[-5.1366,54.85],[-5.1489,54.8622],[-5.1451,54.8711],[-5.1851,54.9152],[-5.1869,54.952],[-5.1788,54.9641],[-5.1794,54.9705],[-5.1864,54.9745],[-5.1688,55.0002],[-5.1521,55.0086],[-5.1429,55.0066],[-5.1089,55.0182],[-5.0905,55.0128],[-5.087,55.0004],[-5.0705,54.9888],[-5.0721,54.9817],[-5.0655,54.974],[-5.064,54.9683],[-5.0731,54.9655],[-5.0749,54.9593],[-5.0696,54.9533],[-5.0683,54.9334],[-5.0608,54.9238],[-5.0355,54.9086],[-5.018,54.9054],[-4.9905,54.9186],[-4.996,54.9363],[-5.0068,54.9445],[-5.0058,54.9528],[-5.019,54.9703],[-5.0315,54.9748],[-5.0398,54.9978],[-4.9733,55.0115],[-4.9811,55.0179],[-4.9741,55.0236],[-4.9622,55.0203],[-4.95,55.0314],[-4.9432,55.0436],[-4.9308,55.0514],[-4.9335,55.0643],[-4.901,55.0642],[-4.8947,55.0608],[-4.8961,55.0536],[-4.8825,55.0472],[-4.8845,55.0396],[-4.8411,55.0447],[-4.8338,55.0356],[-4.8275,55.0353],[-4.8243,55.0412],[-4.8023,55.0444],[-4.7892,55.0315],[-4.7761,55.0419],[-4.7611,55.038],[-4.7404,55.0472],[-4.7373,55.0422],[-4.722,55.0442],[-4.7152,55.0375],[-4.651,55.055],[-4.6356,55.0537],[-4.627,55.0606],[-4.6288,55.0763],[-4.6431,55.0772],[-4.6591,55.0903],[-4.6623,55.1122],[-4.6583,55.1199],[-4.6266,55.1344],[-4.6263,55.1394],[-4.584,55.1419],[-4.5649,55.158],[-4.5321,55.1583],[-4.5135,55.1518],[-4.4787,55.1529],[-4.4638,55.162],[-4.4618,55.1702],[-4.4556,55.1713],[-4.4469,55.1645],[-4.4409,55.1398],[-4.4207,55.1438],[-4.4095,55.1516],[-4.4067,55.1589],[-4.4129,55.168],[-4.4092,55.1793],[-4.3921,55.2025],[-4.3774,55.2015],[-4.3815,55.2073],[-4.3613,55.2378],[-4.3553,55.2527],[-4.3595,55.2578],[-4.3109,55.2935],[-4.3105,55.301],[-4.3004,55.3107],[-4.2497,55.3063],[-4.2424,55.318],[-4.2327,55.3228],[-4.2268,55.3181],[-4.2029,55.3182],[-4.1735,55.2956],[-4.1394,55.2846],[-4.1306,55.296],[-4.1163,55.2995],[-4.1125,55.3053],[-4.1225,55.3137],[-4.1191,55.3223],[-4.0858,55.3512],[-4.0991,55.3579],[-4.1075,55.3691],[-4.0972,55.3855],[-4.0908,55.4121],[-4.043,55.4222],[-4.0022,55.4383],[-4.0165,55.4466],[-3.9863,55.4641],[-3.9697,55.4544],[-3.951,55.4626],[-3.9354,55.458],[-3.8933,55.4596],[-3.8254,55.4444],[-3.8165,55.4272],[-3.7961,55.419],[-3.7922,55.4106],[-3.7646,55.4011],[-3.7586,55.3803],[-3.7481,55.3714],[-3.7347,55.3649],[-3.711,55.3632],[-3.7201,55.3502],[-3.7105,55.3441],[-3.7143,55.3401],[-3.7103,55.3358],[-3.7123,55.3284],[-3.6987,55.3136],[-3.6783,55.309],[-3.6635,55.2917],[-3.6186,55.2957],[-3.6166,55.3055],[-3.6216,55.3166],[-3.608,55.3255],[-3.5866,55.323],[-3.575,55.3281],[-3.5878,55.3448],[-3.5722,55.357],[-3.5771,55.3582],[-3.5717,55.3692],[-3.5783,55.373],[-3.5748,55.3772],[-3.5785,55.385],[-3.5649,55.3863],[-3.5498,55.399],[-3.5385,55.3962],[-3.5232,55.4009],[-3.5211,55.4062],[-3.5073,55.4123]]]}},{"type":"Feature","properties":{"code":"UK241","name":"Dundee"},"geometry":{"type":"Polygon","coordinates":[[[-2.8386,56.474],[-2.8703,56.4635],[-2.8915,56.4686],[-2.9176,56.4672],[-2.9885,56.4514],[-3.0381,56.451],[-3.0627,56.4648],[-3.0876,56.4619],[-3.098,56.4793],[-3.0736,56.4845],[-3.0512,56.4825],[-3.0521,56.4969],[-3.0317,56.5025],[-2.9809,56.4943],[-2.9681,56.4954],[-2.9685,56.5003],[-2.9225,56.5026],[-2.9184,56.4965],[-2.8965,56.4932],[-2.8627,56.4961],[-2.8607,56.4923],[-2.8394,56.492],[-2.8356,56.4887],[-2.8457,56.4779],[-2.8386,56.474]]]}},{"type":"Feature","properties":{"code":"UK242","name":"Durham"},"geometry":{"type":"Polygon","coordinates":[[[-1.5594,54.8821],[-1.5617,54.8757],[-1.5415,54.8734],[-1.5256,54.8776],[-1.5067,54.8711],[-1.5103,54.8601],[-1.5043,54.8312],[-1.4902,54.8202],[-1.4942,54.816],[-1.4843,54.8105],[-1.4944,54.8011],[-1.482,54.799],[-1.4244,54.803],[-1.4131,54.8246],[-1.4216,54.8395],[-1.412,54.8419],[-1.4136,54.8449],[-1.3816,54.8471],[-1.3688,54.8576],[-1.3476,54.8607],[-1.3126,54.8118],[-1.3096,54.782],[-1.3015,54.7709],[-1.241,54.7232],[-1.2519,54.7196],[-1.2574,54.7255],[-1.2703,54.7272],[-1.2902,54.7184],[-1.3037,54.7185],[-1.3015,54.7102],[-1.3126,54.6959],[-1.3194,54.6913],[-1.333,54.692],[-1.333,54.6727],[-1.3435,54.6686],[-1.3463,54.6593],[-1.3411,54.6502],[-1.381,54.6439],[-1.3904,54.6392],[-1.3873,54.6327],[-1.4128,54.6166],[-1.4261,54.6115],[-1.43,54.6153],[-1.4485,54.611],[-1.4508,54.6047],[-1.4383,54.5951],[-1.4435,54.5906],[-1.4518,54.5908],[-1.4561,54.5992],[-1.4881,54.5993],[-1.5609,54.5903],[-1.5612,54.5822],[-1.5835,54.581],[-1.5851,54.5882],[-1.5909,54.5902],[-1.5929,54.6045],[-1.5841,54.6073],[-1.5866,54.6104],[-1.6057,54.6067],[-1.6068,54.6176],[-1.6185,54.6192],[-1.6825,54.6177],[-1.6793,54.5859],[-1.6941,54.5869],[-1.709,54.5741],[-1.7093,54.5632],[-1.6966,54.5578],[-1.7054,54.5492],[-1.6984,54.5442],[-1.6969,54.536],[-1.7213,54.5423],[-1.7331,54.5278],[-1.7797,54.5319],[-1.7762,54.5067],[-1.7821,54.507],[-1.7929,54.4845],[-1.8224,54.4952],[-1.8365,54.508],[-1.8578,54.5036],[-1.8608,54.4863],[-1.8934,54.4669],[-1.9425,54.4534],[-1.9701,54.4515],[-1.9762,54.4598],[-1.9968,54.4669],[-2.0447,54.4752],[-2.0432,54.4836],[-2.0593,54.4812],[-2.0863,54.4684],[-2.1553,54.457],[-2.1702,54.4582],[-2.159,54.4721],[-2.1664,54.49],[-2.1624,54.504],[-2.1687,54.5197],[-2.1745,54.5218],[-2.1724,54.5324],[-2.1823,54.5359],[-2.1976,54.5327],[-2.2102,54.5437],[-2.2095,54.5518],[-2.246,54.5651],[-2.2709,54.5822],[-2.3046,54.5962],[-2.3087,54.6118],[-2.325,54.6316],[-2.288,54.6505],[-2.2928,54.6639],[-2.3062,54.6701],[-2.3276,54.6709],[-2.3517,54.6857],[-2.3535,54.6979],[-2.3414,54.706],[-2.3422,54.7155],[-2.3258,54.7266],[-2.3319,54.7312],[-2.3208,54.755],[-2.3225,54.764],[-2.3099,54.7719],[-2.312,54.791],[-2.2827,54.7983],[-2.2266,54.783],[-2.215,54.7838],[-2.1986,54.8068],[-2.1739,54.806],[-2.1609,54.8186],[-2.1432,54.8269],[-2.1397,54.8419],[-2.0825,54.8382],[-2.0397,54.8483],[-2.0118,54.8668],[-1.9954,54.8701],[-1.9802,54.8682],[-1.949,54.8529],[-1.9225,54.8497],[-1.921,54.8425],[-1.9142,54.8395],[-1.8876,54.8436],[-1.8672,54.854],[-1.8705,54.8595],[-1.8598,54.8692],[-1.8601,54.878],[-1.8533,54.8802],[-1.8458,54.8961],[-1.821,54.9057],[-1.7962,54.9037],[-1.7913,54.9086],[-1.7621,54.9083],[-1.7518,54.9166],[-1.7342,54.9182],[-1.7249,54.9088],[-1.7005,54.9093],[-1.6934,54.9032],[-1.6748,54.9096],[-1.6782,54.8999],[-1.65,54.8936],[-1.6437,54.8788],[-1.5942,54.902],[-1.584,54.8928],[-1.58,54.8778],[-1.5594,54.8821]]]}},{"type":"Feature","properties":{"code":"UK243","name":"East Ayrshire"},"geometry":{"type":"Polygon","coordinates":[[[-4.2468,55.679],[-4.2467,55.6741],[-4.2223,55.654],[-4.2168,55.644],[-4.2216,55.6351],[-4.2019,55.6269],[-4.2052,55.6148],[-4.1886,55.6103],[-4.1807,55.6027],[-4.1946,55.6007],[-4.2027,55.5916],[-4.2034,55.5833],[-4.2364,55.5617],[-4.2276,55.5589],[-4.2283,55.5522],[-4.21,55.5533],[-4.1807,55.5661],[-4.1676,55.5654],[-4.1511,55.5722],[-4.1263,55.5657],[-4.0827,55.5684],[-4.0654,55.5757],[-4.0662,55.5799],[-4.0407,55.589],[-4.0084,55.5754],[-4.0097,55.5699],[-3.9971,55.5635],[-3.9763,55.5646],[-3.9724,55.5565],[-3.9571,55.5558],[-3.9581,55.5418],[-3.9876,55.5265],[-3.9943,55.5133],[-4.0123,55.505],[-4.0258,55.4925],[-4.0115,55.4827],[-4.0142,55.4754],[-4.0004,55.4637],[-3.9863,55.4641],[-4.0165,55.4466],[-4.0022,55.4383],[-4.043,55.4222],[-4.0908,55.4121],[-4.0972,55.3855],[-4.1075,55.3691],[-4.0991,55.3579],[-4.0858,55.3512],[-4.1191,55.3223],[-4.1225,55.3137],[-4.1125,55.3053],[-4.1163,55.2995],[-4.1306,55.296],[-4.1394,55.2846],[-4.1497,55.2852],[-4.1735,55.2956],[-4.2029,55.3182],[-4.2268,55.3181],[-4.2327,55.3228],[-4.2424,55.318],[-4.2497,55.3063],[-4.3004,55.3107],[-4.3105,55.301],[-4.3109,55.2935],[-4.3595,55.2578],[-4.3553,55.2527],[-4.3613,55.2378],[-4.3815,55.2073],[-4.3774,55.2015],[-4.3921,55.2025],[-4.4092,55.1793],[-4.4129,55.168],[-4.4067,55.1589],[-4.4095,55.1516],[-4.4207,55.1438],[-4.4409,55.1398],[-4.4469,55.1645],[-4.4661,55.1742],[-4.4664,55.192],[-4.4729,55.1965],[-4.4684,55.2037],[-4.4518,55.2113],[-4.4532,55.2255],[-4.4464,55.2435],[-4.4306,55.2514],[-4.4411,55.2591],[-4.4386,55.2716],[-4.4586,55.2853],[-4.45,55.2903],[-4.4525,55.2971],[-4.4379,55.3078],[-4.4653,55.3173],[-4.4741,55.3252],[-4.4956,55.3241],[-4.4936,55.3283],[-4.5255,55.3428],[-4.5273,55.3489],[-4.5646,55.3575],[-4.5374,55.3691],[-4.5217,55.3867],[-4.5449,55.396],[-4.5653,55.3891],[-4.5734,55.3937],[-4.5824,55.3914],[-4.5877,55.401],[-4.5711,55.4046],[-4.5628,55.4174],[-4.5704,55.4221],[-4.5651,55.4263],[-4.5351,55.4238],[-4.5227,55.4108],[-4.5008,55.3991],[-4.4765,55.4012],[-4.4503,55.412],[-4.4558,55.4309],[-4.4683,55.4285],[-4.4928,55.4382],[-4.4749,55.4483],[-4.4923,55.4708],[-4.4832,55.4727],[-4.4855,55.4779],[-4.4707,55.4863],[-4.459,55.4836],[-4.4404,55.4938],[-4.4346,55.4986],[-4.4361,55.5055],[-4.3989,55.5113],[-4.4037,55.5176],[-4.4017,55.5236],[-4.413,55.5373],[-4.4095,55.5532],[-4.4243,55.5558],[-4.4374,55.5643],[-4.4998,55.5628],[-4.5387,55.5751],[-4.5445,55.5865],[-4.5359,55.5916],[-4.5698,55.5937],[-4.5671,55.5984],[-4.5921,55.598],[-4.5925,55.6018],[-4.5797,55.6029],[-4.5875,55.6075],[-4.5834,55.6133],[-4.5882,55.6157],[-4.5749,55.6233],[-4.5615,55.6226],[-4.559,55.6271],[-4.5636,55.6337],[-4.557,55.6468],[-4.4961,55.6565],[-4.4926,55.6651],[-4.5198,55.6595],[-4.5465,55.667],[-4.5809,55.6467],[-4.5936,55.6442],[-4.6038,55.6473],[-4.5968,55.6551],[-4.6212,55.6675],[-4.6386,55.669],[-4.6099,55.6778],[-4.5787,55.706],[-4.578,55.7131],[-4.5664,55.7169],[-4.5039,55.7638],[-4.4916,55.7618],[-4.4862,55.7499],[-4.4596,55.75],[-4.4573,55.7461],[-4.4721,55.7375],[-4.4686,55.7325],[-4.4586,55.7367],[-4.4407,55.7339],[-4.42,55.7277],[-4.4006,55.7136],[-4.3845,55.723],[-4.3745,55.7159],[-4.3742,55.71],[-4.3639,55.7087],[-4.3532,55.6974],[-4.3334,55.7002],[-4.325,55.6882],[-4.282,55.6786],[-4.2677,55.6858],[-4.2568,55.6759],[-4.2468,55.679]]]}},{"type":"Feature","properties":{"code":"UK244","name":"East Dunbartonshire"},"geometry":{"type":"Polygon","coordinates":[[[-4.1573,56.0135],[-4.1493,55.9993],[-4.113,55.9772],[-4.1167,55.9682],[-4.1113,55.9612],[-4.1246,55.956],[-4.123,55.9531],[-4.1095,55.9531],[-4.0763,55.9657],[-4.0566,55.9681],[-4.051,55.9643],[-4.0556,55.9576],[-4.0477,55.9512],[-4.0714,55.9439],[-4.0579,55.9235],[-4.1113,55.9233],[-4.1178,55.9192],[-4.1158,55.9145],[-4.1246,55.9115],[-4.1715,55.9167],[-4.1944,55.9131],[-4.1934,55.9083],[-4.1803,55.9049],[-4.1989,55.898],[-4.2261,55.8967],[-4.2356,55.8974],[-4.2377,55.9048],[-4.2467,55.9036],[-4.2764,55.9296],[-4.2959,55.9285],[-4.3012,55.9164],[-4.292,55.9143],[-4.3002,55.9059],[-4.3157,55.9063],[-4.3278,55.8997],[-4.349,55.9062],[-4.35,55.9171],[-4.3575,55.9208],[-4.3797,55.921],[-4.3827,55.9335],[-4.389,55.9339],[-4.3865,55.9525],[-4.3981,55.9553],[-4.4021,55.9718],[-4.3928,55.9785],[-4.3754,55.9811],[-4.3664,55.9804],[-4.3309,55.9582],[-4.3037,55.9572],[-4.2886,55.9669],[-4.2727,55.9653],[-4.2805,55.9752],[-4.2742,55.9769],[-4.275,55.9932],[-4.2941,56.0087],[-4.2991,56.0167],[-4.2963,56.0256],[-4.2752,56.0287],[-4.273,56.023],[-4.257,56.0172],[-4.2225,56.0203],[-4.2067,56.017],[-4.1981,56.0101],[-4.1737,56.0187],[-4.1699,56.0272],[-4.1628,56.0303],[-4.1568,56.0252],[-4.1573,56.0135]]]}},{"type":"Feature","properties":{"code":"UK245","name":"East Lothian"},"geometry":{"type":"Polygon","coordinates":[[[-2.3668,55.9459],[-2.3807,55.9341],[-2.3893,55.9331],[-2.4074,55.9143],[-2.425,55.9088],[-2.4228,55.9064],[-2.4485,55.8934],[-2.4668,55.8891],[-2.4669,55.8851],[-2.4867,55.8924],[-2.4946,55.9057],[-2.5048,55.9119],[-2.5543,55.9115],[-2.5626,55.9065],[-2.5545,55.9001],[-2.5701,55.8921],[-2.5328,55.8697],[-2.5431,55.848],[-2.5548,55.8391],[-2.5814,55.8455],[-2.5844,55.8343],[-2.6049,55.8286],[-2.6099,55.8337],[-2.6484,55.8336],[-2.6432,55.8408],[-2.6492,55.8439],[-2.6726,55.8456],[-2.6961,55.8367],[-2.7413,55.8289],[-2.7552,55.832],[-2.7583,55.8387],[-2.7739,55.8375],[-2.7772,55.8443],[-2.7862,55.8358],[-2.8185,55.8298],[-2.8403,55.8177],[-2.8602,55.8305],[-2.8554,55.8336],[-2.8806,55.8475],[-2.8965,55.8489],[-2.9008,55.8604],[-2.9136,55.8566],[-2.919,55.862],[-2.9371,55.8635],[-2.9376,55.8753],[-2.9484,55.8809],[-2.9471,55.8891],[-2.9595,55.8943],[-2.9555,55.8995],[-2.967,55.9027],[-2.9688,55.9125],[-2.9889,55.9129],[-3.0177,55.9016],[-3.0793,55.9204],[-3.0885,55.9313],[-3.0796,55.9341],[-3.0839,55.9386],[-3.0776,55.9468],[-3.0667,55.9451],[-3.0345,55.9542],[-3.0104,55.9528],[-2.9846,55.9598],[-2.9713,55.9703],[-2.9152,55.9752],[-2.8887,55.992],[-2.8852,56.0021],[-2.89,56.0102],[-2.851,56.013],[-2.8663,56.0253],[-2.8671,56.0364],[-2.8383,56.0412],[-2.8159,56.0624],[-2.7867,56.0657],[-2.7034,56.0574],[-2.6789,56.0619],[-2.629,56.052],[-2.5981,56.0257],[-2.5847,56.0218],[-2.5988,55.9977],[-2.5784,56.0012],[-2.5696,56.0106],[-2.5507,55.9983],[-2.5313,56.0068],[-2.4885,55.9954],[-2.4739,55.9958],[-2.4684,55.9891],[-2.4452,55.9879],[-2.4411,55.9812],[-2.414,55.9702],[-2.4028,55.9718],[-2.395,55.9576],[-2.3668,55.9459]]]}},{"type":"Feature","properties":{"code":"UK246","name":"East Renfrewshire"},"geometry":{"type":"Polygon","coordinates":[[[-4.2508,55.7849],[-4.2535,55.7727],[-4.2762,55.7718],[-4.2825,55.7683],[-4.2798,55.7618],[-4.2735,55.7545],[-4.2555,55.7488],[-4.2553,55.7441],[-4.2409,55.7339],[-4.2231,55.7278],[-4.2195,55.7106],[-4.2261,55.7],[-4.2216,55.6916],[-4.2568,55.6759],[-4.2677,55.6858],[-4.282,55.6786],[-4.325,55.6882],[-4.3334,55.7002],[-4.3532,55.6974],[-4.3639,55.7087],[-4.3742,55.71],[-4.3745,55.7159],[-4.3845,55.723],[-4.4006,55.7136],[-4.42,55.7277],[-4.4407,55.7339],[-4.4586,55.7367],[-4.4686,55.7325],[-4.4721,55.7375],[-4.4573,55.7461],[-4.4596,55.75],[-4.4862,55.7499],[-4.4916,55.7618],[-4.5039,55.7638],[-4.5299,55.7446],[-4.5402,55.7513],[-4.5426,55.7648],[-4.551,55.7664],[-4.5419,55.7785],[-4.522,55.7744],[-4.5144,55.7844],[-4.495,55.7917],[-4.5008,55.7951],[-4.4951,55.8015],[-4.4727,55.7977],[-4.4658,55.8047],[-4.445,55.8032],[-4.4348,55.8082],[-4.4006,55.811],[-4.3813,55.8232],[-4.3729,55.8189],[-4.376,55.8109],[-4.3677,55.8034],[-4.3774,55.7986],[-4.3721,55.7948],[-4.3334,55.7929],[-4.3228,55.8005],[-4.3273,55.8077],[-4.2973,55.8099],[-4.2926,55.8139],[-4.2671,55.8068],[-4.2603,55.7979],[-4.2682,55.7917],[-4.2633,55.786],[-4.2508,55.7849]]]}},{"type":"Feature","properties":{"code":"UK247","name":"East Riding of Yorkshire"},"geometry":{"type":"MultiPolygon","coordinates":[[[[-0.7139,53.6774],[-0.7217,53.6793],[-0.7232,53.6737],[-0.7466,53.6696],[-0.759,53.6644],[-0.7532,53.6627],[-0.7744,53.6562],[-0.77,53.6616],[-0.7887,53.6592],[-0.8058,53.6464],[-0.8482,53.633],[-0.94,53.6576],[-0.99,53.6589],[-0.991,53.6736],[-0.9461,53.6793],[-0.8685,53.6966],[-0.8584,53.687],[-0.8464,53.6856],[-0.8119,53.7044],[-0.7751,53.6947],[-0.7307,53.7044],[-0.6985,53.6977],[-0.6985,53.6847],[-0.7139,53.6774]]],[[[-0.991,53.6612],[-1.0294,53.6549],[-1.0711,53.6579],[-1.0915,53.6687],[-1.1037,53.6695],[-1.0874,53.6833],[-1.075,53.704],[-1.0632,53.7066],[-1.0539,53.6968],[-0.9806,53.6967],[-0.9804,53.7048],[-0.968,53.7066],[-0.964,53.7003],[-0.9575,53.7056],[-0.9609,53.7078],[-0.9585,53.7138],[-0.9036,53.7179],[-0.9051,53.7271],[-0.8662,53.7217],[-0.8575,53.7244],[-0.8577,53.7302],[-0.8469,53.7253],[-0.8441,53.7117],[-0.8595,53.7058],[-0.867,53.6978],[-0.9915,53.674],[-0.991,53.6612]]],[[[-0.1727,54.1515],[-0.1293,54.1353],[-0.0996,54.1301],[-0.0832,54.1226],[-0.0789,54.1123],[-0.1129,54.1033],[-0.1649,54.0995],[-0.1973,54.0785],[-0.213,54.0543],[-0.2137,54.0094],[-0.1571,53.9036],[-0.1086,53.8519],[0.1165,53.6631],[0.1465,53.6086],[0.1056,53.6322],[0.0301,53.6492],[-0.0538,53.629],[-0.1135,53.6394],[-0.1993,53.694],[-0.214,53.7088],[-0.2298,53.7111],[-0.2363,53.7284],[-0.2431,53.7295],[-0.2474,53.7412],[-0.2414,53.755],[-0.2542,53.7635],[-0.2523,53.7813],[-0.2782,53.7821],[-0.3039,53.7984],[-0.3162,53.8133],[-0.346,53.8106],[-0.3656,53.8034],[-0.3596,53.7934],[-0.3922,53.7911],[-0.3882,53.7693],[-0.4182,53.7606],[-0.4223,53.7505],[-0.4019,53.75],[-0.4109,53.7464],[-0.4225,53.7305],[-0.4192,53.7196],[-0.4477,53.7139],[-0.4867,53.7165],[-0.5532,53.7095],[-0.5895,53.728],[-0.6167,53.7312],[-0.6706,53.7221],[-0.6872,53.7079],[-0.7023,53.7039],[-0.733,53.7074],[-0.7807,53.6975],[-0.8096,53.7072],[-0.825,53.7036],[-0.8542,53.6872],[-0.8632,53.7017],[-0.8428,53.7084],[-0.8401,53.7158],[-0.8418,53.7235],[-0.8529,53.7322],[-0.8627,53.7305],[-0.8723,53.724],[-0.9109,53.7285],[-0.9157,53.7337],[-0.961,53.7367],[-0.9625,53.7467],[-0.9733,53.7502],[-0.9398,53.7582],[-0.9283,53.7655],[-0.9295,53.7738],[-0.9366,53.7799],[-0.928,53.7972],[-0.9345,53.8018],[-0.9242,53.8161],[-0.9406,53.8235],[-0.9471,53.8448],[-0.9419,53.8548],[-0.9481,53.8611],[-0.9388,53.8691],[-0.9381,53.8758],[-0.9249,53.878],[-0.9235,53.8878],[-0.9487,53.895],[-0.94,53.8994],[-0.9383,53.9079],[-0.932,53.9088],[-0.931,53.9178],[-0.9217,53.9213],[-0.9287,53.9291],[-0.9237,53.9354],[-0.9277,53.9527],[-0.9212,53.9604],[-0.9335,53.9674],[-0.9254,53.9916],[-0.8935,53.9997],[-0.8867,54.0105],[-0.8776,54.0136],[-0.8788,54.0169],[-0.799,54.0241],[-0.8003,54.02],[-0.7343,54.0302],[-0.7305,54.0127],[-0.7096,54.0105],[-0.7049,54.006],[-0.6837,54.0088],[-0.6784,54.0182],[-0.6885,54.024],[-0.6874,54.0304],[-0.6786,54.0373],[-0.6595,54.0372],[-0.6446,54.0551],[-0.6603,54.0631],[-0.6156,54.0705],[-0.591,54.0871],[-0.5631,54.094],[-0.5247,54.0854],[-0.466,54.1076],[-0.4683,54.1113],[-0.4543,54.1168],[-0.4585,54.126],[-0.4271,54.1374],[-0.4331,54.1641],[-0.423,54.1663],[-0.4245,54.1696],[-0.4182,54.1741],[-0.3908,54.1765],[-0.3746,54.1626],[-0.3749,54.1541],[-0.3464,54.1469],[-0.3238,54.1503],[-0.3227,54.1452],[-0.3137,54.1464],[-0.3041,54.1363],[-0.2654,54.1406],[-0.2227,54.1371],[-0.2125,54.1577],[-0.1727,54.1515]]]]}},{"type":"Feature","properties":{"code":"UK248","name":"East Sussex"},"geometry":{"type":"Polygon","coordinates":[[[0.0338,50.8449],[0.0256,50.831],[0.0265,50.8153],[0.0341,50.8096],[0.042,50.8094],[0.0573,50.7817],[0.053,50.7796],[-0.0386,50.7991],[-0.016,50.8149],[-0.0205,50.8219],[-0.0309,50.8174],[-0.0424,50.8242],[-0.0369,50.8413],[-0.0455,50.845],[-0.0734,50.8413],[-0.0707,50.8459],[-0.0789,50.8538],[-0.085,50.8731],[-0.0974,50.8779],[-0.1049,50.8723],[-0.1218,50.8735],[-0.1241,50.8779],[-0.1353,50.8781],[-0.1351,50.8866],[-0.118,50.9453],[-0.1054,50.9431],[-0.1056,50.9644],[-0.1163,50.9672],[-0.1163,50.9735],[-0.1089,50.9802],[-0.0941,50.9794],[-0.0838,50.9907],[-0.0736,50.9916],[-0.0673,50.9891],[-0.0638,50.9792],[-0.0347,50.9775],[-0.0246,50.98],[-0.0188,50.989],[-0.02,51.008],[-0.016,51.0148],[-0.0215,51.0172],[-0.0208,51.0274],[-0.012,51.0288],[-0.0017,51.0484],[0.0137,51.057],[-0.0085,51.0576],[-0.015,51.0693],[-0.0132,51.074],[-0.0268,51.0752],[-0.0308,51.0942],[-0.0109,51.0965],[0.0095,51.1104],[0.0187,51.1035],[0.0255,51.1091],[0.0414,51.1103],[0.0251,51.1234],[0.0273,51.1398],[0.05,51.1427],[0.0782,51.1399],[0.1414,51.1458],[0.16,51.141],[0.1512,51.1344],[0.152,51.1226],[0.1716,51.1154],[0.2276,51.1238],[0.2557,51.1139],[0.2757,51.1124],[0.2797,51.1178],[0.3263,51.1225],[0.3301,51.1178],[0.3246,51.1121],[0.3364,51.1051],[0.3585,51.1048],[0.351,51.0993],[0.354,51.0936],[0.3509,51.0841],[0.3646,51.0882],[0.3976,51.0836],[0.4066,51.0797],[0.4009,51.0712],[0.4182,51.0626],[0.4283,51.0632],[0.4714,51.0491],[0.4665,51.0343],[0.4774,51.0292],[0.4961,51.0306],[0.5155,51.0225],[0.5376,51.0216],[0.5421,51.011],[0.5719,51.0035],[0.6303,51.0174],[0.6361,51.0122],[0.665,51.0161],[0.6822,51.0006],[0.7411,51.0007],[0.7786,50.9908],[0.7786,50.9766],[0.7854,50.9753],[0.8134,50.949],[0.8129,50.942],[0.8298,50.9456],[0.8398,50.9562],[0.856,50.9532],[0.8597,50.9397],[0.868,50.9333],[0.855,50.9239],[0.7933,50.933],[0.7719,50.9313],[0.7719,50.9277],[0.7202,50.9085],[0.6701,50.8739],[0.6504,50.8679],[0.5922,50.8535],[0.5197,50.8479],[0.481,50.8377],[0.4129,50.8301],[0.3636,50.8161],[0.3437,50.8045],[0.3266,50.7841],[0.2971,50.7709],[0.2581,50.7376],[0.2399,50.7344],[0.2072,50.739],[0.1464,50.7591],[0.122,50.7583],[0.0777,50.779],[0.0583,50.7822],[0.0478,50.8044],[0.042,50.81],[0.0271,50.8152],[0.0263,50.831],[0.0338,50.8449]],[[-0.0023,50.8871],[0.0001,50.8891],[0.016,50.8891],[0.0005,50.8896],[-0.0023,50.8871]],[[0.016,50.8891],[0.0162,50.8891],[0.0142,50.8907],[0.016,50.8891]],[[0.0066,50.8797],[0.0223,50.8716],[0.0205,50.8628],[0.0344,50.8514],[0.0211,50.8624],[0.023,50.8717],[0.0066,50.8797]],[[0.0372,50.8479],[0.0341,50.8451],[0.0386,50.8461],[0.0372,50.8479]],[[0.0093,50.895],[0.0092,50.8951],[0.006,50.8931],[0.0093,50.895]]]}},{"type":"Feature","properties":{"code":"UK249","name":"Edinburgh"},"geometry":{"type":"Polygon","coordinates":[[[-3.0776,55.9468],[-3.0839,55.9386],[-3.0796,55.9341],[-3.1116,55.9297],[-3.1176,55.9131],[-3.0927,55.8998],[-3.1406,55.8908],[-3.1909,55.8927],[-3.2139,55.8864],[-3.2118,55.882],[-3.2385,55.8828],[-3.2532,55.8697],[-3.2692,55.8757],[-3.2841,55.8659],[-3.2957,55.8661],[-3.3561,55.8248],[-3.3947,55.8197],[-3.3909,55.825],[-3.396,55.8317],[-3.4193,55.8462],[-3.4052,55.87],[-3.4138,55.8783],[-3.4013,55.8818],[-3.4035,55.8873],[-3.3867,55.8978],[-3.3899,55.9027],[-3.4214,55.9018],[-3.4441,55.9077],[-3.4279,55.9262],[-3.4329,55.9373],[-3.4496,55.951],[-3.4249,55.9537],[-3.4259,55.9593],[-3.4433,55.9614],[-3.4421,55.9692],[-3.4483,55.9775],[-3.4297,55.9818],[-3.432,55.9892],[-3.4254,55.9938],[-3.3768,55.9914],[-3.3519,56.0016],[-3.3176,55.983],[-3.2894,55.9791],[-3.2632,55.9791],[-3.2498,55.9839],[-3.2025,55.98],[-3.1796,55.9896],[-3.1572,55.9819],[-3.1186,55.9585],[-3.0776,55.9468]]]}},{"type":"Feature","properties":{"code":"UK250","name":"Eilean Siar"},"geometry":{"type":"MultiPolygon","coordinates":[[[[-7.6552,56.7888],[-7.644,56.79],[-7.6169,56.7876],[-7.6247,56.7802],[-7.637,56.7782],[-7.6552,56.7888]]],[[[-7.6206,56.8058],[-7.6416,56.7964],[-7.6536,56.7961],[-7.6597,56.8041],[-7.6554,56.8111],[-7.6589,56.8208],[-7.6315,56.8251],[-7.6299,56.8303],[-7.6206,56.8283],[-7.6229,56.8229],[-7.6184,56.8188],[-7.6292,56.8109],[-7.6206,56.8058]]],[[[-7.5909,56.8583],[-7.5751,56.8616],[-7.5587,56.8564],[-7.5682,56.8483],[-7.5945,56.8488],[-7.5909,56.8583]]],[[[-7.5051,56.8804],[-7.5328,56.8886],[-7.537,56.8957],[-7.5287,56.902],[-7.499,56.8983],[-7.4978,56.891],[-7.5051,56.8804]]],[[[-7.436,56.9174],[-7.4492,56.913],[-7.4506,56.9205],[-7.4406,56.922],[-7.436,56.9174]]],[[[-7.4325,57.0308],[-7.4492,57.0237],[-7.4093,57.0085],[-7.4209,57.0018],[-7.4136,56.9967],[-7.4031,57.0003],[-7.3789,56.9901],[-7.3839,56.9818],[-7.4043,56.9847],[-7.4078,56.9761],[-7.4189,56.976],[-7.4378,56.9641],[-7.4436,56.9593],[-7.4305,56.953],[-7.436,56.9486],[-7.4446,56.9514],[-7.4489,56.9465],[-7.472,56.9448],[-7.4826,56.9462],[-7.4836,56.9539],[-7.4909,56.9556],[-7.5113,56.946],[-7.5232,56.9482],[-7.5376,56.9382],[-7.4872,56.932],[-7.4902,56.929],[-7.5177,56.9338],[-7.5325,56.9268],[-7.5343,56.9217],[-7.5071,56.922],[-7.5038,56.9169],[-7.5149,56.9129],[-7.5493,56.9092],[-7.5595,56.9225],[-7.5453,56.9207],[-7.5418,56.9268],[-7.5731,56.9337],[-7.5624,56.9426],[-7.5706,56.9479],[-7.5398,56.9449],[-7.541,56.9507],[-7.5627,56.9559],[-7.5547,56.9615],[-7.5561,56.9681],[-7.5194,56.9739],[-7.5161,56.9829],[-7.5239,56.9831],[-7.5078,56.9933],[-7.5134,56.9955],[-7.5068,57.0035],[-7.5257,57.014],[-7.4791,57.0158],[-7.457,57.0241],[-7.4474,57.0413],[-7.4554,57.0526],[-7.4529,57.059],[-7.4444,57.0585],[-7.4429,57.0488],[-7.4204,57.0448],[-7.4325,57.0308]]],[[[-7.3788,57.0005],[-7.3658,57.0005],[-7.3603,56.9933],[-7.3693,56.9918],[-7.3788,57.0005]]],[[[-7.3378,57.0144],[-7.3404,57.0097],[-7.3625,57.0123],[-7.3494,57.0192],[-7.3378,57.0144]]],[[[-7.3292,57.0258],[-7.3219,57.0157],[-7.3441,57.0211],[-7.3292,57.0258]]],[[[-7.4028,57.0478],[-7.3927,57.0541],[-7.3983,57.0582],[-7.3887,57.0606],[-7.3786,57.0593],[-7.3713,57.052],[-7.388,57.0424],[-7.4028,57.0478]]],[[[-7.6245,57.5133],[-7.6262,57.5178],[-7.6209,57.5235],[-7.6053,57.5332],[-7.5998,57.5278],[-7.6116,57.52],[-7.6091,57.5153],[-7.6141,57.5114],[-7.6245,57.5133]]],[[[-7.6576,57.5271],[-7.6544,57.5329],[-7.6458,57.5353],[-7.6483,57.5262],[-7.6576,57.5271]]],[[[-7.4376,57.5639],[-7.4338,57.5696],[-7.4161,57.5581],[-7.4131,57.5501],[-7.4333,57.5576],[-7.4376,57.5639]]],[[[-7.4272,57.66],[-7.3968,57.6696],[-7.3806,57.6643],[-7.4136,57.6556],[-7.4272,57.66]]],[[[-8.5571,57.8089],[-8.5692,57.8111],[-8.5739,57.7992],[-8.585,57.8067],[-8.5949,57.8055],[-8.609,57.8109],[-8.6157,57.8283],[-8.5984,57.8198],[-8.5931,57.8257],[-8.5599,57.8191],[-8.5497,57.8127],[-8.5571,57.8089]]],[[[-8.6251,57.8271],[-8.6329,57.8242],[-8.6462,57.83],[-8.6248,57.8328],[-8.6251,57.8271]]],[[[-8.4855,57.8631],[-8.4929,57.8664],[-8.4919,57.8769],[-8.485,57.8739],[-8.4855,57.8631]]],[[[-7.2724,57.0767],[-7.2804,57.073],[-7.2778,57.0678],[-7.2841,57.0644],[-7.2842,57.0573],[-7.2937,57.0526],[-7.3089,57.0596],[-7.3106,57.0658],[-7.3046,57.0725],[-7.3174,57.0952],[-7.3015,57.087],[-7.27,57.0909],[-7.2724,57.0767]]],[[[-7.2534,57.1888],[-7.2514,57.1952],[-7.2413,57.1904],[-7.2534,57.1888]]],[[[-7.27,57.3789],[-7.2656,57.3739],[-7.287,57.3794],[-7.2977,57.3752],[-7.295,57.3705],[-7.2622,57.3626],[-7.2409,57.3486],[-7.2608,57.3503],[-7.2658,57.3462],[-7.2321,57.3426],[-7.2335,57.3466],[-7.2207,57.349],[-7.2321,57.3355],[-7.2625,57.3323],[-7.2706,57.3237],[-7.257,57.3259],[-7.2411,57.3198],[-7.234,57.324],[-7.222,57.3206],[-7.2262,57.3165],[-7.22,57.3012],[-7.2051,57.3065],[-7.1922,57.2996],[-7.2026,57.2947],[-7.1986,57.2907],[-7.2033,57.2809],[-7.2255,57.2825],[-7.2321,57.2733],[-7.2532,57.2604],[-7.2428,57.2489],[-7.2552,57.2451],[-7.2598,57.2399],[-7.2588,57.229],[-7.2668,57.2246],[-7.3028,57.2253],[-7.3,57.2341],[-7.3292,57.2308],[-7.3443,57.2382],[-7.3564,57.2367],[-7.3579,57.2334],[-7.3479,57.225],[-7.3179,57.2298],[-7.299,57.2149],[-7.2728,57.2148],[-7.26,57.2055],[-7.264,57.203],[-7.2638,57.1928],[-7.2507,57.1836],[-7.2462,57.171],[-7.2565,57.153],[-7.2706,57.1497],[-7.2841,57.1497],[-7.3031,57.1579],[-7.3104,57.1499],[-7.3235,57.1593],[-7.3459,57.1554],[-7.3497,57.1501],[-7.339,57.1465],[-7.3439,57.1435],[-7.3406,57.1378],[-7.2895,57.1425],[-7.2612,57.1399],[-7.2464,57.1353],[-7.2449,57.1282],[-7.2343,57.1259],[-7.2207,57.1129],[-7.224,57.1046],[-7.2328,57.1036],[-7.2283,57.0982],[-7.235,57.0955],[-7.2786,57.1075],[-7.3142,57.1031],[-7.3734,57.1038],[-7.3904,57.1136],[-7.3932,57.1241],[-7.404,57.1312],[-7.4026,57.1366],[-7.4126,57.1493],[-7.4088,57.1632],[-7.4245,57.1926],[-7.4234,57.2166],[-7.429,57.2194],[-7.4355,57.2364],[-7.4436,57.2397],[-7.425,57.2532],[-7.4206,57.2886],[-7.3975,57.3014],[-7.4003,57.3105],[-7.3958,57.3346],[-7.4036,57.358],[-7.4293,57.3838],[-7.4249,57.3905],[-7.4124,57.3872],[-7.3907,57.3995],[-7.3733,57.3945],[-7.3409,57.4025],[-7.3297,57.3993],[-7.3257,57.4059],[-7.329,57.3995],[-7.3262,57.3935],[-7.3205,57.3936],[-7.3162,57.3865],[-7.27,57.3789]]],[[[-7.234,57.3916],[-7.2084,57.4085],[-7.1918,57.4103],[-7.1962,57.4013],[-7.1872,57.3979],[-7.203,57.3889],[-7.234,57.3916]]],[[[-7.3093,57.4801],[-7.2955,57.4858],[-7.2948,57.4803],[-7.2852,57.4782],[-7.2733,57.4822],[-7.259,57.4782],[-7.2574,57.4728],[-7.2796,57.4725],[-7.2764,57.4666],[-7.2554,57.4667],[-7.2484,57.4766],[-7.2406,57.4734],[-7.2404,57.4647],[-7.2293,57.4706],[-7.2076,57.4607],[-7.2242,57.4573],[-7.2315,57.4613],[-7.2414,57.4568],[-7.2414,57.4509],[-7.2267,57.4487],[-7.2298,57.4455],[-7.2635,57.4493],[-7.2705,57.4418],[-7.2515,57.4317],[-7.2434,57.4327],[-7.2461,57.4375],[-7.2156,57.4358],[-7.204,57.4288],[-7.2106,57.423],[-7.2063,57.4157],[-7.2416,57.4108],[-7.2353,57.4043],[-7.2398,57.4016],[-7.2715,57.4101],[-7.2645,57.4006],[-7.287,57.4076],[-7.3191,57.4054],[-7.3514,57.4205],[-7.3935,57.4257],[-7.3958,57.4423],[-7.4086,57.4477],[-7.4106,57.4559],[-7.4033,57.4556],[-7.4026,57.4624],[-7.4108,57.463],[-7.4101,57.4703],[-7.3789,57.4746],[-7.3676,57.4922],[-7.3502,57.4941],[-7.3446,57.4906],[-7.3467,57.4842],[-7.3207,57.4801],[-7.3093,57.4801]]],[[[-7.1678,57.4802],[-7.17,57.4732],[-7.1807,57.4687],[-7.191,57.4778],[-7.189,57.4842],[-7.2064,57.4902],[-7.1995,57.4973],[-7.1832,57.4925],[-7.1791,57.4953],[-7.1932,57.5004],[-7.1738,57.5027],[-7.162,57.4947],[-7.1706,57.4876],[-7.1582,57.4853],[-7.1678,57.4802]]],[[[-7.2063,57.4857],[-7.2038,57.4763],[-7.2103,57.4741],[-7.2346,57.4853],[-7.2394,57.4793],[-7.2504,57.4804],[-7.2706,57.4942],[-7.2846,57.4919],[-7.2837,57.4969],[-7.2446,57.506],[-7.2063,57.4857]]],[[[-7.1542,57.495],[-7.1636,57.4996],[-7.1597,57.5029],[-7.1461,57.4999],[-7.1542,57.495]]],[[[-7.1129,57.5961],[-7.1039,57.5931],[-7.1039,57.5871],[-7.1112,57.5845],[-7.1177,57.5661],[-7.1351,57.5589],[-7.1549,57.5573],[-7.1736,57.565],[-7.235,57.5537],[-7.2635,57.5559],[-7.2572,57.561],[-7.2484,57.559],[-7.2476,57.5683],[-7.2555,57.5721],[-7.2774,57.5545],[-7.2919,57.5589],[-7.3063,57.5564],[-7.2895,57.55],[-7.2056,57.5531],[-7.1656,57.5474],[-7.1628,57.5544],[-7.1376,57.5546],[-7.1331,57.5472],[-7.1401,57.5417],[-7.132,57.537],[-7.1474,57.5237],[-7.1492,57.511],[-7.1766,57.5083],[-7.1988,57.5148],[-7.2033,57.5074],[-7.2285,57.5107],[-7.2459,57.507],[-7.2603,57.5098],[-7.2675,57.5172],[-7.3129,57.5083],[-7.3273,57.5126],[-7.3254,57.5203],[-7.3171,57.5247],[-7.3244,57.5284],[-7.3259,57.5353],[-7.3355,57.5352],[-7.3453,57.5419],[-7.353,57.54],[-7.3438,57.532],[-7.3574,57.5259],[-7.3489,57.5118],[-7.3575,57.5057],[-7.3545,57.5003],[-7.3584,57.4979],[-7.3683,57.5019],[-7.3751,57.5199],[-7.3998,57.5403],[-7.3859,57.538],[-7.3786,57.5459],[-7.3655,57.5474],[-7.3658,57.5412],[-7.3458,57.542],[-7.3628,57.5552],[-7.399,57.566],[-7.4151,57.5788],[-7.4373,57.5871],[-7.4386,57.5825],[-7.4297,57.5784],[-7.4446,57.5699],[-7.4836,57.5679],[-7.4937,57.5828],[-7.4839,57.5899],[-7.4924,57.5942],[-7.5005,57.5828],[-7.5491,57.6029],[-7.5366,57.6106],[-7.531,57.6025],[-7.5202,57.6048],[-7.5146,57.6135],[-7.5153,57.624],[-7.5012,57.6273],[-7.4977,57.6411],[-7.4857,57.6505],[-7.4885,57.6587],[-7.4817,57.6623],[-7.4463,57.6576],[-7.4031,57.6388],[-7.3821,57.6354],[-7.3741,57.6397],[-7.3769,57.6457],[-7.3706,57.6494],[-7.3715,57.6601],[-7.3459,57.6655],[-7.3363,57.6715],[-7.3343,57.6834],[-7.3121,57.6937],[-7.3094,57.6867],[-7.3237,57.6826],[-7.322,57.6729],[-7.3375,57.661],[-7.3323,57.6561],[-7.2925,57.6533],[-7.294,57.6437],[-7.2859,57.642],[-7.2779,57.6535],[-7.27,57.6476],[-7.2615,57.6496],[-7.255,57.6567],[-7.2783,57.6638],[-7.2438,57.6717],[-7.237,57.6812],[-7.2161,57.6903],[-7.2099,57.6875],[-7.1991,57.6972],[-7.1842,57.7013],[-7.1927,57.71],[-7.2023,57.708],[-7.2008,57.7023],[-7.2283,57.705],[-7.2131,57.7154],[-7.1983,57.7339],[-7.1613,57.7387],[-7.1447,57.7316],[-7.1527,57.7243],[-7.1504,57.7191],[-7.1655,57.7214],[-7.1731,57.7176],[-7.1691,57.7123],[-7.1761,57.711],[-7.1776,57.7041],[-7.1925,57.6975],[-7.1862,57.6941],[-7.195,57.6909],[-7.1708,57.6837],[-7.159,57.6744],[-7.1588,57.6682],[-7.1645,57.6636],[-7.1748,57.6661],[-7.1761,57.6603],[-7.1869,57.6542],[-7.1867,57.647],[-7.1633,57.6543],[-7.1434,57.6508],[-7.134,57.6418],[-7.1038,57.6484],[-7.1063,57.6539],[-7.1219,57.6596],[-7.1126,57.6615],[-7.093,57.6509],[-7.0937,57.6468],[-7.0759,57.6468],[-7.0631,57.6403],[-7.1023,57.6079],[-7.1303,57.6241],[-7.1121,57.6312],[-7.1167,57.6341],[-7.1401,57.6277],[-7.1529,57.6295],[-7.1681,57.6358],[-7.1613,57.6392],[-7.1663,57.6427],[-7.1867,57.6453],[-7.2119,57.6377],[-7.1884,57.6314],[-7.2005,57.6199],[-7.1537,57.613],[-7.1663,57.6076],[-7.154,57.6054],[-7.1695,57.5947],[-7.1612,57.5879],[-7.1235,57.5899],[-7.1129,57.5961]]],[[[-7.164,57.6228],[-7.1714,57.625],[-7.1688,57.6293],[-7.1597,57.629],[-7.164,57.6228]]],[[[-7.1701,57.6303],[-7.1859,57.635],[-7.1913,57.6387],[-7.1726,57.6366],[-7.1701,57.6303]]],[[[-7.2857,57.6592],[-7.3021,57.661],[-7.291,57.6678],[-7.2842,57.6642],[-7.2857,57.6592]]],[[[-7.2525,57.6829],[-7.2587,57.6852],[-7.254,57.6894],[-7.2456,57.6872],[-7.2525,57.6829]]],[[[-7.2988,57.7066],[-7.3011,57.7167],[-7.2952,57.7195],[-7.2761,57.7133],[-7.2819,57.7075],[-7.2797,57.7],[-7.2988,57.7066]]],[[[-7.2351,57.7594],[-7.265,57.7703],[-7.258,57.7808],[-7.2379,57.7851],[-7.2146,57.7848],[-7.2008,57.7747],[-7.2096,57.7649],[-7.2351,57.7594]]],[[[-7.2612,57.8042],[-7.2479,57.8041],[-7.258,57.7982],[-7.2612,57.8042]]],[[[-7.1146,58.0026],[-7.1238,58.0091],[-7.1514,58.01],[-7.1658,58.0202],[-7.1695,58.0298],[-7.1346,58.0376],[-7.1109,58.031],[-7.0991,58.0119],[-7.1006,58.0055],[-7.1146,58.0026]]],[[[-7.0971,57.6596],[-7.1031,57.6641],[-7.0957,57.6672],[-7.0865,57.662],[-7.0971,57.6596]]],[[[-7.0893,57.7493],[-7.0771,57.7413],[-7.0618,57.7344],[-7.0812,57.7345],[-7.0952,57.7413],[-7.0968,57.7453],[-7.0893,57.7493]]],[[[-7.0965,57.7681],[-7.0825,57.7748],[-7.0704,57.7596],[-7.0799,57.7556],[-7.0965,57.7681]]],[[[-6.6513,57.8709],[-6.6414,57.8565],[-6.6643,57.851],[-6.69,57.8573],[-6.6835,57.8629],[-6.7096,57.8734],[-6.7066,57.8782],[-6.6953,57.8789],[-6.6513,57.8709]]],[[[-7.0084,57.8829],[-7.0427,57.8954],[-7.0507,57.8939],[-7.0542,57.882],[-7.0786,57.8766],[-7.0825,57.8843],[-7.0733,57.8954],[-7.0489,57.8971],[-7.0454,57.9066],[-7.0398,57.9132],[-7.0315,57.9131],[-7.0313,57.9182],[-6.9943,57.919],[-6.9883,57.902],[-7.0084,57.8829]]],[[[-6.3802,57.9008],[-6.3737,57.9035],[-6.3573,57.9038],[-6.3586,57.8948],[-6.3802,57.9008]]],[[[-6.7324,58.0065],[-6.72,58.0049],[-6.7129,57.9928],[-6.7187,57.9866],[-6.7258,57.9862],[-6.7407,58.0013],[-6.7324,58.0065]]],[[[-6.4439,58.0049],[-6.42,58.0039],[-6.4122,57.9979],[-6.4468,58.0003],[-6.4439,58.0049]]],[[[-7.1192,58.0834],[-7.1189,58.0733],[-7.136,58.0752],[-7.1287,58.08],[-7.1303,58.0861],[-7.1192,58.0834]]],[[[-6.4329,58.1022],[-6.4437,58.0984],[-6.4523,58.1018],[-6.4337,58.1099],[-6.4329,58.1022]]],[[[-6.2276,58.4919],[-6.181,58.4669],[-6.1933,58.4558],[-6.1916,58.4422],[-6.1807,58.4393],[-6.1812,58.434],[-6.1724,58.4332],[-6.1682,58.4172],[-6.1901,58.4083],[-6.2093,58.374],[-6.2178,58.3681],[-6.2002,58.3551],[-6.1749,58.3456],[-6.1959,58.3396],[-6.2213,58.3185],[-6.2316,58.3171],[-6.2448,58.3055],[-6.2377,58.3044],[-6.2424,58.2955],[-6.2767,58.294],[-6.2815,58.2869],[-6.2822,58.2692],[-6.3238,58.2665],[-6.3283,58.2596],[-6.3191,58.2457],[-6.3256,58.2402],[-6.3576,58.2347],[-6.3633,58.2229],[-6.3541,58.2198],[-6.3304,58.2238],[-6.3044,58.21],[-6.2848,58.2067],[-6.2566,58.2192],[-6.2351,58.2227],[-6.21,58.2377],[-6.2011,58.2483],[-6.1387,58.2616],[-6.1404,58.2503],[-6.1538,58.2467],[-6.1506,58.2424],[-6.1649,58.2262],[-6.1561,58.2225],[-6.1649,58.2192],[-6.1739,58.2066],[-6.2057,58.1997],[-6.213,58.1896],[-6.2289,58.1819],[-6.2551,58.18],[-6.2571,58.1867],[-6.2725,58.1889],[-6.2762,58.1983],[-6.2845,58.1998],[-6.2855,58.205],[-6.3089,58.2053],[-6.3493,58.1886],[-6.3555,58.1895],[-6.3548,58.1966],[-6.3626,58.2043],[-6.3739,58.2027],[-6.3941,58.2099],[-6.3674,58.1527],[-6.4208,58.1393],[-6.4162,58.1363],[-6.3969,58.1432],[-6.3694,58.1429],[-6.3696,58.1318],[-6.3838,58.1286],[-6.4042,58.1341],[-6.4304,58.1301],[-6.4876,58.1411],[-6.4626,58.1297],[-6.4301,58.1265],[-6.4278,58.1207],[-6.4424,58.1181],[-6.4576,58.1054],[-6.4921,58.099],[-6.5082,58.103],[-6.514,58.0972],[-6.5206,58.1002],[-6.5419,58.0924],[-6.6318,58.0847],[-6.6261,58.0784],[-6.6027,58.0866],[-6.577,58.0882],[-6.5687,58.0836],[-6.5641,58.0877],[-6.519,58.0884],[-6.5092,58.094],[-6.4757,58.0927],[-6.4636,58.0964],[-6.4323,58.092],[-6.4279,58.0962],[-6.4361,58.0997],[-6.4089,58.1103],[-6.3876,58.098],[-6.3885,58.0918],[-6.3991,58.0923],[-6.3971,58.0844],[-6.3828,58.0914],[-6.3783,58.0781],[-6.3691,58.0754],[-6.3777,58.0706],[-6.3676,58.0649],[-6.3667,58.0583],[-6.3724,58.0554],[-6.3725,58.0494],[-6.4193,58.0481],[-6.4011,58.0412],[-6.3767,58.0422],[-6.357,58.0359],[-6.3659,58.0181],[-6.3886,58.0084],[-6.3923,57.9998],[-6.4089,58.0098],[-6.4274,58.0102],[-6.4346,58.016],[-6.4517,58.0076],[-6.4596,58.0173],[-6.4704,58.0094],[-6.511,58.0075],[-6.5255,58.013],[-6.5258,58.0056],[-6.5485,58.0073],[-6.5512,58.0037],[-6.5079,57.9985],[-6.4721,58.0007],[-6.4551,57.9933],[-6.4561,57.9846],[-6.4485,57.9787],[-6.4546,57.9708],[-6.4488,57.9656],[-6.4619,57.9605],[-6.4717,57.9375],[-6.5022,57.9403],[-6.5193,57.9269],[-6.5291,57.9385],[-6.5457,57.9453],[-6.5497,57.9402],[-6.5387,57.9296],[-6.5379,57.9189],[-6.5653,57.9148],[-6.5654,57.9211],[-6.575,57.9202],[-6.5696,57.9147],[-6.5719,57.9098],[-6.5872,57.916],[-6.6177,57.948],[-6.6417,57.9622],[-6.6425,57.9558],[-6.6318,57.9483],[-6.6228,57.9358],[-6.6263,57.9339],[-6.6124,57.9259],[-6.613,57.9208],[-6.6238,57.9168],[-6.6323,57.9218],[-6.6523,57.9182],[-6.6742,57.9351],[-6.6925,57.9595],[-6.7037,57.9631],[-6.7124,57.9831],[-6.7049,57.992],[-6.7135,58.0055],[-6.71,58.0165],[-6.6882,58.0341],[-6.6643,58.0425],[-6.6671,58.0495],[-6.6593,58.0549],[-6.6329,58.0547],[-6.6218,58.0469],[-6.6052,58.0529],[-6.6734,58.0581],[-6.6699,58.0463],[-6.7026,58.0305],[-6.7266,58.0124],[-6.758,58.0034],[-6.7528,58.0007],[-6.7558,57.9924],[-6.7442,57.9937],[-6.7251,57.9717],[-6.7213,57.9614],[-6.7276,57.9533],[-6.7175,57.9509],[-6.7112,57.9544],[-6.6837,57.9326],[-6.6742,57.9181],[-6.6994,57.9185],[-6.7014,57.915],[-6.6701,57.8999],[-6.6734,57.8946],[-6.6643,57.8851],[-6.6702,57.88],[-6.7316,57.8845],[-6.7767,57.899],[-6.7926,57.897],[-6.7935,57.8869],[-6.7885,57.8848],[-6.7941,57.8797],[-6.8043,57.8848],[-6.8109,57.8794],[-6.8039,57.8671],[-6.7809,57.87],[-6.7696,57.8641],[-6.7547,57.8417],[-6.7384,57.834],[-6.7366,57.8269],[-6.7615,57.8215],[-6.7926,57.8327],[-6.7984,57.831],[-6.7898,57.8248],[-6.7888,57.805],[-6.796,57.8057],[-6.8024,57.8133],[-6.8127,57.8094],[-6.8233,57.8128],[-6.8441,57.832],[-6.8517,57.8286],[-6.8353,57.8168],[-6.8412,57.8143],[-6.8441,57.8051],[-6.8631,57.8129],[-6.863,57.805],[-6.8565,57.8001],[-6.8595,57.7955],[-6.8842,57.7895],[-6.8729,57.7739],[-6.8936,57.7733],[-6.9056,57.7805],[-6.9097,57.7699],[-6.8993,57.7643],[-6.9376,57.7585],[-6.9446,57.7388],[-6.9636,57.7374],[-6.9749,57.7292],[-6.9874,57.7425],[-7.0021,57.7532],[-7.0106,57.7529],[-7.0112,57.7592],[-7.0252,57.7672],[-7.0149,57.7699],[-7.0315,57.7756],[-7.03,57.7681],[-7.0544,57.778],[-7.0754,57.7942],[-7.0749,57.7999],[-7.0824,57.8016],[-7.0837,57.807],[-7.1146,57.8134],[-7.1257,57.8222],[-7.1247,57.8309],[-7.1308,57.8385],[-7.1063,57.8413],[-7.0812,57.8317],[-7.0811,57.8144],[-7.0698,57.8122],[-7.0734,57.8226],[-7.0199,57.8365],[-7.015,57.8435],[-7.0054,57.8456],[-7.0001,57.8584],[-6.9927,57.8604],[-6.9963,57.8649],[-6.9928,57.8685],[-6.9845,57.869],[-6.9819,57.8646],[-6.9517,57.8715],[-6.9419,57.8674],[-6.9363,57.8716],[-6.9159,57.8667],[-6.9114,57.8713],[-6.9592,57.8864],[-6.9602,57.891],[-6.9509,57.8937],[-6.95,57.9039],[-6.9398,57.9026],[-6.9207,57.9106],[-6.8814,57.9063],[-6.8764,57.9009],[-6.8512,57.8996],[-6.8454,57.9052],[-6.8169,57.9028],[-6.8587,57.9164],[-6.8631,57.9249],[-6.8505,57.9246],[-6.8477,57.9304],[-6.914,57.9363],[-6.9437,57.9502],[-6.9635,57.9504],[-6.9945,57.9615],[-7.0001,57.954],[-7.0398,57.956],[-7.0563,57.9618],[-7.0565,57.9686],[-7.0807,57.969],[-7.0812,57.9866],[-7.0902,57.9949],[-7.1086,57.986],[-7.1146,57.9899],[-7.1068,57.9975],[-7.0922,58.0004],[-7.092,58.0112],[-7.0824,58.0202],[-7.0703,58.0175],[-7.0598,58.0087],[-7.052,58.0095],[-7.0527,58.0162],[-7.0449,58.0248],[-7.029,58.0315],[-6.9847,58.0423],[-6.9656,58.0402],[-6.9389,58.0492],[-6.9802,58.0477],[-7.0481,58.0347],[-7.062,58.0463],[-7.0303,58.0505],[-7.0273,58.0563],[-7.0572,58.0533],[-7.0568,58.0608],[-7.0253,58.07],[-7.0285,58.0808],[-7.0613,58.0683],[-7.0628,58.0607],[-7.1003,58.07],[-7.1033,58.0957],[-7.1132,58.1048],[-7.1104,58.1098],[-7.1237,58.1151],[-7.1343,58.1288],[-7.1258,58.1395],[-7.1174,58.1382],[-7.1086,58.144],[-7.1139,58.1468],[-7.0996,58.1531],[-7.0893,58.1641],[-7.1011,58.1697],[-7.1066,58.1779],[-7.1044,58.1834],[-7.0942,58.1876],[-7.0593,58.1802],[-7.05,58.1846],[-7.0469,58.1773],[-7.0311,58.1858],[-7.0192,58.1861],[-7.0228,58.1939],[-7.0354,58.1973],[-7.0386,58.1907],[-7.0615,58.1959],[-7.0636,58.2005],[-7.0502,58.2191],[-7.0552,58.221],[-7.0477,58.2324],[-7.0374,58.2348],[-7.0391,58.2387],[-7.0275,58.244],[-7.0263,58.2356],[-7.0006,58.2343],[-6.9756,58.2195],[-6.965,58.2212],[-6.9689,58.2315],[-6.9611,58.2355],[-6.9326,58.2161],[-6.9167,58.2161],[-6.9101,58.2038],[-6.9449,58.204],[-6.9494,58.1996],[-6.9316,58.1892],[-6.9069,58.1849],[-6.8975,58.1879],[-6.8877,58.1775],[-6.8883,58.1622],[-6.8928,58.1588],[-6.8893,58.1502],[-6.8776,58.1274],[-6.8684,58.1217],[-6.8673,58.1311],[-6.8825,58.1504],[-6.8809,58.1631],[-6.886,58.1676],[-6.8691,58.1737],[-6.8794,58.1809],[-6.8732,58.1856],[-6.8591,58.1812],[-6.8611,58.1897],[-6.8353,58.2034],[-6.7902,58.1972],[-6.759,58.1869],[-6.7485,58.1915],[-6.7334,58.1719],[-6.7168,58.1703],[-6.7251,58.1792],[-6.72,58.1867],[-6.7268,58.1914],[-6.759,58.1982],[-6.757,58.2092],[-6.7416,58.2096],[-6.7497,58.2168],[-6.7578,58.217],[-6.7693,58.2322],[-6.7892,58.2377],[-6.8101,58.254],[-6.8071,58.2595],[-6.8175,58.2699],[-6.794,58.2783],[-6.8232,58.2796],[-6.8235,58.2846],[-6.8067,58.2909],[-6.8011,58.2977],[-6.8039,58.304],[-6.7717,58.3096],[-6.7573,58.3054],[-6.7518,58.3133],[-6.712,58.3288],[-6.7089,58.3341],[-6.6964,58.3374],[-6.6938,58.3312],[-6.686,58.333],[-6.6875,58.3381],[-6.6691,58.3434],[-6.6688,58.3498],[-6.6454,58.3513],[-6.6452,58.3443],[-6.6384,58.343],[-6.6331,58.3481],[-6.6213,58.3459],[-6.6021,58.3524],[-6.5843,58.3624],[-6.5442,58.3673],[-6.5197,58.3965],[-6.4876,58.4028],[-6.4883,58.4072],[-6.4414,58.4256],[-6.4427,58.4296],[-6.4367,58.4338],[-6.4021,58.4472],[-6.3571,58.4584],[-6.3337,58.4781],[-6.3084,58.4773],[-6.2712,58.4996],[-6.2777,58.5104],[-6.2632,58.5159],[-6.2312,58.5031],[-6.2276,58.4919]]],[[[-6.7643,58.1941],[-6.7774,58.2004],[-6.7709,58.2062],[-6.7643,58.1941]]],[[[-6.8885,58.2041],[-6.8956,58.2072],[-6.8956,58.2173],[-6.8776,58.2083],[-6.8885,58.2041]]],[[[-6.828,58.2311],[-6.8046,58.2297],[-6.7973,58.2197],[-6.7857,58.2215],[-6.7835,58.201],[-6.8124,58.2078],[-6.8673,58.2075],[-6.8749,58.2178],[-6.8588,58.22],[-6.8626,58.2278],[-6.8769,58.2298],[-6.8724,58.2343],[-6.8898,58.2437],[-6.8933,58.2561],[-6.8908,58.2596],[-6.8485,58.2567],[-6.8421,58.2502],[-6.8444,58.2423],[-6.8404,58.2376],[-6.8326,58.2383],[-6.828,58.2311]]],[[[-6.9424,58.2302],[-6.9509,58.2371],[-6.9383,58.2408],[-6.93,58.2301],[-6.9424,58.2302]]],[[[-6.8791,58.2597],[-6.8865,58.2671],[-6.8839,58.2699],[-6.8588,58.2653],[-6.86,58.2612],[-6.8791,58.2597]]],[[[-5.8266,59.1333],[-5.8203,59.1309],[-5.8156,59.1179],[-5.8274,59.1195],[-5.8266,59.1333]]]]}},{"type":"Feature","properties":{"code":"UK251","name":"Essex"},"geometry":{"type":"MultiPolygon","coordinates":[[[[0.8315,51.5602],[0.8252,51.5661],[0.8322,51.5743],[0.8343,51.5671],[0.8403,51.5609],[0.8315,51.5602]]],[[[0.8195,51.5696],[0.8081,51.5856],[0.8227,51.5956],[0.8363,51.5949],[0.8375,51.5852],[0.8298,51.5741],[0.8195,51.5696]]],[[[0.9305,51.5935],[0.8663,51.559],[0.8535,51.557],[0.8401,51.5616],[0.8326,51.5757],[0.8406,51.585],[0.8385,51.5941],[0.8668,51.5952],[0.8744,51.6141],[0.9577,51.6203],[0.956,51.6142],[0.9305,51.5935]]],[[[0.7569,51.7226],[0.7637,51.7262],[0.7849,51.7238],[0.7723,51.7187],[0.7569,51.7226]]],[[[0.7194,51.7301],[0.7283,51.7258],[0.7262,51.7171],[0.7106,51.7201],[0.7194,51.7301]]],[[[0.5333,51.531],[0.5131,51.5319],[0.5063,51.5399],[0.4965,51.5387],[0.4817,51.5486],[0.4669,51.5474],[0.4616,51.5536],[0.4399,51.5451],[0.4187,51.5566],[0.3935,51.5576],[0.3918,51.5672],[0.2903,51.5643],[0.2721,51.5877],[0.2699,51.5995],[0.2548,51.6014],[0.2646,51.6083],[0.2241,51.6317],[0.1689,51.6214],[0.1382,51.6235],[0.0946,51.6108],[0.0872,51.6045],[0.0729,51.6047],[0.0407,51.6157],[0.0218,51.6289],[0.0258,51.6346],[0.0228,51.6412],[-0.0122,51.6462],[-0.0109,51.6855],[-0.0197,51.7032],[-0.0135,51.7422],[0.0012,51.7451],[0.0042,51.7553],[0.013,51.7574],[0.0182,51.7697],[0.0268,51.7742],[0.0518,51.7761],[0.0636,51.784],[0.0993,51.7832],[0.1255,51.7945],[0.1508,51.797],[0.1581,51.8101],[0.1669,51.8133],[0.1618,51.8407],[0.1731,51.8543],[0.1704,51.8616],[0.1943,51.8658],[0.1928,51.8724],[0.1751,51.8828],[0.1822,51.8906],[0.1794,51.8956],[0.1276,51.884],[0.1218,51.9112],[0.1245,51.924],[0.1187,51.934],[0.1185,51.9472],[0.1044,51.966],[0.1071,51.9718],[0.0978,51.9772],[0.0964,51.9843],[0.0694,51.983],[0.0744,52.0008],[0.0681,52.0058],[0.0807,52.0082],[0.0923,52.0217],[0.0941,52.0329],[0.1061,52.0498],[0.1057,52.0602],[0.119,52.06],[0.1283,52.05],[0.1863,52.0566],[0.19,52.0602],[0.1832,52.0732],[0.1936,52.0751],[0.2034,52.0927],[0.2353,52.089],[0.254,52.08],[0.2762,52.0926],[0.3246,52.0728],[0.3439,52.051],[0.3718,52.0374],[0.3897,52.0364],[0.3824,52.051],[0.3905,52.0603],[0.4046,52.0655],[0.4519,52.068],[0.4582,52.0761],[0.481,52.0722],[0.4902,52.0671],[0.4902,52.06],[0.5046,52.0544],[0.5111,52.0599],[0.5462,52.0597],[0.5515,52.0688],[0.5718,52.0691],[0.6074,52.0809],[0.6257,52.0793],[0.6346,52.0863],[0.6519,52.0832],[0.6811,52.0864],[0.7127,52.071],[0.7031,52.0653],[0.7127,52.049],[0.6996,52.0483],[0.6965,52.0395],[0.7126,52.0349],[0.7066,52.0295],[0.7144,52.0273],[0.7368,52.0322],[0.7418,52.0295],[0.7424,52.0163],[0.7378,52.0122],[0.7492,52.0056],[0.7499,51.9999],[0.761,51.9976],[0.7597,51.9854],[0.7711,51.9821],[0.7761,51.9675],[0.8122,51.9609],[0.8141,51.9658],[0.8247,51.9685],[0.8502,51.9607],[0.8675,51.9691],[0.8865,51.9684],[0.8897,51.9734],[0.9252,51.9762],[0.9293,51.9715],[0.9429,51.9707],[0.9633,51.977],[0.9708,51.9701],[0.9681,51.9641],[0.9758,51.9613],[0.9987,51.964],[1.0187,51.9532],[1.0504,51.9584],[1.062,51.9464],[1.1194,51.9401],[1.1707,51.948],[1.1806,51.9418],[1.2221,51.9395],[1.2453,51.9484],[1.2607,51.9478],[1.2791,51.9394],[1.2773,51.9446],[1.2902,51.9474],[1.2901,51.937],[1.2753,51.9304],[1.2566,51.9129],[1.2524,51.901],[1.2426,51.9008],[1.2343,51.9038],[1.226,51.9038],[1.2221,51.9005],[1.2277,51.8946],[1.2255,51.8895],[1.2,51.8839],[1.1906,51.8697],[1.2143,51.8677],[1.2244,51.8718],[1.2357,51.8614],[1.2539,51.8581],[1.2534,51.8625],[1.2597,51.8639],[1.2735,51.8621],[1.268,51.8742],[1.2809,51.8769],[1.2635,51.8827],[1.2647,51.8861],[1.2906,51.8742],[1.2901,51.8635],[1.2365,51.8197],[1.134,51.7761],[1.0458,51.7703],[1.037,51.7785],[1.0424,51.788],[1.0285,51.8005],[1.0624,51.8102],[1.0129,51.8048],[0.9841,51.8277],[0.9876,51.8385],[0.9812,51.843],[0.974,51.8313],[0.9816,51.8189],[0.9658,51.8227],[0.9633,51.8325],[0.9539,51.8315],[0.9604,51.8308],[0.964,51.822],[0.9521,51.825],[0.9523,51.8295],[0.9514,51.8234],[0.9776,51.8132],[0.9443,51.8102],[0.9428,51.8068],[0.9691,51.8084],[1.0041,51.7977],[0.989,51.7878],[0.9459,51.7748],[0.9069,51.7741],[0.8983,51.7785],[0.9015,51.7856],[0.9202,51.7965],[0.9129,51.8014],[0.8952,51.7881],[0.8915,51.7795],[0.872,51.7867],[0.8666,51.7841],[0.8865,51.7709],[0.8837,51.7638],[0.8607,51.7688],[0.8575,51.775],[0.8467,51.7714],[0.8534,51.7688],[0.8484,51.7604],[0.8522,51.7572],[0.8615,51.7631],[0.8783,51.756],[0.8477,51.7403],[0.8136,51.7386],[0.7915,51.7448],[0.7887,51.7367],[0.7763,51.7408],[0.7446,51.731],[0.7215,51.7362],[0.7079,51.7248],[0.6918,51.7268],[0.7099,51.7164],[0.7547,51.71],[0.7691,51.7023],[0.7922,51.7102],[0.795,51.7185],[0.8197,51.7211],[0.8338,51.7151],[0.8607,51.719],[0.8909,51.7414],[0.9222,51.7485],[0.939,51.7423],[0.9487,51.7311],[0.9398,51.699],[0.9474,51.6811],[0.9355,51.6503],[0.937,51.6362],[0.9041,51.6225],[0.7952,51.6255],[0.7617,51.6427],[0.7491,51.6438],[0.7171,51.6431],[0.7096,51.6371],[0.6331,51.6398],[0.6505,51.6285],[0.6617,51.634],[0.7258,51.6348],[0.7331,51.6303],[0.764,51.6368],[0.7842,51.6233],[0.8577,51.6118],[0.8593,51.6003],[0.8482,51.5964],[0.8204,51.5989],[0.7963,51.5864],[0.7447,51.5816],[0.7461,51.5775],[0.8059,51.5861],[0.8195,51.5652],[0.8298,51.5595],[0.8506,51.5566],[0.8443,51.5494],[0.821,51.5409],[0.789,51.5424],[0.7867,51.553],[0.7532,51.5549],[0.7491,51.5594],[0.7184,51.561],[0.7086,51.5664],[0.6389,51.5768],[0.6316,51.5699],[0.6356,51.5607],[0.6255,51.5536],[0.6258,51.5381],[0.6215,51.5359],[0.5451,51.5477],[0.559,51.5403],[0.6214,51.5263],[0.625,51.5164],[0.5729,51.5078],[0.5532,51.5105],[0.5466,51.5182],[0.5285,51.5183],[0.52,51.5303],[0.5336,51.5303],[0.5432,51.5344],[0.5437,51.5411],[0.5424,51.5351],[0.5333,51.531]]],[[[1.2518,51.8715],[1.2645,51.8723],[1.2649,51.8661],[1.2518,51.8715]]],[[[1.2501,51.8769],[1.238,51.8702],[1.227,51.8793],[1.2602,51.8819],[1.2572,51.8757],[1.2501,51.8769]]],[[[1.234,51.8937],[1.2426,51.8866],[1.2337,51.8867],[1.234,51.8937]]],[[[1.2466,51.8913],[1.2416,51.8883],[1.2282,51.9004],[1.2327,51.9017],[1.2466,51.8913]]],[[[1.2431,51.9002],[1.2395,51.8967],[1.2312,51.9033],[1.2431,51.9002]]]]}},{"type":"Feature","properties":{"code":"UK252","name":"Falkirk"},"geometry":{"type":"Polygon","coordinates":[[[-3.5163,56.0018],[-3.5115,55.994],[-3.5287,55.9928],[-3.5302,55.9864],[-3.5763,55.9896],[-3.5811,55.9945],[-3.5989,55.9971],[-3.6012,55.9924],[-3.6141,55.9914],[-3.6153,55.987],[-3.6324,55.982],[-3.6319,55.9738],[-3.6495,55.9687],[-3.6563,55.9587],[-3.6645,55.9602],[-3.6743,55.9531],[-3.668,55.9486],[-3.6775,55.9424],[-3.7105,55.9337],[-3.7392,55.9331],[-3.7682,55.9078],[-3.7851,55.9008],[-3.8214,55.8954],[-3.8143,55.902],[-3.8767,55.9233],[-3.8921,55.9376],[-3.8999,55.9368],[-3.8986,55.9435],[-3.8604,55.9592],[-3.8679,55.9626],[-3.911,55.9592],[-3.9243,55.9649],[-3.9359,55.9625],[-3.9496,55.9714],[-3.9433,55.9805],[-3.9647,55.9871],[-3.9853,55.9828],[-3.9893,55.9872],[-3.9803,55.9907],[-3.9797,55.9996],[-3.9913,56.006],[-4.0304,56.0097],[-4.0201,56.028],[-3.9783,56.0404],[-3.9734,56.0487],[-3.9394,56.0508],[-3.8951,56.0457],[-3.8138,56.0534],[-3.8145,56.0614],[-3.8022,56.0633],[-3.8004,56.0681],[-3.8359,56.0847],[-3.8231,56.091],[-3.8201,56.0984],[-3.7989,56.1041],[-3.7738,56.0812],[-3.7355,56.064],[-3.7277,56.0474],[-3.7284,56.0323],[-3.7153,56.0259],[-3.7047,56.0264],[-3.6901,56.037],[-3.6815,56.0349],[-3.6773,56.0264],[-3.6843,56.0231],[-3.6717,56.0168],[-3.6722,56.0112],[-3.5975,56.021],[-3.5163,56.0018]]]}},{"type":"Feature","properties":{"code":"UK253","name":"Fife"},"geometry":{"type":"Polygon","coordinates":[[[-3.7393,56.077],[-3.7345,56.0853],[-3.7178,56.0943],[-3.7174,56.1027],[-3.675,56.1013],[-3.6747,56.1059],[-3.6292,56.1114],[-3.6596,56.1198],[-3.6508,56.1291],[-3.5783,56.1411],[-3.5838,56.1441],[-3.5829,56.1508],[-3.562,56.1597],[-3.5461,56.1585],[-3.54,56.1465],[-3.4688,56.1492],[-3.4169,56.1385],[-3.372,56.1455],[-3.3665,56.155],[-3.3717,56.1644],[-3.3393,56.1739],[-3.3164,56.1665],[-3.2965,56.1705],[-3.2929,56.1735],[-3.3056,56.179],[-3.3091,56.1853],[-3.2609,56.1962],[-3.2736,56.2078],[-3.275,56.2142],[-3.2658,56.2183],[-3.2902,56.225],[-3.2849,56.2343],[-3.3673,56.2407],[-3.3572,56.2486],[-3.3547,56.2568],[-3.3773,56.2626],[-3.3836,56.2687],[-3.3355,56.2895],[-3.3249,56.2828],[-3.2944,56.2898],[-3.3007,56.314],[-3.2665,56.3281],[-3.2685,56.3349],[-3.2552,56.3452],[-3.2771,56.3504],[-3.2355,56.354],[-3.194,56.3645],[-3.1167,56.3912],[-3.0635,56.403],[-3.0396,56.4157],[-2.99,56.4207],[-2.9431,56.4383],[-2.9371,56.4464],[-2.9212,56.4516],[-2.8819,56.4519],[-2.855,56.4387],[-2.817,56.4437],[-2.8063,56.4385],[-2.8028,56.4208],[-2.8121,56.3898],[-2.8391,56.3713],[-2.889,56.3661],[-2.8875,56.3617],[-2.8389,56.3529],[-2.8275,56.3556],[-2.822,56.3677],[-2.8119,56.3613],[-2.8044,56.345],[-2.7913,56.3433],[-2.7782,56.3329],[-2.6898,56.3262],[-2.6782,56.3196],[-2.6603,56.3183],[-2.6519,56.3069],[-2.6305,56.2929],[-2.5993,56.2866],[-2.5855,56.2791],[-2.6013,56.2647],[-2.6298,56.2574],[-2.6291,56.2533],[-2.6466,56.243],[-2.6892,56.2228],[-2.7816,56.2009],[-2.8084,56.1866],[-2.8189,56.1897],[-2.8419,56.184],[-2.8524,56.189],[-2.8628,56.1868],[-2.885,56.2038],[-2.9079,56.2102],[-2.9635,56.2086],[-2.9985,56.1918],[-2.9968,56.1885],[-3.0189,56.1743],[-3.0363,56.1665],[-3.0463,56.1676],[-3.0648,56.157],[-3.0842,56.1397],[-3.0957,56.1399],[-3.1239,56.1214],[-3.1405,56.1196],[-3.1542,56.1122],[-3.1604,56.0991],[-3.1585,56.085],[-3.1778,56.0621],[-3.2167,56.0639],[-3.2352,56.0554],[-3.2509,56.0609],[-3.2842,56.0562],[-3.3106,56.0436],[-3.3187,56.0349],[-3.3345,56.0396],[-3.3433,56.0385],[-3.342,56.033],[-3.3572,56.0263],[-3.3771,56.029],[-3.3881,56.0225],[-3.3877,56.0114],[-3.4013,56.009],[-3.4091,56.0162],[-3.445,56.0233],[-3.4506,56.0195],[-3.4652,56.0305],[-3.5067,56.0347],[-3.5217,56.0417],[-3.5445,56.0401],[-3.5755,56.0589],[-3.5868,56.0561],[-3.5874,56.049],[-3.5934,56.0459],[-3.6058,56.0457],[-3.6176,56.056],[-3.6697,56.0463],[-3.6849,56.0478],[-3.7035,56.054],[-3.7393,56.077]]]}},{"type":"Feature","properties":{"code":"UK254","name":"Flintshire"},"geometry":{"type":"MultiPolygon","coordinates":[[[[-2.921,53.1771],[-2.9441,53.1652],[-2.9846,53.1586],[-2.9929,53.1533],[-2.9794,53.1506],[-2.9638,53.1327],[-2.9929,53.1304],[-3.0053,53.1241],[-3.0061,53.1157],[-3.0292,53.1035],[-3.0386,53.0915],[-3.0587,53.0853],[-3.0768,53.0885],[-3.1136,53.0727],[-3.1368,53.0734],[-3.1519,53.0932],[-3.1459,53.104],[-3.17,53.1083],[-3.1768,53.1161],[-3.1758,53.1234],[-3.1859,53.142],[-3.1813,53.1463],[-3.1824,53.1541],[-3.2083,53.1599],[-3.2139,53.1553],[-3.2441,53.1524],[-3.2711,53.1575],[-3.2803,53.1677],[-3.2751,53.179],[-3.311,53.2007],[-3.3055,53.205],[-3.3178,53.2109],[-3.3169,53.2215],[-3.3055,53.2312],[-3.3272,53.237],[-3.3581,53.2547],[-3.3299,53.2732],[-3.3539,53.282],[-3.3584,53.288],[-3.3557,53.2971],[-3.3751,53.2917],[-3.3821,53.3011],[-3.3919,53.3005],[-3.3909,53.3085],[-3.3804,53.3139],[-3.4007,53.3139],[-3.3959,53.3242],[-3.3763,53.3278],[-3.377,53.3322],[-3.3692,53.3342],[-3.369,53.3457],[-3.3607,53.3466],[-3.3634,53.352],[-3.3081,53.3541],[-3.3096,53.344],[-3.2983,53.332],[-3.2784,53.3219],[-3.264,53.3238],[-3.2599,53.316],[-3.2012,53.2936],[-3.1428,53.2593],[-3.0806,53.2349],[-3.059,53.2214],[-3.0378,53.2182],[-2.9338,53.1813],[-2.9204,53.1822],[-2.921,53.1771]]],[[[-3.1093,53.2579],[-3.0259,53.2484],[-2.9496,53.2113],[-2.9224,53.1893],[-2.9204,53.1829],[-2.9348,53.1823],[-3.0434,53.2214],[-3.0595,53.2236],[-3.1093,53.2579]]],[[[-3.0955,53.2621],[-3.1123,53.2626],[-3.1016,53.2672],[-3.0955,53.2621]]]]}},{"type":"Feature","properties":{"code":"UK255","name":"Gateshead"},"geometry":{"type":"Polygon","coordinates":[[[-1.5342,54.9651],[-1.5294,54.9633],[-1.5307,54.958],[-1.5153,54.9561],[-1.5186,54.9522],[-1.5111,54.9317],[-1.5568,54.93],[-1.5689,54.9246],[-1.5601,54.9146],[-1.5594,54.8821],[-1.58,54.8778],[-1.584,54.8928],[-1.5942,54.902],[-1.6437,54.8788],[-1.65,54.8936],[-1.6782,54.8999],[-1.6748,54.9096],[-1.6934,54.9032],[-1.7005,54.9093],[-1.7249,54.9088],[-1.7342,54.9182],[-1.7518,54.9166],[-1.7621,54.9083],[-1.7913,54.9086],[-1.7962,54.9037],[-1.821,54.9057],[-1.8528,54.9174],[-1.8412,54.9297],[-1.8276,54.9302],[-1.8246,54.939],[-1.8339,54.9513],[-1.8229,54.9558],[-1.8244,54.9625],[-1.8151,54.9679],[-1.8128,54.9764],[-1.7921,54.9837],[-1.7468,54.981],[-1.7188,54.9668],[-1.6974,54.9695],[-1.6349,54.9569],[-1.6045,54.968],[-1.5881,54.9692],[-1.5561,54.9585],[-1.5382,54.9606],[-1.5342,54.9651]]]}},{"type":"Feature","properties":{"code":"UK256","name":"Glasgow"},"geometry":{"type":"MultiPolygon","coordinates":[[[[-4.2279,55.8405],[-4.2289,55.8245],[-4.2337,55.8187],[-4.2254,55.8121],[-4.2145,55.8151],[-4.209,55.7989],[-4.2299,55.7859],[-4.2633,55.786],[-4.2682,55.7917],[-4.2603,55.7979],[-4.2671,55.8068],[-4.2926,55.8139],[-4.2973,55.8099],[-4.3273,55.8077],[-4.3228,55.8005],[-4.3334,55.7929],[-4.3721,55.7948],[-4.3774,55.7986],[-4.3677,55.8034],[-4.376,55.8109],[-4.3729,55.8189],[-4.3813,55.8232],[-4.3686,55.8469],[-4.3809,55.8563],[-4.3646,55.8554],[-4.355,55.8655],[-4.3546,55.8731],[-4.2939,55.8584],[-4.2581,55.855],[-4.2377,55.8482],[-4.2407,55.8434],[-4.2279,55.8405]]],[[[-4.1734,55.897],[-4.1631,55.8962],[-4.1584,55.8858],[-4.1415,55.8829],[-4.1072,55.8874],[-4.0893,55.8815],[-4.082,55.8841],[-4.0798,55.8683],[-4.0717,55.8613],[-4.086,55.8587],[-4.0848,55.8453],[-4.1031,55.842],[-4.1127,55.8259],[-4.1309,55.8333],[-4.172,55.823],[-4.1793,55.8347],[-4.1982,55.8334],[-4.1949,55.8392],[-4.2027,55.8443],[-4.2057,55.8378],[-4.213,55.837],[-4.2399,55.8443],[-4.2366,55.8481],[-4.2575,55.8561],[-4.341,55.8702],[-4.3923,55.8895],[-4.3837,55.8921],[-4.3762,55.9015],[-4.39,55.9105],[-4.3797,55.921],[-4.3575,55.9208],[-4.35,55.9171],[-4.349,55.9062],[-4.3278,55.8997],[-4.3157,55.9063],[-4.3002,55.9059],[-4.292,55.9143],[-4.3012,55.9164],[-4.2959,55.9285],[-4.2764,55.9296],[-4.2467,55.9036],[-4.2377,55.9048],[-4.2356,55.8974],[-4.1989,55.898],[-4.1803,55.9049],[-4.1734,55.897]]]]}},{"type":"Feature","properties":{"code":"UK257","name":"Gloucestershire"},"geometry":{"type":"Polygon","coordinates":[[[-1.6657,51.9875],[-1.6689,51.9753],[-1.6626,51.964],[-1.6354,51.9568],[-1.6151,51.9377],[-1.6433,51.9237],[-1.6453,51.9148],[-1.6342,51.9116],[-1.633,51.8992],[-1.6617,51.8945],[-1.668,51.8764],[-1.6871,51.8628],[-1.6811,51.8596],[-1.6787,51.8495],[-1.6864,51.8345],[-1.6831,51.8203],[-1.6768,51.817],[-1.6803,51.8071],[-1.6934,51.7942],[-1.7195,51.7832],[-1.7007,51.7706],[-1.6883,51.742],[-1.6868,51.7285],[-1.6957,51.7238],[-1.6861,51.7102],[-1.6483,51.6841],[-1.6526,51.6815],[-1.669,51.6812],[-1.676,51.6884],[-1.6936,51.6927],[-1.7097,51.6816],[-1.711,51.6718],[-1.7614,51.6625],[-1.777,51.6693],[-1.7886,51.667],[-1.812,51.702],[-1.8185,51.7023],[-1.8193,51.6943],[-1.8125,51.686],[-1.8229,51.6746],[-1.8168,51.6679],[-1.8195,51.6628],[-1.8505,51.6563],[-1.8739,51.6826],[-1.8967,51.6728],[-1.8787,51.6542],[-1.8885,51.6489],[-1.9473,51.6692],[-1.9611,51.6569],[-1.9505,51.637],[-1.9848,51.6432],[-1.9974,51.6513],[-2.0105,51.6489],[-2.0571,51.6725],[-2.1525,51.5903],[-2.1774,51.5974],[-2.19,51.5925],[-2.2066,51.5959],[-2.2074,51.6034],[-2.2419,51.5921],[-2.2452,51.5815],[-2.2696,51.5818],[-2.2726,51.5776],[-2.2935,51.5877],[-2.2898,51.5932],[-2.3165,51.5898],[-2.3198,51.5939],[-2.3668,51.601],[-2.3948,51.5975],[-2.389,51.6275],[-2.3974,51.636],[-2.3862,51.6376],[-2.3988,51.6458],[-2.4072,51.6412],[-2.4525,51.6513],[-2.4822,51.6464],[-2.4918,51.6496],[-2.4908,51.6643],[-2.5348,51.6772],[-2.4975,51.6932],[-2.4862,51.7052],[-2.4819,51.7256],[-2.4744,51.7254],[-2.4515,51.7393],[-2.4326,51.7366],[-2.3832,51.7586],[-2.3792,51.7678],[-2.3855,51.7764],[-2.4455,51.7906],[-2.447,51.7954],[-2.4281,51.8145],[-2.3747,51.7928],[-2.3507,51.7953],[-2.3452,51.8008],[-2.3578,51.8103],[-2.3603,51.8068],[-2.348,51.8027],[-2.3528,51.7969],[-2.3701,51.7946],[-2.4013,51.8044],[-2.4145,51.817],[-2.424,51.8193],[-2.4441,51.8093],[-2.453,51.7967],[-2.4502,51.7869],[-2.4411,51.7818],[-2.4125,51.78],[-2.4056,51.777],[-2.4066,51.7705],[-2.4736,51.743],[-2.4789,51.735],[-2.4981,51.7239],[-2.5054,51.7104],[-2.5525,51.6929],[-2.561,51.6944],[-2.6087,51.6728],[-2.6253,51.6614],[-2.6238,51.6547],[-2.6492,51.6296],[-2.6489,51.6114],[-2.6572,51.6106],[-2.6595,51.6157],[-2.6553,51.6231],[-2.6676,51.6356],[-2.6688,51.6464],[-2.6784,51.6492],[-2.6675,51.6584],[-2.6668,51.6657],[-2.6806,51.6604],[-2.6855,51.6627],[-2.6809,51.6692],[-2.6592,51.671],[-2.6568,51.6756],[-2.6723,51.6819],[-2.6684,51.6934],[-2.6733,51.7],[-2.6684,51.7069],[-2.6789,51.7141],[-2.6857,51.7318],[-2.6709,51.737],[-2.6628,51.7536],[-2.6804,51.7689],[-2.6714,51.795],[-2.6782,51.8033],[-2.6726,51.8089],[-2.6588,51.8114],[-2.6608,51.8228],[-2.6504,51.8261],[-2.6356,51.8411],[-2.6245,51.8395],[-2.6094,51.8468],[-2.6044,51.8547],[-2.593,51.8552],[-2.5862,51.8498],[-2.5789,51.8519],[-2.5852,51.8599],[-2.5761,51.8626],[-2.5316,51.8607],[-2.5225,51.8648],[-2.5086,51.8851],[-2.5036,51.8866],[-2.4938,51.88],[-2.4653,51.893],[-2.446,51.894],[-2.4401,51.9025],[-2.4482,51.9187],[-2.4661,51.928],[-2.4645,51.9485],[-2.4737,51.9565],[-2.4902,51.955],[-2.5009,51.9606],[-2.4925,51.9667],[-2.4965,51.9762],[-2.4897,51.9862],[-2.4709,51.9948],[-2.4917,52.0065],[-2.4739,52.0239],[-2.4641,52.0233],[-2.4562,52.0148],[-2.4361,52.0145],[-2.4366,51.9968],[-2.4132,51.9941],[-2.4029,51.9962],[-2.393,52.0129],[-2.3513,52.0214],[-2.3525,52.0136],[-2.3295,52.0068],[-2.3207,51.9922],[-2.3236,51.9756],[-2.3127,51.9765],[-2.3004,51.9667],[-2.2883,51.9706],[-2.2513,51.9665],[-2.2207,51.9955],[-2.2029,51.9963],[-2.1852,51.9905],[-2.1639,51.9969],[-2.1656,52.0048],[-2.1876,52.0191],[-2.1769,52.0225],[-2.1807,52.0418],[-2.1624,52.0505],[-2.1183,52.0421],[-2.118,52.0331],[-2.1394,52.0279],[-2.1508,52.0066],[-2.1391,52.004],[-2.1115,52.0148],[-2.0848,52.0104],[-2.0608,52.0147],[-2.0495,52.0038],[-2.0384,52.0046],[-2.0382,52.0096],[-1.9986,52.0297],[-1.9953,52.0265],[-1.9842,52.0359],[-1.9513,52.0378],[-1.9475,52.0319],[-1.9311,52.0302],[-1.9135,52.0444],[-1.8735,52.0243],[-1.8637,52.0144],[-1.839,52.0068],[-1.8354,52.0092],[-1.8357,52.0225],[-1.8263,52.0291],[-1.8297,52.0391],[-1.8634,52.0534],[-1.8651,52.0662],[-1.8717,52.0654],[-1.8744,52.07],[-1.8467,52.0794],[-1.8317,52.0732],[-1.8178,52.0848],[-1.8161,52.0796],[-1.8022,52.0969],[-1.7677,52.1126],[-1.7468,52.0933],[-1.7329,52.0951],[-1.7281,52.0884],[-1.7307,52.0734],[-1.7143,52.0667],[-1.7098,52.0734],[-1.7017,52.0728],[-1.7052,52.0597],[-1.6899,52.0532],[-1.6951,52.0405],[-1.6672,52.0361],[-1.6649,52.0318],[-1.6269,52.0379],[-1.6175,52.0334],[-1.6387,52.0205],[-1.642,52.0103],[-1.6659,51.9972],[-1.6699,51.9931],[-1.6657,51.9875]]]}},{"type":"Feature","properties":{"code":"UK258","name":"Greater London"},"geometry":{"type":"Polygon","coordinates":[[[-0.1641,51.3261],[-0.1631,51.3303],[-0.1729,51.33],[-0.1973,51.3436],[-0.213,51.3355],[-0.214,51.3304],[-0.221,51.3299],[-0.2298,51.3365],[-0.2172,51.3434],[-0.2227,51.3571],[-0.2333,51.366],[-0.2454,51.3668],[-0.245,51.3801],[-0.2611,51.3796],[-0.2883,51.3621],[-0.3062,51.3351],[-0.3283,51.3264],[-0.3305,51.3484],[-0.3184,51.3637],[-0.3175,51.372],[-0.3087,51.3755],[-0.3177,51.3937],[-0.3286,51.3923],[-0.3592,51.4119],[-0.3794,51.4079],[-0.3867,51.4201],[-0.4054,51.4225],[-0.419,51.4323],[-0.4399,51.4306],[-0.4398,51.4346],[-0.4477,51.435],[-0.4462,51.44],[-0.4565,51.4382],[-0.4587,51.4563],[-0.5097,51.4692],[-0.4835,51.5081],[-0.4923,51.5171],[-0.4905,51.5341],[-0.4955,51.5384],[-0.4766,51.558],[-0.4995,51.5921],[-0.4953,51.6187],[-0.5003,51.6287],[-0.4915,51.6308],[-0.4572,51.6123],[-0.4456,51.6196],[-0.4041,51.6132],[-0.3859,51.6158],[-0.3167,51.6405],[-0.2943,51.6356],[-0.254,51.6442],[-0.2479,51.6553],[-0.2079,51.6629],[-0.2034,51.6701],[-0.1911,51.6639],[-0.1724,51.6731],[-0.1634,51.6881],[-0.1494,51.6855],[-0.1057,51.6919],[-0.0663,51.6838],[-0.0119,51.6809],[-0.0089,51.6602],[-0.0122,51.6462],[0.0228,51.6412],[0.0258,51.6346],[0.0218,51.6289],[0.0407,51.6157],[0.0729,51.6047],[0.0872,51.6045],[0.0946,51.6108],[0.1382,51.6235],[0.1689,51.6214],[0.2241,51.6317],[0.2646,51.6083],[0.2548,51.6014],[0.2699,51.5995],[0.2721,51.5877],[0.2903,51.5643],[0.313,51.5658],[0.3154,51.5578],[0.3339,51.5425],[0.2653,51.5321],[0.2636,51.5178],[0.2538,51.5178],[0.2508,51.5288],[0.2372,51.5194],[0.2419,51.5079],[0.2266,51.5066],[0.2299,51.4994],[0.215,51.4965],[0.2105,51.4902],[0.1891,51.4878],[0.1785,51.5052],[0.1649,51.5117],[0.1268,51.5196],[0.1066,51.5139],[0.0956,51.517],[0.0921,51.5267],[0.0764,51.5298],[0.0694,51.5441],[0.0731,51.5294],[0.0921,51.5257],[0.094,51.515],[0.0833,51.5116],[0.0737,51.5003],[0.0172,51.501],[0.0064,51.5146],[-0.0079,51.5231],[-0.0092,51.5199],[0.0036,51.5145],[-0.0072,51.5031],[-0.0032,51.4922],[-0.0067,51.4871],[-0.0256,51.4907],[-0.0284,51.5057],[-0.0331,51.5087],[-0.042,51.5098],[-0.0596,51.5028],[-0.1115,51.5108],[-0.1195,51.5091],[-0.1255,51.4917],[-0.1324,51.4858],[-0.1757,51.4817],[-0.1838,51.4775],[-0.183,51.4692],[-0.1941,51.4648],[-0.2169,51.4696],[-0.2286,51.4888],[-0.2344,51.4904],[-0.2445,51.4887],[-0.2513,51.4821],[-0.2547,51.4729],[-0.2656,51.4719],[-0.2815,51.4863],[-0.2925,51.4875],[-0.3215,51.4705],[-0.3266,51.46],[-0.3177,51.471],[-0.2953,51.4848],[-0.2844,51.4859],[-0.2724,51.4739],[-0.264,51.4702],[-0.2557,51.4712],[-0.2497,51.476],[-0.2484,51.4839],[-0.2356,51.489],[-0.228,51.4851],[-0.2235,51.4715],[-0.1991,51.4627],[-0.1837,51.4655],[-0.1716,51.4802],[-0.1285,51.4851],[-0.1193,51.5038],[-0.1047,51.5086],[-0.0638,51.5006],[-0.0444,51.507],[-0.0323,51.5043],[-0.0324,51.4931],[-0.017,51.4804],[-0.0226,51.4754],[0.0027,51.4919],[-0.0017,51.5028],[0.0052,51.5044],[0.018,51.4951],[0.0576,51.4944],[0.0762,51.4958],[0.092,51.509],[0.1323,51.5122],[0.1666,51.5035],[0.1726,51.4888],[0.1833,51.4812],[0.2177,51.4804],[0.2082,51.4708],[0.2102,51.4625],[0.2034,51.4544],[0.1727,51.443],[0.1639,51.4289],[0.1558,51.4309],[0.1488,51.4085],[0.1624,51.3925],[0.1477,51.3928],[0.1532,51.3781],[0.1425,51.3507],[0.1369,51.3442],[0.1251,51.3459],[0.1167,51.3413],[0.1203,51.3322],[0.1142,51.3274],[0.1049,51.3274],[0.085,51.3161],[0.0828,51.3056],[0.0911,51.2968],[0.0815,51.2919],[0.0585,51.2893],[0.0508,51.294],[0.0424,51.2926],[0.0444,51.2985],[0.0329,51.3075],[0.015,51.2918],[0.0022,51.3291],[-0.0379,51.3387],[-0.0503,51.3326],[-0.0479,51.3265],[-0.0525,51.3224],[-0.0789,51.3198],[-0.0848,51.3159],[-0.0818,51.3106],[-0.0943,51.2993],[-0.1243,51.2867],[-0.1311,51.2955],[-0.1553,51.3013],[-0.1543,51.3104],[-0.162,51.3196],[-0.1565,51.3215],[-0.1641,51.3261]]]}},{"type":"Feature","properties":{"code":"UK259","name":"Greater Manchester"},"geometry":{"type":"Polygon","coordinates":[[[-2.0238,53.4206],[-1.9923,53.4152],[-2.0047,53.3863],[-2.0311,53.3702],[-2.041,53.3727],[-2.0553,53.3669],[-2.0596,53.3589],[-2.0785,53.3581],[-2.0949,53.366],[-2.1396,53.3646],[-2.1382,53.3569],[-2.1512,53.3481],[-2.144,53.3429],[-2.1525,53.3285],[-2.18,53.3311],[-2.1941,53.3386],[-2.181,53.344],[-2.188,53.3487],[-2.1855,53.352],[-2.2162,53.3589],[-2.2565,53.3607],[-2.288,53.3431],[-2.2974,53.3438],[-2.3056,53.3532],[-2.3329,53.3655],[-2.3566,53.3685],[-2.3593,53.3643],[-2.3757,53.3654],[-2.4106,53.3838],[-2.4484,53.3948],[-2.4683,53.3938],[-2.4717,53.3977],[-2.4494,53.4159],[-2.449,53.4229],[-2.4618,53.4364],[-2.4782,53.4434],[-2.4761,53.4482],[-2.4923,53.4652],[-2.4892,53.4758],[-2.4963,53.481],[-2.5505,53.468],[-2.549,53.4614],[-2.5704,53.4585],[-2.5767,53.446],[-2.5993,53.461],[-2.6134,53.4618],[-2.6167,53.4662],[-2.6121,53.4812],[-2.6456,53.4802],[-2.6663,53.4997],[-2.7071,53.5067],[-2.7084,53.5133],[-2.7235,53.5117],[-2.7305,53.5206],[-2.7179,53.5272],[-2.7185,53.5435],[-2.7048,53.5591],[-2.7177,53.5726],[-2.7144,53.5817],[-2.6937,53.5918],[-2.6898,53.6038],[-2.6346,53.6083],[-2.6258,53.5937],[-2.596,53.6109],[-2.5741,53.5943],[-2.5114,53.627],[-2.4792,53.617],[-2.4538,53.622],[-2.4502,53.6414],[-2.4387,53.6461],[-2.4261,53.635],[-2.4263,53.6265],[-2.4013,53.6246],[-2.3978,53.6322],[-2.3792,53.6308],[-2.3686,53.635],[-2.3726,53.642],[-2.3626,53.656],[-2.3712,53.667],[-2.3334,53.6552],[-2.3203,53.656],[-2.3001,53.667],[-2.2938,53.658],[-2.2958,53.6415],[-2.2717,53.6145],[-2.258,53.6165],[-2.2699,53.6462],[-2.2459,53.6635],[-2.2258,53.6707],[-2.2072,53.6607],[-2.2052,53.6544],[-2.1823,53.6483],[-2.1818,53.6404],[-2.1613,53.6414],[-2.1639,53.6548],[-2.1464,53.6823],[-2.1341,53.6857],[-2.1182,53.6712],[-2.0929,53.6702],[-2.0843,53.6729],[-2.084,53.6777],[-2.0513,53.6837],[-2.0488,53.6803],[-2.0548,53.6757],[-2.0521,53.6694],[-2.0371,53.6624],[-2.0412,53.6408],[-2.0299,53.6362],[-2.0309,53.6292],[-2.023,53.6158],[-2.0095,53.6168],[-1.9817,53.5893],[-1.9463,53.5715],[-1.9427,53.5616],[-1.9128,53.5516],[-1.9097,53.5384],[-1.9225,53.5308],[-1.9268,53.521],[-1.9168,53.5145],[-1.922,53.5099],[-1.9556,53.5045],[-1.9634,53.5098],[-1.9727,53.5025],[-1.9747,53.4879],[-1.9878,53.4811],[-1.9885,53.47],[-1.9808,53.4629],[-1.9881,53.4606],[-1.9856,53.4557],[-2.0064,53.4404],[-2.0178,53.4384],[-2.0263,53.4298],[-2.0196,53.4251],[-2.0238,53.4206]]]}},{"type":"Feature","properties":{"code":"UK260","name":"Gwynedd"},"geometry":{"type":"MultiPolygon","coordinates":[[[[-4.7799,52.7661],[-4.7859,52.7532],[-4.7955,52.7542],[-4.7935,52.7685],[-4.7799,52.7661]]],[[[-3.4489,52.9845],[-3.4423,52.9775],[-3.4493,52.972],[-3.4468,52.9632],[-3.4841,52.9429],[-3.4823,52.9398],[-3.4914,52.9337],[-3.4659,52.9198],[-3.4675,52.9142],[-3.4803,52.9088],[-3.4872,52.8947],[-3.4735,52.8713],[-3.5055,52.8419],[-3.5667,52.8301],[-3.5682,52.8229],[-3.5864,52.8277],[-3.597,52.814],[-3.5969,52.805],[-3.6087,52.7958],[-3.6065,52.787],[-3.5969,52.7835],[-3.5889,52.7395],[-3.5994,52.7258],[-3.605,52.705],[-3.6196,52.6975],[-3.6544,52.6917],[-3.6844,52.6937],[-3.7115,52.6744],[-3.7168,52.6788],[-3.744,52.6813],[-3.7571,52.6702],[-3.7883,52.671],[-3.8049,52.6784],[-3.818,52.6727],[-3.8168,52.6696],[-3.8407,52.6509],[-3.844,52.6412],[-3.834,52.6358],[-3.8463,52.6288],[-3.8438,52.6052],[-3.8593,52.6],[-3.8775,52.5824],[-3.9236,52.5707],[-3.9309,52.5657],[-3.9277,52.5578],[-3.9316,52.5539],[-3.943,52.5603],[-3.9621,52.5603],[-4.0143,52.5474],[-4.0702,52.5433],[-4.118,52.6021],[-4.0906,52.6005],[-4.0896,52.6042],[-4.0976,52.6074],[-4.1162,52.6047],[-4.1284,52.6135],[-4.1171,52.6398],[-4.0949,52.6685],[-4.0574,52.6872],[-4.0574,52.7062],[-4.0515,52.7038],[-4.0322,52.7085],[-4.0359,52.7137],[-3.9994,52.7236],[-3.9894,52.7359],[-3.9621,52.7454],[-3.9684,52.7493],[-3.9866,52.7395],[-4.0213,52.7353],[-4.0364,52.721],[-4.0603,52.7206],[-4.0815,52.7477],[-4.15,52.8074],[-4.1523,52.8133],[-4.147,52.8191],[-4.1198,52.8255],[-4.1269,52.8351],[-4.1195,52.8451],[-4.1213,52.8539],[-4.1463,52.8843],[-4.1452,52.8937],[-4.0865,52.9019],[-4.0719,52.9171],[-4.0606,52.9183],[-4.0611,52.9231],[-4.0727,52.9239],[-4.1031,52.9091],[-4.1181,52.9217],[-4.1304,52.9234],[-4.1316,52.917],[-4.1633,52.9053],[-4.2296,52.9189],[-4.2667,52.9103],[-4.3165,52.9085],[-4.325,52.9047],[-4.3311,52.8926],[-4.389,52.8956],[-4.4168,52.8873],[-4.4099,52.8813],[-4.4417,52.8759],[-4.4651,52.8678],[-4.4639,52.8638],[-4.4732,52.86],[-4.4789,52.8534],[-4.4702,52.8499],[-4.4741,52.8458],[-4.4945,52.8385],[-4.5019,52.831],[-4.4973,52.8255],[-4.5014,52.8185],[-4.4971,52.8099],[-4.4875,52.8098],[-4.483,52.8036],[-4.4868,52.7945],[-4.4915,52.7909],[-4.4974,52.795],[-4.5149,52.793],[-4.528,52.7777],[-4.5426,52.787],[-4.5361,52.8002],[-4.5938,52.824],[-4.6112,52.8245],[-4.6245,52.8096],[-4.6444,52.7997],[-4.6613,52.8061],[-4.6917,52.7946],[-4.6923,52.7996],[-4.7207,52.8029],[-4.7313,52.7863],[-4.7515,52.7877],[-4.7668,52.7939],[-4.7676,52.7981],[-4.7572,52.8023],[-4.7517,52.8156],[-4.7218,52.8384],[-4.7268,52.8451],[-4.7213,52.856],[-4.6963,52.8593],[-4.6868,52.8761],[-4.6744,52.8755],[-4.6648,52.8841],[-4.6668,52.8893],[-4.6485,52.9061],[-4.6316,52.9063],[-4.6177,52.9223],[-4.594,52.927],[-4.5782,52.9384],[-4.5202,52.9401],[-4.4911,52.9562],[-4.482,52.9661],[-4.4679,52.9702],[-4.4583,52.9837],[-4.4435,52.9903],[-4.4364,52.9989],[-4.4069,52.9997],[-4.3537,53.0333],[-4.3493,53.0448],[-4.3391,53.0541],[-4.3379,53.0885],[-4.3472,53.1136],[-4.3387,53.1219],[-4.3303,53.122],[-4.3314,53.1145],[-4.3201,53.0981],[-4.3125,53.1032],[-4.3132,53.124],[-4.3074,53.1304],[-4.2789,53.1395],[-4.258,53.1611],[-4.208,53.1872],[-4.2075,53.2044],[-4.1939,53.2129],[-4.1604,53.2198],[-4.1223,53.2371],[-4.1173,53.2325],[-4.0941,53.236],[-4.0835,53.2293],[-4.0311,53.2374],[-4.0268,53.2426],[-3.9982,53.2484],[-3.9793,53.2319],[-3.9352,53.2149],[-3.9389,53.2002],[-3.9649,53.1834],[-3.9632,53.1738],[-3.9704,53.1602],[-3.9914,53.1544],[-4.0079,53.1438],[-4.0311,53.1064],[-4.0291,53.1015],[-4.0142,53.1036],[-4.0142,53.0907],[-3.9894,53.0817],[-3.977,53.0689],[-3.9813,53.0587],[-3.9929,53.0502],[-3.9972,53.0376],[-3.9898,53.0268],[-3.9936,53.0215],[-3.9916,53.014],[-3.9855,53.0107],[-3.9632,53.0109],[-3.915,53.0226],[-3.8989,53.0206],[-3.8976,53.0147],[-3.8888,53.0101],[-3.8929,52.9953],[-3.8493,52.9773],[-3.841,52.9623],[-3.8131,52.9493],[-3.7697,52.9593],[-3.7354,52.9798],[-3.683,52.9869],[-3.673,52.997],[-3.6596,52.9969],[-3.6153,53.0113],[-3.5997,53.0117],[-3.6053,53.0007],[-3.5962,52.9778],[-3.5829,52.9675],[-3.5441,52.9683],[-3.5339,52.9737],[-3.5045,52.9653],[-3.4819,52.9716],[-3.464,52.983],[-3.4489,52.9845]]]]}},{"type":"Feature","properties":{"code":"UK261","name":"Halton"},"geometry":{"type":"MultiPolygon","coordinates":[[[[-2.5951,53.3224],[-2.6179,53.3161],[-2.6325,53.3076],[-2.6854,53.3154],[-2.7008,53.3059],[-2.7235,53.3132],[-2.7393,53.3069],[-2.7633,53.3276],[-2.7559,53.342],[-2.7187,53.3449],[-2.6995,53.3567],[-2.6752,53.3544],[-2.6306,53.364],[-2.6268,53.3587],[-2.6315,53.346],[-2.6096,53.3462],[-2.6199,53.3319],[-2.5951,53.3224]]],[[[-2.6968,53.3825],[-2.6933,53.3618],[-2.7285,53.3545],[-2.7366,53.3478],[-2.7476,53.3506],[-2.769,53.3456],[-2.7855,53.3235],[-2.8267,53.3317],[-2.8189,53.348],[-2.8091,53.3551],[-2.7874,53.3563],[-2.7771,53.3797],[-2.7525,53.3859],[-2.7434,53.3953],[-2.7452,53.4021],[-2.7165,53.3991],[-2.7127,53.3906],[-2.6907,53.3854],[-2.6968,53.3825]]]]}},{"type":"Feature","properties":{"code":"UK262","name":"Hampshire"},"geometry":{"type":"MultiPolygon","coordinates":[[[[-0.9522,50.8279],[-0.9565,50.8081],[-0.9693,50.8064],[-0.969,50.8027],[-0.9572,50.8043],[-0.9595,50.7909],[-0.9512,50.7842],[-0.936,50.7862],[-0.9356,50.7791],[-0.9463,50.7767],[-1.0239,50.7881],[-1.001,50.7946],[-0.9895,50.8036],[-0.9832,50.8207],[-0.9866,50.8272],[-0.9673,50.8348],[-0.9522,50.8279]]],[[[-0.9827,51.3598],[-0.9237,51.366],[-0.8779,51.3526],[-0.8282,51.3528],[-0.8139,51.3454],[-0.8141,51.3416],[-0.787,51.3392],[-0.7663,51.326],[-0.7555,51.3135],[-0.7441,51.3093],[-0.7312,51.2804],[-0.7293,51.2565],[-0.7385,51.2411],[-0.7358,51.2377],[-0.7456,51.2305],[-0.7759,51.2419],[-0.8018,51.239],[-0.8048,51.245],[-0.8207,51.2393],[-0.8209,51.2345],[-0.828,51.2331],[-0.829,51.2254],[-0.8489,51.2108],[-0.8254,51.1812],[-0.8338,51.1497],[-0.8283,51.1452],[-0.8048,51.1553],[-0.795,51.1495],[-0.7914,51.1394],[-0.7811,51.1352],[-0.7824,51.1285],[-0.7693,51.1171],[-0.7456,51.1122],[-0.7492,51.1032],[-0.7598,51.1049],[-0.7535,51.0865],[-0.7807,51.0793],[-0.7955,51.0649],[-0.8199,51.0607],[-0.8298,51.0635],[-0.8315,51.0685],[-0.8428,51.0669],[-0.8501,51.0593],[-0.8529,51.0449],[-0.8953,51.0234],[-0.8978,51.0103],[-0.8934,51.0028],[-0.9079,50.9941],[-0.9177,50.9787],[-0.9152,50.9715],[-0.9293,50.9583],[-0.9318,50.9456],[-0.9373,50.9421],[-0.924,50.9242],[-0.9403,50.918],[-0.9555,50.8911],[-0.927,50.865],[-0.9325,50.846],[-0.9376,50.8424],[-0.9895,50.8377],[-1.0131,50.8444],[-1.0206,50.843],[-1.0206,50.839],[-1.023,50.8528],[-1.094,50.8593],[-1.1159,50.8582],[-1.1131,50.8361],[-1.1415,50.8386],[-1.1544,50.8449],[-1.1751,50.8387],[-1.1585,50.8387],[-1.1503,50.8336],[-1.1524,50.8299],[-1.142,50.8177],[-1.1239,50.8061],[-1.1241,50.7993],[-1.1166,50.7957],[-1.1163,50.788],[-1.143,50.7737],[-1.1612,50.7844],[-1.1848,50.7879],[-1.2156,50.8101],[-1.2999,50.8368],[-1.3081,50.843],[-1.3032,50.8484],[-1.3085,50.8604],[-1.3053,50.8743],[-1.313,50.8764],[-1.3144,50.8538],[-1.3222,50.852],[-1.3652,50.88],[-1.3219,50.901],[-1.3334,50.9198],[-1.3579,50.9307],[-1.3528,50.9354],[-1.3547,50.941],[-1.3669,50.9469],[-1.3897,50.9459],[-1.3929,50.9494],[-1.4493,50.949],[-1.477,50.9287],[-1.4783,50.9119],[-1.4591,50.9007],[-1.4415,50.9018],[-1.4267,50.8968],[-1.3975,50.8747],[-1.4007,50.8719],[-1.374,50.8543],[-1.3599,50.8503],[-1.3577,50.8452],[-1.346,50.8455],[-1.3373,50.8387],[-1.3382,50.8293],[-1.3246,50.8253],[-1.3115,50.8134],[-1.3275,50.8031],[-1.342,50.786],[-1.3541,50.7839],[-1.4087,50.7867],[-1.4098,50.8005],[-1.4227,50.8082],[-1.4229,50.8],[-1.4123,50.8001],[-1.413,50.784],[-1.3989,50.7775],[-1.4043,50.7719],[-1.4836,50.756],[-1.5138,50.7533],[-1.5344,50.7591],[-1.5259,50.7445],[-1.5309,50.737],[-1.5556,50.7223],[-1.5768,50.7165],[-1.647,50.7333],[-1.6926,50.7374],[-1.6818,50.7519],[-1.7442,50.7475],[-1.739,50.7633],[-1.7491,50.7795],[-1.7823,50.765],[-1.7883,50.7669],[-1.7879,50.7788],[-1.7976,50.7839],[-1.8024,50.8003],[-1.8117,50.8061],[-1.8037,50.83],[-1.7971,50.83],[-1.7914,50.837],[-1.8034,50.8445],[-1.7999,50.8484],[-1.8059,50.8531],[-1.808,50.8644],[-1.8296,50.8553],[-1.851,50.8587],[-1.8535,50.8665],[-1.8478,50.8697],[-1.8485,50.8898],[-1.8417,50.897],[-1.8256,50.8961],[-1.8165,50.9039],[-1.8205,50.9121],[-1.8148,50.9232],[-1.8404,50.9318],[-1.8737,50.9173],[-1.9092,50.9454],[-1.921,50.9615],[-1.9573,50.9832],[-1.9568,50.9898],[-1.95,50.9823],[-1.9279,50.9977],[-1.8868,50.9995],[-1.8792,51.0039],[-1.8747,51.0035],[-1.874,50.9844],[-1.8528,51.0051],[-1.8359,51.0094],[-1.8155,50.9859],[-1.8075,50.992],[-1.7544,50.9779],[-1.7196,50.9768],[-1.6893,50.9546],[-1.6617,50.9453],[-1.635,50.9593],[-1.6234,50.9546],[-1.6029,50.9785],[-1.6196,50.983],[-1.6287,50.9991],[-1.5976,51.008],[-1.6057,51.02],[-1.5994,51.0237],[-1.6324,51.0328],[-1.6277,51.0688],[-1.6291,51.0812],[-1.6374,51.0922],[-1.6269,51.1029],[-1.6309,51.1111],[-1.6262,51.1173],[-1.6405,51.1253],[-1.6629,51.1271],[-1.6539,51.1562],[-1.6724,51.1786],[-1.6689,51.1908],[-1.6941,51.2039],[-1.6898,51.2148],[-1.6534,51.2205],[-1.6335,51.2175],[-1.6193,51.2412],[-1.6135,51.2414],[-1.6065,51.2519],[-1.5777,51.2556],[-1.5443,51.245],[-1.536,51.2486],[-1.5306,51.2626],[-1.5405,51.2608],[-1.5369,51.2783],[-1.5427,51.2812],[-1.5345,51.2871],[-1.5228,51.287],[-1.5281,51.2998],[-1.5252,51.307],[-1.5335,51.3163],[-1.5276,51.3384],[-1.5168,51.3389],[-1.4984,51.3294],[-1.4297,51.3365],[-1.445,51.3482],[-1.4441,51.3549],[-1.4284,51.3567],[-1.4111,51.3728],[-1.3488,51.3672],[-1.3247,51.3725],[-1.2735,51.3675],[-1.2486,51.3719],[-1.2416,51.3663],[-1.2251,51.3695],[-1.177,51.3573],[-1.1697,51.3607],[-1.1441,51.3573],[-1.1158,51.3604],[-1.1154,51.3742],[-1.0866,51.384],[-1.0501,51.3582],[-0.9861,51.3628],[-0.9827,51.3598]]]]}},{"type":"Feature","properties":{"code":"UK263","name":"Hartlepool"},"geometry":{"type":"Polygon","coordinates":[[[-1.241,54.7232],[-1.178,54.6993],[-1.1816,54.6933],[-1.1979,54.6918],[-1.1992,54.6808],[-1.1846,54.6605],[-1.164,54.6473],[-1.1731,54.6335],[-1.1882,54.6326],[-1.2007,54.623],[-1.239,54.6279],[-1.2552,54.6234],[-1.299,54.628],[-1.2982,54.6355],[-1.3164,54.6453],[-1.3294,54.6431],[-1.3295,54.6365],[-1.3397,54.6362],[-1.381,54.6439],[-1.3411,54.6502],[-1.3463,54.6593],[-1.3435,54.6686],[-1.333,54.6727],[-1.333,54.692],[-1.3194,54.6913],[-1.3126,54.6959],[-1.3015,54.7102],[-1.3037,54.7185],[-1.2902,54.7184],[-1.2703,54.7272],[-1.2574,54.7255],[-1.2519,54.7196],[-1.241,54.7232]]]}},{"type":"Feature","properties":{"code":"UK264","name":"Herefordshire"},"geometry":{"type":"Polygon","coordinates":[[[-2.618,52.307],[-2.6363,52.309],[-2.6593,52.3053],[-2.661,52.3004],[-2.6354,52.2861],[-2.6043,52.2866],[-2.598,52.2816],[-2.5965,52.2766],[-2.6068,52.2756],[-2.6162,52.2647],[-2.6278,52.2602],[-2.6343,52.2473],[-2.6288,52.2403],[-2.5411,52.2531],[-2.5316,52.2533],[-2.5258,52.2481],[-2.5155,52.256],[-2.4956,52.257],[-2.4936,52.264],[-2.5041,52.2723],[-2.5031,52.2774],[-2.4834,52.2844],[-2.4514,52.2851],[-2.4344,52.2753],[-2.4298,52.2714],[-2.4726,52.2528],[-2.4747,52.2414],[-2.4648,52.2344],[-2.423,52.2373],[-2.3858,52.2265],[-2.3897,52.2221],[-2.4041,52.2213],[-2.393,52.2103],[-2.4004,52.2023],[-2.4086,52.2015],[-2.4087,52.1964],[-2.4192,52.1879],[-2.415,52.1833],[-2.4255,52.177],[-2.422,52.1724],[-2.4329,52.172],[-2.4329,52.1673],[-2.4152,52.1453],[-2.394,52.1468],[-2.3794,52.1551],[-2.3586,52.1519],[-2.3445,52.1326],[-2.3562,52.1271],[-2.3492,52.0957],[-2.3382,52.0955],[-2.3392,52.0697],[-2.3515,52.0563],[-2.3474,52.053],[-2.3513,52.0214],[-2.393,52.0129],[-2.4029,51.9962],[-2.4132,51.9941],[-2.4366,51.9968],[-2.4361,52.0145],[-2.4562,52.0148],[-2.4641,52.0233],[-2.4739,52.0239],[-2.4913,52.0105],[-2.4855,52.0003],[-2.4709,51.9948],[-2.4897,51.9862],[-2.4965,51.9762],[-2.4925,51.9667],[-2.5009,51.9606],[-2.4902,51.955],[-2.4737,51.9565],[-2.4645,51.9485],[-2.4661,51.928],[-2.4431,51.912],[-2.4401,51.9025],[-2.446,51.894],[-2.4653,51.893],[-2.4938,51.88],[-2.5036,51.8866],[-2.5086,51.8851],[-2.5225,51.8648],[-2.5316,51.8607],[-2.5761,51.8626],[-2.5852,51.8599],[-2.5789,51.8519],[-2.5862,51.8498],[-2.593,51.8552],[-2.6044,51.8547],[-2.6094,51.8468],[-2.6245,51.8395],[-2.6356,51.8411],[-2.6504,51.8261],[-2.6661,51.8356],[-2.6825,51.8378],[-2.6933,51.8339],[-2.6973,51.8448],[-2.7051,51.8457],[-2.7068,51.8397],[-2.716,51.8407],[-2.7195,51.8489],[-2.7388,51.8367],[-2.7464,51.8446],[-2.7568,51.8459],[-2.7695,51.8624],[-2.7787,51.8659],[-2.7693,51.8803],[-2.8021,51.8906],[-2.8212,51.9054],[-2.8361,51.9061],[-2.8421,51.9178],[-2.862,51.914],[-2.8633,51.9172],[-2.851,51.9188],[-2.8593,51.9277],[-2.87,51.9268],[-2.8754,51.9331],[-2.8887,51.9335],[-2.887,51.9282],[-2.8925,51.9254],[-2.9685,51.9045],[-2.9754,51.9095],[-2.9766,51.9275],[-2.9993,51.9235],[-3.0081,51.9271],[-3.0131,51.9449],[-3.0673,51.9831],[-3.0869,52.014],[-3.0992,52.0227],[-3.0866,52.0411],[-3.0929,52.0475],[-3.0907,52.0508],[-3.1164,52.0659],[-3.1259,52.0783],[-3.1189,52.0887],[-3.1227,52.1032],[-3.1046,52.1074],[-3.1068,52.1187],[-3.1368,52.1233],[-3.1419,52.1278],[-3.1342,52.1336],[-3.1358,52.1379],[-3.0937,52.1443],[-3.0725,52.1557],[-3.0841,52.1632],[-3.0944,52.1552],[-3.1121,52.159],[-3.122,52.1669],[-3.0967,52.1805],[-3.1,52.2022],[-3.0779,52.216],[-3.0703,52.2293],[-3.0731,52.2358],[-3.0441,52.2394],[-3.0456,52.2531],[-3.0055,52.2643],[-2.9657,52.262],[-2.965,52.2681],[-2.9557,52.2702],[-3.0118,52.2775],[-3.0119,52.2881],[-3.0005,52.3032],[-3.0021,52.32],[-2.9721,52.3293],[-2.9617,52.3359],[-2.9547,52.3491],[-2.9331,52.3501],[-2.9307,52.355],[-2.9389,52.361],[-2.9071,52.3684],[-2.9224,52.3751],[-2.9141,52.3821],[-2.9054,52.3858],[-2.8865,52.3785],[-2.8885,52.3851],[-2.8638,52.3888],[-2.8554,52.3953],[-2.8182,52.3912],[-2.8054,52.3861],[-2.8091,52.3839],[-2.8074,52.376],[-2.7942,52.371],[-2.7953,52.3592],[-2.7431,52.3591],[-2.7328,52.3555],[-2.7386,52.3509],[-2.7379,52.3428],[-2.7484,52.3349],[-2.7557,52.3366],[-2.7631,52.3317],[-2.7371,52.3194],[-2.7262,52.3203],[-2.7124,52.3081],[-2.6814,52.3112],[-2.6799,52.3152],[-2.6893,52.3162],[-2.6696,52.3415],[-2.6603,52.3413],[-2.6598,52.3348],[-2.6411,52.3329],[-2.6245,52.3184],[-2.6281,52.3134],[-2.618,52.307]]]}},{"type":"Feature","properties":{"code":"UK265","name":"Hertfordshire"},"geometry":{"type":"Polygon","coordinates":[[[0.0522,52.0246],[0.0744,52.0008],[0.0694,51.983],[0.0964,51.9843],[0.0978,51.9772],[0.1071,51.9718],[0.1044,51.966],[0.1185,51.9472],[0.1187,51.934],[0.1245,51.924],[0.1218,51.9112],[0.1276,51.884],[0.1794,51.8956],[0.1822,51.8906],[0.1751,51.8828],[0.1928,51.8724],[0.1943,51.8658],[0.1704,51.8616],[0.1731,51.8543],[0.1618,51.8407],[0.1669,51.8133],[0.1581,51.8101],[0.1508,51.797],[0.1255,51.7945],[0.0993,51.7832],[0.0636,51.784],[0.0518,51.7761],[0.0268,51.7742],[0.0182,51.7697],[0.013,51.7574],[0.0042,51.7553],[0.0012,51.7451],[-0.0135,51.7422],[-0.0197,51.7032],[-0.0119,51.6809],[-0.0663,51.6838],[-0.1057,51.6919],[-0.1494,51.6855],[-0.1634,51.6881],[-0.1724,51.6731],[-0.1911,51.6639],[-0.2034,51.6701],[-0.2079,51.6629],[-0.2479,51.6553],[-0.254,51.6442],[-0.2943,51.6356],[-0.3167,51.6405],[-0.3859,51.6158],[-0.4041,51.6132],[-0.4456,51.6196],[-0.4572,51.6123],[-0.4915,51.6308],[-0.5003,51.6287],[-0.4953,51.6187],[-0.499,51.6111],[-0.4963,51.6024],[-0.5179,51.6002],[-0.5303,51.6178],[-0.5374,51.6429],[-0.531,51.6492],[-0.5366,51.6524],[-0.5363,51.6604],[-0.5223,51.6593],[-0.521,51.668],[-0.5147,51.6654],[-0.5051,51.6731],[-0.5109,51.6798],[-0.5462,51.6804],[-0.5492,51.6849],[-0.5429,51.6937],[-0.5477,51.7032],[-0.5631,51.7119],[-0.5613,51.718],[-0.5504,51.7231],[-0.5535,51.7284],[-0.55,51.7306],[-0.5728,51.7359],[-0.5864,51.7521],[-0.6436,51.7541],[-0.6688,51.7657],[-0.6759,51.7712],[-0.6816,51.7881],[-0.6902,51.7924],[-0.6827,51.7972],[-0.7093,51.8206],[-0.7192,51.8162],[-0.729,51.8218],[-0.7457,51.8421],[-0.7363,51.8424],[-0.7174,51.8571],[-0.6923,51.857],[-0.6867,51.8492],[-0.6902,51.8412],[-0.6671,51.8158],[-0.6345,51.8187],[-0.6119,51.8121],[-0.5976,51.8143],[-0.5917,51.8082],[-0.5819,51.8069],[-0.5605,51.8302],[-0.5325,51.8089],[-0.5197,51.8051],[-0.5023,51.8154],[-0.5061,51.8273],[-0.5018,51.8367],[-0.4918,51.8353],[-0.491,51.8428],[-0.4713,51.8455],[-0.4782,51.8531],[-0.4696,51.8559],[-0.4641,51.8502],[-0.454,51.853],[-0.4475,51.8476],[-0.4389,51.8518],[-0.4252,51.8467],[-0.4217,51.8495],[-0.398,51.8372],[-0.3688,51.8311],[-0.3633,51.8421],[-0.3577,51.84],[-0.3394,51.8496],[-0.3552,51.8672],[-0.3509,51.8761],[-0.3547,51.8846],[-0.3651,51.8944],[-0.3739,51.8953],[-0.3892,51.9258],[-0.4024,51.9302],[-0.4063,51.9413],[-0.399,51.9674],[-0.3948,51.9674],[-0.3913,51.977],[-0.3807,51.9794],[-0.3815,51.9506],[-0.3726,51.9481],[-0.3502,51.9576],[-0.3519,51.9738],[-0.3638,51.9752],[-0.3679,51.9801],[-0.3613,51.9854],[-0.3104,51.9826],[-0.2953,51.9954],[-0.3001,52.0008],[-0.2839,52.0019],[-0.2706,51.9796],[-0.2603,51.9797],[-0.2575,51.9854],[-0.2479,51.9852],[-0.2441,51.999],[-0.2013,52.0099],[-0.2195,52.0367],[-0.195,52.0624],[-0.1726,52.0602],[-0.1641,52.077],[-0.1573,52.0805],[-0.1475,52.0694],[-0.1545,52.0523],[-0.1338,52.0462],[-0.1223,52.0297],[-0.1266,52.0209],[-0.121,52.0195],[-0.1077,52.0283],[-0.0542,52.0466],[-0.0357,52.0588],[-0.0163,52.063],[-0.0014,52.0517],[0.0404,52.0531],[0.0522,52.0246]]]}},{"type":"Feature","properties":{"code":"UK266","name":"Highland"},"geometry":{"type":"MultiPolygon","coordinates":[[[[-5.8961,56.6612],[-5.882,56.6708],[-5.8715,56.6654],[-5.8896,56.651],[-5.8947,56.6527],[-5.8961,56.6612]]],[[[-5.951,56.6583],[-5.942,56.669],[-5.9077,56.6607],[-5.9108,56.6573],[-5.951,56.6583]]],[[[-6.2246,56.8454],[-6.2148,56.8362],[-6.2399,56.8261],[-6.246,56.832],[-6.2536,56.8326],[-6.2581,56.8265],[-6.2727,56.8297],[-6.275,56.8354],[-6.2681,56.8371],[-6.2634,56.846],[-6.2563,56.8405],[-6.2246,56.8454]]],[[[-6.1292,56.887],[-6.1263,56.883],[-6.1294,56.8772],[-6.1593,56.872],[-6.2102,56.8886],[-6.2065,56.8921],[-6.2075,56.9075],[-6.1916,56.9141],[-6.1621,56.9136],[-6.1554,56.919],[-6.1611,56.9256],[-6.1569,56.932],[-6.1606,56.9375],[-6.1369,56.9443],[-6.119,56.9355],[-6.1117,56.9245],[-6.117,56.8879],[-6.1292,56.887]]],[[[-5.8853,56.9213],[-5.8954,56.919],[-5.9005,56.922],[-5.8903,56.9261],[-5.8853,56.9213]]],[[[-6.2546,57.0329],[-6.2475,57.0201],[-6.2757,57.0165],[-6.2792,57.0113],[-6.2425,57.0083],[-6.2384,57.0034],[-6.2493,56.9928],[-6.25,56.9712],[-6.2697,56.9556],[-6.2863,56.9524],[-6.2893,56.9454],[-6.3026,56.9376],[-6.3223,56.9352],[-6.343,56.9476],[-6.3692,56.952],[-6.3696,56.9621],[-6.377,56.9711],[-6.3939,56.9751],[-6.4601,57.0088],[-6.446,57.0094],[-6.4361,57.0193],[-6.4069,57.0311],[-6.3989,57.0416],[-6.3702,57.0534],[-6.3535,57.0508],[-6.3356,57.0599],[-6.2546,57.0329]]],[[[-6.4953,57.054],[-6.4878,57.0486],[-6.514,57.0457],[-6.514,57.052],[-6.4953,57.054]]],[[[-6.5497,57.0581],[-6.5681,57.0455],[-6.5953,57.0418],[-6.6105,57.0516],[-6.5913,57.0604],[-6.5371,57.0696],[-6.4878,57.0676],[-6.4885,57.06],[-6.5042,57.0561],[-6.5497,57.0581]]],[[[-6.2117,57.1448],[-6.2037,57.1361],[-6.2296,57.1294],[-6.249,57.1378],[-6.256,57.1495],[-6.2057,57.166],[-6.1835,57.1628],[-6.18,57.1568],[-6.1858,57.15],[-6.2108,57.1502],[-6.2117,57.1448]]],[[[-5.9412,57.3151],[-5.9211,57.303],[-5.9203,57.2969],[-5.935,57.2785],[-5.9448,57.2748],[-5.9854,57.2763],[-6.0229,57.3047],[-6.0163,57.3204],[-6.0012,57.3253],[-5.9412,57.3151]]],[[[-5.8949,57.3073],[-5.8936,57.3156],[-5.8833,57.3097],[-5.8891,57.3065],[-5.8949,57.3073]]],[[[-6.5119,57.3373],[-6.4923,57.3451],[-6.485,57.3415],[-6.4925,57.3304],[-6.5132,57.3313],[-6.5119,57.3373]]],[[[-6.3307,57.6996],[-6.2969,57.7075],[-6.2919,57.7001],[-6.2976,57.6942],[-6.2531,57.6748],[-6.2397,57.6565],[-6.2354,57.6374],[-6.1913,57.6333],[-6.1758,57.6201],[-6.1506,57.5865],[-6.1397,57.583],[-6.1488,57.5657],[-6.1432,57.5621],[-6.1443,57.5553],[-6.1387,57.5465],[-6.1438,57.5057],[-6.1485,57.5],[-6.1423,57.4942],[-6.1364,57.4727],[-6.1457,57.4301],[-6.1734,57.4128],[-6.1886,57.4148],[-6.2004,57.4087],[-6.1969,57.4031],[-6.2009,57.392],[-6.1619,57.4064],[-6.142,57.4062],[-6.1276,57.3975],[-6.1243,57.3878],[-6.1324,57.3753],[-6.1462,57.371],[-6.1072,57.3352],[-6.1082,57.3293],[-6.1002,57.3221],[-6.1319,57.3163],[-6.1556,57.3027],[-6.1473,57.3],[-6.1193,57.3133],[-6.1047,57.3148],[-6.0828,57.3106],[-6.0702,57.3145],[-6.0518,57.3119],[-6.0478,57.3091],[-6.0503,57.2978],[-6.0425,57.296],[-6.046,57.2902],[-6.0785,57.2766],[-6.0805,57.273],[-6.0702,57.2669],[-6.0206,57.2877],[-5.9939,57.2704],[-5.975,57.2701],[-5.9392,57.2592],[-5.9277,57.2642],[-5.9047,57.2529],[-5.9107,57.2418],[-5.8858,57.238],[-5.8514,57.2537],[-5.8446,57.249],[-5.8231,57.2571],[-5.8108,57.2562],[-5.7712,57.2719],[-5.7431,57.2748],[-5.7113,57.2702],[-5.7276,57.2648],[-5.7281,57.2606],[-5.6615,57.2641],[-5.6486,57.2567],[-5.6488,57.252],[-5.6655,57.2384],[-5.6677,57.2328],[-5.6627,57.2252],[-5.669,57.2091],[-5.7191,57.1832],[-5.7611,57.171],[-5.7811,57.1669],[-5.802,57.177],[-5.7972,57.1617],[-5.7977,57.1528],[-5.8033,57.1491],[-5.7883,57.1389],[-5.798,57.1363],[-5.8043,57.1211],[-5.8237,57.1094],[-5.8556,57.1092],[-5.8707,57.0865],[-5.8886,57.0813],[-5.8869,57.0768],[-5.9014,57.0596],[-5.9231,57.0435],[-6.0019,57.0201],[-6.0199,57.0257],[-6.0367,57.0567],[-6.0254,57.0699],[-6.0054,57.0738],[-6.0082,57.0901],[-5.9981,57.1034],[-5.9884,57.1045],[-5.9914,57.1113],[-6.0042,57.1157],[-5.9954,57.1262],[-5.9684,57.1411],[-5.9417,57.147],[-5.9319,57.1586],[-5.9151,57.1656],[-5.8771,57.1685],[-5.8433,57.1832],[-5.8468,57.1864],[-5.8813,57.1762],[-5.8926,57.1795],[-5.9039,57.1723],[-5.9216,57.1712],[-5.9354,57.176],[-5.9811,57.1673],[-5.9934,57.1691],[-5.9931,57.1856],[-6.0029,57.1996],[-6.0113,57.2061],[-6.0203,57.2061],[-6.0299,57.2246],[-6.0413,57.2245],[-6.0277,57.2086],[-6.0254,57.195],[-6.0296,57.1834],[-6.0485,57.1796],[-6.0486,57.1684],[-6.0831,57.1269],[-6.1007,57.1361],[-6.1128,57.137],[-6.1067,57.1459],[-6.1087,57.1532],[-6.1019,57.1701],[-6.1107,57.1775],[-6.1125,57.1903],[-6.1229,57.1915],[-6.1307,57.1844],[-6.1652,57.1991],[-6.1646,57.1827],[-6.1742,57.1741],[-6.2128,57.1772],[-6.3085,57.1601],[-6.3236,57.1619],[-6.3135,57.1717],[-6.2936,57.1801],[-6.2833,57.1906],[-6.2848,57.2013],[-6.3359,57.1856],[-6.3528,57.188],[-6.3875,57.2173],[-6.3807,57.2274],[-6.3545,57.2275],[-6.3465,57.2342],[-6.3435,57.2508],[-6.3515,57.2496],[-6.3545,57.2379],[-6.3638,57.2348],[-6.4051,57.2323],[-6.4259,57.2413],[-6.4271,57.2499],[-6.449,57.2607],[-6.4618,57.2811],[-6.4586,57.2863],[-6.4818,57.2915],[-6.4828,57.3109],[-6.4372,57.3267],[-6.4276,57.3231],[-6.4299,57.3351],[-6.4157,57.3369],[-6.3715,57.3187],[-6.3566,57.303],[-6.3176,57.2965],[-6.3118,57.3013],[-6.3422,57.3058],[-6.3616,57.324],[-6.4147,57.349],[-6.4571,57.3498],[-6.4558,57.3604],[-6.4812,57.3667],[-6.4704,57.3752],[-6.4852,57.381],[-6.4885,57.3883],[-6.482,57.3959],[-6.4944,57.4018],[-6.4976,57.3887],[-6.5084,57.383],[-6.5261,57.3831],[-6.5165,57.3932],[-6.5331,57.4096],[-6.5522,57.3855],[-6.5611,57.3903],[-6.5673,57.3858],[-6.5697,57.3779],[-6.5633,57.3657],[-6.5679,57.3589],[-6.5641,57.3552],[-6.5658,57.3361],[-6.5822,57.333],[-6.5825,57.3366],[-6.5938,57.3369],[-6.6246,57.3508],[-6.6477,57.3535],[-6.6527,57.358],[-6.6714,57.3566],[-6.7024,57.3718],[-6.722,57.373],[-6.7389,57.3893],[-6.7291,57.3953],[-6.7431,57.4176],[-6.788,57.4332],[-6.7867,57.4398],[-6.7785,57.4419],[-6.7852,57.4522],[-6.78,57.4581],[-6.7232,57.4503],[-6.746,57.4697],[-6.7482,57.5001],[-6.7167,57.5135],[-6.6931,57.4895],[-6.6868,57.489],[-6.6769,57.4742],[-6.6704,57.4729],[-6.6679,57.4611],[-6.6543,57.4594],[-6.6382,57.4422],[-6.6217,57.4344],[-6.6102,57.4448],[-6.5974,57.4442],[-6.5862,57.4254],[-6.5809,57.4284],[-6.579,57.4344],[-6.5911,57.4438],[-6.5905,57.4489],[-6.6031,57.4585],[-6.6182,57.4588],[-6.6134,57.4674],[-6.6233,57.4732],[-6.6379,57.5031],[-6.6185,57.5016],[-6.6032,57.5094],[-6.5941,57.5081],[-6.5739,57.4941],[-6.5629,57.4961],[-6.5668,57.5023],[-6.5606,57.5081],[-6.5845,57.517],[-6.6041,57.5361],[-6.6469,57.5548],[-6.6341,57.5814],[-6.6331,57.5953],[-6.6381,57.6007],[-6.6275,57.6058],[-6.6153,57.6058],[-6.5827,57.5883],[-6.5691,57.5718],[-6.5656,57.5482],[-6.5532,57.5439],[-6.5386,57.5471],[-6.5135,57.5376],[-6.4858,57.523],[-6.4619,57.5028],[-6.4301,57.5195],[-6.4255,57.5142],[-6.4503,57.4814],[-6.4405,57.4812],[-6.439,57.4752],[-6.4316,57.4753],[-6.4361,57.4916],[-6.4205,57.5006],[-6.42,57.505],[-6.3996,57.5094],[-6.4069,57.5231],[-6.4004,57.5282],[-6.3853,57.5219],[-6.3742,57.5012],[-6.3664,57.5041],[-6.3485,57.495],[-6.3478,57.4825],[-6.3412,57.4833],[-6.3281,57.4751],[-6.3253,57.4578],[-6.3125,57.4573],[-6.3215,57.4645],[-6.3183,57.473],[-6.3256,57.4798],[-6.3213,57.487],[-6.3122,57.4817],[-6.3089,57.4853],[-6.3649,57.5147],[-6.3762,57.5301],[-6.373,57.5343],[-6.3984,57.5624],[-6.3939,57.5697],[-6.3843,57.5634],[-6.3594,57.589],[-6.3953,57.5859],[-6.3918,57.5915],[-6.3978,57.5954],[-6.3943,57.6127],[-6.4278,57.6421],[-6.4218,57.6482],[-6.4062,57.6505],[-6.4107,57.6596],[-6.3782,57.6607],[-6.3536,57.6712],[-6.3432,57.6881],[-6.3548,57.6959],[-6.3472,57.7019],[-6.3492,57.7072],[-6.3307,57.6996]]],[[[-5.9901,57.4679],[-6.0047,57.4508],[-6.0258,57.4423],[-6.0324,57.4343],[-6.0224,57.4176],[-6.0193,57.3914],[-6.0108,57.3785],[-5.9929,57.3684],[-5.9927,57.3582],[-6.0211,57.3333],[-6.049,57.3289],[-6.0646,57.3322],[-6.0709,57.341],[-6.068,57.3452],[-6.0813,57.3555],[-6.0831,57.3684],[-6.0743,57.3788],[-6.0848,57.4213],[-6.0738,57.4446],[-6.0538,57.4618],[-6.0224,57.4561],[-6.0113,57.4651],[-6.0289,57.4702],[-6.0194,57.4723],[-6.0208,57.4788],[-6.0113,57.4896],[-5.9921,57.4936],[-5.9927,57.5061],[-5.9793,57.4929],[-5.9901,57.4679]]],[[[-6.034,57.4897],[-6.0243,57.4962],[-6.0183,57.491],[-6.0238,57.4759],[-6.0296,57.4783],[-6.034,57.4897]]],[[[-6.0045,57.5089],[-6.0039,57.5163],[-5.9939,57.5094],[-6.0045,57.5089]]],[[[-6.6528,57.522],[-6.6379,57.5118],[-6.6503,57.5118],[-6.6528,57.522]]],[[[-5.9689,57.5267],[-5.9783,57.5145],[-5.9929,57.5198],[-5.9981,57.5309],[-5.9903,57.5329],[-6.0009,57.5392],[-5.9821,57.5446],[-5.98,57.5512],[-5.9873,57.5562],[-5.9841,57.5652],[-5.9883,57.5699],[-5.9777,57.5765],[-5.9684,57.5711],[-5.9639,57.5779],[-5.9697,57.5835],[-5.9559,57.5768],[-5.9689,57.5267]]],[[[-5.8093,56.7949],[-5.8267,56.7911],[-5.8324,56.7943],[-5.8513,56.786],[-5.8874,56.7937],[-5.8767,56.8106],[-5.8337,56.7967],[-5.8262,56.8005],[-5.8093,56.7949]]],[[[-5.8561,57.2828],[-5.8476,57.2743],[-5.8569,57.2689],[-5.8687,57.272],[-5.871,57.276],[-5.8561,57.2828]]],[[[-5.8194,57.3358],[-5.8345,57.3326],[-5.846,57.3364],[-5.8591,57.3545],[-5.8543,57.3573],[-5.849,57.3513],[-5.8339,57.3507],[-5.8208,57.3425],[-5.8194,57.3358]]],[[[-5.2434,58.2509],[-5.2181,58.2559],[-5.2036,58.2464],[-5.1809,58.2512],[-5.1769,58.2469],[-5.1622,58.2596],[-5.154,58.2527],[-5.1413,58.2603],[-5.1247,58.2551],[-5.1222,58.2595],[-5.1322,58.263],[-5.1184,58.2697],[-5.1069,58.2696],[-5.1054,58.2647],[-5.0544,58.246],[-5.0537,58.2506],[-5.0288,58.2502],[-5.0235,58.2566],[-5.0074,58.2549],[-5.0026,58.2405],[-4.9481,58.222],[-4.9419,58.2157],[-4.9373,58.2229],[-4.9947,58.2506],[-4.9248,58.2556],[-4.9413,58.26],[-4.991,58.2588],[-5.0081,58.264],[-5.0277,58.2636],[-5.0232,58.258],[-5.0311,58.2553],[-5.0408,58.261],[-5.0532,58.2575],[-5.0819,58.2638],[-5.1096,58.2817],[-5.1162,58.2798],[-5.1343,58.2981],[-5.1444,58.3017],[-5.1419,58.3066],[-5.1273,58.3106],[-5.1464,58.3115],[-5.1317,58.3211],[-5.1383,58.3268],[-5.1469,58.3274],[-5.1527,58.3197],[-5.1705,58.3227],[-5.1655,58.3324],[-5.158,58.3346],[-5.1754,58.3399],[-5.1731,58.3465],[-5.1773,58.348],[-5.1756,58.3549],[-5.155,58.3524],[-5.1743,58.3613],[-5.1444,58.3852],[-5.1526,58.3985],[-5.1461,58.4112],[-5.132,58.4117],[-5.1249,58.4032],[-5.0574,58.3815],[-5.0464,58.3841],[-5.0355,58.3801],[-5.0452,58.3733],[-5.0389,58.372],[-5.0311,58.3802],[-5.0446,58.3862],[-5.0321,58.3929],[-5.063,58.3976],[-5.0572,58.4026],[-5.0698,58.4041],[-5.0497,58.4113],[-5.0595,58.4148],[-5.0724,58.4074],[-5.0948,58.407],[-5.1136,58.4143],[-5.0786,58.4171],[-5.092,58.4238],[-5.1141,58.4242],[-5.0933,58.4395],[-5.0965,58.4422],[-5.0647,58.4521],[-5.0577,58.4486],[-5.0486,58.4511],[-5.0307,58.4481],[-4.9965,58.4259],[-4.9905,58.4274],[-5.0003,58.4348],[-4.9962,58.4413],[-5.0366,58.4542],[-5.0695,58.4579],[-5.061,58.4632],[-5.0864,58.4692],[-5.0894,58.479],[-5.1031,58.4787],[-5.1214,58.4854],[-5.1197,58.4896],[-5.1247,58.4931],[-5.1161,58.5069],[-5.1171,58.5153],[-5.1053,58.5272],[-5.0925,58.5315],[-5.0912,58.5368],[-5.0665,58.5363],[-5.0514,58.5421],[-5.0303,58.5617],[-5.0265,58.5728],[-5.0157,58.5763],[-5.0219,58.5798],[-5.0164,58.5837],[-5.0217,58.5865],[-5.0112,58.5906],[-5.0152,58.615],[-5.0068,58.6258],[-4.9593,58.611],[-4.9419,58.6097],[-4.9363,58.6169],[-4.8832,58.6145],[-4.8464,58.5987],[-4.8283,58.5981],[-4.8283,58.594],[-4.817,58.588],[-4.8213,58.5788],[-4.8169,58.561],[-4.7933,58.546],[-4.7961,58.5407],[-4.821,58.5286],[-4.8091,58.5207],[-4.782,58.5398],[-4.7786,58.5514],[-4.8043,58.5608],[-4.7966,58.5763],[-4.7679,58.5764],[-4.7655,58.5822],[-4.7897,58.5989],[-4.7741,58.6043],[-4.765,58.5976],[-4.7668,58.5905],[-4.7404,58.5803],[-4.7447,58.5756],[-4.7343,58.5665],[-4.7179,58.5703],[-4.7031,58.5562],[-4.6799,58.5511],[-4.6578,58.5524],[-4.661,58.5476],[-4.6542,58.5446],[-4.6518,58.5347],[-4.7082,58.4992],[-4.7535,58.4562],[-4.7507,58.4483],[-4.7361,58.4471],[-4.7255,58.4618],[-4.7004,58.4684],[-4.6936,58.478],[-4.6621,58.4839],[-4.659,58.5076],[-4.647,58.518],[-4.6195,58.524],[-4.6159,58.5196],[-4.6016,58.5328],[-4.5933,58.5347],[-4.5945,58.5436],[-4.6044,58.5544],[-4.5946,58.564],[-4.5999,58.5693],[-4.5898,58.5766],[-4.5767,58.5804],[-4.5711,58.5755],[-4.5407,58.5802],[-4.4988,58.5762],[-4.4923,58.5679],[-4.4568,58.5616],[-4.4492,58.5518],[-4.4328,58.5542],[-4.426,58.5491],[-4.4246,58.5358],[-4.4309,58.5314],[-4.4092,58.5217],[-4.456,58.4945],[-4.4522,58.4855],[-4.4666,58.4676],[-4.4669,58.4584],[-4.4805,58.4487],[-4.4704,58.446],[-4.4455,58.465],[-4.4407,58.4738],[-4.4226,58.4823],[-4.42,58.4936],[-4.3968,58.5094],[-4.3895,58.5083],[-4.3585,58.5348],[-4.3437,58.5407],[-4.2991,58.5428],[-4.2797,58.5394],[-4.2664,58.536],[-4.2609,58.5296],[-4.2721,58.5248],[-4.2671,58.5221],[-4.2354,58.5279],[-4.2417,58.5337],[-4.2107,58.5318],[-4.2198,58.5405],[-4.2099,58.5413],[-4.2143,58.5512],[-4.1737,58.5421],[-4.1566,58.548],[-4.1558,58.5562],[-4.1472,58.5636],[-4.1246,58.5693],[-4.1112,58.5608],[-4.0878,58.5617],[-4.0808,58.552],[-4.0737,58.5513],[-4.0705,58.5634],[-4.0475,58.572],[-4.0506,58.5814],[-4.0437,58.5835],[-4.0435,58.5911],[-4.0122,58.5896],[-4.005,58.5646],[-3.9593,58.5734],[-3.9326,58.5735],[-3.9209,58.5601],[-3.906,58.5586],[-3.9072,58.5643],[-3.8952,58.5683],[-3.8631,58.5629],[-3.8007,58.5736],[-3.7944,58.5722],[-3.7924,58.5646],[-3.7808,58.5635],[-3.775,58.5658],[-3.7768,58.5715],[-3.7503,58.5789],[-3.7002,58.6045],[-3.6715,58.6076],[-3.6722,58.6145],[-3.6546,58.6211],[-3.6403,58.6154],[-3.6221,58.6156],[-3.5355,58.623],[-3.54,58.614],[-3.5521,58.6083],[-3.5252,58.5969],[-3.4849,58.6096],[-3.4576,58.6125],[-3.4483,58.6087],[-3.436,58.6111],[-3.4312,58.6026],[-3.399,58.6025],[-3.3751,58.5944],[-3.3542,58.6025],[-3.3469,58.6116],[-3.3516,58.62],[-3.371,58.6225],[-3.3746,58.6282],[-3.4136,58.6404],[-3.403,58.663],[-3.3758,58.6717],[-3.3549,58.6642],[-3.3446,58.6467],[-3.2939,58.6455],[-3.2692,58.6539],[-3.2496,58.6545],[-3.2267,58.6498],[-3.2202,58.6555],[-3.1844,58.6577],[-3.1574,58.6372],[-3.0935,58.6469],[-3.0244,58.6436],[-3.0376,58.632],[-3.0408,58.6142],[-3.0356,58.6103],[-3.0459,58.5964],[-3.0726,58.5903],[-3.062,58.5823],[-3.0678,58.5642],[-3.0819,58.5565],[-3.0857,58.5486],[-3.1257,58.5274],[-3.1313,58.5185],[-3.1332,58.5001],[-3.1244,58.4829],[-3.1164,58.4775],[-3.1046,58.4737],[-3.0526,58.4797],[-3.0484,58.4723],[-3.0572,58.4601],[-3.0497,58.4517],[-3.0534,58.4477],[-3.0862,58.4397],[-3.0685,58.4307],[-3.0803,58.4243],[-3.0945,58.3992],[-3.1021,58.3944],[-3.0983,58.3886],[-3.1071,58.3819],[-3.108,58.3712],[-3.1643,58.344],[-3.2211,58.3053],[-3.3307,58.2858],[-3.3277,58.2822],[-3.3678,58.2752],[-3.3879,58.2663],[-3.4176,58.2446],[-3.4247,58.2455],[-3.4392,58.2285],[-3.464,58.2137],[-3.4756,58.1957],[-3.4846,58.1929],[-3.5083,58.1719],[-3.5496,58.1582],[-3.5838,58.1397],[-3.6126,58.1321],[-3.63,58.1194],[-3.6587,58.1129],[-3.7048,58.0864],[-3.7347,58.0777],[-3.7453,58.0682],[-3.7914,58.062],[-3.8065,58.0555],[-3.8165,58.0449],[-3.8334,58.0389],[-3.8412,58.0131],[-3.8478,58.0065],[-3.8714,58.0017],[-3.8913,57.9881],[-3.936,57.9829],[-3.9833,57.9696],[-4.0039,57.9347],[-4.0241,57.9364],[-4.0118,57.9486],[-4.0465,57.9446],[-4.0545,57.9546],[-4.0704,57.9562],[-4.082,57.9513],[-4.0719,57.9382],[-4.0344,57.9278],[-4.0168,57.9318],[-4.0014,57.9264],[-3.9944,57.9064],[-4.0132,57.8908],[-4.0107,57.8815],[-4.0166,57.8783],[-4.01,57.8637],[-4.0757,57.8668],[-4.1084,57.8536],[-4.1367,57.8565],[-4.1326,57.863],[-4.1352,57.8702],[-4.1473,57.8605],[-4.1735,57.8601],[-4.1737,57.8675],[-4.2324,57.8751],[-4.2362,57.8714],[-4.2716,57.8697],[-4.2754,57.8612],[-4.291,57.8621],[-4.3117,57.8756],[-4.3457,57.8887],[-4.3623,57.9071],[-4.3938,57.9138],[-4.3969,57.9099],[-4.3789,57.8995],[-4.3575,57.9003],[-4.3482,57.8909],[-4.3621,57.8823],[-4.316,57.8614],[-4.3034,57.8629],[-4.2969,57.8519],[-4.281,57.8568],[-4.2702,57.8504],[-4.2523,57.8566],[-4.1939,57.8628],[-4.1908,57.8556],[-4.1827,57.856],[-4.1707,57.847],[-4.1639,57.8337],[-4.1299,57.8281],[-4.1035,57.8341],[-4.0797,57.829],[-4.049,57.8149],[-3.9664,57.8452],[-3.907,57.8312],[-3.9264,57.8211],[-3.9404,57.8209],[-3.9309,57.8157],[-3.9092,57.8227],[-3.8563,57.8252],[-3.8277,57.836],[-3.8287,57.8399],[-3.8085,57.8621],[-3.7831,57.8668],[-3.7778,57.8537],[-3.8533,57.7892],[-3.9163,57.7526],[-3.918,57.7442],[-3.9326,57.7276],[-3.9783,57.6933],[-4.0354,57.6944],[-4.0264,57.7171],[-4.0079,57.7295],[-4.0093,57.7385],[-4.0238,57.7383],[-4.0392,57.7369],[-4.0473,57.7303],[-4.0732,57.7323],[-4.1725,57.6849],[-4.2074,57.6927],[-4.2294,57.6904],[-4.2638,57.6787],[-4.2792,57.6833],[-4.2997,57.6764],[-4.2989,57.6651],[-4.3061,57.6561],[-4.3246,57.6557],[-4.3379,57.65],[-4.3473,57.6399],[-4.4155,57.6058],[-4.4193,57.6016],[-4.4089,57.5928],[-4.4231,57.5841],[-4.4207,57.5768],[-4.3679,57.6005],[-4.3251,57.6308],[-4.2472,57.6656],[-4.2145,57.6739],[-4.1656,57.6758],[-4.1681,57.6632],[-4.1634,57.657],[-4.0896,57.664],[-4.0467,57.6765],[-4.0372,57.6838],[-3.9941,57.6777],[-4.0024,57.6682],[-4.0485,57.6453],[-4.0669,57.6286],[-4.1021,57.6075],[-4.105,57.599],[-4.1127,57.5943],[-4.1099,57.5849],[-4.0939,57.5733],[-4.1405,57.5775],[-4.1732,57.5648],[-4.1754,57.5533],[-4.184,57.5465],[-4.2427,57.5518],[-4.2435,57.5458],[-4.2019,57.5436],[-4.1941,57.5393],[-4.2344,57.5008],[-4.3107,57.5024],[-4.3636,57.5124],[-4.383,57.5116],[-4.4155,57.5045],[-4.4233,57.4961],[-4.4318,57.4955],[-4.4336,57.489],[-4.4077,57.4971],[-4.3785,57.4793],[-4.3299,57.4846],[-4.3158,57.4802],[-4.2876,57.4813],[-4.2463,57.4943],[-4.22,57.4967],[-4.1783,57.4853],[-4.1475,57.5046],[-4.1502,57.5117],[-4.145,57.5175],[-4.1281,57.5148],[-4.0954,57.5391],[-4.0407,57.5601],[-4.0382,57.5679],[-4.0473,57.5768],[-4.076,57.5834],[-4.0581,57.5909],[-4.02,57.5919],[-4.0195,57.598],[-4.0127,57.6011],[-3.9364,57.5864],[-3.8601,57.5903],[-3.8141,57.6054],[-3.7863,57.6239],[-3.8073,57.6202],[-3.7624,57.6307],[-3.7387,57.5981],[-3.7493,57.5928],[-3.7465,57.5884],[-3.714,57.5699],[-3.713,57.5666],[-3.7297,57.561],[-3.7206,57.5566],[-3.7118,57.534],[-3.7223,57.5286],[-3.7063,57.5276],[-3.6909,57.5202],[-3.701,57.5125],[-3.6846,57.497],[-3.6828,57.4899],[-3.6946,57.4554],[-3.6914,57.4434],[-3.703,57.4406],[-3.698,57.4353],[-3.666,57.4298],[-3.6355,57.4312],[-3.6178,57.4354],[-3.6098,57.4474],[-3.5524,57.4491],[-3.509,57.4607],[-3.4901,57.4532],[-3.4869,57.4445],[-3.4708,57.4334],[-3.4373,57.4257],[-3.4333,57.421],[-3.4128,57.4237],[-3.4042,57.4171],[-3.3977,57.3957],[-3.3857,57.3888],[-3.3987,57.3829],[-3.3945,57.371],[-3.4315,57.351],[-3.4357,57.3421],[-3.4564,57.3256],[-3.4771,57.321],[-3.4939,57.3047],[-3.4909,57.3005],[-3.4957,57.2974],[-3.4635,57.2894],[-3.4597,57.2829],[-3.4501,57.2809],[-3.4614,57.2724],[-3.4498,57.2653],[-3.4498,57.2521],[-3.4635,57.2412],[-3.4489,57.2311],[-3.4392,57.2325],[-3.4297,57.2233],[-3.4468,57.2121],[-3.432,57.2042],[-3.4403,57.1917],[-3.4511,57.1869],[-3.4536,57.1784],[-3.4697,57.1747],[-3.4877,57.1774],[-3.5159,57.1652],[-3.5388,57.166],[-3.5596,57.1492],[-3.5566,57.1457],[-3.5649,57.1382],[-3.5937,57.1301],[-3.6007,57.1205],[-3.6247,57.11],[-3.6548,57.1159],[-3.6564,57.1077],[-3.7093,57.0875],[-3.715,57.079],[-3.7498,57.0763],[-3.7581,57.0693],[-3.7471,57.0576],[-3.7324,57.0568],[-3.7574,57.0378],[-3.7443,57.0167],[-3.7483,56.9931],[-3.7581,56.9872],[-3.7582,56.9767],[-3.7878,56.9632],[-3.8017,56.9359],[-3.8316,56.936],[-3.8548,56.9228],[-3.8866,56.9266],[-3.8947,56.9227],[-3.9001,56.9246],[-3.9002,56.9319],[-3.9364,56.9355],[-3.9387,56.9486],[-3.9506,56.9471],[-3.9551,56.9378],[-3.9661,56.9349],[-3.9694,56.9294],[-3.9707,56.918],[-3.9624,56.9098],[-3.9677,56.8993],[-3.9994,56.8902],[-4.0004,56.8953],[-4.0123,56.8979],[-4.0148,56.8914],[-4.0322,56.8981],[-4.1115,56.8947],[-4.1842,56.9081],[-4.2036,56.8854],[-4.1919,56.8775],[-4.1992,56.8755],[-4.1994,56.8704],[-4.2153,56.8697],[-4.2342,56.8575],[-4.2533,56.8533],[-4.3039,56.8514],[-4.3124,56.8431],[-4.3298,56.837],[-4.3304,56.824],[-4.3434,56.8213],[-4.3742,56.8323],[-4.4419,56.7739],[-4.4666,56.7775],[-4.4843,56.7917],[-4.5205,56.8053],[-4.5382,56.7872],[-4.5497,56.782],[-4.5469,56.7724],[-4.5809,56.7645],[-4.5865,56.7585],[-4.5775,56.7353],[-4.6059,56.708],[-4.5916,56.7049],[-4.592,56.6932],[-4.6311,56.6867],[-4.6575,56.6748],[-4.7175,56.6766],[-4.7205,56.6565],[-4.7167,56.6432],[-4.663,56.6402],[-4.6298,56.655],[-4.6205,56.6347],[-4.6368,56.625],[-4.6265,56.6156],[-4.6577,56.6126],[-4.6878,56.6008],[-4.7033,56.6043],[-4.7036,56.5984],[-4.7262,56.5878],[-4.7638,56.5852],[-4.7744,56.5885],[-4.8011,56.5736],[-4.8182,56.5741],[-4.83,56.5692],[-4.8386,56.5738],[-4.8801,56.5662],[-4.9474,56.5757],[-4.9515,56.5637],[-4.9709,56.5592],[-4.9711,56.5546],[-4.9852,56.5565],[-4.9943,56.5421],[-5.0227,56.5361],[-5.0519,56.5362],[-5.0617,56.5271],[-5.096,56.5285],[-5.0666,56.5617],[-5.0789,56.5597],[-5.0977,56.5357],[-5.1106,56.5414],[-5.1144,56.548],[-5.0975,56.5595],[-5.101,56.5659],[-5.0958,56.5765],[-5.105,56.5773],[-5.1089,56.5875],[-5.0991,56.5895],[-5.0796,56.6071],[-5.1118,56.6159],[-5.153,56.6129],[-5.153,56.6267],[-5.2137,56.6319],[-5.2166,56.6233],[-5.2111,56.6083],[-5.2355,56.5933],[-5.2497,56.5922],[-5.2759,56.6006],[-5.2973,56.598],[-5.325,56.6207],[-5.2995,56.6369],[-5.2965,56.6432],[-5.3174,56.6534],[-5.2774,56.6699],[-5.2539,56.6698],[-5.2235,56.6863],[-5.1822,56.6881],[-5.1482,56.677],[-5.1346,56.6823],[-5.1091,56.6814],[-5.1069,56.6911],[-5.0096,56.71],[-5.0103,56.7133],[-5.1048,56.6987],[-5.1456,56.6868],[-5.1637,56.6883],[-5.1671,56.6927],[-5.1857,56.6909],[-5.1847,56.6995],[-5.2473,56.7055],[-5.2386,56.7108],[-5.2396,56.7185],[-5.2292,56.7294],[-5.2076,56.7404],[-5.1705,56.7705],[-5.1643,56.7805],[-5.0912,56.8308],[-5.1234,56.8427],[-5.1497,56.839],[-5.165,56.8487],[-5.1914,56.8551],[-5.2628,56.8533],[-5.3347,56.8594],[-5.335,56.8551],[-5.3093,56.8465],[-5.2337,56.8423],[-5.1799,56.8461],[-5.1504,56.8364],[-5.1239,56.8341],[-5.1227,56.8272],[-5.156,56.8003],[-5.2128,56.7687],[-5.2378,56.7661],[-5.2388,56.7611],[-5.2315,56.7581],[-5.2307,56.7511],[-5.2532,56.738],[-5.2564,56.7307],[-5.2421,56.7215],[-5.2759,56.7111],[-5.2831,56.7009],[-5.2909,56.7111],[-5.303,56.7122],[-5.3211,56.6971],[-5.3517,56.685],[-5.3552,56.6752],[-5.4065,56.6426],[-5.4174,56.6477],[-5.4342,56.6428],[-5.4703,56.6152],[-5.5221,56.6177],[-5.5246,56.6145],[-5.493,56.607],[-5.5234,56.5742],[-5.5391,56.5649],[-5.5478,56.5536],[-5.56,56.5494],[-5.5599,56.5447],[-5.5877,56.5347],[-5.5921,56.5289],[-5.6853,56.4972],[-5.6904,56.4994],[-5.6955,56.5123],[-5.7292,56.5166],[-5.7433,56.5247],[-5.7611,56.5244],[-5.7713,56.5326],[-5.7571,56.5421],[-5.7569,56.5492],[-5.742,56.5628],[-5.7566,56.5596],[-5.7742,56.542],[-5.7755,56.5346],[-5.7846,56.5324],[-5.8645,56.5442],[-5.8846,56.5517],[-5.9045,56.5512],[-5.9355,56.5675],[-5.9447,56.5782],[-5.9607,56.5835],[-5.9631,56.5906],[-5.9752,56.5975],[-5.9823,56.6133],[-6.0007,56.6196],[-6.0068,56.6449],[-5.9501,56.6561],[-5.9175,56.6524],[-5.905,56.6574],[-5.8924,56.6488],[-5.8916,56.6394],[-5.8703,56.6392],[-5.8276,56.6222],[-5.8256,56.6265],[-5.8485,56.6379],[-5.8586,56.6372],[-5.877,56.6452],[-5.8796,56.653],[-5.8631,56.6602],[-5.8446,56.6591],[-5.7448,56.7009],[-5.7227,56.6972],[-5.7081,56.6866],[-5.6622,56.6765],[-5.6081,56.677],[-5.6037,56.6811],[-5.5358,56.6873],[-5.5604,56.6876],[-5.5707,56.6932],[-5.6592,56.683],[-5.6702,56.6899],[-5.6798,56.689],[-5.7176,56.7103],[-5.7325,56.712],[-5.7793,56.7084],[-5.8098,56.687],[-5.8388,56.6748],[-5.8503,56.674],[-5.8584,56.6804],[-5.8952,56.6734],[-5.9029,56.6783],[-5.9284,56.6774],[-5.9267,56.6828],[-5.9387,56.6884],[-5.9725,56.6807],[-5.9717,56.6729],[-5.98,56.6734],[-5.9874,56.6848],[-6.0302,56.6803],[-6.0515,56.693],[-6.0959,56.6894],[-6.1098,56.6975],[-6.1447,56.6828],[-6.1883,56.6884],[-6.2181,56.7028],[-6.2263,56.7115],[-6.2263,56.7247],[-6.2122,56.7279],[-6.2118,56.7343],[-6.2014,56.7384],[-6.1835,56.7367],[-6.1833,56.7488],[-6.1913,56.7534],[-6.1699,56.7523],[-6.1455,56.7618],[-6.1001,56.765],[-6.0646,56.7586],[-6.0503,56.7612],[-6.0496,56.7654],[-6.0322,56.7632],[-6.0166,56.7646],[-6.0128,56.7697],[-5.9828,56.7686],[-5.9684,56.7754],[-5.9659,56.7847],[-5.9179,56.7608],[-5.915,56.7532],[-5.9035,56.7512],[-5.8818,56.762],[-5.8712,56.756],[-5.87,56.7505],[-5.8748,56.7478],[-5.8702,56.7421],[-5.8504,56.7426],[-5.8461,56.753],[-5.8546,56.7614],[-5.8619,56.7585],[-5.8926,56.7727],[-5.8869,56.7853],[-5.8659,56.7784],[-5.8368,56.7781],[-5.8297,56.7711],[-5.8224,56.7865],[-5.8083,56.7842],[-5.7922,56.7913],[-5.7808,56.7834],[-5.7526,56.7817],[-5.7544,56.7874],[-5.867,56.8118],[-5.8551,56.8334],[-5.8291,56.8348],[-5.8151,56.8304],[-5.809,56.8375],[-5.7859,56.8366],[-5.7637,56.8477],[-5.7196,56.8436],[-5.7126,56.8461],[-5.703,56.8621],[-5.6712,56.872],[-5.6722,56.8762],[-5.6904,56.8795],[-5.7106,56.8671],[-5.7203,56.851],[-5.7889,56.8597],[-5.7863,56.8656],[-5.7622,56.8777],[-5.7453,56.884],[-5.7236,56.8849],[-5.7242,56.8895],[-5.739,56.8961],[-5.8345,56.8871],[-5.8435,56.8822],[-5.8823,56.8796],[-5.8871,56.8742],[-5.9057,56.8784],[-5.9073,56.8842],[-5.9165,56.8809],[-5.9231,56.8924],[-5.9045,56.894],[-5.8957,56.8974],[-5.8992,56.9009],[-5.8861,56.9054],[-5.88,56.8988],[-5.8594,56.8962],[-5.8446,56.9061],[-5.8503,56.9124],[-5.872,56.9101],[-5.8835,56.9173],[-5.883,56.9226],[-5.8629,56.928],[-5.8675,56.934],[-5.8529,56.9408],[-5.8577,56.9461],[-5.8524,56.9563],[-5.8277,56.9708],[-5.8473,56.9725],[-5.8432,56.9901],[-5.8345,56.9913],[-5.8324,57.0048],[-5.8228,57.0047],[-5.8206,57.0118],[-5.8022,57.0141],[-5.7287,57.0173],[-5.7086,56.991],[-5.6728,56.9778],[-5.641,56.9741],[-5.6168,56.9768],[-5.6088,56.9829],[-5.5816,56.9812],[-5.5204,56.994],[-5.5189,57.0018],[-5.5234,57.005],[-5.6166,56.9829],[-5.6395,56.992],[-5.6624,56.9949],[-5.6849,57.021],[-5.6821,57.0261],[-5.6718,57.0256],[-5.6702,57.0316],[-5.7063,57.0412],[-5.736,57.0357],[-5.7357,57.0297],[-5.7491,57.0293],[-5.7614,57.0502],[-5.7793,57.0458],[-5.7972,57.0616],[-5.7727,57.0826],[-5.7312,57.0985],[-5.7191,57.1185],[-5.6848,57.1189],[-5.6541,57.1271],[-5.5921,57.1192],[-5.5692,57.0975],[-5.5582,57.0974],[-5.5229,57.0831],[-5.5163,57.0843],[-5.5095,57.0975],[-5.4058,57.1101],[-5.4267,57.1154],[-5.4685,57.1062],[-5.526,57.1026],[-5.5526,57.1126],[-5.5503,57.1164],[-5.5615,57.1336],[-5.5775,57.1329],[-5.5829,57.1393],[-5.611,57.1457],[-5.6557,57.1421],[-5.6824,57.1513],[-5.6917,57.1622],[-5.6873,57.1685],[-5.6911,57.1725],[-5.6758,57.1844],[-5.6423,57.1971],[-5.6352,57.2069],[-5.6237,57.2124],[-5.6357,57.2248],[-5.6564,57.228],[-5.6529,57.2382],[-5.636,57.2505],[-5.5987,57.2589],[-5.5785,57.2569],[-5.5425,57.2692],[-5.5224,57.269],[-5.4857,57.2387],[-5.433,57.2122],[-5.3944,57.2322],[-5.4138,57.231],[-5.4504,57.2374],[-5.5128,57.2722],[-5.5148,57.2819],[-5.4864,57.2969],[-5.4856,57.3066],[-5.4448,57.3114],[-5.4368,57.3144],[-5.4395,57.3193],[-5.4813,57.3117],[-5.4911,57.3048],[-5.4887,57.2998],[-5.5232,57.2809],[-5.5352,57.2822],[-5.5503,57.2765],[-5.5632,57.2796],[-5.572,57.2736],[-5.5949,57.2732],[-5.5945,57.2772],[-5.607,57.2786],[-5.6189,57.2742],[-5.6269,57.2823],[-5.6469,57.2868],[-5.6798,57.2806],[-5.7227,57.2795],[-5.732,57.2847],[-5.7206,57.289],[-5.7287,57.2975],[-5.7164,57.303],[-5.7259,57.3045],[-5.7168,57.3151],[-5.7017,57.318],[-5.7,57.3253],[-5.6811,57.3238],[-5.6836,57.3314],[-5.6788,57.34],[-5.6436,57.3459],[-5.6504,57.3345],[-5.6206,57.3371],[-5.5853,57.344],[-5.5871,57.347],[-5.5773,57.3538],[-5.5338,57.3531],[-5.4604,57.389],[-5.4529,57.4048],[-5.4406,57.4139],[-5.4488,57.4219],[-5.472,57.4148],[-5.4799,57.4036],[-5.5061,57.3932],[-5.5056,57.3883],[-5.5362,57.3688],[-5.5663,57.3579],[-5.6017,57.3552],[-5.6133,57.3592],[-5.5995,57.3651],[-5.6312,57.3654],[-5.6395,57.3756],[-5.634,57.3801],[-5.5949,57.3904],[-5.6134,57.4011],[-5.606,57.4126],[-5.6134,57.4147],[-5.6242,57.405],[-5.6246,57.3985],[-5.6887,57.3785],[-5.7304,57.3547],[-5.7856,57.3468],[-5.8045,57.3585],[-5.8082,57.3716],[-5.8161,57.3701],[-5.8135,57.3623],[-5.8204,57.3613],[-5.8314,57.3905],[-5.8189,57.4002],[-5.8106,57.3991],[-5.8108,57.406],[-5.8254,57.4191],[-5.816,57.4333],[-5.8065,57.4371],[-5.8164,57.4439],[-5.8445,57.4408],[-5.8563,57.4442],[-5.8621,57.462],[-5.8728,57.4742],[-5.8684,57.4819],[-5.8703,57.5034],[-5.8539,57.5265],[-5.8543,57.5485],[-5.8453,57.5552],[-5.8493,57.558],[-5.8365,57.5672],[-5.8415,57.5761],[-5.8116,57.5857],[-5.7839,57.5741],[-5.7805,57.566],[-5.7695,57.5648],[-5.7682,57.5595],[-5.7433,57.554],[-5.7494,57.5505],[-5.7417,57.5432],[-5.7272,57.5477],[-5.7131,57.5439],[-5.7093,57.547],[-5.7168,57.5531],[-5.7088,57.5562],[-5.6982,57.5467],[-5.699,57.5316],[-5.6735,57.5266],[-5.6632,57.517],[-5.6453,57.5142],[-5.6521,57.5204],[-5.6494,57.5259],[-5.6574,57.542],[-5.6474,57.5423],[-5.6463,57.5356],[-5.6299,57.5325],[-5.6332,57.5226],[-5.6209,57.5208],[-5.6174,57.5288],[-5.6062,57.5359],[-5.5992,57.5316],[-5.5504,57.5356],[-5.533,57.5292],[-5.5196,57.5312],[-5.5129,57.5387],[-5.5168,57.5496],[-5.5874,57.5566],[-5.6141,57.5524],[-5.6352,57.5562],[-5.6367,57.5501],[-5.6509,57.5526],[-5.6649,57.5463],[-5.6924,57.5634],[-5.704,57.564],[-5.702,57.5708],[-5.6884,57.5662],[-5.6806,57.5694],[-5.6858,57.5769],[-5.7277,57.5854],[-5.7367,57.597],[-5.7334,57.6068],[-5.7556,57.6236],[-5.8033,57.6408],[-5.8191,57.6397],[-5.8171,57.6503],[-5.8087,57.6531],[-5.8095,57.6625],[-5.7868,57.6837],[-5.7909,57.6882],[-5.7854,57.6974],[-5.7722,57.6973],[-5.7622,57.7055],[-5.7378,57.7083],[-5.7025,57.695],[-5.6955,57.6966],[-5.6917,57.6907],[-5.679,57.6907],[-5.6868,57.6965],[-5.6723,57.7014],[-5.6964,57.7301],[-5.7616,57.7319],[-5.7818,57.7438],[-5.8133,57.7505],[-5.8038,57.7623],[-5.8105,57.7693],[-5.8014,57.7834],[-5.815,57.832],[-5.8105,57.8495],[-5.8148,57.854],[-5.8077,57.8614],[-5.7828,57.8585],[-5.7606,57.8699],[-5.7302,57.866],[-5.7241,57.8712],[-5.6834,57.8652],[-5.6937,57.8502],[-5.6926,57.8438],[-5.6798,57.8426],[-5.6851,57.835],[-5.6634,57.8252],[-5.6609,57.8203],[-5.6675,57.8129],[-5.6683,57.8],[-5.6193,57.7664],[-5.598,57.7693],[-5.6221,57.7898],[-5.6108,57.796],[-5.5995,57.7936],[-5.6007,57.79],[-5.5776,57.7928],[-5.5977,57.8019],[-5.5884,57.8093],[-5.5819,57.8361],[-5.6012,57.8417],[-5.5994,57.8468],[-5.6088,57.8515],[-5.6425,57.8561],[-5.6418,57.8612],[-5.6559,57.8787],[-5.6474,57.8862],[-5.6559,57.889],[-5.6443,57.8975],[-5.6469,57.901],[-5.6206,57.9237],[-5.5803,57.9185],[-5.5793,57.913],[-5.565,57.9183],[-5.5522,57.9096],[-5.5594,57.9023],[-5.5488,57.8971],[-5.5532,57.8912],[-5.5514,57.8836],[-5.5406,57.8696],[-5.4755,57.8578],[-5.4683,57.8526],[-5.4521,57.853],[-5.4542,57.8689],[-5.4408,57.8727],[-5.4423,57.8788],[-5.4337,57.8813],[-5.4375,57.8936],[-5.4224,57.9086],[-5.3977,57.9048],[-5.3564,57.8887],[-5.3371,57.8792],[-5.3245,57.8651],[-5.2255,57.8427],[-5.2199,57.848],[-5.239,57.8548],[-5.2408,57.8629],[-5.2509,57.8685],[-5.3111,57.8789],[-5.3134,57.8874],[-5.3386,57.9063],[-5.3862,57.9118],[-5.4058,57.9272],[-5.3972,57.9333],[-5.3688,57.9323],[-5.3725,57.9373],[-5.3585,57.9387],[-5.3529,57.9351],[-5.3514,57.9266],[-5.3156,57.9107],[-5.2403,57.9174],[-5.2176,57.9093],[-5.1809,57.887],[-5.1519,57.8755],[-5.1214,57.8706],[-5.0738,57.8183],[-5.0653,57.8271],[-5.099,57.8693],[-5.1345,57.8809],[-5.1444,57.8937],[-5.165,57.8931],[-5.1804,57.9075],[-5.1933,57.9103],[-5.2219,57.9273],[-5.1997,57.9287],[-5.1806,57.9426],[-5.1806,57.9469],[-5.1925,57.9443],[-5.1922,57.9574],[-5.2269,57.9586],[-5.2406,57.9623],[-5.2461,57.9708],[-5.3138,57.9809],[-5.3073,57.9856],[-5.3307,58.0066],[-5.3532,58.0059],[-5.3473,58.0135],[-5.3579,58.0265],[-5.4234,58.0367],[-5.4172,58.0554],[-5.4436,58.0623],[-5.4501,58.0709],[-5.4559,58.0704],[-5.4577,58.0771],[-5.4496,58.0781],[-5.4478,58.0829],[-5.4544,58.0851],[-5.4347,58.1058],[-5.4217,58.1053],[-5.3803,58.086],[-5.3617,58.0683],[-5.3517,58.0786],[-5.3325,58.0781],[-5.3254,58.0688],[-5.3002,58.069],[-5.2683,58.1021],[-5.272,58.1071],[-5.2846,58.1088],[-5.2852,58.1133],[-5.2998,58.1157],[-5.3012,58.1202],[-5.2652,58.1218],[-5.2866,58.1271],[-5.299,58.1374],[-5.264,58.138],[-5.2628,58.1424],[-5.2514,58.142],[-5.2524,58.147],[-5.2408,58.1474],[-5.2409,58.1535],[-5.27,58.148],[-5.307,58.1552],[-5.3023,58.1637],[-5.3093,58.1635],[-5.3116,58.1681],[-5.3028,58.1726],[-5.3051,58.1763],[-5.3393,58.1855],[-5.3446,58.1922],[-5.3398,58.1997],[-5.358,58.2021],[-5.3607,58.2168],[-5.3861,58.2317],[-5.4043,58.2358],[-5.3972,58.2517],[-5.3778,58.2631],[-5.3677,58.2513],[-5.3396,58.2497],[-5.3423,58.2445],[-5.3184,58.2391],[-5.3199,58.2352],[-5.3088,58.2244],[-5.2715,58.244],[-5.2456,58.2502],[-5.2685,58.2531],[-5.2789,58.2607],[-5.262,58.2673],[-5.2564,58.2605],[-5.2443,58.258],[-5.2434,58.2509]]],[[[-5.8083,57.7268],[-5.8224,57.7306],[-5.8203,57.7367],[-5.8108,57.7334],[-5.7921,57.7374],[-5.7949,57.7305],[-5.8083,57.7268]]],[[[-5.6168,57.8221],[-5.6392,57.8333],[-5.6448,57.8401],[-5.6325,57.847],[-5.6338,57.8434],[-5.6053,57.8327],[-5.5998,57.826],[-5.6023,57.8218],[-5.6168,57.8221]]],[[[-5.4813,57.8933],[-5.4711,57.8989],[-5.4637,57.8943],[-5.4607,57.8815],[-5.4663,57.8784],[-5.4768,57.8825],[-5.4813,57.8933]]],[[[-5.2395,57.9479],[-5.2089,57.9468],[-5.2237,57.9369],[-5.2395,57.9479]]],[[[-5.5123,57.9544],[-5.5216,57.9603],[-5.5093,57.968],[-5.4974,57.9581],[-5.5123,57.9544]]],[[[-5.4217,57.9767],[-5.4335,57.9711],[-5.4343,57.9763],[-5.4217,57.9767]]],[[[-5.3524,57.9815],[-5.3497,57.993],[-5.3421,57.9918],[-5.3411,57.9843],[-5.3463,57.9797],[-5.3524,57.9815]]],[[[-5.4352,58.007],[-5.4476,58.0039],[-5.4496,58.0102],[-5.4461,58.0137],[-5.4352,58.007]]],[[[-5.3972,58.0002],[-5.4154,58.0016],[-5.4154,58.0065],[-5.4214,58.0085],[-5.4194,58.0174],[-5.4093,58.0239],[-5.3973,58.0196],[-5.4035,58.0099],[-5.3829,58.0068],[-5.3972,58.0002]]],[[[-5.4511,58.0431],[-5.4425,58.0503],[-5.424,58.047],[-5.4317,58.0383],[-5.4511,58.0431]]],[[[-5.1247,58.2836],[-5.1272,58.2788],[-5.1385,58.2803],[-5.1323,58.288],[-5.1247,58.2836]]],[[[-5.1929,58.3722],[-5.2088,58.378],[-5.2069,58.3839],[-5.1827,58.3897],[-5.1666,58.382],[-5.1725,58.3765],[-5.1929,58.3722]]],[[[-4.3337,58.562],[-4.3276,58.5563],[-4.3394,58.5485],[-4.3469,58.5527],[-4.3462,58.5607],[-4.3337,58.562]]],[[[-3.1337,58.6671],[-3.1401,58.6701],[-3.1312,58.6743],[-3.1318,58.6806],[-3.1222,58.6902],[-3.1129,58.6933],[-3.1007,58.6846],[-3.1073,58.6709],[-3.1337,58.6671]]]]}},{"type":"Feature","properties":{"code":"UK267","name":"Inverclyde"},"geometry":{"type":"Polygon","coordinates":[[[-4.6144,55.9302],[-4.6341,55.9131],[-4.6308,55.9074],[-4.616,55.9071],[-4.612,55.9015],[-4.6124,55.8877],[-4.5991,55.8796],[-4.6086,55.8703],[-4.6033,55.8651],[-4.6228,55.8615],[-4.623,55.8498],[-4.6326,55.8411],[-4.6434,55.8391],[-4.6784,55.8382],[-4.7033,55.8424],[-4.7238,55.8524],[-4.7509,55.8497],[-4.7719,55.8659],[-4.7908,55.8711],[-4.8003,55.8796],[-4.7996,55.8926],[-4.8456,55.8752],[-4.8694,55.8737],[-4.8884,55.8748],[-4.8895,55.8824],[-4.8986,55.8912],[-4.8814,55.9031],[-4.8824,55.9152],[-4.8749,55.9218],[-4.8807,55.9359],[-4.8787,55.9423],[-4.8157,55.9622],[-4.8116,55.9574],[-4.8018,55.9572],[-4.7917,55.9634],[-4.7592,55.9546],[-4.749,55.9462],[-4.6704,55.9331],[-4.6144,55.9302]]]}},{"type":"Feature","properties":{"code":"UK268","name":"Isle of Anglesey"},"geometry":{"type":"MultiPolygon","coordinates":[[[[-4.4361,53.4281],[-4.4054,53.4275],[-4.4062,53.4222],[-4.3795,53.426],[-4.3555,53.4147],[-4.2973,53.4142],[-4.274,53.4023],[-4.2701,53.3866],[-4.2915,53.3671],[-4.2764,53.3711],[-4.2654,53.3674],[-4.2648,53.3608],[-4.2377,53.3571],[-4.2356,53.3478],[-4.2298,53.3458],[-4.2337,53.3412],[-4.2248,53.3372],[-4.2191,53.319],[-4.2042,53.3139],[-4.2145,53.2988],[-4.2012,53.2955],[-4.1478,53.3043],[-4.1351,53.3147],[-4.119,53.3193],[-4.0712,53.3121],[-4.0569,53.3149],[-4.0455,53.3114],[-4.0458,53.305],[-4.0719,53.2896],[-4.0759,53.2811],[-4.0861,53.2748],[-4.0873,53.2632],[-4.1581,53.2326],[-4.1618,53.2222],[-4.1782,53.2238],[-4.1861,53.2173],[-4.2079,53.212],[-4.2147,53.2047],[-4.216,53.1896],[-4.245,53.1793],[-4.2989,53.1485],[-4.3359,53.1456],[-4.3454,53.1342],[-4.3585,53.1314],[-4.3842,53.1425],[-4.4076,53.1444],[-4.42,53.1617],[-4.4168,53.1662],[-4.3916,53.1699],[-4.3825,53.1865],[-4.3853,53.1911],[-4.4114,53.1785],[-4.4145,53.1706],[-4.4281,53.1606],[-4.4484,53.1615],[-4.458,53.1792],[-4.4668,53.1842],[-4.4744,53.1803],[-4.5041,53.187],[-4.5066,53.1933],[-4.4996,53.2041],[-4.5054,53.2074],[-4.5013,53.2115],[-4.5039,53.2152],[-4.5238,53.2266],[-4.5212,53.2315],[-4.526,53.2355],[-4.5359,53.237],[-4.5528,53.2487],[-4.5525,53.2552],[-4.5663,53.2721],[-4.5877,53.2811],[-4.5503,53.3031],[-4.5639,53.3034],[-4.5643,53.3182],[-4.5829,53.3257],[-4.5845,53.3312],[-4.5746,53.3332],[-4.5669,53.344],[-4.5553,53.3747],[-4.5676,53.3852],[-4.5651,53.3904],[-4.5712,53.3926],[-4.5734,53.4041],[-4.5278,53.4075],[-4.517,53.4142],[-4.5114,53.4102],[-4.494,53.4116],[-4.4837,53.4197],[-4.458,53.4156],[-4.4361,53.4281]]],[[[-4.6482,53.3187],[-4.6338,53.3175],[-4.6152,53.3088],[-4.6129,53.3037],[-4.5961,53.3056],[-4.5885,53.2993],[-4.5887,53.2912],[-4.5986,53.2866],[-4.5918,53.2795],[-4.5941,53.2748],[-4.5827,53.2748],[-4.5586,53.2541],[-4.5605,53.2468],[-4.5976,53.2403],[-4.6137,53.2481],[-4.6087,53.2551],[-4.6203,53.2632],[-4.62,53.2803],[-4.6603,53.2858],[-4.6669,53.2815],[-4.6829,53.282],[-4.6873,53.2884],[-4.6774,53.2954],[-4.681,53.3007],[-4.691,53.301],[-4.6956,53.3087],[-4.6829,53.3139],[-4.6814,53.3235],[-4.6618,53.3189],[-4.6455,53.3226],[-4.6482,53.3187]]]]}},{"type":"Feature","properties":{"code":"UK269","name":"Isle of Wight"},"geometry":{"type":"Polygon","coordinates":[[[-1.2884,50.763],[-1.2715,50.7655],[-1.2401,50.7434],[-1.211,50.735],[-1.1574,50.7336],[-1.1098,50.7216],[-1.098,50.7062],[-1.0978,50.6965],[-1.1083,50.6935],[-1.0985,50.6905],[-1.0824,50.6945],[-1.0706,50.688],[-1.0702,50.6835],[-1.0954,50.6716],[-1.0985,50.6649],[-1.1327,50.6621],[-1.1604,50.6493],[-1.1748,50.6227],[-1.1753,50.6069],[-1.1854,50.5972],[-1.295,50.5749],[-1.308,50.5774],[-1.3186,50.5899],[-1.3826,50.6237],[-1.4471,50.6435],[-1.4851,50.6669],[-1.5236,50.668],[-1.5692,50.6609],[-1.5702,50.6725],[-1.5491,50.6778],[-1.534,50.6935],[-1.5334,50.7006],[-1.5221,50.7071],[-1.5062,50.7045],[-1.4695,50.7096],[-1.4257,50.7267],[-1.4133,50.7246],[-1.408,50.7184],[-1.3927,50.7178],[-1.3902,50.7204],[-1.4025,50.7279],[-1.3533,50.7391],[-1.3451,50.7505],[-1.3203,50.7653],[-1.2992,50.766],[-1.2922,50.7581],[-1.2884,50.763]]]}},{"type":"Feature","properties":{"code":"UK270","name":"Isles of Scilly"},"geometry":{"type":"MultiPolygon","coordinates":[[[[-6.3279,49.8946],[-6.3298,49.8891],[-6.3399,49.8857],[-6.3531,49.8883],[-6.349,49.8983],[-6.3279,49.8946]]],[[[-6.2762,49.9227],[-6.2878,49.91],[-6.3031,49.9115],[-6.3001,49.9061],[-6.3039,49.903],[-6.3128,49.9132],[-6.3211,49.9086],[-6.3276,49.9126],[-6.3218,49.9172],[-6.3097,49.9164],[-6.3084,49.9219],[-6.3138,49.9275],[-6.2994,49.9373],[-6.2817,49.9308],[-6.2762,49.9227]]],[[[-6.3485,49.9679],[-6.3213,49.9537],[-6.3236,49.9444],[-6.3309,49.942],[-6.3392,49.947],[-6.339,49.9559],[-6.3508,49.9635],[-6.3485,49.9679]]],[[[-6.3651,49.9516],[-6.3566,49.9597],[-6.3584,49.9667],[-6.348,49.9556],[-6.3521,49.9506],[-6.3651,49.9516]]],[[[-6.2888,49.9662],[-6.2782,49.9639],[-6.2687,49.9645],[-6.2714,49.9583],[-6.3044,49.9673],[-6.2923,49.98],[-6.2888,49.9662]]]]}},{"type":"Feature","properties":{"code":"UK271","name":"Kent"},"geometry":{"type":"MultiPolygon","coordinates":[[[[0.4593,51.4556],[0.491,51.4387],[0.4892,51.4153],[0.4751,51.4129],[0.4776,51.4072],[0.4683,51.4032],[0.4676,51.3983],[0.4519,51.3983],[0.4567,51.3942],[0.4472,51.3889],[0.4311,51.3881],[0.3973,51.3458],[0.4266,51.3469],[0.4535,51.3406],[0.4577,51.3522],[0.4502,51.3643],[0.457,51.3681],[0.4941,51.3526],[0.5031,51.3546],[0.5059,51.3429],[0.5257,51.3347],[0.533,51.3372],[0.5441,51.3279],[0.5635,51.3387],[0.6081,51.3346],[0.635,51.3663],[0.6233,51.3692],[0.6411,51.3887],[0.6399,51.3951],[0.6481,51.3976],[0.6575,51.3927],[0.6612,51.3845],[0.6749,51.3758],[0.6814,51.3799],[0.6844,51.3896],[0.696,51.3927],[0.7026,51.3911],[0.6948,51.3848],[0.6963,51.3804],[0.7144,51.3842],[0.719,51.3891],[0.7035,51.3952],[0.6958,51.4072],[0.6991,51.4214],[0.7204,51.4185],[0.7169,51.4126],[0.7265,51.399],[0.7627,51.3843],[0.7593,51.3703],[0.7645,51.363],[0.8225,51.3546],[0.8622,51.3563],[0.8779,51.3531],[0.8968,51.3414],[1.0015,51.3483],[1.0332,51.3656],[1.095,51.3686],[1.099,51.3726],[1.1491,51.3731],[1.1993,51.3799],[1.2786,51.378],[1.2901,51.3827],[1.3134,51.3805],[1.3637,51.3858],[1.3844,51.3926],[1.4249,51.3938],[1.442,51.3872],[1.4496,51.3775],[1.4421,51.3502],[1.4249,51.3314],[1.3994,51.3261],[1.3778,51.3293],[1.3629,51.3201],[1.3644,51.3138],[1.3544,51.3092],[1.3455,51.308],[1.3395,51.3129],[1.3319,51.3129],[1.3398,51.3125],[1.3456,51.3022],[1.3401,51.2937],[1.3345,51.2935],[1.3285,51.2866],[1.3403,51.2935],[1.3456,51.3016],[1.3687,51.3155],[1.3994,51.2464],[1.405,51.2283],[1.4055,51.186],[1.4022,51.167],[1.3939,51.1559],[1.3768,51.1408],[1.3474,51.133],[1.3426,51.1269],[1.3164,51.1231],[1.3128,51.1144],[1.2677,51.1017],[1.2156,51.0971],[1.1899,51.0773],[1.0756,51.0635],[1.0393,51.0504],[1.0068,51.0316],[0.9844,51.0133],[0.9643,50.9681],[0.9667,50.9507],[0.9814,50.9239],[0.9826,50.9176],[0.9768,50.9117],[0.855,50.9239],[0.868,50.9333],[0.8597,50.9397],[0.856,50.9532],[0.8398,50.9562],[0.8298,50.9456],[0.8129,50.942],[0.8134,50.949],[0.7854,50.9753],[0.7786,50.9766],[0.7786,50.9908],[0.7411,51.0007],[0.6822,51.0006],[0.665,51.0161],[0.6361,51.0122],[0.6303,51.0174],[0.5719,51.0035],[0.5421,51.011],[0.5376,51.0216],[0.5155,51.0225],[0.4961,51.0306],[0.4774,51.0292],[0.4665,51.0343],[0.4714,51.0491],[0.4283,51.0632],[0.4182,51.0626],[0.4009,51.0712],[0.4066,51.0797],[0.3976,51.0836],[0.3646,51.0882],[0.3509,51.0841],[0.354,51.0936],[0.351,51.0993],[0.3585,51.1048],[0.3364,51.1051],[0.3246,51.1121],[0.3301,51.1178],[0.3263,51.1225],[0.2797,51.1178],[0.2757,51.1124],[0.2557,51.1139],[0.2276,51.1238],[0.1716,51.1154],[0.152,51.1226],[0.1512,51.1344],[0.16,51.141],[0.1414,51.1458],[0.0782,51.1399],[0.05,51.1427],[0.0543,51.1483],[0.0467,51.1735],[0.0527,51.1807],[0.0336,51.2113],[0.0573,51.2441],[0.0454,51.2766],[0.0482,51.2857],[0.0424,51.2926],[0.0508,51.294],[0.0585,51.2893],[0.0911,51.2968],[0.0828,51.3056],[0.085,51.3161],[0.1203,51.3322],[0.1167,51.3413],[0.1251,51.3459],[0.1369,51.3442],[0.1532,51.3781],[0.1477,51.3928],[0.1624,51.3925],[0.1488,51.4085],[0.1558,51.4309],[0.1639,51.4289],[0.1727,51.443],[0.2034,51.4544],[0.2104,51.4621],[0.2125,51.4755],[0.2202,51.4795],[0.2742,51.4538],[0.3001,51.458],[0.3106,51.4668],[0.3285,51.4508],[0.3485,51.4463],[0.4144,51.4439],[0.4593,51.4556]],[[1.3415,51.277],[1.3401,51.28],[1.3287,51.2864],[1.3335,51.2806],[1.3415,51.277]],[[1.3503,51.2753],[1.344,51.2759],[1.3478,51.2742],[1.3503,51.2753]],[[1.3536,51.2798],[1.3521,51.2762],[1.3571,51.2785],[1.3536,51.2798]],[[1.3469,51.2929],[1.3505,51.2859],[1.3546,51.2896],[1.3469,51.2929]],[[1.3318,51.313],[1.2909,51.3214],[1.2777,51.3204],[1.3318,51.313]],[[1.2519,51.3289],[1.2574,51.3233],[1.2623,51.3226],[1.2579,51.3234],[1.2519,51.3289]],[[1.2304,51.3317],[1.2309,51.3315],[1.2379,51.3307],[1.2304,51.3317]],[[1.2166,51.3212],[1.2274,51.3253],[1.2288,51.3278],[1.2166,51.3212]],[[1.2071,51.3235],[1.2129,51.322],[1.2096,51.3236],[1.2071,51.3235]],[[1.2056,51.3234],[1.171,51.3116],[1.1595,51.3075],[1.1619,51.305],[1.1718,51.3117],[1.1942,51.3168],[1.2056,51.3234]]],[[[0.7879,51.4403],[0.8161,51.428],[0.9013,51.4168],[0.9381,51.3898],[0.9509,51.3734],[0.921,51.3598],[0.8963,51.3544],[0.8688,51.365],[0.7648,51.3714],[0.7703,51.3791],[0.7656,51.3858],[0.7313,51.4012],[0.728,51.4076],[0.7424,51.4142],[0.736,51.4216],[0.7472,51.4467],[0.7879,51.4403]]],[[[0.6945,51.3967],[0.6837,51.3981],[0.666,51.4062],[0.6892,51.4123],[0.6945,51.3967]]],[[[0.6723,51.4135],[0.6656,51.4239],[0.6787,51.4235],[0.6806,51.4192],[0.6723,51.4135]]]]}},{"type":"Feature","properties":{"code":"UK272","name":"Kingston upon Hull"},"geometry":{"type":"Polygon","coordinates":[[[-0.4192,53.7196],[-0.4225,53.7305],[-0.4109,53.7464],[-0.4019,53.75],[-0.4223,53.7505],[-0.4182,53.7606],[-0.3882,53.7693],[-0.3922,53.7911],[-0.3605,53.7932],[-0.3651,53.8034],[-0.346,53.8106],[-0.3162,53.8133],[-0.3039,53.7984],[-0.2782,53.7821],[-0.2523,53.7813],[-0.2542,53.7635],[-0.2414,53.755],[-0.2474,53.7412],[-0.2452,53.7365],[-0.2502,53.7333],[-0.2973,53.7428],[-0.3313,53.7384],[-0.3278,53.7448],[-0.3321,53.7501],[-0.329,53.7555],[-0.336,53.7598],[-0.3296,53.7559],[-0.3333,53.7518],[-0.3286,53.7447],[-0.3326,53.7383],[-0.4192,53.7196]],[[-0.3487,53.7873],[-0.3484,53.7755],[-0.3438,53.7733],[-0.348,53.7756],[-0.3487,53.7873]],[[-0.3402,53.7716],[-0.3283,53.766],[-0.332,53.763],[-0.328,53.7661],[-0.3402,53.7716]]]}},{"type":"Feature","properties":{"code":"UK273","name":"Lancashire"},"geometry":{"type":"Polygon","coordinates":[[[-2.4608,54.2268],[-2.4737,54.2153],[-2.4799,54.2023],[-2.5288,54.1695],[-2.5366,54.1566],[-2.5573,54.15],[-2.5578,54.1433],[-2.5635,54.1404],[-2.5633,54.1227],[-2.5447,54.1172],[-2.5344,54.1034],[-2.5242,54.1021],[-2.524,54.0946],[-2.5096,54.0954],[-2.4807,54.0853],[-2.4656,54.0717],[-2.464,54.0611],[-2.4696,54.0462],[-2.4588,54.0405],[-2.4225,54.0406],[-2.3741,54.0491],[-2.362,54.0407],[-2.3573,54.0191],[-2.3457,54.0182],[-2.3396,54.0095],[-2.3523,54.0105],[-2.3523,53.9947],[-2.3399,53.9895],[-2.3188,53.9937],[-2.2989,53.9766],[-2.2845,53.9738],[-2.2303,53.9816],[-2.2276,53.9749],[-2.2321,53.9713],[-2.226,53.9673],[-2.2258,53.9611],[-2.1959,53.9696],[-2.1835,53.9515],[-2.1823,53.9354],[-2.1717,53.9377],[-2.157,53.927],[-2.1323,53.9265],[-2.1075,53.908],[-2.1132,53.9046],[-2.1031,53.8909],[-2.0815,53.8757],[-2.0749,53.8623],[-2.0462,53.8501],[-2.047,53.8295],[-2.0848,53.8185],[-2.1278,53.7983],[-2.1293,53.7909],[-2.1248,53.7881],[-2.1364,53.7801],[-2.1313,53.7744],[-2.1296,53.7545],[-2.1485,53.7343],[-2.1639,53.7313],[-2.1732,53.723],[-2.1611,53.6977],[-2.1452,53.6923],[-2.1487,53.6745],[-2.1639,53.6548],[-2.1613,53.6414],[-2.1818,53.6404],[-2.1823,53.6483],[-2.2052,53.6544],[-2.2072,53.6607],[-2.2258,53.6707],[-2.2459,53.6635],[-2.2699,53.6462],[-2.258,53.6165],[-2.2717,53.6145],[-2.2958,53.6415],[-2.2956,53.6643],[-2.3001,53.667],[-2.3203,53.656],[-2.3334,53.6552],[-2.3712,53.667],[-2.3759,53.6756],[-2.3744,53.6872],[-2.4003,53.6926],[-2.411,53.7051],[-2.42,53.7084],[-2.4183,53.7114],[-2.4326,53.7189],[-2.4419,53.752],[-2.452,53.7616],[-2.4464,53.7665],[-2.4671,53.7815],[-2.4771,53.781],[-2.4809,53.774],[-2.5094,53.7692],[-2.5233,53.7604],[-2.5457,53.7594],[-2.5625,53.7462],[-2.5636,53.7393],[-2.5572,53.7346],[-2.5552,53.7253],[-2.5407,53.7197],[-2.5389,53.7134],[-2.5432,53.7099],[-2.5396,53.7021],[-2.5157,53.6924],[-2.5184,53.6777],[-2.5323,53.6649],[-2.5233,53.6504],[-2.52,53.6305],[-2.5114,53.627],[-2.5741,53.5943],[-2.596,53.6109],[-2.6258,53.5937],[-2.6346,53.6083],[-2.6898,53.6038],[-2.6937,53.5918],[-2.7144,53.5817],[-2.7177,53.5726],[-2.7048,53.5591],[-2.7185,53.5435],[-2.7179,53.5272],[-2.7305,53.5206],[-2.769,53.5135],[-2.7826,53.5314],[-2.8167,53.5122],[-2.8255,53.4828],[-2.8444,53.4841],[-2.8439,53.4902],[-2.8504,53.4933],[-2.8615,53.4911],[-2.888,53.5038],[-2.8923,53.5112],[-2.8846,53.5192],[-2.889,53.5222],[-2.923,53.5252],[-2.9479,53.5444],[-2.9773,53.5462],[-2.9633,53.5249],[-2.9642,53.5186],[-2.9759,53.5152],[-3.0166,53.5357],[-3.0458,53.5434],[-3.0386,53.5531],[-3.0409,53.5625],[-3.0225,53.5696],[-3.0207,53.5837],[-3.033,53.5866],[-3.028,53.603],[-3.0008,53.6249],[-2.9929,53.6273],[-2.9819,53.6222],[-2.9665,53.6319],[-2.9401,53.6587],[-2.9474,53.6673],[-2.9438,53.6763],[-2.9525,53.6823],[-2.9467,53.688],[-2.9562,53.6975],[-2.9502,53.7003],[-2.9545,53.7051],[-2.9438,53.7103],[-2.9482,53.7141],[-2.9398,53.7242],[-2.9157,53.7263],[-2.9016,53.7194],[-2.8832,53.7306],[-2.802,53.749],[-2.859,53.7378],[-2.9292,53.7314],[-3.0069,53.7371],[-3.038,53.7469],[-3.055,53.762],[-3.057,53.7765],[-3.0328,53.7807],[-3.0288,53.7731],[-2.9965,53.7745],[-3.0061,53.788],[-2.9993,53.7943],[-2.9834,53.7938],[-2.9957,53.8187],[-3.0137,53.8292],[-3.0073,53.8329],[-3.0156,53.8407],[-3.0181,53.8482],[-3.0142,53.8505],[-3.0227,53.8643],[-3.0313,53.8747],[-3.0477,53.8758],[-3.0507,53.918],[-3.0315,53.9265],[-3.006,53.9279],[-3.0048,53.8974],[-2.9927,53.8851],[-2.969,53.8735],[-2.9779,53.8715],[-2.9766,53.8618],[-2.9645,53.872],[-2.9922,53.8966],[-2.9967,53.9096],[-2.9947,53.9318],[-2.924,53.95],[-2.9121,53.947],[-2.9083,53.9405],[-2.8894,53.9416],[-2.8729,53.9495],[-2.8832,53.9591],[-2.8734,53.9577],[-2.8598,53.9683],[-2.8719,53.9703],[-2.8769,53.9795],[-2.87,53.9826],[-2.868,53.9933],[-2.852,54.0005],[-2.8323,53.9979],[-2.83,54.0217],[-2.8394,54.0233],[-2.8348,54.0141],[-2.8423,54.0059],[-2.8648,54.0051],[-2.8761,54.0017],[-2.8763,53.9941],[-2.9001,53.992],[-2.9069,54.0072],[-2.904,54.0222],[-2.9229,54.0306],[-2.9122,54.0337],[-2.9063,54.0394],[-2.9059,54.0478],[-2.8972,54.0493],[-2.8923,54.0605],[-2.8764,54.0734],[-2.8411,54.0791],[-2.8204,54.0888],[-2.8277,54.0946],[-2.8252,54.1016],[-2.8131,54.1052],[-2.7945,54.1235],[-2.8059,54.1373],[-2.8121,54.1329],[-2.829,54.1445],[-2.8212,54.153],[-2.8351,54.1615],[-2.8328,54.166],[-2.8379,54.1742],[-2.8187,54.1809],[-2.8137,54.1839],[-2.8164,54.1898],[-2.7995,54.1977],[-2.7683,54.186],[-2.7345,54.1841],[-2.7364,54.1691],[-2.6799,54.1611],[-2.6704,54.1766],[-2.6447,54.1909],[-2.6399,54.202],[-2.625,54.1955],[-2.5761,54.1956],[-2.5507,54.2003],[-2.52,54.2165],[-2.4996,54.2195],[-2.4596,54.2396],[-2.4608,54.2268]]]}},{"type":"Feature","properties":{"code":"UK274","name":"Leicester"},"geometry":{"type":"Polygon","coordinates":[[[-1.178,52.6781],[-1.1474,52.6906],[-1.1294,52.6692],[-1.1091,52.6728],[-1.0567,52.6639],[-1.0589,52.6564],[-1.0486,52.655],[-1.0481,52.6354],[-1.0561,52.6326],[-1.0532,52.6276],[-1.0635,52.6194],[-1.077,52.6143],[-1.0967,52.6163],[-1.0934,52.6102],[-1.1048,52.5963],[-1.1269,52.5957],[-1.1265,52.591],[-1.1459,52.5882],[-1.1494,52.581],[-1.1594,52.5817],[-1.1579,52.5908],[-1.1703,52.5939],[-1.1653,52.603],[-1.171,52.6058],[-1.164,52.6095],[-1.1655,52.6131],[-1.2159,52.6345],[-1.2098,52.6417],[-1.1907,52.6404],[-1.1841,52.6496],[-1.1853,52.6606],[-1.1768,52.6643],[-1.178,52.6781]]]}},{"type":"Feature","properties":{"code":"UK275","name":"Leicestershire"},"geometry":{"type":"Polygon","coordinates":[[[-0.7783,52.977],[-0.7784,52.9593],[-0.7549,52.9495],[-0.7661,52.928],[-0.763,52.9238],[-0.7769,52.9048],[-0.7592,52.9007],[-0.7666,52.8868],[-0.7428,52.8832],[-0.7361,52.8701],[-0.6879,52.8182],[-0.6806,52.8072],[-0.6831,52.7947],[-0.6773,52.79],[-0.6641,52.7567],[-0.6844,52.7565],[-0.6962,52.7465],[-0.7534,52.7366],[-0.7764,52.7439],[-0.8129,52.7295],[-0.8217,52.7157],[-0.8003,52.7078],[-0.7957,52.6968],[-0.7856,52.6928],[-0.7821,52.6705],[-0.7902,52.6672],[-0.7948,52.657],[-0.8098,52.6443],[-0.8079,52.6392],[-0.8018,52.6388],[-0.8109,52.626],[-0.8056,52.6218],[-0.8189,52.6106],[-0.8191,52.6002],[-0.8159,52.5942],[-0.787,52.5962],[-0.766,52.5818],[-0.7638,52.5704],[-0.7389,52.5475],[-0.7423,52.5395],[-0.7137,52.5249],[-0.7584,52.5113],[-0.7791,52.5181],[-0.7889,52.5137],[-0.8005,52.5181],[-0.8207,52.5158],[-0.8688,52.527],[-0.8718,52.5194],[-0.8834,52.5138],[-0.8799,52.5102],[-0.8821,52.4931],[-0.8957,52.4921],[-0.8934,52.4854],[-0.8846,52.4813],[-0.8824,52.4714],[-0.899,52.4611],[-0.9421,52.4678],[-0.9524,52.4775],[-0.9678,52.4772],[-0.9793,52.4701],[-1.0007,52.4709],[-1.0444,52.4457],[-1.0371,52.4445],[-1.0343,52.4363],[-1.0549,52.422],[-1.0693,52.4335],[-1.0828,52.436],[-1.0934,52.4277],[-1.1343,52.4123],[-1.1385,52.4021],[-1.1839,52.3922],[-1.2017,52.3968],[-1.2408,52.4402],[-1.3078,52.4946],[-1.4189,52.5378],[-1.5229,52.5706],[-1.5252,52.5803],[-1.5375,52.5896],[-1.5607,52.5962],[-1.5544,52.6147],[-1.5669,52.6206],[-1.571,52.6341],[-1.547,52.6422],[-1.5425,52.6537],[-1.5528,52.6684],[-1.5896,52.6873],[-1.5871,52.6943],[-1.5976,52.7004],[-1.5747,52.712],[-1.5639,52.7112],[-1.5501,52.7203],[-1.5453,52.7329],[-1.5626,52.7506],[-1.5548,52.762],[-1.504,52.7675],[-1.4924,52.7595],[-1.4733,52.7655],[-1.4571,52.7791],[-1.4629,52.7868],[-1.4418,52.7936],[-1.4413,52.802],[-1.4178,52.8016],[-1.3879,52.8331],[-1.3811,52.846],[-1.306,52.8771],[-1.2678,52.8733],[-1.2738,52.8595],[-1.2645,52.8584],[-1.2722,52.8494],[-1.2662,52.8428],[-1.267,52.8374],[-1.2743,52.8361],[-1.2713,52.8245],[-1.26,52.819],[-1.2634,52.8151],[-1.26,52.8072],[-1.2453,52.8061],[-1.2219,52.7917],[-1.2003,52.7937],[-1.1977,52.7895],[-1.1634,52.8065],[-1.1309,52.8058],[-1.1192,52.8192],[-1.0745,52.8247],[-1.0695,52.8222],[-1.0718,52.814],[-1.0421,52.8146],[-1.0219,52.822],[-0.989,52.8182],[-0.9781,52.8245],[-0.974,52.8343],[-0.9771,52.8408],[-0.9706,52.845],[-0.9609,52.8434],[-0.9401,52.8554],[-0.9408,52.8615],[-0.9282,52.8661],[-0.94,52.8751],[-0.9169,52.879],[-0.8577,52.9056],[-0.8637,52.9113],[-0.8575,52.9189],[-0.8414,52.9284],[-0.8348,52.9393],[-0.8225,52.9441],[-0.834,52.9459],[-0.8328,52.9496],[-0.82,52.9605],[-0.8137,52.957],[-0.8098,52.966],[-0.7962,52.9768],[-0.7783,52.977]],[[-1.1474,52.6906],[-1.178,52.6781],[-1.1768,52.6643],[-1.1853,52.6606],[-1.1841,52.6496],[-1.1907,52.6404],[-1.2098,52.6417],[-1.2159,52.6345],[-1.1655,52.6131],[-1.164,52.6095],[-1.171,52.6058],[-1.1653,52.603],[-1.1703,52.5939],[-1.1579,52.5908],[-1.1594,52.5817],[-1.1494,52.581],[-1.1459,52.5882],[-1.1265,52.591],[-1.1269,52.5957],[-1.1048,52.5963],[-1.0934,52.6102],[-1.0967,52.6163],[-1.077,52.6143],[-1.0635,52.6194],[-1.0532,52.6276],[-1.0561,52.6326],[-1.0481,52.6354],[-1.0486,52.655],[-1.0589,52.6564],[-1.0567,52.6639],[-1.1091,52.6728],[-1.1294,52.6692],[-1.1474,52.6906]]]}},{"type":"Feature","properties":{"code":"UK276","name":"Lincolnshire"},"geometry":{"type":"MultiPolygon","coordinates":[[[[0.2674,52.8133],[0.245,52.7845],[0.2722,52.7728],[0.2331,52.7602],[0.1863,52.7354],[0.1721,52.7378],[0.1955,52.7657],[0.2074,52.788],[0.2168,52.8209],[0.2449,52.822],[0.2674,52.8133]]],[[[-0.3009,53.6164],[-0.2512,53.5883],[-0.2353,53.5855],[-0.2225,53.568],[-0.1951,53.5716],[-0.1875,53.5636],[-0.2198,53.5326],[-0.2105,53.5317],[-0.2137,53.5275],[-0.2041,53.5117],[-0.2105,53.4863],[-0.187,53.482],[-0.1819,53.4687],[-0.1595,53.468],[-0.1445,53.4409],[-0.1343,53.4408],[-0.1319,53.4359],[-0.1228,53.4374],[-0.1203,53.4335],[-0.0822,53.4512],[-0.1079,53.4698],[-0.0898,53.4776],[-0.0941,53.4813],[-0.0898,53.4853],[-0.0752,53.4893],[-0.0651,53.5188],[-0.0467,53.5201],[-0.0396,53.5132],[0.0047,53.5195],[0.0177,53.5255],[0.0404,53.5247],[0.0726,53.518],[0.0795,53.5134],[0.0852,53.4993],[0.0941,53.494],[0.1084,53.4986],[0.1085,53.5052],[0.1293,53.4993],[0.1243,53.4964],[0.1399,53.4845],[0.1479,53.4922],[0.1676,53.4768],[0.1794,53.4434],[0.1888,53.4408],[0.2135,53.4117],[0.2281,53.4064],[0.2364,53.3866],[0.2892,53.3056],[0.3195,53.2716],[0.3402,53.2333],[0.3402,53.221],[0.355,53.1918],[0.348,53.109],[0.3399,53.1037],[0.3359,53.0896],[0.3193,53.0917],[0.2376,53.0453],[0.1857,53.0271],[0.1515,53.0081],[0.0843,52.95],[0.0784,52.9337],[0.0384,52.9059],[0.059,52.9163],[0.0702,52.9049],[0.0928,52.8941],[0.1162,52.8936],[0.1709,52.8772],[0.2149,52.8226],[0.2059,52.7876],[0.1712,52.7382],[0.1329,52.7393],[0.111,52.7298],[0.0988,52.7303],[0.089,52.7237],[0.0639,52.7275],[0.0442,52.7144],[0.048,52.6811],[0.0215,52.6649],[-0.0313,52.6616],[-0.0321,52.6654],[-0.0595,52.6747],[-0.0905,52.6667],[-0.1022,52.6722],[-0.1411,52.6515],[-0.18,52.6605],[-0.1905,52.6524],[-0.2061,52.668],[-0.2613,52.6515],[-0.2895,52.6703],[-0.3205,52.6751],[-0.3363,52.6741],[-0.3363,52.6686],[-0.3568,52.66],[-0.4058,52.6481],[-0.4321,52.6482],[-0.4527,52.6542],[-0.495,52.6402],[-0.5235,52.6652],[-0.4938,52.6607],[-0.4562,52.6704],[-0.4341,52.6837],[-0.4305,52.7054],[-0.4933,52.7103],[-0.5126,52.7197],[-0.5424,52.7233],[-0.5399,52.7384],[-0.5714,52.7478],[-0.5726,52.7531],[-0.6054,52.7505],[-0.6086,52.7597],[-0.6641,52.7567],[-0.6773,52.79],[-0.6831,52.7947],[-0.6806,52.8072],[-0.6879,52.8182],[-0.7361,52.8701],[-0.7428,52.8832],[-0.7666,52.8868],[-0.7592,52.9007],[-0.7769,52.9048],[-0.763,52.9238],[-0.7661,52.928],[-0.7549,52.9495],[-0.7784,52.9593],[-0.7776,52.9838],[-0.8041,53.0064],[-0.8043,53.0123],[-0.7958,53.0106],[-0.7884,53.0259],[-0.7608,53.0294],[-0.7496,53.0551],[-0.7312,53.0544],[-0.7162,53.059],[-0.7111,53.0662],[-0.6985,53.065],[-0.6985,53.0755],[-0.7104,53.0794],[-0.7061,53.0834],[-0.7297,53.0979],[-0.7212,53.1043],[-0.7169,53.1194],[-0.7325,53.1278],[-0.7154,53.1369],[-0.7232,53.1551],[-0.7161,53.1704],[-0.7187,53.1771],[-0.7642,53.1816],[-0.7622,53.1883],[-0.7537,53.1882],[-0.7305,53.2107],[-0.7147,53.2076],[-0.6977,53.2202],[-0.6759,53.2177],[-0.6666,53.2397],[-0.688,53.2584],[-0.7341,53.2541],[-0.7351,53.2439],[-0.7764,53.2468],[-0.7637,53.2731],[-0.7773,53.2839],[-0.7642,53.295],[-0.7501,53.2938],[-0.7462,53.3035],[-0.7519,53.3094],[-0.7527,53.3206],[-0.766,53.3301],[-0.7562,53.3395],[-0.7643,53.3463],[-0.7584,53.3522],[-0.7728,53.3642],[-0.7899,53.3633],[-0.7852,53.3746],[-0.7746,53.3792],[-0.7839,53.3861],[-0.7758,53.3913],[-0.7764,53.3965],[-0.7947,53.415],[-0.8172,53.4263],[-0.82,53.4406],[-0.8091,53.4435],[-0.7852,53.4619],[-0.7849,53.4736],[-0.7726,53.4781],[-0.7749,53.4888],[-0.766,53.4999],[-0.7511,53.5006],[-0.7386,53.5198],[-0.6758,53.5125],[-0.6245,53.5129],[-0.6282,53.5069],[-0.6257,53.4955],[-0.6341,53.4854],[-0.6348,53.4695],[-0.6267,53.462],[-0.6298,53.4582],[-0.5519,53.4595],[-0.4718,53.4749],[-0.4862,53.4799],[-0.4887,53.4851],[-0.4807,53.4962],[-0.4852,53.5036],[-0.4759,53.509],[-0.4524,53.5087],[-0.4051,53.5176],[-0.4081,53.5321],[-0.4218,53.5345],[-0.4306,53.5463],[-0.5013,53.5374],[-0.4908,53.5459],[-0.467,53.549],[-0.4656,53.556],[-0.429,53.5746],[-0.4197,53.5638],[-0.3563,53.5561],[-0.3359,53.5587],[-0.3237,53.576],[-0.3008,53.5955],[-0.3086,53.6144],[-0.3009,53.6164]]]]}},{"type":"Feature","properties":{"code":"UK277","name":"Luton"},"geometry":{"type":"Polygon","coordinates":[[[-0.3857,51.9157],[-0.3739,51.8953],[-0.3651,51.8944],[-0.3509,51.8761],[-0.3698,51.8681],[-0.3885,51.8719],[-0.4009,51.8686],[-0.4232,51.8547],[-0.4553,51.8823],[-0.4666,51.8882],[-0.4839,51.8883],[-0.5059,51.9006],[-0.4822,51.9078],[-0.4786,51.9173],[-0.4865,51.9222],[-0.4378,51.9278],[-0.4217,51.9257],[-0.4208,51.9152],[-0.4147,51.9115],[-0.4024,51.9097],[-0.3857,51.9157]]]}},{"type":"Feature","properties":{"code":"UK278","name":"Medway"},"geometry":{"type":"MultiPolygon","coordinates":[[[[0.635,51.3663],[0.6081,51.3346],[0.5635,51.3387],[0.5441,51.3279],[0.533,51.3372],[0.5257,51.3347],[0.5059,51.3429],[0.5031,51.3546],[0.4941,51.3526],[0.457,51.3681],[0.4888,51.3788],[0.5054,51.3935],[0.5154,51.3841],[0.5235,51.3865],[0.5373,51.4102],[0.5774,51.3905],[0.6164,51.378],[0.6265,51.3882],[0.6356,51.387],[0.6248,51.3812],[0.6233,51.3692],[0.635,51.3663]]],[[[0.595,51.3994],[0.602,51.4023],[0.6136,51.4002],[0.6034,51.3939],[0.595,51.3994]]],[[[0.5603,51.4032],[0.5636,51.408],[0.5825,51.4031],[0.5603,51.4032]]],[[[0.4266,51.3469],[0.3973,51.3458],[0.4311,51.3881],[0.4472,51.3889],[0.4567,51.3942],[0.4519,51.3983],[0.4676,51.3983],[0.4683,51.4032],[0.4776,51.4072],[0.4751,51.4129],[0.4892,51.4153],[0.491,51.4387],[0.4593,51.4556],[0.4543,51.4634],[0.4684,51.4826],[0.4802,51.4869],[0.5469,51.4871],[0.5794,51.4803],[0.5879,51.484],[0.6152,51.4751],[0.66,51.4777],[0.703,51.4714],[0.7205,51.4598],[0.7234,51.4436],[0.7104,51.4348],[0.6779,51.4332],[0.6593,51.449],[0.6333,51.4449],[0.619,51.4375],[0.6179,51.4278],[0.6228,51.4228],[0.6109,51.4174],[0.5754,51.4155],[0.5613,51.4098],[0.5306,51.4118],[0.519,51.387],[0.5038,51.3972],[0.4902,51.3881],[0.49,51.3821],[0.4499,51.3666],[0.4482,51.3595],[0.4553,51.3507],[0.448,51.3474],[0.4535,51.3406],[0.4266,51.3469]]]]}},{"type":"Feature","properties":{"code":"UK279","name":"Merseyside"},"geometry":{"type":"MultiPolygon","coordinates":[[[[-3.1363,53.2968],[-3.1408,53.3061],[-3.131,53.3053],[-3.1199,53.3125],[-3.135,53.3157],[-3.1368,53.326],[-3.1308,53.33],[-3.1862,53.3644],[-3.2023,53.3769],[-3.2027,53.3849],[-3.1705,53.4023],[-3.0433,53.4418],[-3.0366,53.4397],[-3.0169,53.4116],[-3.0015,53.3737],[-2.9736,53.3535],[-2.9579,53.3315],[-2.9287,53.3082],[-2.9396,53.3104],[-2.9494,53.3032],[-2.9691,53.3019],[-2.9927,53.3071],[-3.0262,53.2978],[-3.0741,53.3164],[-3.1126,53.2952],[-3.1363,53.2968]]],[[[-2.8202,53.3404],[-2.8365,53.327],[-2.855,53.3275],[-2.9033,53.3449],[-2.9849,53.3865],[-3.0031,53.4126],[-3.0088,53.4384],[-3.0172,53.4496],[-3.0414,53.4655],[-3.0376,53.4682],[-3.0559,53.4903],[-3.0653,53.516],[-3.103,53.5389],[-3.1023,53.5611],[-3.0955,53.5739],[-3.0539,53.6261],[-3.0056,53.6647],[-3.0031,53.6701],[-3.0141,53.67],[-3.0141,53.6791],[-3.0023,53.6769],[-2.9879,53.6847],[-2.9865,53.6896],[-2.9794,53.6901],[-2.9773,53.6965],[-2.9653,53.6983],[-2.9647,53.6935],[-2.9467,53.688],[-2.9525,53.6823],[-2.9438,53.6763],[-2.9474,53.6673],[-2.9401,53.6587],[-2.9665,53.6319],[-2.9819,53.6222],[-2.9929,53.6273],[-3.0008,53.6249],[-3.028,53.603],[-3.033,53.5866],[-3.0207,53.5837],[-3.0225,53.5696],[-3.0409,53.5625],[-3.0386,53.5531],[-3.0458,53.5434],[-3.0368,53.5386],[-3.0166,53.5357],[-2.9759,53.5152],[-2.9642,53.5186],[-2.9633,53.5249],[-2.9773,53.5462],[-2.9479,53.5444],[-2.923,53.5252],[-2.889,53.5222],[-2.8846,53.5192],[-2.8923,53.5112],[-2.888,53.5038],[-2.8733,53.5],[-2.8696,53.494],[-2.8504,53.4933],[-2.8439,53.4902],[-2.8444,53.4841],[-2.8255,53.4828],[-2.8167,53.5122],[-2.7826,53.5314],[-2.769,53.5135],[-2.7305,53.5206],[-2.7235,53.5117],[-2.7084,53.5133],[-2.7071,53.5067],[-2.6663,53.4997],[-2.6456,53.4802],[-2.6121,53.4812],[-2.6167,53.4662],[-2.6134,53.4618],[-2.5993,53.461],[-2.5767,53.446],[-2.5854,53.4398],[-2.5917,53.4466],[-2.63,53.4352],[-2.6325,53.4416],[-2.6744,53.4529],[-2.6822,53.4393],[-2.6688,53.4394],[-2.6752,53.433],[-2.6638,53.4285],[-2.6723,53.422],[-2.6714,53.4002],[-2.6762,53.3876],[-2.7011,53.3869],[-2.7127,53.3906],[-2.7165,53.3991],[-2.7452,53.4021],[-2.7434,53.3953],[-2.7525,53.3859],[-2.7771,53.3797],[-2.7874,53.3563],[-2.8091,53.3551],[-2.8189,53.348],[-2.8202,53.3404]]]]}},{"type":"Feature","properties":{"code":"UK280","name":"Merthyr Tydfil"},"geometry":{"type":"Polygon","coordinates":[[[-3.3345,51.7904],[-3.329,51.7588],[-3.3179,51.7429],[-3.3101,51.7394],[-3.3154,51.7318],[-3.3007,51.7363],[-3.2755,51.6833],[-3.2847,51.6772],[-3.2852,51.6582],[-3.2975,51.6612],[-3.301,51.6518],[-3.3139,51.6447],[-3.3139,51.6557],[-3.3294,51.6552],[-3.3806,51.7113],[-3.4055,51.7226],[-3.4134,51.7352],[-3.4531,51.7616],[-3.4275,51.7585],[-3.4166,51.7681],[-3.4455,51.8064],[-3.4441,51.8165],[-3.4171,51.8351],[-3.4023,51.8263],[-3.4061,51.8211],[-3.3998,51.8134],[-3.3862,51.8152],[-3.3728,51.8122],[-3.3663,51.8048],[-3.3576,51.8069],[-3.3556,51.7968],[-3.36,51.791],[-3.3345,51.7904]]]}},{"type":"Feature","properties":{"code":"UK281","name":"Middlesbrough"},"geometry":{"type":"Polygon","coordinates":[[[-1.246,54.5902],[-1.1778,54.5685],[-1.1667,54.554],[-1.1989,54.5442],[-1.1678,54.527],[-1.1597,54.5159],[-1.1373,54.515],[-1.1481,54.5011],[-1.2639,54.5125],[-1.2793,54.5179],[-1.2854,54.5362],[-1.2707,54.5561],[-1.2819,54.5652],[-1.2604,54.5717],[-1.2567,54.5878],[-1.246,54.5902]]]}},{"type":"Feature","properties":{"code":"UK282","name":"Midlothian Council"},"geometry":{"type":"Polygon","coordinates":[[[-3.0885,55.9313],[-3.0793,55.9204],[-3.0177,55.9016],[-2.9889,55.9129],[-2.9688,55.9125],[-2.967,55.9027],[-2.9555,55.8995],[-2.9595,55.8943],[-2.9471,55.8891],[-2.9484,55.8809],[-2.9376,55.8753],[-2.9371,55.8635],[-2.919,55.862],[-2.9136,55.8566],[-2.9008,55.8604],[-2.8965,55.8489],[-2.8806,55.8475],[-2.8554,55.8336],[-2.8602,55.8305],[-2.8462,55.819],[-2.8557,55.8253],[-2.8705,55.8241],[-2.8786,55.8102],[-2.887,55.8058],[-2.897,55.8098],[-2.9184,55.8017],[-2.9235,55.7936],[-2.9411,55.7946],[-2.9408,55.8061],[-2.9527,55.818],[-2.9819,55.799],[-3.0753,55.7598],[-3.1033,55.7371],[-3.1038,55.731],[-3.0919,55.7221],[-3.1269,55.7104],[-3.1343,55.7115],[-3.1511,55.7281],[-3.1439,55.74],[-3.16,55.7474],[-3.1623,55.7547],[-3.1541,55.7611],[-3.1741,55.7736],[-3.1678,55.7796],[-3.1856,55.7888],[-3.1834,55.7925],[-3.1887,55.7958],[-3.1851,55.8017],[-3.1955,55.8021],[-3.2143,55.7839],[-3.2743,55.7754],[-3.2927,55.7806],[-3.2897,55.7928],[-3.3473,55.7946],[-3.3499,55.809],[-3.369,55.8241],[-3.3561,55.8248],[-3.2957,55.8661],[-3.2841,55.8659],[-3.2692,55.8757],[-3.2532,55.8697],[-3.2385,55.8828],[-3.2118,55.882],[-3.2139,55.8864],[-3.1909,55.8927],[-3.1406,55.8908],[-3.0927,55.8998],[-3.1176,55.9131],[-3.1116,55.9297],[-3.0885,55.9313]]]}},{"type":"Feature","properties":{"code":"UK283","name":"Milton Keynes"},"geometry":{"type":"Polygon","coordinates":[[[-0.6681,52.1951],[-0.6275,52.1816],[-0.6283,52.1725],[-0.635,52.1681],[-0.6306,52.1549],[-0.6408,52.1528],[-0.6346,52.1379],[-0.6073,52.1338],[-0.5918,52.1107],[-0.6018,52.105],[-0.6058,52.0921],[-0.6258,52.0844],[-0.669,52.0487],[-0.6431,52.0373],[-0.6431,52.0259],[-0.6505,52.017],[-0.6451,52.0137],[-0.6617,51.9998],[-0.6562,51.9821],[-0.6457,51.9723],[-0.653,51.9692],[-0.7134,51.9898],[-0.7139,51.9779],[-0.7404,51.9699],[-0.762,51.9856],[-0.8045,51.9862],[-0.8123,52.0061],[-0.8713,52.0402],[-0.8678,52.0462],[-0.8594,52.0446],[-0.8529,52.05],[-0.8627,52.0609],[-0.8388,52.0641],[-0.8328,52.0692],[-0.8353,52.0799],[-0.8468,52.0915],[-0.8688,52.1011],[-0.873,52.1127],[-0.8871,52.1142],[-0.8789,52.1261],[-0.869,52.1306],[-0.8282,52.1326],[-0.832,52.1437],[-0.8166,52.1436],[-0.8091,52.1485],[-0.8076,52.157],[-0.792,52.1514],[-0.7779,52.1688],[-0.7653,52.1711],[-0.7627,52.165],[-0.7507,52.1676],[-0.7016,52.1933],[-0.6681,52.1951]]]}},{"type":"Feature","properties":{"code":"UK284","name":"Monmouthshire"},"geometry":{"type":"Polygon","coordinates":[[[-2.6504,51.8261],[-2.6608,51.8228],[-2.6588,51.8114],[-2.6726,51.8089],[-2.6782,51.8033],[-2.6714,51.795],[-2.6804,51.7689],[-2.6628,51.7536],[-2.6724,51.7367],[-2.6869,51.732],[-2.6796,51.7139],[-2.6688,51.7058],[-2.6741,51.683],[-2.6605,51.6767],[-2.6613,51.6713],[-2.6852,51.6684],[-2.6857,51.6609],[-2.6708,51.6573],[-2.6804,51.6493],[-2.6782,51.6441],[-2.6671,51.6426],[-2.6696,51.6339],[-2.658,51.6221],[-2.6698,51.6087],[-2.6922,51.6005],[-2.7126,51.5824],[-2.756,51.5787],[-2.8217,51.554],[-2.8343,51.5704],[-2.8527,51.5713],[-2.8578,51.5779],[-2.8459,51.5899],[-2.8512,51.5941],[-2.8467,51.6006],[-2.836,51.6035],[-2.8303,51.615],[-2.803,51.6177],[-2.8368,51.6494],[-2.8743,51.639],[-2.8865,51.6397],[-2.9083,51.6294],[-2.9124,51.6231],[-2.9204,51.6272],[-2.9418,51.6174],[-2.9477,51.6286],[-2.9731,51.634],[-2.9806,51.6549],[-3.0035,51.6691],[-3.0016,51.6778],[-2.99,51.6801],[-2.9897,51.6757],[-2.9807,51.6762],[-2.9686,51.6914],[-3.002,51.6909],[-2.9824,51.7139],[-3.0048,51.7214],[-3.0254,51.7181],[-3.0338,51.7255],[-3.0278,51.7453],[-3.0514,51.7645],[-3.0434,51.7704],[-3.0589,51.7836],[-3.0769,51.7889],[-3.1084,51.7963],[-3.1342,51.7929],[-3.1554,51.7965],[-3.1512,51.8075],[-3.1574,51.8161],[-3.1433,51.8199],[-3.1267,51.8357],[-3.1109,51.8361],[-3.0837,51.8502],[-3.0633,51.8633],[-3.0731,51.8715],[-3.0645,51.8786],[-3.04,51.8846],[-3.0423,51.8908],[-3.0386,51.8937],[-3.0496,51.9114],[-3.0599,51.9137],[-3.0622,51.9191],[-3.0834,51.9307],[-3.0803,51.9361],[-3.09,51.9503],[-3.0816,51.9554],[-3.093,51.9652],[-3.0673,51.9831],[-3.026,51.9573],[-3.0084,51.9381],[-3.0081,51.9271],[-2.9993,51.9235],[-2.9766,51.9275],[-2.9754,51.9095],[-2.9685,51.9045],[-2.8925,51.9254],[-2.887,51.9282],[-2.8887,51.9335],[-2.8754,51.9331],[-2.87,51.9268],[-2.8593,51.9277],[-2.851,51.9188],[-2.8633,51.9172],[-2.862,51.914],[-2.8421,51.9178],[-2.8361,51.9061],[-2.8212,51.9054],[-2.8021,51.8906],[-2.7693,51.8803],[-2.7787,51.8659],[-2.7695,51.8624],[-2.7568,51.8459],[-2.7464,51.8446],[-2.7388,51.8367],[-2.7195,51.8489],[-2.716,51.8407],[-2.7068,51.8397],[-2.7051,51.8457],[-2.6973,51.8448],[-2.6933,51.8339],[-2.6825,51.8378],[-2.6661,51.8356],[-2.6504,51.8261]]]}},{"type":"Feature","properties":{"code":"UK285","name":"Moray"},"geometry":{"type":"Polygon","coordinates":[[[-2.8016,57.6951],[-2.8023,57.6737],[-2.7975,57.662],[-2.7724,57.6502],[-2.7879,57.6253],[-2.8051,57.6116],[-2.7829,57.597],[-2.7756,57.5841],[-2.7487,57.5801],[-2.7481,57.5715],[-2.7522,57.569],[-2.72,57.5642],[-2.7111,57.5322],[-2.7038,57.5298],[-2.6947,57.538],[-2.6857,57.539],[-2.6558,57.5349],[-2.6499,57.5296],[-2.6928,57.5163],[-2.6932,57.5089],[-2.7083,57.511],[-2.718,57.5009],[-2.7419,57.5041],[-2.76,57.5138],[-2.7577,57.5204],[-2.7658,57.5215],[-2.7885,57.5082],[-2.817,57.5199],[-2.826,57.5392],[-2.8638,57.53],[-2.8832,57.5329],[-2.8895,57.5262],[-2.8864,57.5219],[-2.9195,57.5062],[-2.9167,57.495],[-2.9623,57.4937],[-2.9865,57.483],[-2.9857,57.4778],[-3.0131,57.4596],[-3.0109,57.4561],[-3.0199,57.4495],[-3.0106,57.4429],[-2.9965,57.4439],[-2.9914,57.4397],[-2.9754,57.4425],[-2.9577,57.4376],[-3.0068,57.4206],[-3.023,57.4047],[-2.9892,57.3987],[-2.9759,57.3868],[-2.9545,57.3778],[-2.9836,57.3633],[-2.9698,57.3514],[-2.9721,57.3281],[-2.9544,57.3158],[-2.9768,57.2988],[-2.9729,57.2885],[-2.99,57.274],[-3.027,57.2637],[-3.0313,57.2725],[-3.0434,57.2782],[-3.0647,57.2767],[-3.0924,57.2843],[-3.1103,57.2771],[-3.1192,57.2817],[-3.1285,57.2761],[-3.1433,57.2779],[-3.1648,57.2623],[-3.1884,57.2627],[-3.1965,57.2547],[-3.2085,57.2561],[-3.2386,57.2277],[-3.2353,57.2232],[-3.2436,57.221],[-3.2474,57.2104],[-3.24,57.2057],[-3.2426,57.2021],[-3.258,57.1995],[-3.2643,57.2032],[-3.2844,57.1932],[-3.3138,57.1923],[-3.3536,57.1782],[-3.3582,57.1716],[-3.3529,57.1599],[-3.3423,57.1572],[-3.3494,57.1481],[-3.3335,57.1423],[-3.3355,57.1373],[-3.3226,57.1304],[-3.3363,57.111],[-3.361,57.1075],[-3.3687,57.1003],[-3.4156,57.0998],[-3.4171,57.1053],[-3.4319,57.1031],[-3.4479,57.0925],[-3.5168,57.0864],[-3.5385,57.0908],[-3.5526,57.0826],[-3.5589,57.083],[-3.5571,57.0961],[-3.5829,57.0916],[-3.5932,57.084],[-3.6204,57.0899],[-3.6332,57.0856],[-3.6465,57.0883],[-3.6538,57.081],[-3.6569,57.0685],[-3.6692,57.0704],[-3.666,57.0756],[-3.6771,57.0816],[-3.6738,57.0849],[-3.6836,57.0953],[-3.6773,57.1028],[-3.6564,57.1077],[-3.6548,57.1159],[-3.6247,57.11],[-3.6007,57.1205],[-3.5937,57.1301],[-3.5649,57.1382],[-3.5566,57.1457],[-3.5596,57.1492],[-3.5388,57.166],[-3.5159,57.1652],[-3.4877,57.1774],[-3.4697,57.1747],[-3.4536,57.1784],[-3.4511,57.1869],[-3.4403,57.1917],[-3.432,57.2042],[-3.4468,57.2121],[-3.4297,57.2233],[-3.4392,57.2325],[-3.4489,57.2311],[-3.4635,57.2412],[-3.4498,57.2521],[-3.4498,57.2653],[-3.4614,57.2724],[-3.4501,57.2809],[-3.4597,57.2829],[-3.4635,57.2894],[-3.4957,57.2974],[-3.4909,57.3005],[-3.4939,57.3047],[-3.4771,57.321],[-3.4564,57.3256],[-3.4357,57.3421],[-3.4315,57.351],[-3.3945,57.371],[-3.3987,57.3829],[-3.3857,57.3888],[-3.3977,57.3957],[-3.4042,57.4171],[-3.4128,57.4237],[-3.4333,57.421],[-3.4373,57.4257],[-3.4708,57.4334],[-3.4869,57.4445],[-3.4901,57.4532],[-3.509,57.4607],[-3.5524,57.4491],[-3.6098,57.4474],[-3.6178,57.4354],[-3.6355,57.4312],[-3.666,57.4298],[-3.698,57.4353],[-3.703,57.4406],[-3.6914,57.4434],[-3.6946,57.4554],[-3.6828,57.4899],[-3.6846,57.497],[-3.701,57.5125],[-3.6909,57.5202],[-3.7063,57.5276],[-3.7223,57.5286],[-3.7118,57.534],[-3.7206,57.5566],[-3.7297,57.561],[-3.713,57.5666],[-3.714,57.5699],[-3.7465,57.5884],[-3.7493,57.5928],[-3.7387,57.5981],[-3.7624,57.6307],[-3.7433,57.6317],[-3.7027,57.6464],[-3.6959,57.6501],[-3.699,57.6534],[-3.6952,57.6587],[-3.6499,57.663],[-3.6237,57.6588],[-3.6223,57.6511],[-3.6329,57.6406],[-3.6297,57.6337],[-3.611,57.6359],[-3.5896,57.6308],[-3.5824,57.635],[-3.5858,57.6469],[-3.6,57.651],[-3.614,57.6639],[-3.5494,57.6616],[-3.5237,57.6656],[-3.4967,57.6791],[-3.4896,57.6994],[-3.4193,57.7151],[-3.4123,57.7129],[-3.342,57.7249],[-3.3042,57.7205],[-3.2778,57.7236],[-3.2833,57.7177],[-3.2658,57.7077],[-3.2637,57.712],[-3.1741,57.688],[-3.1065,57.6755],[-3.0978,57.6697],[-3.0939,57.6751],[-3.0272,57.6636],[-2.9321,57.6869],[-2.9222,57.6975],[-2.8479,57.7061],[-2.8464,57.6982],[-2.8287,57.6927],[-2.8016,57.6951]]]}},{"type":"Feature","properties":{"code":"UK286","name":"Neath Port Talbot"},"geometry":{"type":"Polygon","coordinates":[[[-3.8067,51.788],[-3.7825,51.7735],[-3.7777,51.7567],[-3.7573,51.7529],[-3.7375,51.7581],[-3.7324,51.7672],[-3.7367,51.7698],[-3.7279,51.7762],[-3.6858,51.7802],[-3.6703,51.7872],[-3.5977,51.7699],[-3.5937,51.7531],[-3.5816,51.7351],[-3.5786,51.7179],[-3.5851,51.7032],[-3.5813,51.6954],[-3.5896,51.6792],[-3.564,51.655],[-3.5634,51.6454],[-3.5954,51.6413],[-3.5957,51.6377],[-3.6619,51.6454],[-3.6806,51.6219],[-3.678,51.6185],[-3.6826,51.6092],[-3.6786,51.603],[-3.6909,51.6035],[-3.6944,51.5941],[-3.6771,51.5757],[-3.6561,51.5652],[-3.6567,51.559],[-3.6501,51.5525],[-3.6561,51.5398],[-3.6878,51.5375],[-3.7032,51.5272],[-3.7443,51.5367],[-3.7631,51.5365],[-3.8042,51.5836],[-3.8508,51.6145],[-3.8347,51.6227],[-3.8863,51.6175],[-3.8869,51.634],[-3.8743,51.6493],[-3.8752,51.6575],[-3.869,51.6583],[-3.8601,51.6716],[-3.8511,51.6753],[-3.8427,51.6972],[-3.876,51.704],[-3.8742,51.7089],[-3.8803,51.7119],[-3.8884,51.739],[-3.9365,51.7713],[-3.9185,51.7753],[-3.9067,51.7692],[-3.8873,51.7688],[-3.8821,51.7879],[-3.8933,51.8006],[-3.8651,51.8104],[-3.8209,51.8031],[-3.8067,51.788]]]}},{"type":"Feature","properties":{"code":"UK287","name":"Newcastle upon Tyne"},"geometry":{"type":"Polygon","coordinates":[[[-1.6476,55.0794],[-1.6322,55.0482],[-1.6385,55.0416],[-1.5926,55.0389],[-1.5873,55.026],[-1.5942,55.0238],[-1.6002,55.0099],[-1.5791,55.0098],[-1.572,55.004],[-1.5616,55.0063],[-1.5523,54.9897],[-1.5405,54.9899],[-1.5309,54.984],[-1.5369,54.9654],[-1.5541,54.96],[-1.5969,54.9709],[-1.6395,54.9604],[-1.7027,54.9724],[-1.7203,54.9682],[-1.7261,54.9753],[-1.7505,54.9828],[-1.7699,54.9814],[-1.7757,54.9896],[-1.7739,55.0042],[-1.7566,55.0033],[-1.7563,55.016],[-1.7511,55.0156],[-1.7503,55.0241],[-1.74,55.0245],[-1.7394,55.0296],[-1.7117,55.0412],[-1.6949,55.0429],[-1.6979,55.0523],[-1.7105,55.0527],[-1.7138,55.0655],[-1.704,55.0659],[-1.7047,55.0709],[-1.6913,55.0698],[-1.6476,55.0794]]]}},{"type":"Feature","properties":{"code":"UK288","name":"Newport"},"geometry":{"type":"Polygon","coordinates":[[[-2.9729,51.6081],[-2.9761,51.6097],[-2.993,51.6091],[-2.99,51.5985],[-2.995,51.5917],[-2.9759,51.5775],[-2.9872,51.5708],[-2.9708,51.5552],[-2.9885,51.5495],[-2.9952,51.5365],[-3.0045,51.5305],[-3.0827,51.5019],[-3.0887,51.5099],[-3.069,51.5202],[-3.0773,51.5237],[-3.0793,51.53],[-3.1126,51.5468],[-3.1189,51.5457],[-3.0902,51.5685],[-3.1217,51.581],[-3.1242,51.5885],[-3.1051,51.5973],[-3.0953,51.5925],[-3.0645,51.6039],[-3.0812,51.613],[-3.0817,51.6194],[-3.0491,51.6082],[-3.0449,51.6122],[-3.0496,51.6173],[-3.0472,51.6225],[-3.0239,51.6165],[-2.9839,51.6273],[-2.9477,51.6286],[-2.9443,51.6178],[-2.9365,51.6155],[-2.9212,51.6265],[-2.9127,51.6226],[-2.9078,51.6292],[-2.901,51.6273],[-2.8865,51.6397],[-2.8743,51.639],[-2.8368,51.6494],[-2.803,51.6177],[-2.8303,51.615],[-2.836,51.6035],[-2.8467,51.6006],[-2.8512,51.5941],[-2.8459,51.5899],[-2.8578,51.5779],[-2.8527,51.5713],[-2.8343,51.5704],[-2.8217,51.554],[-2.9081,51.5328],[-2.9512,51.5351],[-2.9781,51.5424],[-2.9802,51.5481],[-2.9657,51.5535],[-2.968,51.561],[-2.9844,51.5701],[-2.9736,51.5783],[-2.9932,51.5906],[-2.9885,51.5975],[-2.9917,51.6077],[-2.9729,51.6081]],[[-2.9671,51.6052],[-2.9613,51.6018],[-2.955,51.6019],[-2.9387,51.6139],[-2.9569,51.6022],[-2.9671,51.6052]]]}},{"type":"Feature","properties":{"code":"UK289","name":"Norfolk"},"geometry":{"type":"MultiPolygon","coordinates":[[[[0.2137,52.5185],[0.2306,52.5279],[0.2256,52.5325],[0.2203,52.5289],[0.2059,52.5339],[0.2132,52.5382],[0.2039,52.5454],[0.2047,52.5546],[0.217,52.5587],[0.2067,52.5636],[0.2069,52.5676],[0.2183,52.5709],[0.2159,52.5795],[0.2026,52.5801],[0.1916,52.6015],[0.2016,52.6031],[0.2056,52.6118],[0.2173,52.6145],[0.2109,52.618],[0.2152,52.6244],[0.1699,52.6504],[0.1838,52.6557],[0.1847,52.6779],[0.154,52.6821],[0.1568,52.7079],[0.1721,52.7378],[0.1863,52.7354],[0.2331,52.7602],[0.2722,52.7728],[0.245,52.7845],[0.2698,52.8159],[0.328,52.8185],[0.352,52.8094],[0.388,52.7594],[0.3918,52.7464],[0.3572,52.7204],[0.3528,52.7124],[0.3542,52.7061],[0.3616,52.6983],[0.3713,52.692],[0.3716,52.6862],[0.3598,52.6664],[0.3678,52.641],[0.3623,52.6214],[0.3646,52.6133],[0.359,52.6034],[0.3654,52.6111],[0.3636,52.6224],[0.3688,52.6404],[0.3611,52.6666],[0.3734,52.6877],[0.3722,52.693],[0.356,52.7067],[0.3545,52.714],[0.3946,52.7475],[0.3915,52.7574],[0.3578,52.8128],[0.4419,52.8546],[0.4462,52.8586],[0.4464,52.8756],[0.4716,52.9086],[0.4897,52.9475],[0.5187,52.9686],[0.5341,52.9741],[0.5641,52.9761],[0.5716,52.9739],[0.5661,52.9696],[0.5752,52.9681],[0.5879,52.977],[0.6177,52.9728],[0.6627,52.9787],[0.6716,52.9775],[0.6753,52.974],[0.6714,52.9696],[0.6801,52.9678],[0.6933,52.979],[0.718,52.9717],[0.7479,52.9749],[0.7444,52.9692],[0.7308,52.9647],[0.7578,52.9693],[0.7554,52.9781],[0.8454,52.9776],[0.8506,52.9724],[0.8504,52.9591],[0.8706,52.9564],[0.9194,52.9667],[0.958,52.9571],[0.97,52.9618],[0.9967,52.9563],[1.0129,52.959],[0.9894,52.961],[1.0065,52.9655],[1.0152,52.9616],[1.0247,52.967],[0.9706,52.9734],[0.974,52.9803],[1.1242,52.9513],[1.2176,52.9453],[1.2987,52.9333],[1.3431,52.92],[1.4365,52.8794],[1.4738,52.8562],[1.5836,52.8021],[1.6591,52.7553],[1.6976,52.7236],[1.7452,52.6262],[1.738,52.5752],[1.7337,52.5742],[1.7256,52.6042],[1.7161,52.6166],[1.7057,52.6196],[1.6957,52.6183],[1.6818,52.6083],[1.6591,52.604],[1.6423,52.5877],[1.6495,52.5782],[1.6368,52.574],[1.6506,52.5763],[1.6501,52.5939],[1.7113,52.6111],[1.7188,52.6097],[1.7249,52.6034],[1.7314,52.58],[1.7402,52.5321],[1.7261,52.5306],[1.6845,52.5499],[1.668,52.5503],[1.6591,52.5423],[1.6379,52.5376],[1.6365,52.528],[1.6273,52.5276],[1.6282,52.523],[1.646,52.5154],[1.645,52.51],[1.6541,52.5012],[1.6695,52.5036],[1.682,52.4953],[1.682,52.4907],[1.6705,52.483],[1.6697,52.4762],[1.6587,52.4686],[1.6493,52.472],[1.6339,52.4629],[1.6165,52.4639],[1.5873,52.4789],[1.5695,52.4753],[1.5584,52.458],[1.5254,52.4682],[1.5232,52.464],[1.5019,52.4633],[1.48,52.4719],[1.4461,52.456],[1.4264,52.4706],[1.4179,52.4701],[1.411,52.4616],[1.431,52.4568],[1.435,52.448],[1.408,52.4444],[1.3932,52.4389],[1.3921,52.4341],[1.3577,52.4241],[1.3612,52.4132],[1.3463,52.409],[1.3465,52.4039],[1.3358,52.402],[1.3305,52.3935],[1.3163,52.3874],[1.2862,52.3907],[1.2499,52.3664],[1.233,52.365],[1.2149,52.3557],[1.1902,52.3618],[1.1554,52.3615],[1.1114,52.3717],[1.0755,52.3731],[1.0685,52.3785],[1.03,52.3788],[0.9803,52.3695],[0.957,52.3719],[0.9423,52.3789],[0.9368,52.3867],[0.8668,52.3904],[0.8554,52.3994],[0.8355,52.4],[0.7859,52.3865],[0.766,52.3904],[0.7499,52.3829],[0.7376,52.3951],[0.6947,52.3969],[0.6734,52.4042],[0.6685,52.409],[0.6849,52.4249],[0.7175,52.4467],[0.7056,52.4526],[0.6786,52.4547],[0.6683,52.4621],[0.6423,52.451],[0.6225,52.4537],[0.6156,52.4489],[0.6094,52.4527],[0.5592,52.4559],[0.5426,52.4503],[0.5281,52.4527],[0.5238,52.4482],[0.4499,52.4477],[0.4293,52.4365],[0.4233,52.4537],[0.4283,52.4543],[0.3807,52.4795],[0.364,52.4995],[0.331,52.5091],[0.3183,52.5077],[0.3182,52.5119],[0.3094,52.5136],[0.2565,52.5077],[0.2457,52.5004],[0.2606,52.5116],[0.3404,52.5824],[0.3416,52.5905],[0.3538,52.5973],[0.3571,52.6011],[0.3444,52.5937],[0.3402,52.5893],[0.3402,52.583],[0.2455,52.5005],[0.2137,52.5185]],[[1.6327,52.5608],[1.6244,52.5538],[1.6337,52.5612],[1.6355,52.5731],[1.6327,52.5608]],[[1.61,52.551],[1.6128,52.5514],[1.6148,52.5518],[1.61,52.551]],[[1.6078,52.5409],[1.6168,52.5407],[1.6063,52.5424],[1.6072,52.5463],[1.6053,52.5432],[1.6078,52.5409]],[[1.5803,52.5555],[1.5922,52.5578],[1.6014,52.5667],[1.5919,52.5583],[1.5788,52.5561],[1.6246,52.5299],[1.6211,52.54],[1.6165,52.5347],[1.5803,52.5555]],[[1.6075,52.5699],[1.6026,52.5674],[1.6075,52.5683],[1.6075,52.5699]],[[1.6199,52.5732],[1.6299,52.5805],[1.6204,52.5737],[1.6106,52.5737],[1.6199,52.5732]],[[1.6394,52.5866],[1.636,52.5819],[1.6324,52.5811],[1.6375,52.5822],[1.6394,52.5866]]],[[[0.8723,52.9614],[0.8638,52.9638],[0.8756,52.9664],[0.8723,52.9614]]],[[[0.8914,52.9642],[0.8942,52.9708],[0.9053,52.9681],[0.8914,52.9642]]],[[[0.8587,52.9682],[0.8657,52.9781],[0.8783,52.9757],[0.8869,52.9677],[0.8587,52.9682]]],[[[0.7366,52.9822],[0.6787,52.98],[0.6807,52.9854],[0.6615,52.983],[0.6617,52.9869],[0.7366,52.9822]]]]}},{"type":"Feature","properties":{"code":"UK290","name":"North Ayrshire"},"geometry":{"type":"MultiPolygon","coordinates":[[[[-5.0773,55.5224],[-5.0869,55.5259],[-5.0894,55.5353],[-5.0756,55.5354],[-5.0612,55.5143],[-5.0705,55.5122],[-5.0773,55.5224]]],[[[-5.2564,55.7207],[-5.2023,55.7026],[-5.1685,55.6838],[-5.1512,55.6653],[-5.1535,55.661],[-5.1391,55.6441],[-5.1285,55.6127],[-5.1326,55.6023],[-5.1529,55.5918],[-5.1534,55.5809],[-5.1071,55.5707],[-5.0829,55.5527],[-5.1176,55.5406],[-5.1287,55.5316],[-5.1252,55.5242],[-5.0792,55.5099],[-5.0937,55.4971],[-5.0945,55.4865],[-5.0794,55.4646],[-5.085,55.4531],[-5.1058,55.4416],[-5.1589,55.4423],[-5.1788,55.4345],[-5.2001,55.4339],[-5.2514,55.4394],[-5.3099,55.4631],[-5.3264,55.4833],[-5.327,55.498],[-5.3536,55.507],[-5.3501,55.5137],[-5.3544,55.5267],[-5.3426,55.5436],[-5.3491,55.5709],[-5.3715,55.5855],[-5.3964,55.6129],[-5.395,55.6272],[-5.3834,55.641],[-5.3813,55.6549],[-5.3708,55.6728],[-5.3489,55.6848],[-5.33,55.6884],[-5.3161,55.7059],[-5.302,55.708],[-5.2917,55.7041],[-5.2947,55.7136],[-5.2832,55.7198],[-5.2564,55.7207]]],[[[-4.9383,55.7351],[-4.9467,55.7136],[-4.954,55.7102],[-4.9676,55.7182],[-4.9612,55.7265],[-4.9383,55.7351]]],[[[-4.7835,55.8436],[-4.7449,55.8243],[-4.7223,55.8208],[-4.7303,55.811],[-4.7205,55.8051],[-4.6857,55.8037],[-4.6734,55.7891],[-4.6767,55.7825],[-4.6623,55.768],[-4.6487,55.7624],[-4.6387,55.7748],[-4.6319,55.7657],[-4.624,55.7641],[-4.5802,55.7763],[-4.5787,55.7818],[-4.5649,55.7779],[-4.5583,55.7666],[-4.5426,55.7648],[-4.5402,55.7513],[-4.5299,55.7446],[-4.5664,55.7169],[-4.578,55.7131],[-4.5787,55.706],[-4.6099,55.6778],[-4.6386,55.669],[-4.6212,55.6675],[-4.5968,55.6551],[-4.6038,55.6473],[-4.5936,55.6442],[-4.5809,55.6467],[-4.5465,55.667],[-4.5198,55.6595],[-4.4926,55.6651],[-4.4961,55.6565],[-4.557,55.6468],[-4.5636,55.6337],[-4.559,55.6271],[-4.5615,55.6226],[-4.5749,55.6233],[-4.5882,55.6157],[-4.5834,55.6133],[-4.5875,55.6075],[-4.5797,55.6029],[-4.5925,55.6018],[-4.5921,55.598],[-4.652,55.5631],[-4.6716,55.5892],[-4.6946,55.6044],[-4.686,55.6098],[-4.6875,55.6149],[-4.7074,55.6217],[-4.6913,55.6086],[-4.6983,55.6064],[-4.7527,55.6293],[-4.7953,55.6308],[-4.8001,55.6384],[-4.8165,55.6417],[-4.815,55.6478],[-4.856,55.6743],[-4.863,55.6841],[-4.9054,55.6992],[-4.9023,55.7229],[-4.8849,55.7293],[-4.89,55.7394],[-4.8822,55.7373],[-4.8837,55.729],[-4.8756,55.7295],[-4.8688,55.7422],[-4.8708,55.7468],[-4.8573,55.7469],[-4.8552,55.7742],[-4.8867,55.8165],[-4.8922,55.8388],[-4.8875,55.8467],[-4.891,55.8729],[-4.8456,55.8752],[-4.7996,55.8926],[-4.8003,55.8796],[-4.7908,55.8711],[-4.7719,55.8659],[-4.7509,55.8497],[-4.7835,55.8436]]],[[[-4.8942,55.7657],[-4.9016,55.7529],[-4.9139,55.7448],[-4.9139,55.7539],[-4.9303,55.7524],[-4.9466,55.743],[-4.9509,55.7502],[-4.9296,55.7844],[-4.9159,55.7917],[-4.9018,55.7928],[-4.8981,55.7866],[-4.9011,55.7721],[-4.8942,55.7657]]]]}},{"type":"Feature","properties":{"code":"UK291","name":"North East Lincolnshire"},"geometry":{"type":"Polygon","coordinates":[[[0.0177,53.5255],[0.0047,53.5195],[-0.0396,53.5132],[-0.0467,53.5201],[-0.0651,53.5188],[-0.0752,53.4893],[-0.0898,53.4853],[-0.0941,53.4813],[-0.0898,53.4776],[-0.1079,53.4698],[-0.0822,53.4512],[-0.1203,53.4335],[-0.1228,53.4374],[-0.1319,53.4359],[-0.1343,53.4408],[-0.1445,53.4409],[-0.1595,53.468],[-0.1819,53.4687],[-0.187,53.482],[-0.2105,53.4863],[-0.2041,53.5117],[-0.2137,53.5275],[-0.2105,53.5317],[-0.2198,53.5326],[-0.1875,53.5636],[-0.1951,53.5716],[-0.2225,53.568],[-0.2353,53.5855],[-0.2512,53.5883],[-0.2921,53.6132],[-0.2326,53.624],[-0.2008,53.64],[-0.2019,53.6371],[-0.1528,53.6154],[-0.0933,53.581],[-0.0792,53.577],[-0.0722,53.5838],[-0.0613,53.5822],[-0.015,53.5515],[-0.0054,53.5528],[0.0177,53.5255]]]}},{"type":"Feature","properties":{"code":"UK292","name":"North Lanarkshire"},"geometry":{"type":"Polygon","coordinates":[[[-4.0201,56.028],[-4.0304,56.0097],[-3.9913,56.006],[-3.9797,55.9996],[-3.9803,55.9907],[-3.9893,55.9872],[-3.9853,55.9828],[-3.9647,55.9871],[-3.9433,55.9805],[-3.9496,55.9714],[-3.9359,55.9625],[-3.9243,55.9649],[-3.911,55.9592],[-3.8679,55.9626],[-3.8604,55.9592],[-3.8986,55.9435],[-3.8999,55.9368],[-3.8921,55.9376],[-3.8767,55.9233],[-3.8143,55.902],[-3.8284,55.8923],[-3.8229,55.8838],[-3.8122,55.8839],[-3.7954,55.8735],[-3.7251,55.8849],[-3.712,55.8821],[-3.7111,55.8738],[-3.7471,55.8655],[-3.749,55.8564],[-3.7398,55.8305],[-3.7158,55.8131],[-3.7417,55.7994],[-3.7335,55.793],[-3.7664,55.77],[-3.7997,55.7713],[-3.8684,55.7641],[-3.8782,55.758],[-3.8964,55.7566],[-3.9161,55.7402],[-3.9244,55.7418],[-3.9301,55.7485],[-3.941,55.7486],[-3.9744,55.763],[-3.9729,55.7665],[-4.0024,55.7707],[-3.9984,55.7743],[-4.0009,55.7794],[-4.0253,55.7848],[-4.0485,55.7973],[-4.0515,55.8038],[-4.0412,55.809],[-4.107,55.8347],[-4.1031,55.842],[-4.0848,55.8453],[-4.086,55.8587],[-4.0717,55.8613],[-4.0798,55.8683],[-4.082,55.8841],[-4.1584,55.8858],[-4.1631,55.8962],[-4.1734,55.897],[-4.1803,55.9049],[-4.1934,55.9083],[-4.1944,55.9131],[-4.1715,55.9167],[-4.1246,55.9115],[-4.1158,55.9145],[-4.1178,55.9192],[-4.1113,55.9233],[-4.0579,55.9235],[-4.0714,55.9439],[-4.0477,55.9512],[-4.0556,55.9576],[-4.051,55.9643],[-4.0566,55.9681],[-4.0763,55.9657],[-4.1095,55.9531],[-4.123,55.9531],[-4.1246,55.956],[-4.1113,55.9612],[-4.1167,55.9682],[-4.113,55.9772],[-4.1493,55.9993],[-4.1523,56.008],[-4.1235,56.01],[-4.0999,56.0193],[-4.0967,56.0273],[-4.0201,56.028]]]}},{"type":"Feature","properties":{"code":"UK293","name":"North Lincolnshire"},"geometry":{"type":"MultiPolygon","coordinates":[[[[-0.798,53.4554],[-0.872,53.4663],[-0.8738,53.4614],[-0.9162,53.4603],[-0.9202,53.4655],[-0.9005,53.4752],[-0.9356,53.5025],[-0.9322,53.5107],[-0.9501,53.5136],[-0.9438,53.5307],[-0.8973,53.533],[-0.8922,53.5376],[-0.9013,53.5479],[-0.8943,53.5656],[-0.9011,53.5688],[-0.898,53.5832],[-0.8869,53.601],[-0.8871,53.6097],[-0.8653,53.6377],[-0.8482,53.633],[-0.8058,53.6464],[-0.7887,53.6592],[-0.77,53.6616],[-0.7744,53.6562],[-0.7532,53.6627],[-0.759,53.6644],[-0.7466,53.6696],[-0.7232,53.6737],[-0.7217,53.6793],[-0.7139,53.6774],[-0.6985,53.6847],[-0.6897,53.673],[-0.6972,53.6562],[-0.7146,53.642],[-0.7147,53.6276],[-0.703,53.6173],[-0.7036,53.6103],[-0.7285,53.6082],[-0.738,53.599],[-0.7398,53.5927],[-0.7321,53.5861],[-0.7464,53.5728],[-0.7489,53.5632],[-0.7401,53.5491],[-0.7434,53.5372],[-0.7386,53.5262],[-0.7434,53.5112],[-0.7529,53.5009],[-0.7691,53.498],[-0.7763,53.4888],[-0.7718,53.4811],[-0.7846,53.477],[-0.7847,53.4644],[-0.798,53.4554]]],[[[-0.2326,53.624],[-0.2921,53.6132],[-0.3086,53.6144],[-0.3008,53.5955],[-0.3237,53.576],[-0.3359,53.5587],[-0.3563,53.5561],[-0.4197,53.5638],[-0.429,53.5746],[-0.4656,53.556],[-0.467,53.549],[-0.4908,53.5459],[-0.5013,53.5374],[-0.4306,53.5463],[-0.4218,53.5345],[-0.4081,53.5321],[-0.4051,53.5176],[-0.4524,53.5087],[-0.4759,53.509],[-0.4852,53.5036],[-0.4807,53.4962],[-0.4887,53.4851],[-0.4862,53.4799],[-0.4718,53.4749],[-0.5519,53.4595],[-0.6298,53.4582],[-0.6267,53.462],[-0.6348,53.4695],[-0.6341,53.4854],[-0.6257,53.4955],[-0.6282,53.5069],[-0.6245,53.5129],[-0.6758,53.5125],[-0.7386,53.5198],[-0.7383,53.5493],[-0.7451,53.5571],[-0.7451,53.5711],[-0.7302,53.5816],[-0.7313,53.588],[-0.7371,53.593],[-0.7293,53.6053],[-0.6993,53.6105],[-0.7006,53.6184],[-0.7111,53.6288],[-0.7116,53.6408],[-0.695,53.653],[-0.685,53.6723],[-0.6852,53.6798],[-0.6952,53.6937],[-0.6114,53.7146],[-0.5749,53.6907],[-0.5427,53.6786],[-0.5034,53.6808],[-0.4706,53.6983],[-0.4145,53.6982],[-0.331,53.7115],[-0.2893,53.7132],[-0.2756,53.7051],[-0.2442,53.6701],[-0.2109,53.6432],[-0.2008,53.64],[-0.2326,53.624]]],[[[-0.5228,53.6849],[-0.5358,53.6813],[-0.557,53.6883],[-0.5464,53.6899],[-0.5228,53.6849]]]]}},{"type":"Feature","properties":{"code":"UK294","name":"North Somerset"},"geometry":{"type":"Polygon","coordinates":[[[-2.7225,51.5017],[-2.6762,51.4797],[-2.6615,51.4864],[-2.6512,51.4737],[-2.6344,51.4668],[-2.6258,51.4487],[-2.6401,51.4404],[-2.6335,51.4358],[-2.6371,51.4232],[-2.6298,51.4147],[-2.6333,51.4035],[-2.5902,51.3976],[-2.6145,51.3887],[-2.6184,51.3822],[-2.627,51.3871],[-2.6298,51.3755],[-2.6429,51.3748],[-2.6499,51.3689],[-2.6512,51.345],[-2.6741,51.3435],[-2.6779,51.3536],[-2.6694,51.3569],[-2.6696,51.3618],[-2.6797,51.3602],[-2.6895,51.3802],[-2.6942,51.3799],[-2.6966,51.3624],[-2.69,51.3528],[-2.6948,51.3443],[-2.7041,51.3435],[-2.7079,51.3378],[-2.6872,51.3304],[-2.6995,51.3168],[-2.8122,51.3272],[-2.8187,51.3264],[-2.8179,51.319],[-2.8078,51.3149],[-2.8121,51.3107],[-2.8102,51.3014],[-2.8771,51.3001],[-2.8849,51.3066],[-2.8972,51.2906],[-2.9338,51.302],[-2.9618,51.3048],[-2.9643,51.2979],[-2.9739,51.2958],[-2.9932,51.301],[-2.9943,51.3063],[-2.9859,51.3145],[-2.9925,51.3206],[-2.9827,51.3497],[-2.9942,51.357],[-2.9652,51.3658],[-2.9625,51.3824],[-2.972,51.3896],[-2.9398,51.3982],[-2.9313,51.3943],[-2.9124,51.3966],[-2.8879,51.4147],[-2.8792,51.4319],[-2.8666,51.4366],[-2.8491,51.4554],[-2.8237,51.4671],[-2.7998,51.4852],[-2.7842,51.4871],[-2.7736,51.4947],[-2.7338,51.4944],[-2.7225,51.5017]]]}},{"type":"Feature","properties":{"code":"UK295","name":"North Tyneside"},"geometry":{"type":"Polygon","coordinates":[[[-1.4617,55.0743],[-1.4533,55.0699],[-1.4549,55.0622],[-1.4485,55.0508],[-1.4319,55.0409],[-1.4325,55.0343],[-1.4176,55.0142],[-1.4426,55.0063],[-1.4488,54.9931],[-1.4566,54.9885],[-1.5194,54.9878],[-1.5309,54.984],[-1.5405,54.9899],[-1.5523,54.9897],[-1.5616,55.0063],[-1.572,55.004],[-1.5791,55.0098],[-1.6002,55.0099],[-1.5942,55.0238],[-1.5873,55.026],[-1.5926,55.0389],[-1.6385,55.0416],[-1.6322,55.0482],[-1.6379,55.0648],[-1.5785,55.0631],[-1.5768,55.0566],[-1.5563,55.0542],[-1.543,55.0584],[-1.5324,55.0542],[-1.5103,55.055],[-1.5088,55.0482],[-1.4873,55.0557],[-1.4922,55.066],[-1.4617,55.0743]]]}},{"type":"Feature","properties":{"code":"UK296","name":"North Yorkshire"},"geometry":{"type":"Polygon","coordinates":[[[-1.0333,53.7654],[-1.0272,53.7604],[-1.0214,53.7599],[-1.0028,53.7682],[-0.9798,53.7518],[-0.9638,53.7465],[-0.963,53.7371],[-0.9363,53.7313],[-0.9116,53.7324],[-0.906,53.7172],[-0.9565,53.7151],[-0.9628,53.7009],[-0.968,53.707],[-0.9809,53.7051],[-0.9859,53.6978],[-1.007,53.6955],[-1.0214,53.6983],[-1.038,53.6944],[-1.0615,53.7069],[-1.075,53.704],[-1.0874,53.6833],[-1.1037,53.6695],[-1.0915,53.6687],[-1.0711,53.6579],[-1.0486,53.6561],[-1.0532,53.6515],[-1.1231,53.646],[-1.129,53.6429],[-1.1289,53.6349],[-1.1353,53.6328],[-1.1522,53.6428],[-1.1886,53.636],[-1.2098,53.6431],[-1.2178,53.6402],[-1.2174,53.6242],[-1.2328,53.6211],[-1.2536,53.6412],[-1.2552,53.6489],[-1.2469,53.6556],[-1.2523,53.6667],[-1.244,53.6732],[-1.2445,53.6925],[-1.199,53.6949],[-1.1989,53.7007],[-1.2295,53.7149],[-1.2577,53.7119],[-1.269,53.7151],[-1.271,53.7234],[-1.2922,53.7388],[-1.31,53.7445],[-1.3121,53.7522],[-1.2947,53.7563],[-1.2904,53.7635],[-1.2955,53.7713],[-1.3126,53.7793],[-1.3125,53.8143],[-1.3037,53.8165],[-1.334,53.8338],[-1.3254,53.8382],[-1.3421,53.8452],[-1.3428,53.8515],[-1.3529,53.8567],[-1.3154,53.8634],[-1.3217,53.9029],[-1.302,53.9097],[-1.3,53.9191],[-1.309,53.9241],[-1.307,53.9344],[-1.3395,53.9408],[-1.3428,53.945],[-1.3864,53.9432],[-1.4077,53.9361],[-1.4106,53.9313],[-1.4067,53.9279],[-1.4281,53.9295],[-1.4335,53.9263],[-1.4302,53.9139],[-1.4516,53.9071],[-1.463,53.906],[-1.4674,53.9107],[-1.4947,53.9154],[-1.5286,53.9087],[-1.5481,53.911],[-1.5501,53.9043],[-1.5629,53.9039],[-1.5687,53.9109],[-1.5841,53.9092],[-1.5869,53.9013],[-1.5984,53.9035],[-1.6,53.9098],[-1.6206,53.9034],[-1.652,53.9058],[-1.6551,53.9125],[-1.6846,53.9106],[-1.6903,53.9174],[-1.7022,53.9184],[-1.7161,53.9172],[-1.7186,53.9105],[-1.7272,53.9102],[-1.7624,53.9241],[-1.776,53.9215],[-1.7825,53.9295],[-1.7941,53.9293],[-1.7972,53.9357],[-1.8062,53.9387],[-1.8477,53.9408],[-1.8523,53.931],[-1.8629,53.9344],[-1.8621,53.9406],[-1.875,53.946],[-1.8787,53.9624],[-1.8855,53.963],[-1.8931,53.9554],[-1.9062,53.9584],[-1.9279,53.9504],[-1.9662,53.9516],[-1.9623,53.9432],[-1.9689,53.9439],[-1.9631,53.9334],[-1.9769,53.9264],[-1.9533,53.9117],[-1.9526,53.9036],[-1.9684,53.9039],[-1.9813,53.8942],[-1.977,53.8756],[-1.9823,53.8689],[-2.0216,53.8715],[-2.0317,53.8586],[-2.0462,53.8501],[-2.0749,53.8623],[-2.0815,53.8757],[-2.1031,53.8909],[-2.1132,53.9046],[-2.1075,53.908],[-2.1323,53.9265],[-2.157,53.927],[-2.1717,53.9377],[-2.1823,53.9354],[-2.1835,53.9515],[-2.1959,53.9696],[-2.2258,53.9611],[-2.226,53.9673],[-2.2321,53.9713],[-2.2276,53.9749],[-2.2303,53.9816],[-2.2845,53.9738],[-2.2989,53.9766],[-2.3188,53.9937],[-2.3399,53.9895],[-2.3523,53.9947],[-2.3523,54.0105],[-2.3396,54.0095],[-2.3457,54.0182],[-2.3573,54.0191],[-2.362,54.0407],[-2.3741,54.0491],[-2.4225,54.0406],[-2.4588,54.0405],[-2.4696,54.0462],[-2.464,54.0611],[-2.4656,54.0717],[-2.4807,54.0853],[-2.5096,54.0954],[-2.524,54.0946],[-2.5242,54.1021],[-2.5344,54.1034],[-2.5447,54.1172],[-2.5633,54.1227],[-2.5635,54.1404],[-2.5578,54.1433],[-2.5573,54.15],[-2.5366,54.1566],[-2.5288,54.1695],[-2.4799,54.2023],[-2.4737,54.2153],[-2.4608,54.2268],[-2.4354,54.2229],[-2.4036,54.2256],[-2.3968,54.2394],[-2.3731,54.2401],[-2.3724,54.2483],[-2.3623,54.2498],[-2.348,54.2378],[-2.3358,54.2381],[-2.3227,54.2454],[-2.3155,54.2703],[-2.3241,54.2802],[-2.3172,54.2871],[-2.3241,54.2936],[-2.3205,54.3],[-2.3245,54.3032],[-2.3203,54.3067],[-2.323,54.3111],[-2.315,54.3136],[-2.3099,54.3244],[-2.3348,54.3349],[-2.3358,54.3405],[-2.3596,54.3503],[-2.3608,54.3549],[-2.3243,54.3692],[-2.317,54.3764],[-2.2974,54.3769],[-2.292,54.3915],[-2.3064,54.3987],[-2.3079,54.4208],[-2.2923,54.4326],[-2.2928,54.4393],[-2.2654,54.4429],[-2.2679,54.4472],[-2.2495,54.452],[-2.2356,54.4482],[-2.1893,54.449],[-2.1775,54.4617],[-2.1553,54.457],[-2.1017,54.4654],[-2.0432,54.4836],[-2.0447,54.4752],[-1.9968,54.4669],[-1.9762,54.4598],[-1.9701,54.4515],[-1.9425,54.4534],[-1.8934,54.4669],[-1.8608,54.4863],[-1.8578,54.5036],[-1.8365,54.508],[-1.8224,54.4952],[-1.7929,54.4845],[-1.7821,54.507],[-1.7762,54.5067],[-1.7797,54.5319],[-1.7331,54.5278],[-1.7213,54.5423],[-1.6836,54.5335],[-1.6579,54.5346],[-1.6529,54.5242],[-1.6337,54.5254],[-1.6279,54.5139],[-1.6143,54.5196],[-1.604,54.5194],[-1.6037,54.5121],[-1.5831,54.5131],[-1.5788,54.5039],[-1.5835,54.498],[-1.5553,54.485],[-1.5456,54.4712],[-1.5224,54.4701],[-1.5206,54.4735],[-1.5302,54.4758],[-1.5289,54.4848],[-1.513,54.4829],[-1.5143,54.4779],[-1.4944,54.4863],[-1.4904,54.4848],[-1.4984,54.475],[-1.4791,54.4753],[-1.468,54.4632],[-1.471,54.4547],[-1.4606,54.4512],[-1.4548,54.4538],[-1.4619,54.4629],[-1.4553,54.4649],[-1.4639,54.4736],[-1.4576,54.4815],[-1.4614,54.4847],[-1.4584,54.4913],[-1.4752,54.5],[-1.4621,54.5042],[-1.4271,54.4852],[-1.4307,54.4792],[-1.4179,54.4771],[-1.41,54.4783],[-1.4101,54.4897],[-1.4023,54.4942],[-1.3951,54.4857],[-1.3846,54.4868],[-1.3798,54.4926],[-1.3703,54.4861],[-1.3743,54.4842],[-1.3725,54.4723],[-1.3644,54.466],[-1.3463,54.4726],[-1.3436,54.4641],[-1.2868,54.4827],[-1.2811,54.4904],[-1.2574,54.4873],[-1.2532,54.4973],[-1.2567,54.5011],[-1.2423,54.5017],[-1.2275,54.5119],[-1.1267,54.4987],[-1.0945,54.5067],[-1.0368,54.494],[-1.0239,54.502],[-1.0035,54.503],[-0.9678,54.4973],[-0.9529,54.488],[-0.8807,54.497],[-0.8758,54.4912],[-0.8486,54.488],[-0.8439,54.4912],[-0.8534,54.5027],[-0.8486,54.53],[-0.8254,54.5491],[-0.805,54.5509],[-0.7837,54.5594],[-0.7618,54.5438],[-0.7511,54.5419],[-0.7487,54.5314],[-0.7419,54.5279],[-0.7146,54.5336],[-0.7058,54.5304],[-0.6726,54.5125],[-0.6751,54.506],[-0.6691,54.5017],[-0.5726,54.4812],[-0.5568,54.465],[-0.5215,54.4469],[-0.5222,54.4412],[-0.5313,54.4366],[-0.5308,54.425],[-0.5228,54.4163],[-0.5043,54.4076],[-0.4915,54.408],[-0.4631,54.3885],[-0.4499,54.3724],[-0.4447,54.3576],[-0.431,54.3451],[-0.4328,54.3406],[-0.4233,54.339],[-0.4177,54.3106],[-0.4077,54.3052],[-0.4074,54.2935],[-0.4,54.2888],[-0.3888,54.2907],[-0.3864,54.2835],[-0.3958,54.2817],[-0.3966,54.2745],[-0.3885,54.2667],[-0.3678,54.2536],[-0.3696,54.2494],[-0.3631,54.2445],[-0.3392,54.2426],[-0.3129,54.2286],[-0.2863,54.2231],[-0.2776,54.2172],[-0.2855,54.2029],[-0.2772,54.1866],[-0.2454,54.1666],[-0.2125,54.1577],[-0.2227,54.1371],[-0.2654,54.1406],[-0.3041,54.1363],[-0.3137,54.1464],[-0.3227,54.1452],[-0.3238,54.1503],[-0.3464,54.1469],[-0.3749,54.1541],[-0.3746,54.1626],[-0.3908,54.1765],[-0.4182,54.1741],[-0.4245,54.1696],[-0.423,54.1663],[-0.4331,54.1641],[-0.4271,54.1374],[-0.4585,54.126],[-0.4543,54.1168],[-0.4683,54.1113],[-0.466,54.1076],[-0.5247,54.0854],[-0.5631,54.094],[-0.591,54.0871],[-0.6156,54.0705],[-0.6603,54.0631],[-0.6446,54.0551],[-0.6595,54.0372],[-0.6786,54.0373],[-0.6874,54.0304],[-0.6885,54.024],[-0.6784,54.0182],[-0.6837,54.0088],[-0.7049,54.006],[-0.7096,54.0105],[-0.7305,54.0127],[-0.7343,54.0302],[-0.8003,54.02],[-0.799,54.0241],[-0.8424,54.0211],[-0.8788,54.0169],[-0.8776,54.0136],[-0.8867,54.0105],[-0.8935,53.9997],[-0.9152,53.9932],[-0.9847,53.9816],[-0.9949,53.9831],[-0.972,53.9967],[-0.9827,54.01],[-0.9701,54.0259],[-1.0022,54.0538],[-1.0144,54.0494],[-1.0597,54.0569],[-1.0622,54.0501],[-1.0942,54.0466],[-1.0998,54.0376],[-1.1149,54.0358],[-1.1202,54.0291],[-1.1408,54.0298],[-1.1448,54.0255],[-1.1425,54.019],[-1.1479,54.0161],[-1.143,54.0108],[-1.1484,54.0016],[-1.137,53.9911],[-1.1519,53.9892],[-1.1713,54.0006],[-1.1919,53.9999],[-1.1833,53.9962],[-1.1821,53.9854],[-1.2166,53.9856],[-1.2237,53.9747],[-1.1977,53.9294],[-1.2002,53.9265],[-1.1707,53.9088],[-1.1649,53.9106],[-1.1544,53.896],[-1.1333,53.8911],[-1.1053,53.8759],[-1.1242,53.8655],[-1.1015,53.8759],[-1.0954,53.8844],[-1.0776,53.8836],[-1.065,53.8746],[-1.0081,53.89],[-0.9929,53.8752],[-0.9386,53.8876],[-0.9305,53.8796],[-0.9235,53.8808],[-0.9381,53.8758],[-0.9388,53.8691],[-0.9481,53.8611],[-0.9419,53.8548],[-0.9471,53.8448],[-0.9406,53.8235],[-0.9242,53.8161],[-0.9345,53.8018],[-0.928,53.7972],[-0.9366,53.7799],[-0.9295,53.7738],[-0.9283,53.7655],[-0.9398,53.7582],[-0.9733,53.7502],[-1.0031,53.7692],[-1.0211,53.7606],[-1.0333,53.7654]],[[-1.1268,53.8339],[-1.1337,53.8426],[-1.1236,53.846],[-1.1216,53.8502],[-1.1345,53.8427],[-1.1268,53.8339]],[[-1.116,53.8368],[-1.0988,53.8363],[-1.0884,53.832],[-1.1,53.8371],[-1.116,53.8368]],[[-1.088,53.8322],[-1.0784,53.8358],[-1.0766,53.8325],[-1.0847,53.8245],[-1.0793,53.8193],[-1.0705,53.8182],[-1.0836,53.8248],[-1.0753,53.8329],[-1.0788,53.8362],[-1.088,53.8322]],[[-1.0692,53.818],[-1.0629,53.814],[-1.0569,53.8129],[-1.0614,53.814],[-1.0692,53.818]],[[-1.045,53.8101],[-1.0484,53.8036],[-1.0496,53.7894],[-1.0665,53.7879],[-1.0648,53.7849],[-1.0334,53.7773],[-1.0645,53.7876],[-1.0476,53.7892],[-1.045,53.8101]],[[-1.0324,53.7771],[-1.025,53.7759],[-1.0267,53.7775],[-1.0324,53.7771]],[[-1.0248,53.7758],[-1.034,53.7661],[-1.0207,53.7721],[-1.0248,53.7758]],[[-1.1184,53.8574],[-1.1282,53.8633],[-1.1193,53.8555],[-1.1184,53.8574]]]}},{"type":"Feature","properties":{"code":"UK297","name":"Northamptonshire"},"geometry":{"type":"Polygon","coordinates":[[[-0.495,52.6402],[-0.4709,52.6238],[-0.4738,52.6144],[-0.4796,52.6144],[-0.4811,52.6028],[-0.4976,52.5868],[-0.4789,52.5737],[-0.425,52.5824],[-0.4154,52.5787],[-0.4157,52.5701],[-0.4074,52.5658],[-0.4195,52.5589],[-0.4154,52.5516],[-0.4033,52.5489],[-0.4013,52.5386],[-0.4135,52.5257],[-0.3522,52.5033],[-0.3595,52.4902],[-0.35,52.4826],[-0.3482,52.4712],[-0.3422,52.4691],[-0.3635,52.4507],[-0.3703,52.4368],[-0.3625,52.4335],[-0.417,52.4116],[-0.4203,52.405],[-0.4159,52.4038],[-0.4462,52.3832],[-0.4847,52.3816],[-0.5,52.3652],[-0.4986,52.3601],[-0.4774,52.3484],[-0.4832,52.341],[-0.4678,52.3385],[-0.4653,52.323],[-0.4762,52.3181],[-0.4872,52.3211],[-0.5199,52.3166],[-0.5184,52.3116],[-0.5406,52.2915],[-0.5311,52.2704],[-0.5393,52.2661],[-0.5427,52.256],[-0.5547,52.2582],[-0.5656,52.2534],[-0.5864,52.2729],[-0.6021,52.2786],[-0.6537,52.2683],[-0.6373,52.2274],[-0.6615,52.2081],[-0.6681,52.1951],[-0.7016,52.1933],[-0.7507,52.1676],[-0.7627,52.165],[-0.7653,52.1711],[-0.7779,52.1688],[-0.792,52.1514],[-0.8076,52.157],[-0.8091,52.1485],[-0.8166,52.1436],[-0.832,52.1437],[-0.8282,52.1326],[-0.869,52.1306],[-0.8789,52.1261],[-0.8871,52.1142],[-0.873,52.1127],[-0.8688,52.1011],[-0.8468,52.0915],[-0.8353,52.0799],[-0.8328,52.0692],[-0.8388,52.0641],[-0.8627,52.0609],[-0.8529,52.05],[-0.8594,52.0446],[-0.8678,52.0462],[-0.8778,52.0299],[-0.8892,52.0315],[-0.906,52.0212],[-0.9303,52.0432],[-0.9318,52.054],[-0.9519,52.0816],[-0.9678,52.0709],[-1.0421,52.0739],[-1.0262,52.0658],[-1.0529,52.0597],[-1.062,52.0627],[-1.0823,52.0529],[-1.1222,52.0449],[-1.1362,52.0201],[-1.1181,52.0154],[-1.1343,51.9973],[-1.1639,51.9934],[-1.1743,51.9833],[-1.198,51.9773],[-1.2416,51.9862],[-1.2609,51.9809],[-1.2844,51.9826],[-1.2872,51.9895],[-1.2781,52.0142],[-1.2975,52.0427],[-1.313,52.0515],[-1.3078,52.0643],[-1.3,52.0694],[-1.3055,52.0721],[-1.2975,52.078],[-1.3181,52.0799],[-1.3207,52.0877],[-1.2697,52.098],[-1.2479,52.0958],[-1.2529,52.1038],[-1.2768,52.1171],[-1.3085,52.1435],[-1.3324,52.1723],[-1.3183,52.1815],[-1.3131,52.1905],[-1.2549,52.1978],[-1.2609,52.216],[-1.2763,52.2232],[-1.2846,52.2386],[-1.2677,52.2374],[-1.2544,52.2475],[-1.2352,52.2493],[-1.2159,52.264],[-1.2254,52.2882],[-1.2338,52.2903],[-1.2093,52.3152],[-1.2476,52.3219],[-1.2609,52.3279],[-1.2624,52.3341],[-1.2333,52.3465],[-1.175,52.3563],[-1.1721,52.3613],[-1.2017,52.3968],[-1.1839,52.3922],[-1.1604,52.3996],[-1.1478,52.3984],[-1.1385,52.4021],[-1.1343,52.4123],[-1.0934,52.4277],[-1.0828,52.436],[-1.0693,52.4335],[-1.0549,52.422],[-1.0343,52.4363],[-1.0371,52.4445],[-1.0444,52.4457],[-1.0007,52.4709],[-0.9793,52.4701],[-0.9678,52.4772],[-0.9524,52.4775],[-0.9421,52.4678],[-0.899,52.4611],[-0.8824,52.4714],[-0.8846,52.4813],[-0.8934,52.4854],[-0.8957,52.4921],[-0.8821,52.4931],[-0.8799,52.5102],[-0.8834,52.5138],[-0.8718,52.5194],[-0.8688,52.527],[-0.8207,52.5158],[-0.8005,52.5181],[-0.7889,52.5137],[-0.7791,52.5181],[-0.7584,52.5113],[-0.7137,52.5249],[-0.7028,52.5323],[-0.698,52.5453],[-0.6877,52.547],[-0.6713,52.5641],[-0.603,52.5886],[-0.5625,52.5863],[-0.5582,52.5944],[-0.5442,52.5929],[-0.5524,52.6001],[-0.5476,52.6069],[-0.5502,52.6122],[-0.5391,52.6179],[-0.5411,52.6246],[-0.52,52.6415],[-0.495,52.6402]]]}},{"type":"Feature","properties":{"code":"UK298","name":"Northumberland"},"geometry":{"type":"MultiPolygon","coordinates":[[[[-1.4707,55.0745],[-1.4796,55.0672],[-1.4922,55.066],[-1.4873,55.0557],[-1.5088,55.0482],[-1.5103,55.055],[-1.5324,55.0542],[-1.543,55.0584],[-1.5563,55.0542],[-1.5768,55.0566],[-1.5785,55.0631],[-1.6379,55.0648],[-1.6476,55.0794],[-1.6913,55.0698],[-1.7047,55.0709],[-1.704,55.0659],[-1.7138,55.0655],[-1.7105,55.0527],[-1.6979,55.0523],[-1.6949,55.0429],[-1.7117,55.0412],[-1.7394,55.0296],[-1.74,55.0245],[-1.7503,55.0241],[-1.7511,55.0156],[-1.7563,55.016],[-1.7566,55.0033],[-1.7739,55.0042],[-1.7757,54.9896],[-1.7699,54.9814],[-1.785,54.9845],[-1.8128,54.9764],[-1.8151,54.9679],[-1.8244,54.9625],[-1.8229,54.9558],[-1.8312,54.9547],[-1.8312,54.9448],[-1.8246,54.939],[-1.8276,54.9302],[-1.8412,54.9297],[-1.8528,54.9174],[-1.821,54.9057],[-1.8458,54.8961],[-1.8533,54.8802],[-1.8601,54.878],[-1.8598,54.8692],[-1.8705,54.8595],[-1.8672,54.854],[-1.8876,54.8436],[-1.9142,54.8395],[-1.921,54.8425],[-1.9225,54.8497],[-1.949,54.8529],[-1.9802,54.8682],[-1.9954,54.8701],[-2.0118,54.8668],[-2.0397,54.8483],[-2.0825,54.8382],[-2.1397,54.8419],[-2.1432,54.8269],[-2.1609,54.8186],[-2.1739,54.806],[-2.1986,54.8068],[-2.215,54.7838],[-2.2266,54.783],[-2.2827,54.7983],[-2.312,54.791],[-2.3233,54.795],[-2.3273,54.803],[-2.3484,54.807],[-2.3698,54.8209],[-2.3727,54.8274],[-2.3897,54.832],[-2.4016,54.8515],[-2.4115,54.8565],[-2.4227,54.8429],[-2.4522,54.832],[-2.4611,54.8329],[-2.4956,54.8103],[-2.5291,54.8061],[-2.5678,54.8236],[-2.5827,54.8459],[-2.5734,54.8535],[-2.5902,54.8738],[-2.6054,54.8843],[-2.5764,54.8967],[-2.5663,54.9192],[-2.5475,54.9263],[-2.5676,54.9408],[-2.5713,54.9484],[-2.5684,54.9583],[-2.5956,54.9635],[-2.6014,54.9713],[-2.5757,54.9849],[-2.5678,55.0027],[-2.5747,55.0112],[-2.5732,55.0162],[-2.5276,55.0322],[-2.483,55.0401],[-2.5021,55.0578],[-2.5008,55.0642],[-2.4938,55.066],[-2.4971,55.0774],[-2.4907,55.0859],[-2.5006,55.0901],[-2.5527,55.0813],[-2.5628,55.0843],[-2.5588,55.0874],[-2.5684,55.0962],[-2.5767,55.0959],[-2.5922,55.1042],[-2.5935,55.1128],[-2.6061,55.1261],[-2.657,55.1361],[-2.6832,55.1666],[-2.6743,55.1738],[-2.6898,55.189],[-2.6668,55.2216],[-2.6412,55.2212],[-2.6346,55.2255],[-2.6303,55.2448],[-2.6202,55.2472],[-2.6444,55.2582],[-2.6267,55.2622],[-2.6281,55.2679],[-2.6092,55.2833],[-2.5734,55.2969],[-2.5737,55.3008],[-2.5431,55.3196],[-2.5177,55.3247],[-2.4885,55.3518],[-2.4613,55.3532],[-2.4444,55.3592],[-2.415,55.359],[-2.4009,55.3535],[-2.3998,55.3483],[-2.3789,55.3492],[-2.3401,55.3661],[-2.3462,55.3731],[-2.3299,55.3812],[-2.3447,55.3994],[-2.3336,55.4024],[-2.3356,55.4082],[-2.3132,55.4068],[-2.2959,55.415],[-2.2945,55.4205],[-2.2706,55.4296],[-2.2623,55.4286],[-2.2606,55.4329],[-2.2313,55.4285],[-2.1943,55.4452],[-2.1896,55.4611],[-2.1666,55.4675],[-2.1737,55.4723],[-2.2009,55.475],[-2.2064,55.4815],[-2.2022,55.4883],[-2.2288,55.5095],[-2.2243,55.5227],[-2.2333,55.5296],[-2.2323,55.5448],[-2.253,55.5614],[-2.2855,55.5777],[-2.2925,55.5858],[-2.2878,55.601],[-2.316,55.6204],[-2.3089,55.6224],[-2.3086,55.6289],[-2.3281,55.6274],[-2.3353,55.6321],[-2.3246,55.6432],[-2.2989,55.6471],[-2.2347,55.6408],[-2.2316,55.6439],[-2.2479,55.6506],[-2.2185,55.6642],[-2.2187,55.6759],[-2.1805,55.7033],[-2.1706,55.7049],[-2.177,55.7183],[-2.1518,55.7225],[-2.1444,55.7392],[-2.1173,55.7384],[-2.1137,55.7481],[-2.1051,55.7512],[-2.1062,55.76],[-2.0555,55.7572],[-2.0382,55.7601],[-2.0177,55.7715],[-2.0017,55.761],[-1.9924,55.7613],[-1.9608,55.7332],[-1.938,55.7199],[-1.8768,55.7006],[-1.8747,55.678],[-1.8415,55.643],[-1.8125,55.6339],[-1.8006,55.6377],[-1.7883,55.6567],[-1.7798,55.6426],[-1.7578,55.6272],[-1.7581,55.6206],[-1.7788,55.6149],[-1.768,55.6043],[-1.7435,55.6192],[-1.7279,55.6176],[-1.6919,55.6062],[-1.6647,55.586],[-1.6437,55.5793],[-1.6447,55.5709],[-1.6234,55.5523],[-1.6324,55.5503],[-1.6375,55.5403],[-1.6108,55.5202],[-1.6178,55.5154],[-1.6135,55.5098],[-1.617,55.5026],[-1.6108,55.4954],[-1.5917,55.4894],[-1.5934,55.4731],[-1.5886,55.4619],[-1.5932,55.4582],[-1.5869,55.4469],[-1.5934,55.4404],[-1.5757,55.4319],[-1.5818,55.4157],[-1.5788,55.4098],[-1.5926,55.4028],[-1.6092,55.3843],[-1.6042,55.3679],[-1.5881,55.3454],[-1.5934,55.3387],[-1.5762,55.3372],[-1.5493,55.3219],[-1.55,55.3123],[-1.5699,55.2915],[-1.5704,55.2755],[-1.5597,55.2537],[-1.5252,55.2269],[-1.5287,55.222],[-1.5264,55.2144],[-1.5002,55.1852],[-1.5148,55.1793],[-1.514,55.1742],[-1.5261,55.1599],[-1.5063,55.134],[-1.5156,55.1361],[-1.5193,55.1426],[-1.5302,55.1399],[-1.5004,55.1279],[-1.4977,55.1081],[-1.4889,55.0954],[-1.47,55.0848],[-1.4617,55.0743],[-1.4707,55.0745]]],[[[-1.7792,55.6857],[-1.7818,55.6769],[-1.7783,55.6682],[-1.8029,55.6683],[-1.8052,55.6757],[-1.8155,55.6821],[-1.8291,55.6832],[-1.8458,55.6774],[-1.855,55.6858],[-1.7792,55.6857]]],[[[-2.0857,55.7627],[-2.0861,55.7931],[-2.0344,55.8111],[-2.0311,55.8042],[-1.9999,55.7859],[-1.991,55.768],[-2.0049,55.7676],[-2.0147,55.7745],[-2.0361,55.7701],[-2.0379,55.7623],[-2.0548,55.7582],[-2.0857,55.7627]]]]}},{"type":"Feature","properties":{"code":"UK299","name":"Nottingham"},"geometry":{"type":"Polygon","coordinates":[[[-1.1831,53.0168],[-1.1435,53.0065],[-1.1461,52.9984],[-1.1401,52.9895],[-1.1237,52.9834],[-1.1201,52.9678],[-1.104,52.9641],[-1.0861,52.9486],[-1.0997,52.942],[-1.1315,52.9429],[-1.1401,52.9325],[-1.1556,52.9305],[-1.1585,52.9001],[-1.1687,52.8978],[-1.175,52.8896],[-1.2141,52.9033],[-1.2133,52.9102],[-1.199,52.9094],[-1.1823,52.9173],[-1.1974,52.9291],[-1.2153,52.934],[-1.2181,52.9406],[-1.2343,52.9421],[-1.2468,52.9531],[-1.2378,52.9665],[-1.232,52.9676],[-1.2464,52.9831],[-1.226,52.9811],[-1.2105,52.9862],[-1.2191,52.9915],[-1.2139,52.9974],[-1.2224,53.0084],[-1.21,53.0182],[-1.1831,53.0168]]]}},{"type":"Feature","properties":{"code":"UK300","name":"Nottinghamshire"},"geometry":{"type":"Polygon","coordinates":[[[-0.798,53.4554],[-0.8099,53.4438],[-0.821,53.4403],[-0.8182,53.426],[-0.7947,53.414],[-0.7776,53.3969],[-0.7824,53.3876],[-0.7799,53.3772],[-0.7865,53.3747],[-0.7915,53.3636],[-0.7734,53.3635],[-0.7592,53.3537],[-0.7647,53.3481],[-0.7579,53.3413],[-0.767,53.33],[-0.7608,53.3243],[-0.753,53.3248],[-0.7549,53.3147],[-0.7479,53.3044],[-0.7507,53.2945],[-0.7584,53.294],[-0.7588,53.2986],[-0.7781,53.2851],[-0.7655,53.2713],[-0.7791,53.2512],[-0.7764,53.2468],[-0.7351,53.2439],[-0.7341,53.2541],[-0.688,53.2584],[-0.6666,53.2397],[-0.6759,53.2177],[-0.6977,53.2202],[-0.7147,53.2076],[-0.7305,53.2107],[-0.7537,53.1882],[-0.7622,53.1883],[-0.7642,53.1816],[-0.7187,53.1771],[-0.7161,53.1704],[-0.7232,53.1551],[-0.7154,53.1369],[-0.7325,53.1278],[-0.7169,53.1194],[-0.7212,53.1043],[-0.7297,53.0979],[-0.7061,53.0834],[-0.7104,53.0794],[-0.6985,53.0755],[-0.6985,53.065],[-0.7111,53.0662],[-0.7162,53.059],[-0.7312,53.0544],[-0.7496,53.0551],[-0.7608,53.0294],[-0.7884,53.0259],[-0.7958,53.0106],[-0.8043,53.0123],[-0.8041,53.0064],[-0.7776,52.9838],[-0.7783,52.977],[-0.7962,52.9768],[-0.8098,52.966],[-0.8137,52.957],[-0.82,52.9605],[-0.8328,52.9496],[-0.834,52.9459],[-0.8225,52.9441],[-0.8348,52.9393],[-0.8414,52.9284],[-0.8575,52.9189],[-0.8637,52.9113],[-0.8577,52.9056],[-0.9169,52.879],[-0.94,52.8751],[-0.9282,52.8661],[-0.9408,52.8615],[-0.9401,52.8554],[-0.9609,52.8434],[-0.9706,52.845],[-0.9771,52.8408],[-0.974,52.8343],[-0.9781,52.8245],[-0.989,52.8182],[-1.0219,52.822],[-1.0421,52.8146],[-1.0718,52.814],[-1.0695,52.8222],[-1.0745,52.8247],[-1.1192,52.8192],[-1.1309,52.8058],[-1.1634,52.8065],[-1.1977,52.7895],[-1.2003,52.7937],[-1.2292,52.7933],[-1.2319,52.8006],[-1.26,52.8072],[-1.2634,52.8151],[-1.26,52.819],[-1.2713,52.8245],[-1.2743,52.8361],[-1.267,52.8374],[-1.2722,52.8494],[-1.2645,52.8584],[-1.2738,52.8595],[-1.2678,52.8733],[-1.2385,52.8818],[-1.2458,52.8903],[-1.2396,52.8942],[-1.2476,52.9032],[-1.2753,52.9056],[-1.2819,52.9108],[-1.2858,52.9261],[-1.2783,52.9329],[-1.2811,52.9491],[-1.2917,52.9562],[-1.2907,52.9707],[-1.3028,53.0003],[-1.3193,53.0102],[-1.3186,53.0162],[-1.3347,53.0407],[-1.3332,53.0482],[-1.3446,53.0633],[-1.3297,53.0824],[-1.3025,53.0886],[-1.3091,53.0945],[-1.3007,53.1016],[-1.3118,53.1087],[-1.3148,53.1257],[-1.3217,53.1306],[-1.3149,53.1358],[-1.3217,53.1443],[-1.3234,53.1624],[-1.2887,53.1715],[-1.2547,53.1647],[-1.2388,53.1791],[-1.2012,53.1824],[-1.195,53.1894],[-1.2028,53.2083],[-1.2111,53.2158],[-1.202,53.2356],[-1.2129,53.2477],[-1.2027,53.2611],[-1.1756,53.2665],[-1.1816,53.27],[-1.1665,53.2777],[-1.1783,53.2862],[-1.1715,53.2946],[-1.1741,53.3025],[-1.1997,53.3115],[-1.1924,53.319],[-1.1745,53.3214],[-1.1751,53.3257],[-1.1386,53.3414],[-1.1416,53.3468],[-1.1569,53.345],[-1.162,53.3579],[-1.1385,53.3559],[-1.1461,53.3691],[-1.1305,53.3756],[-1.1292,53.3936],[-1.1159,53.398],[-1.1161,53.4074],[-1.1083,53.4058],[-1.0871,53.4255],[-1.057,53.4254],[-1.031,53.431],[-1.0305,53.4252],[-1.0144,53.4263],[-1.0124,53.4328],[-0.9957,53.4369],[-0.9985,53.4389],[-0.9937,53.453],[-0.9832,53.468],[-0.9859,53.4716],[-0.9532,53.4844],[-0.9356,53.5025],[-0.9005,53.4752],[-0.9202,53.4655],[-0.9162,53.4603],[-0.8738,53.4614],[-0.872,53.4663],[-0.798,53.4554]],[[-1.1831,53.0168],[-1.21,53.0182],[-1.2224,53.0084],[-1.2139,52.9974],[-1.2191,52.9915],[-1.2105,52.9862],[-1.226,52.9811],[-1.2464,52.9831],[-1.232,52.9676],[-1.2378,52.9665],[-1.2468,52.9531],[-1.2343,52.9421],[-1.2181,52.9406],[-1.2153,52.934],[-1.1974,52.9291],[-1.1823,52.9173],[-1.199,52.9094],[-1.2133,52.9102],[-1.2141,52.9033],[-1.175,52.8896],[-1.1687,52.8978],[-1.1585,52.9001],[-1.1556,52.9305],[-1.1401,52.9325],[-1.1315,52.9429],[-1.0997,52.942],[-1.0861,52.9486],[-1.104,52.9641],[-1.1201,52.9678],[-1.1237,52.9834],[-1.1401,52.9895],[-1.1461,52.9984],[-1.1435,53.0065],[-1.1831,53.0168]]]}},{"type":"Feature","properties":{"code":"UK301","name":"Orkney Islands"},"geometry":{"type":"MultiPolygon","coordinates":[[[[-3.0502,58.752],[-3.0532,58.7397],[-3.0642,58.7362],[-3.0625,58.7446],[-3.0502,58.752]]],[[[-3.1648,58.8011],[-3.1486,58.8064],[-3.1386,58.8021],[-3.1469,58.7914],[-3.1386,58.784],[-3.1882,58.777],[-3.2284,58.7853],[-3.2071,58.8009],[-3.1648,58.8011]]],[[[-3.1126,58.7979],[-3.102,58.8027],[-3.0988,58.7977],[-3.1038,58.7958],[-3.1126,58.7979]]],[[[-3.0798,58.8327],[-3.0773,58.8287],[-3.0842,58.8222],[-3.0783,58.8167],[-3.0831,58.8145],[-3.101,58.8203],[-3.1071,58.8144],[-3.128,58.8132],[-3.1388,58.8168],[-3.1478,58.828],[-3.1214,58.8429],[-3.0686,58.8494],[-3.0647,58.8451],[-3.0819,58.8436],[-3.1108,58.8313],[-3.0798,58.8327]]],[[[-3.161,58.8547],[-3.165,58.8501],[-3.1496,58.8385],[-3.1599,58.8334],[-3.173,58.835],[-3.1816,58.8473],[-3.1678,58.8565],[-3.161,58.8547]]],[[[-3.3123,58.9156],[-3.3182,58.9093],[-3.2854,58.9052],[-3.2124,58.8778],[-3.2295,58.8694],[-3.2159,58.8686],[-3.2169,58.862],[-3.2018,58.856],[-3.1982,58.8477],[-3.2139,58.8406],[-3.1909,58.8359],[-3.1997,58.826],[-3.1786,58.8258],[-3.1705,58.821],[-3.2255,58.8023],[-3.2494,58.7989],[-3.2567,58.7856],[-3.2287,58.7852],[-3.2348,58.7815],[-3.2202,58.776],[-3.232,58.7718],[-3.2499,58.7816],[-3.2894,58.776],[-3.3232,58.7982],[-3.3226,58.8053],[-3.3345,58.8124],[-3.328,58.8166],[-3.37,58.8372],[-3.3788,58.8597],[-3.3756,58.8635],[-3.3831,58.8692],[-3.4345,58.8714],[-3.434,58.8805],[-3.4236,58.8912],[-3.4164,58.9112],[-3.3965,58.9241],[-3.3877,58.9217],[-3.3542,58.9323],[-3.3289,58.9289],[-3.3246,58.9256],[-3.3264,58.9186],[-3.3123,58.9156]]],[[[-3.1638,58.8732],[-3.1763,58.8785],[-3.1751,58.8848],[-3.1592,58.879],[-3.1638,58.8732]]],[[[-3.268,58.924],[-3.2955,58.9216],[-3.3083,58.9263],[-3.3136,58.9385],[-3.3085,58.9407],[-3.2828,58.9323],[-3.2715,58.9352],[-3.2658,58.9299],[-3.268,58.924]]],[[[-3.1779,59.1426],[-3.0884,59.1197],[-3.0733,59.1235],[-3.0695,59.1136],[-3.0509,59.1113],[-3.0456,59.102],[-3.055,59.0965],[-3.0278,59.0812],[-3.0078,59.0775],[-3.001,59.0648],[-3.0065,59.0577],[-3.004,59.0532],[-3.0119,59.0515],[-3.0156,59.0437],[-3.0118,59.0389],[-3.0214,59.038],[-3.0353,59.0473],[-3.0643,59.0459],[-3.0532,59.036],[-3.0637,59.0301],[-3.0612,59.0235],[-3.0781,59.0245],[-3.1146,59.0065],[-3.0547,58.9935],[-3.0356,59.01],[-3.0088,59.0103],[-2.9721,58.9963],[-2.9695,58.9865],[-2.9589,58.9849],[-2.9477,58.9903],[-2.9444,59.0055],[-2.9121,59.0058],[-2.9076,58.9987],[-2.9156,58.9931],[-2.888,58.991],[-2.9159,58.9843],[-2.9205,58.9779],[-2.9142,58.9743],[-2.9189,58.965],[-2.9109,58.9617],[-2.8811,58.9615],[-2.8834,58.9683],[-2.8661,58.9736],[-2.8555,58.9861],[-2.8255,58.9808],[-2.8106,58.985],[-2.8036,58.9922],[-2.796,58.987],[-2.7915,58.969],[-2.823,58.9658],[-2.8411,58.9575],[-2.8287,58.9469],[-2.8318,58.9241],[-2.8044,58.9292],[-2.8058,58.9228],[-2.7991,58.9177],[-2.786,58.9156],[-2.7781,58.9254],[-2.7922,58.927],[-2.7864,58.9405],[-2.8053,58.9478],[-2.7779,58.9512],[-2.7462,58.9645],[-2.7081,58.973],[-2.7083,58.9644],[-2.7041,58.9626],[-2.7187,58.9364],[-2.7134,58.933],[-2.7124,58.9206],[-2.7479,58.9237],[-2.7635,58.9131],[-2.7859,58.9145],[-2.8016,58.9016],[-2.8039,58.894],[-2.8217,58.8869],[-2.821,58.8766],[-2.8308,58.8723],[-2.8379,58.8739],[-2.8325,58.8809],[-2.8464,58.8887],[-2.8832,58.9001],[-2.897,58.8956],[-2.8909,58.8853],[-2.9154,58.8725],[-2.9086,58.8689],[-2.8884,58.874],[-2.8841,58.8711],[-2.8899,58.8666],[-2.8909,58.8578],[-2.8643,58.8501],[-2.9013,58.8416],[-2.9021,58.8371],[-2.8892,58.8337],[-2.8889,58.8231],[-2.8787,58.8217],[-2.8806,58.8173],[-2.8907,58.8203],[-2.9059,58.8141],[-2.9149,58.8011],[-2.9215,58.8016],[-2.9307,58.7943],[-2.92,58.7862],[-2.9252,58.776],[-2.9396,58.7671],[-2.9116,58.756],[-2.9187,58.7349],[-2.9625,58.73],[-2.9655,58.7413],[-2.9862,58.7486],[-2.992,58.758],[-2.9804,58.7605],[-2.9789,58.7776],[-2.9827,58.7834],[-3.022,58.8052],[-3.0124,58.8134],[-2.9957,58.801],[-2.9796,58.8088],[-2.9836,58.8138],[-2.9968,58.8184],[-3.0038,58.8268],[-3.0239,58.8178],[-3.0363,58.8193],[-3.0149,58.8327],[-2.991,58.8279],[-2.9622,58.8359],[-2.9623,58.8269],[-2.9542,58.8271],[-2.9476,58.8331],[-2.9079,58.8388],[-2.9026,58.8432],[-2.9333,58.8424],[-2.9517,58.8456],[-2.9703,58.854],[-2.9836,58.8509],[-2.9864,58.8557],[-2.9736,58.859],[-2.9633,58.8516],[-2.9388,58.8608],[-2.9185,58.8546],[-2.9127,58.8569],[-2.9159,58.8724],[-2.9234,58.8741],[-2.9232,58.8782],[-2.9104,58.8788],[-2.8958,58.8904],[-2.8973,58.8953],[-2.9103,58.8963],[-2.9315,58.8912],[-2.9351,58.895],[-2.9328,58.9026],[-2.9729,58.9401],[-2.9686,58.9594],[-2.9834,58.9627],[-3.0146,58.9429],[-3.0446,58.9375],[-3.0662,58.936],[-3.0804,58.9423],[-3.0784,58.9298],[-3.1108,58.9318],[-3.128,58.9264],[-3.1196,58.9204],[-3.1375,58.9162],[-3.1544,58.9203],[-3.1756,58.9137],[-3.1869,58.9186],[-3.2027,58.9122],[-3.2282,58.9315],[-3.2352,58.9432],[-3.2303,58.9671],[-3.2461,58.9721],[-3.2479,58.9819],[-3.262,58.9748],[-3.2668,58.9668],[-3.3007,58.9575],[-3.3003,58.9501],[-3.3307,58.955],[-3.3337,58.9603],[-3.3557,58.9649],[-3.3518,58.9723],[-3.361,58.9794],[-3.3592,58.9854],[-3.368,58.9985],[-3.3605,59.0056],[-3.3662,59.0152],[-3.3599,59.0171],[-3.363,59.0217],[-3.3496,59.0377],[-3.3577,59.0467],[-3.3531,59.0507],[-3.3377,59.0502],[-3.336,59.0568],[-3.3494,59.0616],[-3.3468,59.0771],[-3.3531,59.0836],[-3.3488,59.0893],[-3.3577,59.1039],[-3.3428,59.1152],[-3.3206,59.1228],[-3.3114,59.1388],[-3.2778,59.1406],[-3.2411,59.1522],[-3.1978,59.1538],[-3.1779,59.1426]]],[[[-2.9516,59.0739],[-2.9731,59.0726],[-2.993,59.0864],[-2.9655,59.0902],[-2.9595,59.0874],[-2.9587,59.081],[-2.9466,59.0784],[-2.9516,59.0739]]],[[[-2.9983,59.1138],[-2.9632,59.1277],[-2.9547,59.1261],[-2.9514,59.1185],[-2.9693,59.1109],[-2.9983,59.1138]]],[[[-3.1284,59.1473],[-3.1098,59.143],[-3.1179,59.1394],[-3.1287,59.1421],[-3.1284,59.1473]]],[[[-3.0302,59.1777],[-2.9938,59.178],[-2.9784,59.1869],[-2.9653,59.1864],[-2.964,59.1808],[-2.953,59.1796],[-2.954,59.1732],[-2.9658,59.1753],[-2.9788,59.1631],[-2.963,59.1388],[-2.996,59.1272],[-3.0401,59.1265],[-3.0768,59.1379],[-3.0983,59.1503],[-3.1016,59.158],[-3.1131,59.1605],[-3.1121,59.1663],[-3.1184,59.1727],[-3.0761,59.1998],[-3.068,59.1955],[-3.0486,59.1957],[-3.0501,59.1837],[-3.0302,59.1777]]],[[[-2.6781,58.8929],[-2.6812,58.8995],[-2.6641,58.9015],[-2.6781,58.8929]]],[[[-2.5595,59.0306],[-2.5739,59.0254],[-2.5774,59.0318],[-2.5673,59.0344],[-2.5595,59.0306]]],[[[-2.8147,59.0614],[-2.8242,59.047],[-2.8101,59.0375],[-2.8066,59.0277],[-2.831,59.0177],[-2.836,59.0254],[-2.8514,59.0259],[-2.8567,59.0304],[-2.8945,59.0306],[-2.8988,59.0351],[-2.9104,59.0292],[-2.934,59.0304],[-2.9346,59.0339],[-2.9234,59.0453],[-2.9242,59.0503],[-2.9141,59.0563],[-2.9169,59.0621],[-2.897,59.0659],[-2.8864,59.0601],[-2.8549,59.0567],[-2.8376,59.0653],[-2.8424,59.0717],[-2.8399,59.0768],[-2.8151,59.0803],[-2.8127,59.0854],[-2.8025,59.0873],[-2.799,59.0829],[-2.8016,59.0686],[-2.8147,59.0614]]],[[[-2.6273,59.1455],[-2.5925,59.1402],[-2.5728,59.1424],[-2.5756,59.1387],[-2.6036,59.1381],[-2.6054,59.1227],[-2.5958,59.1157],[-2.5444,59.1236],[-2.5396,59.1195],[-2.5519,59.1123],[-2.548,59.0982],[-2.5291,59.091],[-2.5464,59.0821],[-2.5668,59.0841],[-2.5792,59.0759],[-2.5893,59.0772],[-2.6,59.0712],[-2.6076,59.073],[-2.6006,59.0877],[-2.6069,59.0982],[-2.6321,59.1077],[-2.6577,59.1003],[-2.6441,59.0857],[-2.6527,59.0754],[-2.6796,59.0743],[-2.6903,59.0796],[-2.6797,59.0955],[-2.6713,59.0977],[-2.6701,59.1087],[-2.6507,59.1125],[-2.6296,59.1101],[-2.6207,59.1181],[-2.6228,59.125],[-2.6436,59.1329],[-2.6648,59.1497],[-2.6298,59.161],[-2.6358,59.1557],[-2.6258,59.1499],[-2.6273,59.1455]]],[[[-2.9205,59.1275],[-2.9338,59.136],[-2.9414,59.1483],[-2.9408,59.1661],[-2.9262,59.1701],[-2.9081,59.1637],[-2.9205,59.1275]]],[[[-2.5872,59.157],[-2.5807,59.1469],[-2.5946,59.152],[-2.5872,59.157]]],[[[-2.7628,59.2318],[-2.7336,59.2231],[-2.7593,59.1891],[-2.7585,59.163],[-2.7559,59.1574],[-2.7393,59.1514],[-2.7418,59.1439],[-2.7721,59.1446],[-2.791,59.14],[-2.7895,59.1463],[-2.7966,59.1527],[-2.7943,59.16],[-2.8267,59.1758],[-2.8277,59.1879],[-2.7995,59.1835],[-2.7837,59.1878],[-2.7764,59.1974],[-2.7781,59.2082],[-2.791,59.2139],[-2.7831,59.2279],[-2.7894,59.2311],[-2.7885,59.2378],[-2.755,59.2499],[-2.7633,59.2384],[-2.7628,59.2318]]],[[[-2.829,59.221],[-2.8224,59.2216],[-2.8152,59.2137],[-2.817,59.2082],[-2.826,59.2052],[-2.829,59.221]]],[[[-2.7479,59.2364],[-2.7399,59.2478],[-2.7177,59.2336],[-2.7242,59.2289],[-2.7479,59.2364]]],[[[-2.448,59.2831],[-2.483,59.2744],[-2.5177,59.2426],[-2.5192,59.2348],[-2.5091,59.2308],[-2.516,59.2274],[-2.5212,59.2359],[-2.5193,59.2428],[-2.5106,59.2529],[-2.5291,59.2573],[-2.5354,59.2489],[-2.528,59.2486],[-2.5318,59.2384],[-2.5633,59.2371],[-2.5693,59.234],[-2.5706,59.2205],[-2.5804,59.2246],[-2.5799,59.2348],[-2.561,59.2384],[-2.5704,59.2449],[-2.5882,59.2415],[-2.5993,59.2329],[-2.6126,59.2381],[-2.631,59.2375],[-2.6572,59.2113],[-2.6729,59.2026],[-2.688,59.204],[-2.6905,59.1964],[-2.686,59.1856],[-2.6947,59.1845],[-2.7011,59.1953],[-2.7018,59.2078],[-2.6961,59.221],[-2.6837,59.2198],[-2.6691,59.225],[-2.6592,59.2391],[-2.6207,59.2578],[-2.6019,59.2596],[-2.593,59.2688],[-2.5978,59.2759],[-2.6147,59.2828],[-2.6142,59.2884],[-2.5799,59.2932],[-2.558,59.3058],[-2.5291,59.2989],[-2.5529,59.2906],[-2.5573,59.2835],[-2.5749,59.275],[-2.5737,59.2676],[-2.5822,59.2653],[-2.5577,59.2603],[-2.53,59.2665],[-2.4795,59.2894],[-2.4499,59.2903],[-2.4467,59.3039],[-2.4258,59.3125],[-2.418,59.3083],[-2.4227,59.3015],[-2.4174,59.2967],[-2.4178,59.2903],[-2.4047,59.2791],[-2.4248,59.2762],[-2.4255,59.2811],[-2.448,59.2831]]],[[[-2.9522,59.3362],[-2.9554,59.3279],[-2.9799,59.326],[-2.9884,59.3209],[-2.9834,59.3149],[-2.9731,59.3185],[-2.9625,59.315],[-2.9623,59.31],[-2.9564,59.3078],[-2.9404,59.3102],[-2.9396,59.3033],[-2.924,59.3043],[-2.9127,59.2982],[-2.9056,59.3017],[-2.8962,59.2962],[-2.8972,59.2903],[-2.8826,59.2859],[-2.8809,59.2662],[-2.8738,59.2698],[-2.8535,59.2673],[-2.8398,59.2493],[-2.8592,59.2513],[-2.8776,59.2298],[-2.8874,59.2305],[-2.886,59.2376],[-2.8766,59.2418],[-2.8791,59.2456],[-2.8746,59.2553],[-2.8882,59.2577],[-2.9282,59.2856],[-2.9572,59.2901],[-2.967,59.287],[-2.961,59.2795],[-2.9507,59.2763],[-2.9504,59.272],[-2.9819,59.2658],[-2.9826,59.2596],[-3.0086,59.2743],[-3.0249,59.2778],[-3.0177,59.2861],[-3.0237,59.2955],[-3.0201,59.2993],[-3.0232,59.3052],[-3.0658,59.3231],[-3.07,59.3292],[-3.062,59.3313],[-3.0333,59.3233],[-3.0205,59.3299],[-3.0081,59.327],[-2.9794,59.3359],[-2.9824,59.3456],[-2.9768,59.3532],[-2.9552,59.3597],[-2.9441,59.3501],[-2.9673,59.3399],[-2.9522,59.3362]]],[[[-2.8889,59.3538],[-2.8773,59.3413],[-2.8827,59.3262],[-2.9103,59.33],[-2.9111,59.3497],[-2.8973,59.3618],[-2.8907,59.3827],[-2.8789,59.3855],[-2.8681,59.376],[-2.8719,59.3669],[-2.8804,59.366],[-2.8889,59.3538]]],[[[-2.412,59.3674],[-2.3988,59.3554],[-2.4114,59.3542],[-2.4203,59.3476],[-2.4303,59.3574],[-2.4437,59.3619],[-2.431,59.3802],[-2.4346,59.3847],[-2.4069,59.3847],[-2.382,59.3927],[-2.3749,59.388],[-2.4096,59.3762],[-2.412,59.3674]]]]}},{"type":"Feature","properties":{"code":"UK302","name":"Oxfordshire"},"geometry":{"type":"Polygon","coordinates":[[[-1.1181,52.0154],[-1.0967,52.0151],[-1.0881,52.0058],[-1.0589,52.008],[-1.0579,51.9994],[-1.0781,51.981],[-1.0952,51.9571],[-1.076,51.9433],[-1.0551,51.9487],[-1.0559,51.9426],[-1.0622,51.9351],[-1.0813,51.9276],[-1.0871,51.8974],[-1.0935,51.894],[-1.0705,51.8887],[-1.0702,51.8821],[-1.0766,51.8787],[-1.0647,51.8687],[-1.062,51.8442],[-1.0489,51.839],[-1.076,51.8293],[-1.1216,51.8453],[-1.1406,51.8347],[-1.1143,51.8183],[-1.1249,51.8075],[-1.1174,51.7991],[-1.1236,51.7942],[-1.1219,51.787],[-1.0857,51.7813],[-1.0788,51.7712],[-1.0828,51.7605],[-1.0549,51.7522],[-1.0454,51.7446],[-1.0315,51.7444],[-1.0327,51.7558],[-0.9871,51.7522],[-0.963,51.7591],[-0.9333,51.7524],[-0.8877,51.7184],[-0.8872,51.7033],[-0.8948,51.6925],[-0.8819,51.6846],[-0.895,51.6747],[-0.8778,51.6684],[-0.9104,51.6738],[-0.9308,51.6661],[-0.923,51.657],[-0.9444,51.6522],[-0.9446,51.6466],[-0.9347,51.6367],[-0.9501,51.6289],[-0.9497,51.6207],[-0.9386,51.6179],[-0.9431,51.6051],[-0.9201,51.6035],[-0.9169,51.5994],[-0.9249,51.5909],[-0.9415,51.5855],[-0.9386,51.5711],[-0.9016,51.5561],[-0.9031,51.5458],[-0.8968,51.5449],[-0.8998,51.5362],[-0.8783,51.523],[-0.8796,51.5111],[-0.872,51.5078],[-0.8716,51.5024],[-0.894,51.4965],[-0.9237,51.4672],[-0.9492,51.4595],[-0.9544,51.4645],[-0.9411,51.475],[-0.9444,51.4819],[-0.9619,51.4931],[-0.9786,51.4857],[-0.9983,51.4843],[-0.9998,51.4752],[-1.008,51.4716],[-1.0075,51.4679],[-1.0182,51.4666],[-1.0365,51.4752],[-1.0376,51.484],[-1.0514,51.4919],[-1.0884,51.4858],[-1.1002,51.4889],[-1.1091,51.5052],[-1.1196,51.5118],[-1.1338,51.5113],[-1.1421,51.5162],[-1.1441,51.522],[-1.1347,51.5328],[-1.1403,51.5429],[-1.2047,51.5284],[-1.2061,51.5376],[-1.2299,51.5346],[-1.2607,51.5377],[-1.2866,51.5516],[-1.3332,51.5604],[-1.344,51.5434],[-1.3674,51.5525],[-1.378,51.5497],[-1.3838,51.5404],[-1.3959,51.5403],[-1.4043,51.5463],[-1.4227,51.5357],[-1.4266,51.5456],[-1.4478,51.5364],[-1.4649,51.5348],[-1.463,51.5302],[-1.4859,51.534],[-1.4861,51.5406],[-1.5146,51.5512],[-1.5307,51.5481],[-1.5549,51.5534],[-1.5811,51.537],[-1.5848,51.5249],[-1.6029,51.5183],[-1.6138,51.5365],[-1.6476,51.5719],[-1.6551,51.5765],[-1.6765,51.5695],[-1.6846,51.5738],[-1.6911,51.5836],[-1.6855,51.5875],[-1.6906,51.6055],[-1.667,51.6163],[-1.6732,51.6226],[-1.6599,51.635],[-1.6798,51.6448],[-1.6889,51.6557],[-1.6906,51.6638],[-1.6991,51.6695],[-1.6969,51.6811],[-1.6831,51.6901],[-1.669,51.6812],[-1.6483,51.6841],[-1.6861,51.7102],[-1.6957,51.7238],[-1.6858,51.7334],[-1.7007,51.7706],[-1.7195,51.7832],[-1.6934,51.7942],[-1.6803,51.8071],[-1.6768,51.817],[-1.6831,51.8203],[-1.6864,51.8345],[-1.6787,51.8495],[-1.6811,51.8596],[-1.6871,51.8628],[-1.668,51.8764],[-1.6617,51.8945],[-1.633,51.8992],[-1.6342,51.9116],[-1.6453,51.9148],[-1.6433,51.9237],[-1.6151,51.9377],[-1.6354,51.9568],[-1.6626,51.964],[-1.6689,51.9753],[-1.6657,51.9875],[-1.6297,51.9699],[-1.6123,51.9554],[-1.5916,51.9704],[-1.6004,51.9769],[-1.5806,51.973],[-1.5496,51.9808],[-1.5568,51.9893],[-1.544,51.9963],[-1.5291,51.9926],[-1.5228,51.9968],[-1.4972,52.0609],[-1.5019,52.0717],[-1.4907,52.0771],[-1.4944,52.0822],[-1.4801,52.0936],[-1.4773,52.1014],[-1.4675,52.0971],[-1.4471,52.0977],[-1.4534,52.113],[-1.4246,52.1182],[-1.4038,52.1101],[-1.3854,52.0941],[-1.3577,52.1013],[-1.3708,52.1176],[-1.3932,52.119],[-1.3854,52.1284],[-1.3557,52.136],[-1.341,52.1449],[-1.3435,52.1533],[-1.334,52.1591],[-1.3319,52.1685],[-1.3085,52.1435],[-1.2768,52.1171],[-1.2529,52.1038],[-1.2479,52.0958],[-1.2697,52.098],[-1.3207,52.0877],[-1.3181,52.0799],[-1.2975,52.078],[-1.3055,52.0721],[-1.3,52.0694],[-1.3078,52.0643],[-1.313,52.0515],[-1.2975,52.0427],[-1.2781,52.0142],[-1.2872,51.9895],[-1.2844,51.9826],[-1.2609,51.9809],[-1.2416,51.9862],[-1.198,51.9773],[-1.1743,51.9833],[-1.1639,51.9934],[-1.1343,51.9973],[-1.1181,52.0154]]]}},{"type":"Feature","properties":{"code":"UK303","name":"Pembrokeshire"},"geometry":{"type":"MultiPolygon","coordinates":[[[[-4.6804,51.6412],[-4.6777,51.6374],[-4.684,51.6299],[-4.7013,51.6366],[-4.7023,51.6423],[-4.6804,51.6412]]],[[[-5.2701,51.6959],[-5.2776,51.6933],[-5.2882,51.6933],[-5.274,51.7035],[-5.2701,51.6959]]],[[[-5.2799,51.7353],[-5.293,51.7283],[-5.3108,51.7328],[-5.3118,51.7402],[-5.3007,51.7451],[-5.2814,51.7411],[-5.2799,51.7353]]],[[[-4.6817,52.0843],[-4.6729,52.082],[-4.6694,52.0754],[-4.68,52.0705],[-4.6804,52.0638],[-4.665,52.0578],[-4.6434,52.0767],[-4.6369,52.0604],[-4.6246,52.0545],[-4.6109,52.0571],[-4.6081,52.0621],[-4.5663,52.0573],[-4.5502,52.0354],[-4.545,52.0182],[-4.523,52.0113],[-4.5122,51.9949],[-4.4872,51.9887],[-4.4857,51.9758],[-4.4928,51.9628],[-4.5328,51.9544],[-4.5414,51.9565],[-4.5777,51.9319],[-4.5878,51.9318],[-4.5999,51.9409],[-4.6266,51.9286],[-4.6356,51.9186],[-4.6653,51.9295],[-4.7134,51.9158],[-4.7135,51.8992],[-4.7232,51.8957],[-4.7071,51.8891],[-4.6941,51.8596],[-4.7086,51.8473],[-4.7043,51.8391],[-4.6842,51.8396],[-4.6441,51.8306],[-4.6434,51.826],[-4.6169,51.8111],[-4.6442,51.7966],[-4.6341,51.785],[-4.6412,51.78],[-4.6351,51.7706],[-4.6263,51.7715],[-4.6235,51.763],[-4.63,51.7582],[-4.6354,51.74],[-4.6328,51.7352],[-4.6863,51.7225],[-4.698,51.7111],[-4.685,51.6962],[-4.7018,51.677],[-4.6958,51.671],[-4.7208,51.6516],[-4.7568,51.6537],[-4.7605,51.6463],[-4.7771,51.6424],[-4.7809,51.6364],[-4.8066,51.6391],[-4.8073,51.6442],[-4.825,51.6426],[-4.8277,51.6473],[-4.8608,51.6471],[-4.8671,51.6434],[-4.8661,51.638],[-4.8771,51.6372],[-4.9011,51.6242],[-4.898,51.6218],[-4.9041,51.6171],[-4.9011,51.6143],[-4.9303,51.5987],[-4.9446,51.5972],[-4.9895,51.6128],[-5.0076,51.6086],[-5.0625,51.623],[-5.062,51.6294],[-5.0525,51.6333],[-5.0504,51.6411],[-5.065,51.6633],[-5.1008,51.6673],[-5.1134,51.6721],[-5.1232,51.6825],[-5.1078,51.6852],[-5.1099,51.6923],[-5.0801,51.6898],[-5.0784,51.6792],[-5.0456,51.6766],[-5.0423,51.6812],[-5.0512,51.6939],[-5.0275,51.6947],[-4.9812,51.6892],[-4.9844,51.6835],[-4.9733,51.6739],[-4.9376,51.6774],[-4.9651,51.6834],[-4.9695,51.6886],[-4.9588,51.6974],[-4.9431,51.6955],[-4.9439,51.6989],[-4.9313,51.7046],[-4.9205,51.7008],[-4.9041,51.7079],[-4.8922,51.7075],[-4.8854,51.7165],[-4.8641,51.7146],[-4.8557,51.7057],[-4.8457,51.7074],[-4.8696,51.724],[-4.8842,51.7193],[-4.8837,51.7356],[-4.897,51.7407],[-4.8882,51.767],[-4.8723,51.7727],[-4.8819,51.7749],[-4.895,51.7684],[-4.9227,51.7749],[-4.9321,51.7714],[-4.9016,51.7654],[-4.9073,51.761],[-4.9001,51.7467],[-4.9078,51.7456],[-4.8872,51.7314],[-4.895,51.7111],[-4.9091,51.7111],[-4.9205,51.7052],[-4.9287,51.7089],[-4.9467,51.7044],[-4.9562,51.7075],[-4.9849,51.6993],[-5.0343,51.7111],[-5.0414,51.7076],[-5.0879,51.7075],[-5.0864,51.7116],[-5.0955,51.7211],[-5.1156,51.7138],[-5.1245,51.7174],[-5.1565,51.7129],[-5.1701,51.7189],[-5.1734,51.7151],[-5.1685,51.7068],[-5.1529,51.6961],[-5.16,51.6932],[-5.1579,51.6877],[-5.1773,51.6837],[-5.1882,51.6899],[-5.1885,51.7093],[-5.2036,51.7117],[-5.2013,51.7173],[-5.2151,51.7237],[-5.2363,51.7256],[-5.2539,51.7377],[-5.2088,51.7346],[-5.2018,51.7496],[-5.2041,51.7527],[-5.1859,51.755],[-5.1603,51.7721],[-5.1365,51.7733],[-5.1197,51.7683],[-5.1063,51.7761],[-5.1021,51.7839],[-5.1033,51.8049],[-5.1076,51.8189],[-5.1169,51.8274],[-5.1136,51.8314],[-5.1167,51.8437],[-5.1338,51.8626],[-5.1771,51.8637],[-5.1819,51.8681],[-5.2197,51.8726],[-5.2502,51.8689],[-5.267,51.8717],[-5.3154,51.8595],[-5.3196,51.8655],[-5.3103,51.8696],[-5.3088,51.8787],[-5.3164,51.8843],[-5.3045,51.8861],[-5.296,51.8931],[-5.3035,51.9035],[-5.3114,51.905],[-5.2972,51.9114],[-5.2764,51.9114],[-5.2531,51.9172],[-5.2302,51.9309],[-5.2096,51.9327],[-5.2069,51.9401],[-5.1983,51.9419],[-5.2015,51.9457],[-5.1963,51.9506],[-5.1559,51.9488],[-5.1373,51.9636],[-5.1088,51.9614],[-5.1033,51.968],[-5.0864,51.968],[-5.0822,51.9741],[-5.0877,51.9802],[-5.0824,51.9873],[-5.0892,51.9877],[-5.0925,51.9943],[-5.0726,52.004],[-5.0894,52.0146],[-5.0721,52.0295],[-5.0635,52.0321],[-5.0539,52.0254],[-4.9867,52.0231],[-4.9885,52.0176],[-4.9827,52.0157],[-4.9932,52.0044],[-4.987,51.999],[-4.962,51.9998],[-4.9222,52.0107],[-4.9096,52.0212],[-4.9177,52.026],[-4.9112,52.0345],[-4.8935,52.0304],[-4.8942,52.0232],[-4.8875,52.021],[-4.8343,52.0221],[-4.8452,52.0424],[-4.8267,52.0542],[-4.7854,52.0615],[-4.7442,52.0959],[-4.7432,52.1021],[-4.7495,52.1039],[-4.7338,52.1114],[-4.7301,52.1179],[-4.6895,52.103],[-4.6822,52.0956],[-4.6817,52.0843]]],[[[-5.3333,51.8552],[-5.3479,51.8571],[-5.3534,51.8638],[-5.3456,51.8665],[-5.3483,51.8761],[-5.3368,51.8778],[-5.3332,51.8743],[-5.3333,51.8552]]]]}},{"type":"Feature","properties":{"code":"UK304","name":"Perth and Kinross"},"geometry":{"type":"Polygon","coordinates":[[[-3.8017,56.9359],[-3.782,56.9232],[-3.7465,56.9336],[-3.7329,56.9312],[-3.7252,56.9184],[-3.7048,56.9156],[-3.6836,56.9161],[-3.6755,56.9324],[-3.6548,56.9329],[-3.6501,56.9237],[-3.641,56.9233],[-3.5828,56.9309],[-3.5587,56.9003],[-3.5685,56.8922],[-3.5607,56.8842],[-3.5377,56.8922],[-3.5292,56.8836],[-3.5105,56.8882],[-3.4992,56.886],[-3.4899,56.8767],[-3.4657,56.8728],[-3.4463,56.8756],[-3.438,56.8855],[-3.4105,56.8808],[-3.405,56.8841],[-3.3721,56.8746],[-3.3796,56.8669],[-3.3785,56.8609],[-3.4032,56.8457],[-3.3516,56.8203],[-3.3667,56.8134],[-3.3577,56.8044],[-3.3897,56.7692],[-3.3778,56.7532],[-3.3579,56.7477],[-3.364,56.7381],[-3.3491,56.7294],[-3.3527,56.7262],[-3.3279,56.7091],[-3.3153,56.71],[-3.3068,56.7028],[-3.302,56.6949],[-3.3085,56.69],[-3.2838,56.6778],[-3.2841,56.6656],[-3.2668,56.6707],[-3.2128,56.6554],[-3.1514,56.6531],[-3.1486,56.6438],[-3.1559,56.6371],[-3.1781,56.6356],[-3.1756,56.6242],[-3.1912,56.6219],[-3.1809,56.6157],[-3.1609,56.6192],[-3.1531,56.6139],[-3.1542,56.6085],[-3.166,56.6011],[-3.1444,56.5955],[-3.1106,56.6122],[-3.0914,56.617],[-3.0882,56.6131],[-3.1053,56.6074],[-3.098,56.5983],[-3.1121,56.5939],[-3.1327,56.5791],[-3.1902,56.5612],[-3.1904,56.5563],[-3.1793,56.5463],[-3.164,56.5381],[-3.1736,56.531],[-3.173,56.5262],[-3.2121,56.5243],[-3.1925,56.5125],[-3.1915,56.5033],[-3.1421,56.4875],[-3.1436,56.4797],[-3.1302,56.4792],[-3.1196,56.4676],[-3.0894,56.467],[-3.0876,56.4619],[-3.0627,56.4648],[-3.0519,56.4584],[-3.0582,56.4537],[-3.0822,56.4513],[-3.1002,56.4386],[-3.1265,56.4311],[-3.1947,56.3851],[-3.2272,56.3717],[-3.2964,56.3578],[-3.3189,56.3635],[-3.3393,56.3756],[-3.3843,56.3855],[-3.4126,56.3794],[-3.4219,56.3876],[-3.4274,56.3783],[-3.4017,56.3783],[-3.3826,56.384],[-3.3375,56.3716],[-3.3242,56.3602],[-3.2978,56.3516],[-3.2552,56.3452],[-3.2685,56.3349],[-3.2665,56.3281],[-3.3007,56.314],[-3.2944,56.2898],[-3.3249,56.2828],[-3.3355,56.2895],[-3.3836,56.2687],[-3.3773,56.2626],[-3.3547,56.2568],[-3.3572,56.2486],[-3.3673,56.2407],[-3.2849,56.2343],[-3.2902,56.225],[-3.2658,56.2183],[-3.275,56.2142],[-3.2736,56.2078],[-3.2609,56.1962],[-3.3091,56.1853],[-3.3056,56.179],[-3.2929,56.1735],[-3.2965,56.1705],[-3.3164,56.1665],[-3.3393,56.1739],[-3.3717,56.1644],[-3.3665,56.155],[-3.372,56.1455],[-3.4169,56.1385],[-3.4688,56.1492],[-3.54,56.1465],[-3.5461,56.1585],[-3.562,56.1597],[-3.5829,56.1508],[-3.5838,56.1441],[-3.5783,56.1411],[-3.5881,56.1376],[-3.6398,56.1336],[-3.6448,56.1376],[-3.6392,56.1406],[-3.6415,56.1445],[-3.6367,56.1513],[-3.648,56.1583],[-3.6451,56.1613],[-3.5914,56.1742],[-3.598,56.1811],[-3.5823,56.1845],[-3.5851,56.1917],[-3.5793,56.1957],[-3.6193,56.2055],[-3.638,56.1968],[-3.6491,56.2022],[-3.6669,56.1886],[-3.6864,56.1959],[-3.7367,56.1891],[-3.7485,56.208],[-3.7808,56.2172],[-3.7992,56.2058],[-3.8364,56.1956],[-3.8438,56.2018],[-3.8403,56.2118],[-3.843,56.2192],[-3.8553,56.2243],[-3.8732,56.2144],[-3.8991,56.2276],[-3.9014,56.2335],[-3.9163,56.2249],[-3.9226,56.2298],[-3.9407,56.2283],[-3.9563,56.2465],[-3.9671,56.2453],[-4.0052,56.2749],[-4.0375,56.2691],[-4.0349,56.2761],[-4.0385,56.2802],[-4.0521,56.2735],[-4.0785,56.29],[-4.0841,56.2809],[-4.1157,56.281],[-4.1186,56.2879],[-4.1399,56.2979],[-4.1881,56.3042],[-4.1979,56.3144],[-4.2094,56.3145],[-4.2374,56.3292],[-4.2271,56.3413],[-4.242,56.3528],[-4.2405,56.3844],[-4.1964,56.3867],[-4.2021,56.4578],[-4.1662,56.4487],[-4.1316,56.4641],[-4.0986,56.4654],[-4.1075,56.4867],[-4.1163,56.4948],[-4.1545,56.5103],[-4.1944,56.4954],[-4.2969,56.4751],[-4.3102,56.5155],[-4.3213,56.5169],[-4.3349,56.5334],[-4.3304,56.5376],[-4.3689,56.5467],[-4.3812,56.5333],[-4.4374,56.5263],[-4.4774,56.513],[-4.4943,56.5127],[-4.5074,56.5233],[-4.5288,56.5186],[-4.5329,56.514],[-4.528,56.5077],[-4.5321,56.5048],[-4.5782,56.5048],[-4.6251,56.4865],[-4.6203,56.4804],[-4.6285,56.4743],[-4.6708,56.4797],[-4.6825,56.4864],[-4.6761,56.5],[-4.6583,56.5107],[-4.6537,56.526],[-4.6595,56.5345],[-4.6976,56.5411],[-4.6976,56.5499],[-4.5996,56.5767],[-4.5638,56.5714],[-4.5862,56.5996],[-4.6099,56.6148],[-4.6265,56.6156],[-4.6368,56.625],[-4.6205,56.6347],[-4.6298,56.655],[-4.663,56.6402],[-4.7167,56.6432],[-4.7205,56.6565],[-4.7175,56.6766],[-4.6575,56.6748],[-4.6311,56.6867],[-4.592,56.6932],[-4.5916,56.7049],[-4.6059,56.708],[-4.5775,56.7353],[-4.5865,56.7585],[-4.5809,56.7645],[-4.5469,56.7724],[-4.5497,56.782],[-4.5382,56.7872],[-4.5285,56.8013],[-4.5205,56.8053],[-4.511,56.8033],[-4.4843,56.7917],[-4.4666,56.7775],[-4.4419,56.7739],[-4.3742,56.8323],[-4.3434,56.8213],[-4.3304,56.824],[-4.3298,56.837],[-4.3124,56.8431],[-4.3039,56.8514],[-4.2533,56.8533],[-4.2342,56.8575],[-4.2153,56.8697],[-4.1994,56.8704],[-4.1992,56.8755],[-4.1919,56.8775],[-4.2036,56.8854],[-4.1842,56.9081],[-4.1115,56.8947],[-4.0322,56.8981],[-4.0148,56.8914],[-4.0123,56.8979],[-4.0004,56.8953],[-3.9994,56.8902],[-3.9677,56.8993],[-3.9624,56.9098],[-3.9707,56.918],[-3.9694,56.9294],[-3.9661,56.9349],[-3.9551,56.9378],[-3.9506,56.9471],[-3.9387,56.9486],[-3.9364,56.9355],[-3.9002,56.9319],[-3.9001,56.9246],[-3.8947,56.9227],[-3.8866,56.9266],[-3.8548,56.9228],[-3.8316,56.936],[-3.8017,56.9359]]]}},{"type":"Feature","properties":{"code":"UK305","name":"Peterborough"},"geometry":{"type":"Polygon","coordinates":[[[-0.0321,52.6654],[-0.0129,52.5943],[-0.187,52.5685],[-0.1877,52.5604],[-0.1979,52.5508],[-0.1857,52.5449],[-0.2348,52.5437],[-0.2318,52.5344],[-0.2424,52.5247],[-0.2703,52.5205],[-0.2729,52.5127],[-0.2847,52.5061],[-0.2933,52.5069],[-0.2963,52.5144],[-0.3328,52.5465],[-0.326,52.5486],[-0.3485,52.5643],[-0.3674,52.5627],[-0.3883,52.5688],[-0.3877,52.5744],[-0.3968,52.583],[-0.4789,52.5737],[-0.4976,52.5868],[-0.4811,52.6028],[-0.4796,52.6144],[-0.4738,52.6144],[-0.4709,52.6238],[-0.4948,52.6403],[-0.4527,52.6542],[-0.4321,52.6482],[-0.4058,52.6481],[-0.3568,52.66],[-0.3363,52.6686],[-0.3363,52.6741],[-0.2895,52.6703],[-0.2613,52.6515],[-0.2061,52.668],[-0.1905,52.6524],[-0.18,52.6605],[-0.1411,52.6515],[-0.1022,52.6722],[-0.0905,52.6667],[-0.0595,52.6747],[-0.0321,52.6654]]]}},{"type":"Feature","properties":{"code":"UK306","name":"Plymouth"},"geometry":{"type":"Polygon","coordinates":[[[-4.1231,50.3467],[-4.1246,50.3554],[-4.1125,50.3595],[-4.0994,50.3797],[-4.0886,50.3832],[-4.0909,50.386],[-4.1002,50.3835],[-4.114,50.3625],[-4.1543,50.3675],[-4.1576,50.3611],[-4.1855,50.3672],[-4.1838,50.3762],[-4.1918,50.391],[-4.2054,50.3995],[-4.1923,50.4247],[-4.1757,50.4219],[-4.1511,50.4367],[-4.1465,50.4311],[-4.1249,50.4357],[-4.1135,50.4441],[-4.1062,50.4303],[-4.0827,50.4246],[-4.0715,50.4018],[-4.0397,50.4014],[-4.0412,50.3977],[-4.0211,50.3917],[-4.0196,50.3875],[-4.0271,50.3791],[-4.0501,50.3775],[-4.0551,50.3682],[-4.0501,50.358],[-4.0795,50.3501],[-4.0886,50.343],[-4.1231,50.3467]]]}},{"type":"Feature","properties":{"code":"UK307","name":"Portsmouth"},"geometry":{"type":"MultiPolygon","coordinates":[[[[-1.0449,50.8309],[-1.0418,50.8043],[-1.032,50.7868],[-1.0896,50.7779],[-1.109,50.7904],[-1.1058,50.797],[-1.1114,50.8069],[-1.0914,50.809],[-1.0947,50.827],[-1.0839,50.8254],[-1.0763,50.8369],[-1.0449,50.8309]]],[[[-1.0245,50.8271],[-1.0388,50.8346],[-1.0784,50.8373],[-1.0872,50.8307],[-1.0947,50.8313],[-1.1063,50.8379],[-1.1027,50.846],[-1.1138,50.8468],[-1.1169,50.8428],[-1.1159,50.8582],[-1.023,50.8528],[-1.0206,50.839],[-1.0245,50.8271]]]]}},{"type":"Feature","properties":{"code":"UK308","name":"Powys"},"geometry":{"type":"Polygon","coordinates":[[[-3.9122,52.563],[-3.9259,52.5619],[-3.9287,52.5663],[-3.911,52.5774],[-3.8921,52.5769],[-3.8775,52.5824],[-3.8593,52.6],[-3.8438,52.6052],[-3.8463,52.6288],[-3.834,52.6358],[-3.844,52.6412],[-3.8407,52.6509],[-3.8168,52.6696],[-3.818,52.6727],[-3.8049,52.6784],[-3.7883,52.671],[-3.7571,52.6702],[-3.744,52.6813],[-3.7168,52.6788],[-3.7115,52.6744],[-3.6844,52.6937],[-3.6544,52.6917],[-3.6196,52.6975],[-3.605,52.705],[-3.5994,52.7258],[-3.5889,52.7395],[-3.5969,52.7835],[-3.6065,52.787],[-3.6087,52.7958],[-3.5969,52.805],[-3.597,52.814],[-3.5864,52.8277],[-3.5682,52.8229],[-3.5667,52.8301],[-3.5339,52.8381],[-3.5179,52.8374],[-3.5055,52.8419],[-3.4829,52.8654],[-3.4693,52.8619],[-3.3889,52.8761],[-3.375,52.8925],[-3.3456,52.8926],[-3.3221,52.8821],[-3.2969,52.8807],[-3.2914,52.8709],[-3.2619,52.8666],[-3.2395,52.8683],[-3.2182,52.8794],[-3.2158,52.8869],[-3.205,52.8925],[-3.197,52.8909],[-3.1745,52.9015],[-3.1567,52.8986],[-3.1474,52.8902],[-3.1524,52.8788],[-3.1277,52.8671],[-3.1614,52.848],[-3.1512,52.8426],[-3.1565,52.837],[-3.1542,52.8332],[-3.1678,52.8193],[-3.1683,52.8082],[-3.1614,52.8035],[-3.1584,52.7935],[-3.1098,52.7867],[-3.1061,52.793],[-3.0977,52.7914],[-3.091,52.796],[-3.0857,52.7903],[-3.0917,52.7868],[-3.0877,52.7798],[-3.0716,52.7701],[-3.0579,52.7736],[-3.0476,52.7673],[-3.0396,52.7702],[-3.0131,52.7644],[-3.0098,52.7503],[-2.9924,52.7394],[-2.991,52.7338],[-2.9708,52.7348],[-2.9612,52.7164],[-2.9781,52.7154],[-2.9754,52.7217],[-2.9849,52.7229],[-3.0204,52.7218],[-3.0254,52.7165],[-3.0225,52.7067],[-3.036,52.6925],[-3.0471,52.6913],[-3.0426,52.6868],[-3.0431,52.6675],[-3.0487,52.6631],[-3.0511,52.6474],[-3.0817,52.6412],[-3.0696,52.6375],[-3.0678,52.6305],[-3.0937,52.6093],[-3.0894,52.5997],[-3.1174,52.5863],[-3.1386,52.5829],[-3.1376,52.5739],[-3.1274,52.5661],[-3.1114,52.5414],[-3.1371,52.534],[-3.1315,52.527],[-3.0887,52.5337],[-3.0826,52.5363],[-3.0836,52.5415],[-3.094,52.5449],[-3.0872,52.5513],[-3.0499,52.5607],[-3.0365,52.5718],[-3.0144,52.5755],[-3.0065,52.5739],[-2.9977,52.5639],[-2.9993,52.5556],[-2.9947,52.5513],[-3.0051,52.5295],[-3.0015,52.5225],[-3.0323,52.5237],[-3.0366,52.5133],[-3.0322,52.5098],[-3.0335,52.5038],[-3.0464,52.499],[-3.1136,52.4983],[-3.1405,52.4917],[-3.1806,52.4738],[-3.1944,52.4764],[-3.2335,52.4511],[-3.2355,52.4425],[-3.2297,52.4384],[-3.2307,52.4305],[-3.2196,52.4212],[-3.173,52.4066],[-3.1592,52.3981],[-3.162,52.3937],[-3.1544,52.3877],[-3.1106,52.3772],[-3.1008,52.3678],[-3.0652,52.3501],[-3.0411,52.3443],[-2.9744,52.3547],[-2.9547,52.3491],[-2.9617,52.3359],[-2.9721,52.3293],[-3.0021,52.32],[-3.0005,52.3032],[-3.0119,52.2881],[-3.0118,52.2775],[-2.9557,52.2702],[-2.965,52.2681],[-2.9657,52.262],[-3.0055,52.2643],[-3.0371,52.2561],[-3.0456,52.2531],[-3.0441,52.2394],[-3.0731,52.2358],[-3.0703,52.2293],[-3.0779,52.216],[-3.1,52.2022],[-3.0967,52.1805],[-3.1224,52.1635],[-3.0944,52.1552],[-3.0841,52.1632],[-3.0725,52.1557],[-3.0937,52.1443],[-3.1358,52.1379],[-3.1342,52.1336],[-3.1419,52.1278],[-3.1368,52.1233],[-3.1068,52.1187],[-3.1046,52.1074],[-3.1227,52.1032],[-3.1189,52.0887],[-3.1259,52.0783],[-3.1164,52.0659],[-3.0907,52.0508],[-3.0929,52.0475],[-3.0866,52.0411],[-3.0992,52.0227],[-3.0869,52.014],[-3.0673,51.9831],[-3.093,51.9652],[-3.0816,51.9554],[-3.09,51.9503],[-3.0803,51.9361],[-3.0834,51.9307],[-3.0622,51.9191],[-3.0599,51.9137],[-3.0496,51.9114],[-3.0386,51.8937],[-3.0423,51.8908],[-3.04,51.8846],[-3.0645,51.8786],[-3.0731,51.8715],[-3.0633,51.8633],[-3.0837,51.8502],[-3.1109,51.8361],[-3.1267,51.8357],[-3.1433,51.8199],[-3.1574,51.8161],[-3.2388,51.8124],[-3.2834,51.8255],[-3.3086,51.8061],[-3.3101,51.7943],[-3.3514,51.7899],[-3.36,51.791],[-3.3556,51.7968],[-3.3576,51.8069],[-3.3663,51.8048],[-3.3728,51.8122],[-3.3862,51.8152],[-3.3998,51.8134],[-3.4061,51.8211],[-3.4023,51.8263],[-3.4171,51.8351],[-3.4441,51.8165],[-3.4601,51.8301],[-3.47,51.8285],[-3.474,51.8116],[-3.5412,51.7846],[-3.5353,51.7799],[-3.5412,51.7755],[-3.5556,51.7783],[-3.5712,51.7622],[-3.5912,51.7546],[-3.5977,51.7699],[-3.6703,51.7872],[-3.6858,51.7802],[-3.7279,51.7762],[-3.7367,51.7698],[-3.7324,51.7672],[-3.7375,51.7581],[-3.7461,51.7534],[-3.7777,51.7567],[-3.7825,51.7735],[-3.8017,51.7817],[-3.8087,51.7916],[-3.782,51.8216],[-3.7835,51.8301],[-3.7727,51.846],[-3.7378,51.8654],[-3.7138,51.8871],[-3.7179,51.9012],[-3.7135,51.9055],[-3.7274,51.9104],[-3.7178,51.932],[-3.7218,51.9346],[-3.7191,51.9431],[-3.705,51.9484],[-3.7025,51.9543],[-3.7111,51.9619],[-3.6941,51.9772],[-3.6979,51.9828],[-3.67,52.0042],[-3.6657,52.0147],[-3.6718,52.0156],[-3.6717,52.0206],[-3.6471,52.0388],[-3.678,52.0589],[-3.6689,52.0695],[-3.6717,52.0747],[-3.6816,52.0739],[-3.7216,52.0866],[-3.7261,52.0956],[-3.7153,52.1031],[-3.7203,52.1175],[-3.7581,52.1282],[-3.742,52.1397],[-3.7516,52.1815],[-3.7458,52.192],[-3.7523,52.1976],[-3.746,52.2107],[-3.7505,52.2148],[-3.7433,52.2266],[-3.7491,52.241],[-3.7442,52.2463],[-3.7534,52.2517],[-3.7443,52.2649],[-3.7083,52.2759],[-3.733,52.2903],[-3.7261,52.2993],[-3.7294,52.3089],[-3.745,52.3175],[-3.7052,52.3414],[-3.6919,52.3395],[-3.6582,52.3476],[-3.6667,52.3582],[-3.6854,52.3682],[-3.6962,52.367],[-3.7105,52.3934],[-3.7078,52.4008],[-3.7131,52.4018],[-3.712,52.4133],[-3.7262,52.4165],[-3.7392,52.4308],[-3.7717,52.4422],[-3.7642,52.4587],[-3.7647,52.4703],[-3.7465,52.4732],[-3.7388,52.4866],[-3.7412,52.4955],[-3.7302,52.4986],[-3.7332,52.5065],[-3.7451,52.5076],[-3.7679,52.4985],[-3.7747,52.4879],[-3.7971,52.4879],[-3.8125,52.4789],[-3.8241,52.4839],[-3.8377,52.498],[-3.8445,52.5173],[-3.8362,52.5259],[-3.8408,52.5514],[-3.8594,52.5608],[-3.9261,52.5607],[-3.9122,52.563]]]}},{"type":"Feature","properties":{"code":"UK309","name":"Reading"},"geometry":{"type":"Polygon","coordinates":[[[-0.9544,51.4645],[-0.9285,51.4452],[-0.9323,51.441],[-0.9418,51.446],[-0.9491,51.4238],[-0.962,51.4122],[-0.9736,51.4098],[-0.9844,51.4214],[-0.9963,51.4196],[-1.0038,51.4326],[-1.0216,51.4357],[-1.0234,51.4443],[-1.034,51.4527],[-1.0468,51.4501],[-1.0468,51.4562],[-1.0529,51.4603],[-1.0365,51.4752],[-1.0182,51.4666],[-1.0075,51.4679],[-1.008,51.4716],[-0.9998,51.4752],[-0.9983,51.4843],[-0.9786,51.4857],[-0.9619,51.4931],[-0.9444,51.4819],[-0.9411,51.475],[-0.9544,51.4645]]]}},{"type":"Feature","properties":{"code":"UK310","name":"Redcar and Cleveland"},"geometry":{"type":"Polygon","coordinates":[[[-0.7942,54.5584],[-0.805,54.5509],[-0.8254,54.5491],[-0.8486,54.53],[-0.8534,54.5027],[-0.8439,54.4912],[-0.8486,54.488],[-0.8758,54.4912],[-0.8807,54.497],[-0.9529,54.488],[-0.9678,54.4973],[-1.0035,54.503],[-1.0239,54.502],[-1.0368,54.494],[-1.0945,54.5067],[-1.1118,54.5043],[-1.1143,54.499],[-1.1463,54.5028],[-1.1373,54.515],[-1.1597,54.5159],[-1.1678,54.527],[-1.1989,54.5442],[-1.1667,54.554],[-1.1778,54.5685],[-1.2008,54.5777],[-1.1576,54.6055],[-1.1517,54.6117],[-1.1519,54.6278],[-1.1355,54.6296],[-1.1411,54.6352],[-1.1348,54.6386],[-1.0889,54.6212],[-1.0512,54.6158],[-1.0366,54.6059],[-1.0018,54.5936],[-0.961,54.5849],[-0.9429,54.5891],[-0.9201,54.5848],[-0.898,54.5713],[-0.8534,54.5717],[-0.8242,54.5619],[-0.7942,54.5584]]]}},{"type":"Feature","properties":{"code":"UK311","name":"Renfrewshire"},"geometry":{"type":"Polygon","coordinates":[[[-4.3546,55.8731],[-4.355,55.8655],[-4.3646,55.8554],[-4.3809,55.8563],[-4.3686,55.8469],[-4.3702,55.8395],[-4.3813,55.8232],[-4.4006,55.811],[-4.4348,55.8082],[-4.445,55.8032],[-4.4658,55.8047],[-4.4727,55.7977],[-4.4951,55.8015],[-4.5008,55.7951],[-4.495,55.7917],[-4.5144,55.7844],[-4.522,55.7744],[-4.5419,55.7785],[-4.551,55.7664],[-4.5583,55.7666],[-4.5649,55.7779],[-4.5787,55.7818],[-4.5802,55.7763],[-4.624,55.7641],[-4.6319,55.7657],[-4.6387,55.7748],[-4.6487,55.7624],[-4.6623,55.768],[-4.6767,55.7825],[-4.6734,55.7891],[-4.6857,55.8037],[-4.7205,55.8051],[-4.7303,55.811],[-4.7223,55.8208],[-4.7449,55.8243],[-4.7835,55.8436],[-4.7238,55.8524],[-4.7033,55.8424],[-4.6784,55.8382],[-4.6326,55.8411],[-4.623,55.8498],[-4.6228,55.8615],[-4.6033,55.8651],[-4.6086,55.8703],[-4.5991,55.8796],[-4.6124,55.8877],[-4.616,55.9071],[-4.6308,55.9074],[-4.6341,55.9131],[-4.6144,55.9302],[-4.5719,55.9232],[-4.4765,55.9241],[-4.4401,55.9037],[-4.4263,55.8984],[-4.4175,55.9003],[-4.4069,55.8921],[-4.3546,55.8731]]]}},{"type":"Feature","properties":{"code":"UK312","name":"Rhondda Cynon Taf"},"geometry":{"type":"Polygon","coordinates":[[[-3.4441,51.8165],[-3.4455,51.8064],[-3.44,51.7949],[-3.4274,51.7851],[-3.4284,51.7802],[-3.4166,51.7681],[-3.4275,51.7585],[-3.4531,51.7616],[-3.4134,51.7352],[-3.4055,51.7226],[-3.3806,51.7113],[-3.3294,51.6552],[-3.3139,51.6557],[-3.3139,51.6447],[-3.3032,51.6358],[-3.3027,51.615],[-3.2872,51.5875],[-3.2698,51.5838],[-3.2629,51.5662],[-3.2493,51.5695],[-3.2363,51.5566],[-3.2507,51.5418],[-3.2615,51.5377],[-3.2741,51.5458],[-3.2745,51.5512],[-3.3103,51.5489],[-3.3214,51.5428],[-3.3237,51.5363],[-3.3416,51.5352],[-3.3357,51.5084],[-3.3794,51.5125],[-3.3965,51.5077],[-3.3998,51.5001],[-3.4096,51.5062],[-3.4377,51.5066],[-3.462,51.5141],[-3.4975,51.5126],[-3.4839,51.5218],[-3.4768,51.5389],[-3.4637,51.5425],[-3.4783,51.5602],[-3.4775,51.5654],[-3.4854,51.5696],[-3.4863,51.5766],[-3.476,51.5838],[-3.4728,51.6016],[-3.51,51.6181],[-3.5382,51.6443],[-3.5634,51.6454],[-3.564,51.655],[-3.5896,51.6792],[-3.5813,51.6954],[-3.5851,51.7032],[-3.5786,51.7179],[-3.5816,51.7351],[-3.5937,51.7531],[-3.5712,51.7622],[-3.5556,51.7783],[-3.5412,51.7755],[-3.5353,51.7799],[-3.5412,51.7846],[-3.474,51.8116],[-3.47,51.8285],[-3.4601,51.8301],[-3.4441,51.8165]]]}},{"type":"Feature","properties":{"code":"UK313","name":"Rutland"},"geometry":{"type":"Polygon","coordinates":[[[-0.495,52.6402],[-0.52,52.6415],[-0.5411,52.6246],[-0.5391,52.6179],[-0.5502,52.6122],[-0.5476,52.6069],[-0.5524,52.6001],[-0.5442,52.5929],[-0.5582,52.5944],[-0.5625,52.5863],[-0.603,52.5886],[-0.6713,52.5641],[-0.6877,52.547],[-0.698,52.5453],[-0.7028,52.5323],[-0.7137,52.5249],[-0.7225,52.5267],[-0.7285,52.5358],[-0.7423,52.5395],[-0.7389,52.5475],[-0.7638,52.5704],[-0.766,52.5818],[-0.787,52.5962],[-0.8159,52.5942],[-0.8191,52.6002],[-0.8189,52.6106],[-0.8056,52.6218],[-0.8109,52.626],[-0.8018,52.6388],[-0.8079,52.6392],[-0.8098,52.6443],[-0.7948,52.657],[-0.7902,52.6672],[-0.7821,52.6705],[-0.7856,52.6928],[-0.7957,52.6968],[-0.8003,52.7078],[-0.8217,52.7157],[-0.8129,52.7295],[-0.7764,52.7439],[-0.7534,52.7366],[-0.7202,52.741],[-0.7182,52.7448],[-0.6962,52.7465],[-0.6844,52.7565],[-0.6086,52.7597],[-0.6054,52.7505],[-0.5726,52.7531],[-0.5714,52.7478],[-0.5399,52.7384],[-0.5424,52.7233],[-0.5126,52.7197],[-0.4933,52.7103],[-0.4305,52.7054],[-0.4341,52.6837],[-0.4562,52.6704],[-0.4938,52.6607],[-0.5235,52.6652],[-0.495,52.6402]]]}},{"type":"Feature","properties":{"code":"UK314","name":"Scottish Borders"},"geometry":{"type":"Polygon","coordinates":[[[-2.0344,55.8111],[-2.0861,55.7931],[-2.0857,55.7627],[-2.1104,55.7581],[-2.1069,55.7516],[-2.1152,55.7485],[-2.1213,55.738],[-2.1444,55.7392],[-2.1518,55.7225],[-2.177,55.7183],[-2.1706,55.7049],[-2.1805,55.7033],[-2.2187,55.6759],[-2.2185,55.6642],[-2.2479,55.6506],[-2.2316,55.6439],[-2.2347,55.6408],[-2.2989,55.6471],[-2.3246,55.6432],[-2.3353,55.6321],[-2.3281,55.6274],[-2.3086,55.6289],[-2.3089,55.6224],[-2.316,55.6204],[-2.2878,55.601],[-2.2925,55.5858],[-2.2855,55.5777],[-2.253,55.5614],[-2.2323,55.5448],[-2.2333,55.5296],[-2.2243,55.5227],[-2.2288,55.5095],[-2.2022,55.4883],[-2.2064,55.4815],[-2.2009,55.475],[-2.1737,55.4723],[-2.1666,55.4675],[-2.1896,55.4611],[-2.1943,55.4452],[-2.2313,55.4285],[-2.2606,55.4329],[-2.2623,55.4286],[-2.2706,55.4296],[-2.2945,55.4205],[-2.2959,55.415],[-2.3132,55.4068],[-2.3356,55.4082],[-2.3336,55.4024],[-2.3447,55.3994],[-2.3299,55.3812],[-2.3462,55.3731],[-2.3401,55.3661],[-2.3789,55.3492],[-2.3998,55.3483],[-2.4009,55.3535],[-2.415,55.359],[-2.4444,55.3592],[-2.4613,55.3532],[-2.4885,55.3518],[-2.5177,55.3247],[-2.5431,55.3196],[-2.5737,55.3008],[-2.5734,55.2969],[-2.6092,55.2833],[-2.6281,55.2679],[-2.6267,55.2622],[-2.6444,55.2582],[-2.6202,55.2472],[-2.6303,55.2448],[-2.6346,55.2255],[-2.6412,55.2212],[-2.6668,55.2216],[-2.7034,55.1732],[-2.733,55.1671],[-2.7849,55.1418],[-2.8127,55.1361],[-2.8255,55.1383],[-2.8325,55.1332],[-2.8267,55.127],[-2.852,55.1085],[-2.8585,55.1083],[-2.8651,55.1353],[-2.8759,55.1419],[-2.8904,55.1411],[-2.8998,55.1519],[-2.8995,55.1698],[-2.9048,55.1737],[-2.8965,55.1936],[-2.886,55.2026],[-2.8882,55.2078],[-2.862,55.2233],[-2.8658,55.2274],[-2.8638,55.2363],[-2.9214,55.2367],[-2.905,55.2572],[-2.8912,55.2627],[-2.8859,55.2709],[-2.893,55.2799],[-2.9069,55.2855],[-2.9244,55.2794],[-2.9647,55.2897],[-2.9909,55.2763],[-2.9938,55.2699],[-3.0093,55.2671],[-3.0199,55.2792],[-3.0429,55.2715],[-3.0536,55.2797],[-3.0516,55.2971],[-3.0695,55.3168],[-3.0817,55.3155],[-3.0862,55.3279],[-3.0992,55.3317],[-3.102,55.3516],[-3.1108,55.3488],[-3.1146,55.3569],[-3.1272,55.3597],[-3.1745,55.3468],[-3.1819,55.3566],[-3.1793,55.3605],[-3.2153,55.3734],[-3.2655,55.3614],[-3.2687,55.354],[-3.2915,55.3423],[-3.3037,55.3424],[-3.3194,55.3511],[-3.3133,55.3549],[-3.3141,55.3675],[-3.3038,55.3689],[-3.3116,55.3796],[-3.3028,55.3938],[-3.2819,55.4082],[-3.2642,55.4133],[-3.2441,55.4267],[-3.2454,55.4295],[-3.2796,55.4352],[-3.2934,55.4309],[-3.3159,55.4447],[-3.331,55.4388],[-3.3388,55.425],[-3.3509,55.4214],[-3.3544,55.4125],[-3.3624,55.417],[-3.4028,55.409],[-3.4204,55.416],[-3.4403,55.4089],[-3.4892,55.4045],[-3.4906,55.4103],[-3.5035,55.4088],[-3.5252,55.4329],[-3.5365,55.4348],[-3.5395,55.4431],[-3.53,55.4549],[-3.5317,55.4612],[-3.5184,55.4738],[-3.5159,55.4813],[-3.5234,55.4863],[-3.5222,55.4903],[-3.5128,55.4931],[-3.5045,55.5125],[-3.4881,55.5162],[-3.5033,55.5474],[-3.495,55.5602],[-3.4884,55.5626],[-3.5269,55.597],[-3.5319,55.6053],[-3.53,55.6114],[-3.4818,55.6164],[-3.4843,55.6202],[-3.4778,55.6327],[-3.4871,55.6327],[-3.4894,55.6378],[-3.4828,55.6502],[-3.4732,55.6598],[-3.4584,55.6629],[-3.4556,55.6707],[-3.397,55.7104],[-3.4017,55.7152],[-3.4193,55.7106],[-3.4395,55.724],[-3.4362,55.7304],[-3.445,55.7367],[-3.4443,55.7442],[-3.4531,55.7487],[-3.4561,55.7637],[-3.4717,55.771],[-3.4388,55.7857],[-3.4446,55.7935],[-3.4355,55.8055],[-3.3947,55.8197],[-3.369,55.8241],[-3.3499,55.809],[-3.3473,55.7946],[-3.2897,55.7928],[-3.2927,55.7806],[-3.2743,55.7754],[-3.2143,55.7839],[-3.1955,55.8021],[-3.1851,55.8017],[-3.1887,55.7958],[-3.1834,55.7925],[-3.1856,55.7888],[-3.1678,55.7796],[-3.1741,55.7736],[-3.1541,55.7611],[-3.1623,55.7547],[-3.16,55.7474],[-3.1439,55.74],[-3.1511,55.7281],[-3.1343,55.7115],[-3.1269,55.7104],[-3.0919,55.7221],[-3.1038,55.731],[-3.1033,55.7371],[-3.0753,55.7598],[-2.9819,55.799],[-2.9527,55.818],[-2.9408,55.8061],[-2.9411,55.7946],[-2.9235,55.7936],[-2.9184,55.8017],[-2.897,55.8098],[-2.887,55.8058],[-2.8786,55.8102],[-2.8705,55.8241],[-2.8557,55.8253],[-2.8403,55.8177],[-2.8185,55.8298],[-2.7862,55.8358],[-2.7772,55.8443],[-2.7739,55.8375],[-2.7583,55.8387],[-2.7552,55.832],[-2.7413,55.8289],[-2.6961,55.8367],[-2.6726,55.8456],[-2.6492,55.8439],[-2.6432,55.8408],[-2.6484,55.8336],[-2.6099,55.8337],[-2.6049,55.8286],[-2.5941,55.8287],[-2.5844,55.8343],[-2.5814,55.8455],[-2.5548,55.8391],[-2.5344,55.861],[-2.5383,55.8632],[-2.5328,55.8697],[-2.5701,55.8921],[-2.5545,55.9001],[-2.5626,55.9065],[-2.5543,55.9115],[-2.5048,55.9119],[-2.4946,55.9057],[-2.4867,55.8924],[-2.4669,55.8851],[-2.4668,55.8891],[-2.4485,55.8934],[-2.4228,55.9064],[-2.425,55.9088],[-2.4074,55.9143],[-2.3893,55.9331],[-2.3807,55.9341],[-2.3668,55.9459],[-2.3207,55.9298],[-2.2591,55.9238],[-2.2369,55.9313],[-2.2182,55.9317],[-2.1752,55.9162],[-2.1379,55.917],[-2.1298,55.9068],[-2.1352,55.9025],[-2.1289,55.899],[-2.1344,55.8934],[-2.1256,55.8836],[-2.1027,55.8757],[-2.082,55.8755],[-2.0742,55.87],[-2.0697,55.8427],[-2.0581,55.8381],[-2.0442,55.8163],[-2.0344,55.8111]]]}},{"type":"Feature","properties":{"code":"UK315","name":"Shetland Islands"},"geometry":{"type":"MultiPolygon","coordinates":[[[[-1.616,59.5326],[-1.6108,59.526],[-1.6286,59.5235],[-1.6246,59.5199],[-1.6347,59.5122],[-1.6548,59.5133],[-1.6583,59.5226],[-1.6478,59.5254],[-1.6498,59.5318],[-1.645,59.5336],[-1.646,59.5397],[-1.6382,59.5426],[-1.6385,59.5503],[-1.6068,59.5533],[-1.6049,59.5476],[-1.613,59.5405],[-1.6067,59.538],[-1.616,59.5326]]],[[[-1.3206,60.0677],[-1.3246,60.0613],[-1.3188,60.0602],[-1.3247,60.0507],[-1.3329,60.0458],[-1.3397,60.048],[-1.3312,60.0536],[-1.3275,60.0752],[-1.3324,60.0775],[-1.3144,60.0925],[-1.2995,60.097],[-1.2982,60.0863],[-1.3143,60.0669],[-1.3206,60.0677]]],[[[-1.3343,60.0807],[-1.333,60.0737],[-1.3421,60.0575],[-1.3498,60.0565],[-1.3489,60.0518],[-1.3647,60.0414],[-1.3743,60.0421],[-1.3737,60.0478],[-1.3601,60.0522],[-1.3534,60.0623],[-1.3571,60.0699],[-1.3506,60.0726],[-1.3559,60.0772],[-1.3426,60.0883],[-1.3285,60.0915],[-1.3201,60.1171],[-1.3153,60.1172],[-1.3106,60.1046],[-1.3343,60.0807]]],[[[-1.3053,60.1017],[-1.2979,60.1086],[-1.301,60.1245],[-1.2733,60.1307],[-1.2828,60.1255],[-1.2863,60.1067],[-1.2975,60.1003],[-1.3053,60.1017]]],[[[-1.3667,60.1229],[-1.364,60.1179],[-1.3753,60.1125],[-1.3783,60.1189],[-1.3667,60.1229]]],[[[-1.3357,60.1219],[-1.3382,60.1186],[-1.3543,60.1211],[-1.3483,60.1241],[-1.3357,60.1219]]],[[[-2.0407,60.1406],[-2.0495,60.1204],[-2.0644,60.1134],[-2.0866,60.1195],[-2.091,60.128],[-2.1167,60.1339],[-2.1117,60.1374],[-2.1122,60.1459],[-2.0722,60.1571],[-2.054,60.1554],[-2.0407,60.1406]]],[[[-1.3504,60.1473],[-1.3592,60.1394],[-1.3695,60.1435],[-1.3617,60.1524],[-1.3504,60.1473]]],[[[-1.6053,60.1995],[-1.5871,60.2101],[-1.568,60.2033],[-1.5631,60.1946],[-1.5861,60.1917],[-1.6053,60.1995]]],[[[-1.3086,60.6035],[-1.3045,60.5958],[-1.3171,60.5853],[-1.3357,60.5833],[-1.3138,60.5711],[-1.3153,60.5444],[-1.3216,60.5367],[-1.3523,60.5395],[-1.3597,60.527],[-1.3304,60.5277],[-1.329,60.523],[-1.3418,60.5235],[-1.3241,60.5105],[-1.335,60.5068],[-1.3373,60.4889],[-1.3531,60.4818],[-1.334,60.478],[-1.3355,60.4849],[-1.3224,60.4974],[-1.3105,60.4955],[-1.3178,60.4903],[-1.311,60.4848],[-1.3168,60.4794],[-1.3277,60.4803],[-1.3249,60.4696],[-1.3332,60.4619],[-1.3201,60.4517],[-1.3547,60.4385],[-1.3577,60.4308],[-1.3637,60.4292],[-1.3627,60.4203],[-1.3571,60.4174],[-1.3596,60.4116],[-1.3735,60.4118],[-1.3838,60.3975],[-1.3781,60.394],[-1.3546,60.3997],[-1.3456,60.4074],[-1.3441,60.4267],[-1.3342,60.4353],[-1.2954,60.4439],[-1.279,60.438],[-1.2758,60.4466],[-1.2677,60.4416],[-1.2589,60.4451],[-1.2746,60.4566],[-1.2881,60.457],[-1.304,60.4664],[-1.3008,60.4717],[-1.2884,60.4746],[-1.2874,60.4826],[-1.2733,60.4854],[-1.2693,60.4768],[-1.2466,60.485],[-1.2431,60.4922],[-1.2272,60.4945],[-1.2063,60.4838],[-1.2013,60.4703],[-1.2083,60.4681],[-1.2061,60.4578],[-1.1944,60.4634],[-1.1785,60.4606],[-1.1783,60.453],[-1.202,60.4445],[-1.1743,60.4464],[-1.1652,60.4399],[-1.177,60.4372],[-1.1682,60.4206],[-1.1891,60.4228],[-1.1954,60.4315],[-1.2506,60.4073],[-1.2466,60.4046],[-1.1939,60.42],[-1.1899,60.4157],[-1.1974,60.4111],[-1.2214,60.4044],[-1.2169,60.4008],[-1.1695,60.4144],[-1.1675,60.3814],[-1.1617,60.3811],[-1.1607,60.3894],[-1.1524,60.3927],[-1.1561,60.3969],[-1.1529,60.4022],[-1.1242,60.4026],[-1.1358,60.4128],[-1.1214,60.4199],[-1.1187,60.4294],[-1.1105,60.4267],[-1.1136,60.4221],[-1.1076,60.418],[-1.0978,60.4178],[-1.0998,60.4265],[-1.0904,60.4311],[-1.0894,60.4366],[-1.0642,60.4476],[-1.0517,60.4498],[-1.0509,60.438],[-1.0978,60.4059],[-1.1216,60.4015],[-1.1411,60.3834],[-1.1231,60.3773],[-1.1093,60.392],[-1.0758,60.3884],[-1.0731,60.3851],[-1.0808,60.3748],[-1.0743,60.3705],[-1.0768,60.3588],[-1.0969,60.3555],[-1.1182,60.3453],[-1.166,60.3531],[-1.1867,60.3507],[-1.1751,60.3468],[-1.1738,60.3318],[-1.166,60.3281],[-1.1584,60.3371],[-1.1236,60.3236],[-1.1134,60.328],[-1.11,60.3223],[-1.0852,60.3258],[-1.0799,60.3225],[-1.0892,60.3179],[-1.091,60.3019],[-1.1164,60.3029],[-1.1599,60.2807],[-1.1504,60.276],[-1.1491,60.2703],[-1.1381,60.2738],[-1.1086,60.2659],[-1.0975,60.2706],[-1.0964,60.2635],[-1.1051,60.2583],[-1.1441,60.2594],[-1.1566,60.2422],[-1.1794,60.242],[-1.1723,60.2582],[-1.1877,60.2591],[-1.199,60.2698],[-1.2093,60.2661],[-1.2035,60.2632],[-1.2056,60.2537],[-1.1955,60.2531],[-1.1959,60.2438],[-1.2249,60.2357],[-1.2314,60.2297],[-1.212,60.2282],[-1.196,60.2345],[-1.1944,60.2223],[-1.2146,60.2054],[-1.206,60.2033],[-1.1735,60.224],[-1.1678,60.2232],[-1.1703,60.2169],[-1.1809,60.212],[-1.1703,60.2086],[-1.1874,60.2042],[-1.1871,60.1961],[-1.2061,60.1823],[-1.1962,60.1814],[-1.1786,60.1925],[-1.1579,60.1982],[-1.1587,60.1891],[-1.1493,60.1887],[-1.1539,60.1734],[-1.1645,60.1696],[-1.1546,60.1599],[-1.1451,60.1593],[-1.1342,60.1513],[-1.1372,60.1458],[-1.1491,60.151],[-1.1592,60.1491],[-1.16,60.1412],[-1.1524,60.1342],[-1.16,60.1295],[-1.1644,60.1406],[-1.1725,60.1399],[-1.1761,60.1297],[-1.1715,60.1253],[-1.204,60.1306],[-1.2066,60.1239],[-1.1937,60.1182],[-1.2012,60.1073],[-1.2191,60.1006],[-1.2171,60.0947],[-1.207,60.0898],[-1.2131,60.0655],[-1.2003,60.0587],[-1.1984,60.0538],[-1.2035,60.0476],[-1.1851,60.0408],[-1.1862,60.0368],[-1.2005,60.0384],[-1.234,60.0308],[-1.2237,60.016],[-1.2234,60.0076],[-1.2018,59.9939],[-1.2083,59.9836],[-1.2018,59.9744],[-1.2068,59.972],[-1.2146,59.9771],[-1.212,59.984],[-1.2176,59.9859],[-1.2207,59.995],[-1.2285,59.9948],[-1.2406,59.9824],[-1.2425,59.9921],[-1.2576,59.9928],[-1.2619,59.9885],[-1.274,59.992],[-1.2708,59.9793],[-1.2612,59.971],[-1.2544,59.9559],[-1.2637,59.9521],[-1.2582,59.9355],[-1.2698,59.9325],[-1.2717,59.9204],[-1.2896,59.9205],[-1.2697,59.9051],[-1.2768,59.8961],[-1.272,59.8857],[-1.2851,59.8831],[-1.2808,59.8723],[-1.272,59.8719],[-1.273,59.8536],[-1.2936,59.875],[-1.3013,59.8751],[-1.3098,59.8621],[-1.3166,59.8695],[-1.3063,59.8817],[-1.3183,59.8918],[-1.3189,59.8975],[-1.3403,59.8986],[-1.3463,59.8943],[-1.346,59.887],[-1.3574,59.8883],[-1.3587,59.8928],[-1.3755,59.8887],[-1.3843,59.8918],[-1.3922,59.9131],[-1.3635,59.9207],[-1.3705,59.9249],[-1.3647,59.9306],[-1.3637,59.9442],[-1.3314,59.9456],[-1.3289,59.9493],[-1.3348,59.9581],[-1.331,59.9673],[-1.3614,59.9694],[-1.3531,59.9766],[-1.3302,59.9722],[-1.3451,59.9932],[-1.3443,60.0002],[-1.3209,60.0083],[-1.3214,60.0191],[-1.3068,60.0364],[-1.3028,60.0605],[-1.2808,60.0931],[-1.2702,60.1256],[-1.271,60.1355],[-1.2788,60.1375],[-1.297,60.1315],[-1.304,60.1371],[-1.2904,60.1473],[-1.3023,60.1489],[-1.2833,60.1953],[-1.297,60.1934],[-1.2959,60.1845],[-1.302,60.1822],[-1.3111,60.1655],[-1.3179,60.1675],[-1.3027,60.2007],[-1.2814,60.2108],[-1.2654,60.2333],[-1.2708,60.2356],[-1.2813,60.2162],[-1.2882,60.2166],[-1.2897,60.2105],[-1.307,60.2004],[-1.3211,60.1729],[-1.3256,60.1754],[-1.3065,60.2164],[-1.3008,60.2179],[-1.3025,60.2271],[-1.295,60.2306],[-1.299,60.2359],[-1.3136,60.2316],[-1.3135,60.2265],[-1.3488,60.2023],[-1.3479,60.2161],[-1.3594,60.2164],[-1.3639,60.2232],[-1.3602,60.2289],[-1.369,60.2348],[-1.3657,60.2398],[-1.3523,60.2377],[-1.3551,60.2445],[-1.3819,60.2498],[-1.3939,60.2441],[-1.4179,60.2566],[-1.4062,60.2427],[-1.3884,60.2351],[-1.3763,60.2365],[-1.3737,60.2213],[-1.3607,60.2137],[-1.3607,60.1936],[-1.3672,60.1989],[-1.3687,60.2098],[-1.3901,60.2021],[-1.3965,60.2056],[-1.3944,60.2104],[-1.4027,60.2112],[-1.4014,60.2004],[-1.4068,60.1943],[-1.408,60.1776],[-1.4209,60.1646],[-1.4388,60.1722],[-1.4393,60.1805],[-1.4534,60.1764],[-1.4519,60.1524],[-1.4642,60.1472],[-1.4639,60.155],[-1.472,60.1607],[-1.4813,60.1607],[-1.4893,60.1667],[-1.5106,60.1647],[-1.5095,60.1732],[-1.5179,60.18],[-1.5405,60.181],[-1.5475,60.1896],[-1.546,60.1982],[-1.5284,60.2073],[-1.5042,60.2086],[-1.4778,60.2189],[-1.5035,60.215],[-1.5055,60.2284],[-1.5201,60.2392],[-1.5287,60.2428],[-1.5304,60.2338],[-1.5204,60.2294],[-1.5218,60.2187],[-1.533,60.2172],[-1.5563,60.1993],[-1.5629,60.2034],[-1.5548,60.2179],[-1.5669,60.2283],[-1.5758,60.2192],[-1.6025,60.2209],[-1.5976,60.2141],[-1.6198,60.2064],[-1.6266,60.2125],[-1.6491,60.217],[-1.6551,60.2269],[-1.6923,60.2359],[-1.6904,60.2435],[-1.6966,60.2482],[-1.6876,60.2501],[-1.6992,60.2562],[-1.6841,60.2697],[-1.6884,60.2751],[-1.6806,60.2788],[-1.7002,60.2834],[-1.6929,60.2984],[-1.6866,60.301],[-1.608,60.3077],[-1.5974,60.3054],[-1.5951,60.2964],[-1.5861,60.2964],[-1.5737,60.2877],[-1.5596,60.2976],[-1.5364,60.2955],[-1.5387,60.2997],[-1.549,60.2992],[-1.5506,60.306],[-1.5108,60.319],[-1.4966,60.3172],[-1.4846,60.286],[-1.477,60.283],[-1.4684,60.2853],[-1.4788,60.2906],[-1.4823,60.3058],[-1.4634,60.3026],[-1.4521,60.3089],[-1.4592,60.3137],[-1.4551,60.3175],[-1.4368,60.3211],[-1.4266,60.3289],[-1.4227,60.3195],[-1.3876,60.3137],[-1.3851,60.3071],[-1.3899,60.3052],[-1.3791,60.2977],[-1.3803,60.2873],[-1.3697,60.2857],[-1.3674,60.2975],[-1.3581,60.3004],[-1.3664,60.3066],[-1.3702,60.3368],[-1.3559,60.345],[-1.3471,60.343],[-1.3466,60.3388],[-1.3345,60.3388],[-1.3387,60.3478],[-1.3339,60.3529],[-1.341,60.3574],[-1.3004,60.3607],[-1.2732,60.3511],[-1.2712,60.3552],[-1.2814,60.356],[-1.302,60.3698],[-1.3509,60.3679],[-1.3534,60.3944],[-1.3674,60.3907],[-1.3776,60.3768],[-1.4098,60.3866],[-1.4123,60.3908],[-1.398,60.3964],[-1.4158,60.4045],[-1.4138,60.4103],[-1.4004,60.4177],[-1.4302,60.4134],[-1.4528,60.416],[-1.4493,60.423],[-1.4572,60.4295],[-1.4509,60.4342],[-1.4493,60.4443],[-1.4314,60.4488],[-1.4611,60.4499],[-1.4697,60.4604],[-1.4622,60.4653],[-1.4431,60.4649],[-1.4446,60.47],[-1.4647,60.4672],[-1.4654,60.4759],[-1.4534,60.4879],[-1.463,60.49],[-1.4891,60.4733],[-1.4808,60.4699],[-1.4883,60.4585],[-1.501,60.4568],[-1.5116,60.4621],[-1.5113,60.4672],[-1.505,60.475],[-1.4952,60.4757],[-1.497,60.4823],[-1.5378,60.4815],[-1.5485,60.4898],[-1.5952,60.4767],[-1.6304,60.4815],[-1.6302,60.4888],[-1.6166,60.4985],[-1.6136,60.5072],[-1.6068,60.5093],[-1.5687,60.5005],[-1.5619,60.5055],[-1.5752,60.5067],[-1.5677,60.513],[-1.5694,60.5269],[-1.5599,60.5452],[-1.5344,60.5555],[-1.5194,60.5477],[-1.5226,60.5372],[-1.5176,60.5313],[-1.4498,60.5046],[-1.3942,60.5127],[-1.4554,60.5113],[-1.4821,60.5305],[-1.4942,60.5342],[-1.4974,60.5417],[-1.474,60.5521],[-1.4725,60.5606],[-1.4405,60.573],[-1.4337,60.5817],[-1.4453,60.588],[-1.437,60.5965],[-1.4209,60.6012],[-1.4349,60.6032],[-1.4213,60.6147],[-1.3901,60.6126],[-1.3756,60.6067],[-1.3496,60.6099],[-1.3499,60.6204],[-1.3448,60.6246],[-1.332,60.6256],[-1.3076,60.6368],[-1.3141,60.6244],[-1.3007,60.6206],[-1.3086,60.6035]]],[[[-1.4791,60.3143],[-1.4878,60.3343],[-1.4776,60.3411],[-1.4466,60.3292],[-1.4728,60.311],[-1.4791,60.3143]]],[[[-1.6646,60.3337],[-1.6735,60.3315],[-1.6742,60.3269],[-1.6617,60.3269],[-1.666,60.3213],[-1.6805,60.3227],[-1.6866,60.3165],[-1.6967,60.3154],[-1.719,60.3198],[-1.7362,60.3399],[-1.7321,60.3456],[-1.6808,60.3428],[-1.6641,60.34],[-1.6646,60.3337]]],[[[-1.4014,60.3245],[-1.4023,60.3305],[-1.3952,60.3339],[-1.3965,60.3418],[-1.376,60.3374],[-1.3904,60.3218],[-1.4014,60.3245]]],[[[-1.3577,60.3531],[-1.366,60.3534],[-1.3675,60.3594],[-1.3552,60.3612],[-1.3577,60.3531]]],[[[-1.3824,60.3762],[-1.381,60.3584],[-1.41,60.3462],[-1.4518,60.3486],[-1.4634,60.3561],[-1.4757,60.3743],[-1.4582,60.3738],[-1.4508,60.3855],[-1.4292,60.3914],[-1.4108,60.3813],[-1.3824,60.3762]]],[[[-1.2184,60.5123],[-1.2259,60.5107],[-1.2353,60.515],[-1.2251,60.5185],[-1.2184,60.5123]]],[[[-1.1816,59.9924],[-1.1839,60.0076],[-1.1589,59.9945],[-1.1725,59.9899],[-1.1816,59.9924]]],[[[-1.008,60.1345],[-1.023,60.1339],[-1.0425,60.1515],[-1.0104,60.1519],[-1.0031,60.1466],[-1.008,60.1345]]],[[[-1.0514,60.1699],[-1.0456,60.1671],[-1.0504,60.1607],[-1.0522,60.1417],[-1.0622,60.1389],[-1.0687,60.1291],[-1.069,60.1132],[-1.0813,60.1066],[-1.1109,60.114],[-1.1226,60.1215],[-1.1264,60.138],[-1.1174,60.1403],[-1.1128,60.1489],[-1.1224,60.1592],[-1.1383,60.1635],[-1.1471,60.1735],[-1.1468,60.1802],[-1.1299,60.1841],[-1.0949,60.178],[-1.0897,60.1716],[-1.0799,60.1708],[-1.0771,60.1747],[-1.0892,60.1787],[-1.0808,60.1884],[-1.0763,60.1877],[-1.0693,60.1737],[-1.0731,60.159],[-1.0574,60.1614],[-1.0514,60.1699]]],[[[-0.9502,60.3508],[-0.9736,60.3414],[-0.9788,60.3314],[-1.005,60.3264],[-1.0362,60.336],[-1.0378,60.341],[-1.0221,60.3457],[-1.0184,60.3584],[-1.004,60.3664],[-0.9738,60.3713],[-0.9627,60.3827],[-0.9361,60.3767],[-0.9133,60.3837],[-0.9065,60.3799],[-0.9348,60.367],[-0.9502,60.3508]]],[[[-1.0342,60.37],[-1.0254,60.3695],[-1.0347,60.3589],[-1.033,60.3534],[-1.0438,60.3538],[-1.0456,60.3619],[-1.0342,60.37]]],[[[-0.77,60.4236],[-0.7724,60.4301],[-0.7595,60.431],[-0.7612,60.4183],[-0.7786,60.4175],[-0.7854,60.4218],[-0.77,60.4236]]],[[[-0.7574,60.4244],[-0.7484,60.4305],[-0.7448,60.4239],[-0.7574,60.4244]]],[[[-1.16,60.4399],[-1.1503,60.4457],[-1.1484,60.439],[-1.16,60.4399]]],[[[-1.1934,60.4982],[-1.1856,60.4943],[-1.1819,60.4871],[-1.1952,60.4913],[-1.1934,60.4982]]],[[[-0.8214,60.6117],[-0.825,60.6069],[-0.8129,60.6006],[-0.7985,60.601],[-0.7917,60.6129],[-0.7759,60.6158],[-0.7756,60.6069],[-0.7658,60.6045],[-0.7708,60.5923],[-0.7922,60.5823],[-0.789,60.5778],[-0.7982,60.5714],[-0.8146,60.5747],[-0.8318,60.5884],[-0.8458,60.5839],[-0.8597,60.5936],[-0.889,60.5926],[-0.8973,60.5887],[-0.8758,60.5814],[-0.8657,60.5707],[-0.8665,60.566],[-0.8874,60.5621],[-0.9086,60.5717],[-0.9141,60.5839],[-0.9386,60.603],[-0.9471,60.6207],[-0.9386,60.6242],[-0.9363,60.6308],[-0.9128,60.6276],[-0.8992,60.6206],[-0.8663,60.6327],[-0.8358,60.6285],[-0.8234,60.6211],[-0.8214,60.6117]]],[[[-1.0247,60.7256],[-1.0121,60.727],[-1.0139,60.7211],[-0.9993,60.7203],[-1.0094,60.7129],[-0.999,60.698],[-1.0018,60.6933],[-0.9937,60.6773],[-0.9973,60.6687],[-0.9894,60.6533],[-0.9995,60.6491],[-0.9895,60.6367],[-0.9985,60.6335],[-1.0025,60.6389],[-1.0328,60.643],[-1.0491,60.6602],[-1.0585,60.6621],[-1.0648,60.6598],[-1.0554,60.654],[-1.0531,60.6421],[-1.0383,60.6302],[-1.023,60.6287],[-1.0192,60.6166],[-1.028,60.6056],[-1.0466,60.6003],[-1.07,60.6114],[-1.0799,60.6061],[-1.0677,60.6043],[-1.0607,60.598],[-1.0308,60.5971],[-1.0235,60.5897],[-1.0153,60.5888],[-1.0177,60.5824],[-1.003,60.5811],[-1.0094,60.5721],[-1.0046,60.5696],[-1.008,60.5634],[-1.0162,60.5584],[-1.0138,60.5487],[-1.0484,60.55],[-1.0484,60.5432],[-1.0405,60.5417],[-1.0353,60.53],[-1.0211,60.532],[-1.0297,60.5239],[-1.0242,60.5188],[-1.0318,60.516],[-1.0275,60.5122],[-1.0355,60.4995],[-1.0297,60.4978],[-1.0687,60.4897],[-1.0869,60.4983],[-1.1098,60.4983],[-1.1051,60.5041],[-1.1176,60.5032],[-1.1217,60.4983],[-1.1166,60.4931],[-1.0975,60.4903],[-1.0988,60.4863],[-1.1519,60.488],[-1.1527,60.4945],[-1.1657,60.4974],[-1.1723,60.5075],[-1.1733,60.5203],[-1.1836,60.5205],[-1.1871,60.5259],[-1.1766,60.5264],[-1.1896,60.5471],[-1.1806,60.5544],[-1.1838,60.5621],[-1.1952,60.562],[-1.2023,60.567],[-1.197,60.5792],[-1.1867,60.5829],[-1.2008,60.5955],[-1.2007,60.6082],[-1.1942,60.6094],[-1.1876,60.6339],[-1.1663,60.65],[-1.1526,60.6493],[-1.1546,60.6281],[-1.1481,60.6225],[-1.1322,60.6199],[-1.1239,60.6112],[-1.1166,60.6128],[-1.1297,60.6238],[-1.1461,60.6276],[-1.1445,60.6503],[-1.1375,60.6568],[-1.1377,60.6677],[-1.1317,60.6699],[-1.1294,60.6821],[-1.1353,60.7047],[-1.1232,60.7163],[-1.1279,60.7269],[-1.1091,60.7309],[-1.0776,60.7237],[-1.0733,60.7316],[-1.042,60.7226],[-1.0328,60.7299],[-1.0247,60.7256]]],[[[-0.9801,60.603],[-1.0025,60.606],[-1.0002,60.5975],[-1.0146,60.6027],[-0.9997,60.6114],[-0.9973,60.6193],[-0.9743,60.6177],[-0.969,60.613],[-0.9801,60.603]]],[[[-0.9026,60.6677],[-0.9187,60.6729],[-0.9192,60.6778],[-0.9073,60.6794],[-0.8871,60.6712],[-0.888,60.6633],[-0.902,60.6627],[-0.9026,60.6677]]],[[[-0.793,60.7471],[-0.7894,60.7595],[-0.7849,60.7455],[-0.791,60.7405],[-0.7995,60.745],[-0.793,60.7471]]],[[[-0.8671,60.8056],[-0.8537,60.8186],[-0.8562,60.8244],[-0.8463,60.8386],[-0.8381,60.8387],[-0.8265,60.8311],[-0.7975,60.8335],[-0.7779,60.8285],[-0.788,60.8252],[-0.7643,60.8151],[-0.8045,60.81],[-0.7791,60.7987],[-0.7806,60.7802],[-0.8255,60.7896],[-0.8348,60.7856],[-0.8209,60.781],[-0.8028,60.7585],[-0.8416,60.7606],[-0.8472,60.7538],[-0.8157,60.7526],[-0.8139,60.7425],[-0.8204,60.7353],[-0.8381,60.7286],[-0.8393,60.7237],[-0.8585,60.7184],[-0.8708,60.7022],[-0.8472,60.6939],[-0.8361,60.6972],[-0.8313,60.6851],[-0.8429,60.6834],[-0.8539,60.6741],[-0.8647,60.6793],[-0.9045,60.6834],[-0.9048,60.6893],[-0.9133,60.6901],[-0.9386,60.6741],[-0.9678,60.6778],[-0.966,60.6845],[-0.9814,60.6839],[-0.97,60.6986],[-0.9713,60.708],[-0.9806,60.718],[-0.9569,60.7216],[-0.9607,60.7439],[-0.9458,60.7439],[-0.9406,60.7495],[-0.9468,60.7613],[-0.941,60.7616],[-0.9343,60.7834],[-0.9549,60.7913],[-0.9327,60.8038],[-0.926,60.8104],[-0.9287,60.8172],[-0.9129,60.8162],[-0.9073,60.8212],[-0.9086,60.826],[-0.895,60.8307],[-0.8982,60.8373],[-0.8942,60.8431],[-0.8864,60.8454],[-0.8736,60.8446],[-0.8673,60.834],[-0.8716,60.8158],[-0.8791,60.8063],[-0.8671,60.8056]]]]}},{"type":"Feature","properties":{"code":"UK316","name":"Shropshire"},"geometry":{"type":"Polygon","coordinates":[[[-2.3809,52.9984],[-2.3762,52.9945],[-2.3799,52.991],[-2.3688,52.9793],[-2.3829,52.9707],[-2.3772,52.965],[-2.3873,52.9527],[-2.3938,52.9506],[-2.3991,52.9607],[-2.4072,52.9579],[-2.4049,52.9484],[-2.4253,52.95],[-2.4371,52.9436],[-2.4507,52.9251],[-2.4558,52.9257],[-2.4557,52.9166],[-2.462,52.9084],[-2.4709,52.9059],[-2.4548,52.8775],[-2.4449,52.8749],[-2.4421,52.8807],[-2.4119,52.8879],[-2.3754,52.8914],[-2.3825,52.8766],[-2.3812,52.8671],[-2.3885,52.8622],[-2.3938,52.8366],[-2.4077,52.8346],[-2.4275,52.8229],[-2.4326,52.8271],[-2.4404,52.8208],[-2.4708,52.8193],[-2.4578,52.7985],[-2.4577,52.7834],[-2.483,52.7806],[-2.49,52.7839],[-2.4787,52.7978],[-2.4925,52.8023],[-2.5031,52.7966],[-2.5212,52.7991],[-2.5295,52.7871],[-2.5389,52.7861],[-2.5401,52.7938],[-2.553,52.803],[-2.5658,52.7997],[-2.5739,52.8063],[-2.5827,52.8056],[-2.5953,52.7976],[-2.5898,52.7795],[-2.621,52.7765],[-2.6293,52.7661],[-2.6431,52.7671],[-2.6635,52.7604],[-2.6616,52.7547],[-2.6673,52.7502],[-2.6607,52.7422],[-2.6641,52.7363],[-2.6603,52.7317],[-2.632,52.7268],[-2.6243,52.7195],[-2.6019,52.7197],[-2.6054,52.7068],[-2.6235,52.703],[-2.6225,52.699],[-2.5557,52.6711],[-2.5494,52.6663],[-2.5542,52.66],[-2.5484,52.6553],[-2.5301,52.6495],[-2.5009,52.6297],[-2.4381,52.6146],[-2.4341,52.6182],[-2.4366,52.6271],[-2.4183,52.6338],[-2.419,52.6629],[-2.4013,52.6845],[-2.4036,52.7014],[-2.381,52.7243],[-2.3751,52.7408],[-2.358,52.7312],[-2.3155,52.733],[-2.3147,52.7245],[-2.3086,52.7207],[-2.3248,52.7054],[-2.3198,52.6954],[-2.3081,52.6934],[-2.3031,52.683],[-2.2437,52.68],[-2.2389,52.6619],[-2.2477,52.6566],[-2.2347,52.6559],[-2.2374,52.6511],[-2.2329,52.6477],[-2.2573,52.6098],[-2.2794,52.6058],[-2.3095,52.6074],[-2.3135,52.6141],[-2.3238,52.6129],[-2.322,52.5937],[-2.281,52.5843],[-2.2628,52.5703],[-2.2618,52.5638],[-2.2785,52.5544],[-2.2565,52.5418],[-2.2692,52.5307],[-2.2616,52.5236],[-2.2915,52.5117],[-2.3127,52.4892],[-2.2956,52.4739],[-2.2873,52.4553],[-2.3062,52.446],[-2.3102,52.4379],[-2.3331,52.4353],[-2.3634,52.4394],[-2.3699,52.4015],[-2.3422,52.3931],[-2.3341,52.3888],[-2.3356,52.3853],[-2.411,52.385],[-2.4149,52.3779],[-2.4104,52.37],[-2.4263,52.3658],[-2.455,52.3679],[-2.4867,52.3589],[-2.4799,52.3326],[-2.5057,52.3281],[-2.5121,52.3371],[-2.5356,52.3443],[-2.5621,52.3331],[-2.5668,52.3133],[-2.5734,52.3171],[-2.5951,52.3139],[-2.6101,52.3063],[-2.6281,52.3134],[-2.6245,52.3184],[-2.6411,52.3329],[-2.6598,52.3348],[-2.6603,52.3413],[-2.6696,52.3415],[-2.6893,52.3162],[-2.6799,52.3152],[-2.6814,52.3112],[-2.7124,52.3081],[-2.7262,52.3203],[-2.7371,52.3194],[-2.7631,52.3317],[-2.7557,52.3366],[-2.7484,52.3349],[-2.7379,52.3428],[-2.7386,52.3509],[-2.7328,52.3555],[-2.7431,52.3591],[-2.7953,52.3592],[-2.7942,52.371],[-2.8074,52.376],[-2.8091,52.3839],[-2.8054,52.3861],[-2.8182,52.3912],[-2.8554,52.3953],[-2.8638,52.3888],[-2.8885,52.3851],[-2.8865,52.3785],[-2.9054,52.3858],[-2.9224,52.3751],[-2.9071,52.3684],[-2.9389,52.361],[-2.9307,52.355],[-2.9331,52.3501],[-2.9612,52.3496],[-2.9744,52.3547],[-3.0411,52.3443],[-3.092,52.3627],[-3.1106,52.3772],[-3.1544,52.3877],[-3.162,52.3937],[-3.1592,52.3981],[-3.173,52.4066],[-3.2196,52.4212],[-3.2307,52.4305],[-3.2297,52.4384],[-3.2355,52.4425],[-3.2335,52.4511],[-3.1944,52.4764],[-3.1806,52.4738],[-3.1405,52.4917],[-3.1136,52.4983],[-3.0464,52.499],[-3.0335,52.5038],[-3.0322,52.5098],[-3.0366,52.5133],[-3.0323,52.5237],[-3.0015,52.5225],[-3.0051,52.5295],[-2.9947,52.5513],[-2.9993,52.5556],[-2.9977,52.5639],[-3.0065,52.5739],[-3.0144,52.5755],[-3.0365,52.5718],[-3.0499,52.5607],[-3.0872,52.5513],[-3.094,52.5449],[-3.0836,52.5415],[-3.0826,52.5363],[-3.0887,52.5337],[-3.1315,52.527],[-3.1371,52.534],[-3.1114,52.5414],[-3.1274,52.5661],[-3.1376,52.5739],[-3.1386,52.5829],[-3.1174,52.5863],[-3.0894,52.5997],[-3.0937,52.6093],[-3.0678,52.6305],[-3.0696,52.6375],[-3.0817,52.6412],[-3.0511,52.6474],[-3.0487,52.6631],[-3.0431,52.6675],[-3.0426,52.6868],[-3.0471,52.6913],[-3.036,52.6925],[-3.0225,52.7067],[-3.0254,52.7165],[-3.0204,52.7218],[-2.9849,52.7229],[-2.9754,52.7217],[-2.9781,52.7154],[-2.9612,52.7164],[-2.9708,52.7348],[-2.991,52.7338],[-2.9924,52.7394],[-3.0098,52.7503],[-3.0131,52.7644],[-3.0187,52.7675],[-3.0237,52.7641],[-3.0396,52.7702],[-3.0476,52.7673],[-3.0579,52.7736],[-3.0716,52.7701],[-3.0877,52.7798],[-3.0917,52.7868],[-3.0857,52.7903],[-3.091,52.796],[-3.0977,52.7914],[-3.1061,52.793],[-3.1098,52.7867],[-3.1584,52.7935],[-3.1614,52.8035],[-3.1683,52.8082],[-3.1678,52.8193],[-3.1542,52.8332],[-3.1565,52.837],[-3.1512,52.8426],[-3.1614,52.848],[-3.1277,52.8671],[-3.1524,52.8788],[-3.1474,52.8902],[-3.1375,52.895],[-3.1138,52.8953],[-3.1169,52.8997],[-3.1096,52.9185],[-3.096,52.9303],[-3.0764,52.9254],[-3.0408,52.9279],[-3.0313,52.9314],[-3.0099,52.956],[-2.9821,52.9592],[-2.9748,52.969],[-2.9598,52.9511],[-2.935,52.9418],[-2.9083,52.9421],[-2.8932,52.9511],[-2.8403,52.9419],[-2.8384,52.9322],[-2.8131,52.915],[-2.8005,52.8955],[-2.7554,52.9247],[-2.7285,52.9251],[-2.7267,52.9648],[-2.7353,52.9699],[-2.7268,52.9832],[-2.7165,52.9841],[-2.6993,52.9954],[-2.6809,52.9861],[-2.6326,52.9967],[-2.622,52.9868],[-2.6077,52.9884],[-2.5955,52.9759],[-2.5976,52.963],[-2.5862,52.9553],[-2.5616,52.9643],[-2.5351,52.9481],[-2.5233,52.9544],[-2.5232,52.9703],[-2.4917,52.9677],[-2.4812,52.9589],[-2.4363,52.9734],[-2.4341,52.9796],[-2.4384,52.9846],[-2.4109,52.9879],[-2.4051,52.9943],[-2.3809,52.9984]]]}},{"type":"Feature","properties":{"code":"UK317","name":"Slough"},"geometry":{"type":"Polygon","coordinates":[[[-0.49,51.4947],[-0.4986,51.4893],[-0.5059,51.4725],[-0.5157,51.4682],[-0.5243,51.4716],[-0.5242,51.4795],[-0.5343,51.4868],[-0.5542,51.4913],[-0.5525,51.4948],[-0.5605,51.4972],[-0.5648,51.4917],[-0.6005,51.5022],[-0.6078,51.4973],[-0.6278,51.5044],[-0.6535,51.5005],[-0.6532,51.5151],[-0.66,51.5276],[-0.6305,51.5389],[-0.595,51.5242],[-0.5811,51.5231],[-0.5759,51.5339],[-0.5671,51.533],[-0.5724,51.5274],[-0.5686,51.5114],[-0.5288,51.5101],[-0.5318,51.4934],[-0.49,51.4947]]]}},{"type":"Feature","properties":{"code":"UK318","name":"Somerset"},"geometry":{"type":"Polygon","coordinates":[[[-2.9932,51.301],[-2.9739,51.2958],[-2.9643,51.2979],[-2.9618,51.3048],[-2.9338,51.302],[-2.8972,51.2906],[-2.8849,51.3066],[-2.8771,51.3001],[-2.8102,51.3014],[-2.8121,51.3107],[-2.8078,51.3149],[-2.8179,51.319],[-2.8187,51.3264],[-2.8122,51.3272],[-2.6864,51.3161],[-2.6411,51.2955],[-2.625,51.2825],[-2.6003,51.289],[-2.5917,51.2965],[-2.5713,51.2951],[-2.5578,51.3026],[-2.5033,51.2901],[-2.497,51.2863],[-2.5064,51.279],[-2.4781,51.2731],[-2.4722,51.277],[-2.4517,51.2743],[-2.4391,51.2852],[-2.422,51.2875],[-2.4174,51.2922],[-2.4203,51.2966],[-2.4117,51.3013],[-2.3974,51.303],[-2.3872,51.2946],[-2.3797,51.3006],[-2.3326,51.3085],[-2.2891,51.3253],[-2.2777,51.3257],[-2.2719,51.3143],[-2.2835,51.3078],[-2.2767,51.304],[-2.279,51.2923],[-2.2671,51.296],[-2.2535,51.2899],[-2.2444,51.2631],[-2.2495,51.2589],[-2.2454,51.2539],[-2.2608,51.2391],[-2.2679,51.224],[-2.2666,51.2155],[-2.2984,51.1753],[-2.3323,51.145],[-2.3321,51.138],[-2.3459,51.1333],[-2.3445,51.1247],[-2.3646,51.1189],[-2.3608,51.1089],[-2.3634,51.1043],[-2.347,51.0882],[-2.3304,51.0853],[-2.3258,51.0796],[-2.35,51.0688],[-2.3495,51.0616],[-2.3331,51.0514],[-2.3296,51.0422],[-2.3606,51.0252],[-2.3814,51.0049],[-2.3777,50.9915],[-2.355,50.9909],[-2.3439,50.9823],[-2.3459,50.9791],[-2.3835,50.9723],[-2.4149,50.9606],[-2.428,50.9714],[-2.4472,50.9678],[-2.4422,50.9625],[-2.4553,50.9493],[-2.4802,50.9658],[-2.5023,50.9937],[-2.5235,50.9922],[-2.5356,50.994],[-2.5351,50.9994],[-2.5474,50.9995],[-2.5519,50.9937],[-2.5447,50.9916],[-2.5454,50.9851],[-2.5623,50.9777],[-2.5691,50.9854],[-2.5893,50.9769],[-2.5958,50.9814],[-2.6034,50.9763],[-2.598,50.9736],[-2.5988,50.9479],[-2.6127,50.9373],[-2.6063,50.9347],[-2.6044,50.9277],[-2.6152,50.9224],[-2.6174,50.9123],[-2.624,50.908],[-2.6094,50.8909],[-2.616,50.8817],[-2.6272,50.8799],[-2.628,50.8863],[-2.6462,50.8874],[-2.6504,50.8833],[-2.6607,50.8871],[-2.6789,50.8775],[-2.7144,50.8712],[-2.7146,50.8639],[-2.76,50.8659],[-2.7617,50.8608],[-2.7822,50.8597],[-2.7925,50.8528],[-2.8129,50.8621],[-2.8263,50.8507],[-2.8429,50.8474],[-2.8452,50.8516],[-2.8862,50.8506],[-2.9443,50.8332],[-2.9474,50.8237],[-2.9544,50.8212],[-2.9698,50.8341],[-2.9701,50.8495],[-2.9797,50.8548],[-3.021,50.8555],[-3.0368,50.8511],[-3.0333,50.8612],[-3.0393,50.8687],[-3.0537,50.8734],[-3.0529,50.9087],[-3.122,50.8981],[-3.1264,50.9018],[-3.1391,50.8917],[-3.1529,50.8938],[-3.156,50.9],[-3.1705,50.9003],[-3.1758,50.9077],[-3.1879,50.9104],[-3.164,50.9459],[-3.1846,50.9487],[-3.2549,50.9418],[-3.2939,50.9552],[-3.3337,50.9828],[-3.3786,50.9775],[-3.3834,50.9945],[-3.3804,51.0185],[-3.4075,51.0195],[-3.4212,51.0308],[-3.4637,51.0253],[-3.4841,51.0338],[-3.505,51.0299],[-3.5196,51.0254],[-3.5189,51.0148],[-3.5276,51.0055],[-3.6098,51.008],[-3.6146,51.0127],[-3.6108,51.0245],[-3.5982,51.037],[-3.6048,51.0575],[-3.6242,51.0613],[-3.638,51.0566],[-3.6924,51.0806],[-3.7199,51.0808],[-3.7674,51.1058],[-3.8044,51.1157],[-3.8345,51.1384],[-3.8321,51.1511],[-3.8389,51.1749],[-3.8322,51.1775],[-3.8063,51.1779],[-3.7863,51.1719],[-3.7238,51.1808],[-3.732,51.1909],[-3.7262,51.1994],[-3.7315,51.2151],[-3.7287,51.2188],[-3.7332,51.2227],[-3.7208,51.2331],[-3.632,51.2236],[-3.6221,51.2167],[-3.5907,51.2232],[-3.5791,51.232],[-3.5337,51.2307],[-3.4969,51.224],[-3.4677,51.2076],[-3.4476,51.2089],[-3.4116,51.1839],[-3.308,51.1796],[-3.276,51.1798],[-3.1959,51.2024],[-3.1808,51.1997],[-3.1317,51.2108],[-3.071,51.2014],[-3.0197,51.2188],[-3.0327,51.1945],[-3.0453,51.1947],[-3.0564,51.1866],[-3.0351,51.1888],[-3.021,51.1979],[-2.9995,51.2369],[-3.0215,51.266],[-3.0116,51.3197],[-3.0355,51.3285],[-2.9955,51.3216],[-2.9864,51.3124],[-2.9952,51.3076],[-2.9932,51.301]]]}},{"type":"Feature","properties":{"code":"UK319","name":"South Ayrshire"},"geometry":{"type":"MultiPolygon","coordinates":[[[[-5.1088,55.2509],[-5.1212,55.2476],[-5.1239,55.2537],[-5.1166,55.2576],[-5.1088,55.2509]]],[[[-4.4638,55.162],[-4.4787,55.1529],[-4.5135,55.1518],[-4.5321,55.1583],[-4.5649,55.158],[-4.584,55.1419],[-4.6263,55.1394],[-4.6266,55.1344],[-4.6583,55.1199],[-4.6623,55.1122],[-4.6591,55.0903],[-4.6431,55.0772],[-4.6288,55.0763],[-4.6306,55.0717],[-4.6251,55.0684],[-4.627,55.0606],[-4.6356,55.0537],[-4.651,55.055],[-4.7152,55.0375],[-4.722,55.0442],[-4.7373,55.0422],[-4.7404,55.0472],[-4.7611,55.038],[-4.7761,55.0419],[-4.7892,55.0315],[-4.8023,55.0444],[-4.8243,55.0412],[-4.8275,55.0353],[-4.8338,55.0356],[-4.8411,55.0447],[-4.8845,55.0396],[-4.8825,55.0472],[-4.8961,55.0536],[-4.8947,55.0608],[-4.901,55.0642],[-4.9335,55.0643],[-4.9308,55.0514],[-4.9432,55.0436],[-4.95,55.0314],[-4.9622,55.0203],[-4.9741,55.0236],[-4.9811,55.0179],[-4.9733,55.0115],[-5.0398,54.9978],[-5.0605,55.0283],[-5.0515,55.0435],[-5.0512,55.053],[-5.028,55.0808],[-5.0121,55.0901],[-4.9918,55.1435],[-4.9414,55.1641],[-4.9099,55.1991],[-4.86,55.2274],[-4.8631,55.2433],[-4.8374,55.2779],[-4.8376,55.3113],[-4.8456,55.3258],[-4.816,55.3354],[-4.8058,55.3499],[-4.7756,55.3593],[-4.7693,55.3728],[-4.7696,55.4006],[-4.7572,55.4082],[-4.753,55.4164],[-4.713,55.4329],[-4.6892,55.4328],[-4.6489,55.4438],[-4.6424,55.4587],[-4.6441,55.4706],[-4.6319,55.4738],[-4.6278,55.4897],[-4.6202,55.4983],[-4.6346,55.5198],[-4.6497,55.5271],[-4.659,55.5387],[-4.6739,55.5442],[-4.6586,55.5499],[-4.6583,55.5702],[-4.6479,55.5634],[-4.6059,55.5932],[-4.5921,55.598],[-4.5671,55.5984],[-4.5698,55.5937],[-4.5359,55.5916],[-4.5445,55.5865],[-4.5387,55.5751],[-4.4998,55.5628],[-4.4374,55.5643],[-4.4243,55.5558],[-4.4095,55.5532],[-4.413,55.5373],[-4.4017,55.5236],[-4.4037,55.5176],[-4.3989,55.5113],[-4.4361,55.5055],[-4.4346,55.4986],[-4.4404,55.4938],[-4.459,55.4836],[-4.4707,55.4863],[-4.4855,55.4779],[-4.4832,55.4727],[-4.4923,55.4708],[-4.4749,55.4483],[-4.4928,55.4382],[-4.4683,55.4285],[-4.4558,55.4309],[-4.4503,55.412],[-4.4765,55.4012],[-4.5008,55.3991],[-4.5227,55.4108],[-4.5351,55.4238],[-4.5651,55.4263],[-4.5704,55.4221],[-4.5628,55.4174],[-4.5711,55.4046],[-4.5877,55.401],[-4.5824,55.3914],[-4.5734,55.3937],[-4.5653,55.3891],[-4.5449,55.396],[-4.5217,55.3867],[-4.5374,55.3691],[-4.5646,55.3575],[-4.5273,55.3489],[-4.5255,55.3428],[-4.4936,55.3283],[-4.4956,55.3241],[-4.4741,55.3252],[-4.4653,55.3173],[-4.4379,55.3078],[-4.4525,55.2971],[-4.45,55.2903],[-4.4586,55.2853],[-4.4386,55.2716],[-4.4411,55.2591],[-4.4306,55.2514],[-4.4464,55.2435],[-4.4532,55.2255],[-4.4518,55.2113],[-4.4684,55.2037],[-4.4729,55.1965],[-4.4664,55.192],[-4.4638,55.162]]]]}},{"type":"Feature","properties":{"code":"UK320","name":"South Gloucestershire"},"geometry":{"type":"Polygon","coordinates":[[[-2.2726,51.5776],[-2.2641,51.5679],[-2.2684,51.5497],[-2.2618,51.5447],[-2.2664,51.5362],[-2.2535,51.5287],[-2.2558,51.522],[-2.2638,51.5185],[-2.3243,51.4975],[-2.3104,51.4881],[-2.2913,51.4866],[-2.2896,51.4788],[-2.2958,51.4586],[-2.2878,51.4569],[-2.2946,51.4288],[-2.3139,51.4232],[-2.3139,51.4289],[-2.325,51.437],[-2.3421,51.4394],[-2.4031,51.4316],[-2.4106,51.4262],[-2.4696,51.416],[-2.4915,51.4289],[-2.5079,51.4246],[-2.527,51.4362],[-2.5265,51.4425],[-2.5316,51.4464],[-2.519,51.4526],[-2.5185,51.4591],[-2.5122,51.4623],[-2.5109,51.4716],[-2.5167,51.4852],[-2.5111,51.4899],[-2.5378,51.4971],[-2.5553,51.4927],[-2.5691,51.4996],[-2.5882,51.5013],[-2.588,51.5171],[-2.6545,51.5138],[-2.6514,51.5207],[-2.6655,51.531],[-2.6636,51.537],[-2.6738,51.5444],[-2.6633,51.5737],[-2.6429,51.5868],[-2.6285,51.605],[-2.5913,51.623],[-2.5585,51.6663],[-2.5348,51.6772],[-2.4908,51.6643],[-2.4918,51.6496],[-2.4822,51.6464],[-2.4525,51.6513],[-2.4072,51.6412],[-2.3988,51.6458],[-2.3862,51.6376],[-2.3974,51.636],[-2.389,51.6275],[-2.3948,51.5975],[-2.3668,51.601],[-2.3198,51.5939],[-2.3165,51.5898],[-2.2898,51.5932],[-2.2935,51.5877],[-2.2726,51.5776]]]}},{"type":"Feature","properties":{"code":"UK321","name":"South Lanarkshire"},"geometry":{"type":"Polygon","coordinates":[[[-4.1982,55.8334],[-4.1793,55.8347],[-4.172,55.823],[-4.1309,55.8333],[-4.1127,55.8259],[-4.107,55.8347],[-4.0412,55.809],[-4.0515,55.8038],[-4.0485,55.7973],[-4.0253,55.7848],[-4.0009,55.7794],[-3.9984,55.7743],[-4.0024,55.7707],[-3.9729,55.7665],[-3.9744,55.763],[-3.9531,55.7529],[-3.9301,55.7485],[-3.9161,55.7402],[-3.8964,55.7566],[-3.8782,55.758],[-3.8684,55.7641],[-3.7997,55.7713],[-3.7664,55.77],[-3.744,55.782],[-3.7327,55.7778],[-3.7199,55.7879],[-3.6987,55.7946],[-3.6858,55.7974],[-3.6798,55.7941],[-3.6579,55.8017],[-3.6232,55.8025],[-3.5916,55.8102],[-3.5879,55.8018],[-3.5549,55.7857],[-3.5471,55.7907],[-3.4561,55.7637],[-3.4531,55.7487],[-3.4443,55.7442],[-3.445,55.7367],[-3.4362,55.7304],[-3.4395,55.724],[-3.4193,55.7106],[-3.4017,55.7152],[-3.397,55.7104],[-3.4556,55.6707],[-3.4584,55.6629],[-3.4732,55.6598],[-3.4828,55.6502],[-3.4894,55.6378],[-3.4871,55.6327],[-3.4778,55.6327],[-3.4843,55.6202],[-3.4818,55.6164],[-3.53,55.6114],[-3.5319,55.6053],[-3.5269,55.597],[-3.4884,55.5626],[-3.495,55.5602],[-3.5033,55.5474],[-3.4881,55.5162],[-3.5045,55.5125],[-3.5128,55.4931],[-3.5222,55.4903],[-3.5234,55.4863],[-3.5159,55.4813],[-3.5184,55.4738],[-3.5317,55.4612],[-3.53,55.4549],[-3.5395,55.4431],[-3.5365,55.4348],[-3.5252,55.4329],[-3.5073,55.4123],[-3.5211,55.4062],[-3.5232,55.4009],[-3.5385,55.3962],[-3.5498,55.399],[-3.5649,55.3863],[-3.5785,55.385],[-3.5748,55.3772],[-3.5783,55.373],[-3.5717,55.3692],[-3.5771,55.3582],[-3.5722,55.357],[-3.5878,55.3448],[-3.575,55.3281],[-3.5866,55.323],[-3.608,55.3255],[-3.6216,55.3166],[-3.6166,55.3055],[-3.6186,55.2957],[-3.6635,55.2917],[-3.6783,55.309],[-3.6987,55.3136],[-3.7123,55.3284],[-3.7103,55.3358],[-3.7143,55.3401],[-3.7105,55.3441],[-3.7201,55.3502],[-3.711,55.3632],[-3.7347,55.3649],[-3.7481,55.3714],[-3.7586,55.3803],[-3.7646,55.4011],[-3.7922,55.4106],[-3.7961,55.419],[-3.8165,55.4272],[-3.8254,55.4444],[-3.8933,55.4596],[-3.9354,55.458],[-3.951,55.4626],[-3.9697,55.4544],[-3.9863,55.4641],[-4.0004,55.4637],[-4.0142,55.4754],[-4.0115,55.4827],[-4.0258,55.4925],[-4.0123,55.505],[-3.9943,55.5133],[-3.9876,55.5265],[-3.9654,55.535],[-3.9581,55.5418],[-3.9571,55.5558],[-3.9724,55.5565],[-3.9763,55.5646],[-3.9971,55.5635],[-4.0097,55.5699],[-4.0084,55.5754],[-4.0407,55.589],[-4.0662,55.5799],[-4.0654,55.5757],[-4.0827,55.5684],[-4.1263,55.5657],[-4.1511,55.5722],[-4.1676,55.5654],[-4.1807,55.5661],[-4.21,55.5533],[-4.2283,55.5522],[-4.2276,55.5589],[-4.2364,55.5617],[-4.2034,55.5833],[-4.2027,55.5916],[-4.1946,55.6007],[-4.1807,55.6027],[-4.1886,55.6103],[-4.2052,55.6148],[-4.2019,55.6269],[-4.2216,55.6351],[-4.2168,55.644],[-4.2223,55.654],[-4.2467,55.6741],[-4.245,55.6816],[-4.2216,55.6916],[-4.2261,55.7],[-4.2195,55.7106],[-4.2231,55.7278],[-4.2409,55.7339],[-4.2553,55.7441],[-4.2555,55.7488],[-4.2735,55.7545],[-4.2825,55.7683],[-4.2535,55.7727],[-4.2508,55.7849],[-4.2299,55.7859],[-4.209,55.7989],[-4.2145,55.8151],[-4.2254,55.8121],[-4.2337,55.8187],[-4.2289,55.8245],[-4.2279,55.8405],[-4.2235,55.8344],[-4.1956,55.8389],[-4.1982,55.8334]]]}},{"type":"Feature","properties":{"code":"UK322","name":"South Tyneside"},"geometry":{"type":"Polygon","coordinates":[[[-1.364,54.9441],[-1.3743,54.9435],[-1.3756,54.9369],[-1.3972,54.9398],[-1.4194,54.9299],[-1.4491,54.9341],[-1.4606,54.9302],[-1.5111,54.9317],[-1.5186,54.9522],[-1.5153,54.9561],[-1.5307,54.958],[-1.5294,54.9633],[-1.5342,54.9651],[-1.5319,54.9777],[-1.5246,54.9842],[-1.4494,54.9872],[-1.4375,55.0051],[-1.4292,55.0072],[-1.4145,55.004],[-1.4075,54.9958],[-1.3811,54.9855],[-1.3808,54.9804],[-1.3567,54.9648],[-1.3533,54.9576],[-1.364,54.9441]]]}},{"type":"Feature","properties":{"code":"UK323","name":"South Yorkshire"},"geometry":{"type":"Polygon","coordinates":[[[-1.3377,53.3159],[-1.3899,53.3185],[-1.3907,53.3359],[-1.411,53.342],[-1.4209,53.3346],[-1.443,53.3373],[-1.4599,53.3307],[-1.4553,53.3218],[-1.4697,53.3172],[-1.5105,53.316],[-1.5417,53.3047],[-1.5569,53.3055],[-1.5566,53.3115],[-1.5622,53.3158],[-1.5805,53.3118],[-1.579,53.3167],[-1.5849,53.3216],[-1.599,53.3113],[-1.6092,53.3227],[-1.6282,53.3164],[-1.6327,53.3208],[-1.6123,53.3432],[-1.5906,53.3459],[-1.6256,53.352],[-1.6639,53.3669],[-1.6536,53.3849],[-1.6548,53.393],[-1.668,53.3931],[-1.6818,53.4017],[-1.6946,53.4012],[-1.705,53.4051],[-1.7039,53.4149],[-1.714,53.4191],[-1.7299,53.416],[-1.7467,53.4261],[-1.7442,53.4295],[-1.7498,53.4392],[-1.7437,53.445],[-1.7453,53.462],[-1.7684,53.4648],[-1.7808,53.475],[-1.8015,53.481],[-1.7962,53.5032],[-1.8103,53.5063],[-1.8007,53.5113],[-1.8195,53.5134],[-1.8223,53.5211],[-1.8042,53.5371],[-1.7719,53.5338],[-1.7425,53.5411],[-1.7244,53.5522],[-1.7231,53.5599],[-1.7042,53.5603],[-1.6991,53.5538],[-1.6619,53.5537],[-1.6609,53.5596],[-1.6156,53.5631],[-1.6097,53.572],[-1.5984,53.5766],[-1.6017,53.5877],[-1.5879,53.5935],[-1.5864,53.6071],[-1.5508,53.6044],[-1.5364,53.5938],[-1.5186,53.5997],[-1.4786,53.5984],[-1.4481,53.6117],[-1.4002,53.5987],[-1.379,53.6066],[-1.3639,53.6018],[-1.3546,53.5921],[-1.3539,53.5834],[-1.3078,53.5753],[-1.2823,53.583],[-1.2766,53.59],[-1.2581,53.592],[-1.2489,53.6019],[-1.2523,53.6071],[-1.2448,53.6082],[-1.2483,53.6164],[-1.2292,53.6169],[-1.2328,53.6211],[-1.2174,53.6242],[-1.2178,53.6402],[-1.2098,53.6431],[-1.1886,53.636],[-1.1522,53.6428],[-1.1353,53.6328],[-1.1289,53.6349],[-1.129,53.6429],[-1.1231,53.646],[-1.0826,53.6516],[-1.066,53.6488],[-1.0486,53.6561],[-0.991,53.6612],[-0.94,53.6576],[-0.8653,53.6377],[-0.8871,53.6097],[-0.8869,53.601],[-0.898,53.5832],[-0.9011,53.5688],[-0.8943,53.5656],[-0.9013,53.5479],[-0.8922,53.5376],[-0.8973,53.533],[-0.9438,53.5307],[-0.9501,53.5136],[-0.9322,53.5107],[-0.9356,53.5025],[-0.9532,53.4844],[-0.9859,53.4716],[-0.9832,53.468],[-0.9937,53.453],[-0.9985,53.4389],[-0.9957,53.4369],[-1.0124,53.4328],[-1.0144,53.4263],[-1.0305,53.4252],[-1.031,53.431],[-1.057,53.4254],[-1.0678,53.4277],[-1.0871,53.4255],[-1.0987,53.4187],[-1.1083,53.4058],[-1.1161,53.4074],[-1.1159,53.398],[-1.1292,53.3936],[-1.1305,53.3756],[-1.1461,53.3691],[-1.1385,53.3559],[-1.162,53.3579],[-1.1569,53.345],[-1.1416,53.3468],[-1.1386,53.3414],[-1.1751,53.3257],[-1.1745,53.3214],[-1.1924,53.319],[-1.2032,53.3042],[-1.2307,53.3085],[-1.2542,53.3018],[-1.2937,53.3139],[-1.2957,53.3198],[-1.2886,53.3262],[-1.3123,53.3341],[-1.3136,53.3273],[-1.3247,53.3288],[-1.3377,53.3159]]]}},{"type":"Feature","properties":{"code":"UK324","name":"Southampton"},"geometry":{"type":"Polygon","coordinates":[[[-1.3652,50.88],[-1.3841,50.8907],[-1.3873,50.8975],[-1.3954,50.8831],[-1.4035,50.8956],[-1.4398,50.9082],[-1.4509,50.904],[-1.4667,50.9109],[-1.477,50.9287],[-1.4493,50.949],[-1.4237,50.9473],[-1.4211,50.9516],[-1.3669,50.9469],[-1.3547,50.941],[-1.3528,50.9354],[-1.3579,50.9307],[-1.3334,50.9198],[-1.3219,50.901],[-1.3652,50.88]]]}},{"type":"Feature","properties":{"code":"UK325","name":"Southend-on-Sea"},"geometry":{"type":"Polygon","coordinates":[[[0.821,51.5409],[0.7821,51.5214],[0.757,51.5284],[0.623,51.5405],[0.6255,51.5536],[0.6356,51.5607],[0.6316,51.5699],[0.6389,51.5768],[0.7086,51.5664],[0.7184,51.561],[0.7491,51.5594],[0.7532,51.5549],[0.7867,51.553],[0.789,51.5424],[0.821,51.5409]]]}},{"type":"Feature","properties":{"code":"UK326","name":"Staffordshire"},"geometry":{"type":"Polygon","coordinates":[[[-1.5976,52.7004],[-1.5871,52.6943],[-1.5896,52.6873],[-1.606,52.6732],[-1.645,52.6575],[-1.6342,52.643],[-1.6425,52.6314],[-1.636,52.6196],[-1.6398,52.6084],[-1.6657,52.5922],[-1.686,52.5934],[-1.6886,52.5886],[-1.7375,52.589],[-1.7413,52.5943],[-1.7881,52.5879],[-1.7966,52.5991],[-1.8279,52.6087],[-1.8548,52.6013],[-1.8725,52.5849],[-1.8923,52.5991],[-1.8863,52.6156],[-1.916,52.6353],[-1.905,52.6432],[-1.918,52.6499],[-1.9087,52.654],[-1.9336,52.6616],[-1.9404,52.6563],[-1.9599,52.662],[-1.9603,52.6443],[-1.9646,52.6408],[-2.0039,52.6372],[-2.0356,52.6218],[-2.0639,52.6207],[-2.0687,52.6182],[-2.0674,52.6121],[-2.081,52.6119],[-2.0974,52.6238],[-2.1012,52.6351],[-2.1138,52.638],[-2.1316,52.6354],[-2.1372,52.6297],[-2.153,52.6298],[-2.1515,52.6246],[-2.1676,52.6204],[-2.1709,52.6143],[-2.1676,52.6115],[-2.1804,52.6049],[-2.192,52.608],[-2.1893,52.5886],[-2.2069,52.5865],[-2.2017,52.5788],[-2.1835,52.5769],[-2.1755,52.5644],[-2.1755,52.5544],[-2.1452,52.5547],[-2.1409,52.5585],[-2.1334,52.5541],[-2.1392,52.5481],[-2.1354,52.5434],[-2.1374,52.5333],[-2.1515,52.5252],[-2.146,52.5233],[-2.1454,52.5177],[-2.1782,52.5117],[-2.1918,52.5034],[-2.1847,52.5],[-2.1886,52.4946],[-2.1822,52.4931],[-2.1779,52.4794],[-2.1676,52.4712],[-2.1764,52.456],[-2.1641,52.4239],[-2.193,52.4233],[-2.2167,52.4346],[-2.2696,52.4387],[-2.295,52.4489],[-2.2873,52.4553],[-2.2956,52.4739],[-2.3127,52.4892],[-2.2915,52.5117],[-2.2616,52.5236],[-2.2692,52.5307],[-2.2565,52.5418],[-2.2785,52.5544],[-2.2618,52.5638],[-2.2628,52.5703],[-2.281,52.5843],[-2.322,52.5937],[-2.3255,52.6001],[-2.3238,52.6129],[-2.3135,52.6141],[-2.3095,52.6074],[-2.2794,52.6058],[-2.2573,52.6098],[-2.2329,52.6477],[-2.2374,52.6511],[-2.2347,52.6559],[-2.2477,52.6566],[-2.2389,52.6619],[-2.2437,52.68],[-2.3031,52.683],[-2.3081,52.6934],[-2.3198,52.6954],[-2.3248,52.7054],[-2.3086,52.7207],[-2.3147,52.7245],[-2.3122,52.7409],[-2.3304,52.7517],[-2.3301,52.7579],[-2.3673,52.7783],[-2.3659,52.7832],[-2.3789,52.7841],[-2.3807,52.7947],[-2.3731,52.7939],[-2.3709,52.8003],[-2.3777,52.8116],[-2.4164,52.827],[-2.4077,52.8346],[-2.3938,52.8366],[-2.3885,52.8622],[-2.3812,52.8671],[-2.3825,52.8766],[-2.3754,52.8914],[-2.4119,52.8879],[-2.4421,52.8807],[-2.4449,52.8749],[-2.4548,52.8775],[-2.4709,52.9059],[-2.462,52.9084],[-2.4557,52.9166],[-2.4558,52.9257],[-2.4507,52.9251],[-2.4371,52.9436],[-2.4253,52.95],[-2.4049,52.9484],[-2.4072,52.9579],[-2.3991,52.9607],[-2.3938,52.9506],[-2.3873,52.9527],[-2.3772,52.965],[-2.3829,52.9707],[-2.3688,52.9793],[-2.3799,52.991],[-2.3762,52.9945],[-2.383,53.0078],[-2.3704,53.0146],[-2.3842,53.0262],[-2.3812,53.0526],[-2.3485,53.0558],[-2.329,53.0766],[-2.3183,53.0812],[-2.2785,53.0809],[-2.277,53.0859],[-2.2464,53.0916],[-2.2339,53.1029],[-2.2231,53.1038],[-2.1765,53.1455],[-2.1548,53.1593],[-2.1414,53.1566],[-2.1422,53.1823],[-2.1334,53.1828],[-2.1279,53.1746],[-2.1087,53.1684],[-2.0694,53.1722],[-2.0568,53.1777],[-2.0593,53.1809],[-2.0463,53.1927],[-2.0163,53.1893],[-2.0017,53.193],[-1.9875,53.2136],[-1.9624,53.2262],[-1.9568,53.2138],[-1.9356,53.211],[-1.9092,53.1988],[-1.8759,53.1955],[-1.8321,53.1728],[-1.8128,53.1517],[-1.8213,53.1414],[-1.8198,53.134],[-1.8133,53.1331],[-1.8009,53.1151],[-1.7879,53.1092],[-1.7835,53.1017],[-1.7836,53.0927],[-1.7943,53.0884],[-1.7856,53.0631],[-1.7757,53.0593],[-1.7846,53.0499],[-1.7787,53.043],[-1.7682,53.0441],[-1.7601,53.0389],[-1.7573,53.0288],[-1.7637,53.0214],[-1.7583,53.0183],[-1.7661,53.0092],[-1.7626,52.9997],[-1.7871,52.993],[-1.8069,52.9802],[-1.8234,52.9788],[-1.8302,52.9713],[-1.8291,52.9579],[-1.8346,52.955],[-1.8289,52.9488],[-1.8493,52.9356],[-1.8564,52.9237],[-1.841,52.9051],[-1.8334,52.9021],[-1.8301,52.8966],[-1.8341,52.8895],[-1.811,52.8807],[-1.8014,52.8862],[-1.7881,52.88],[-1.7772,52.8838],[-1.7742,52.8793],[-1.7516,52.8742],[-1.7495,52.8668],[-1.7229,52.8603],[-1.7035,52.8664],[-1.6427,52.8563],[-1.5942,52.8352],[-1.5886,52.829],[-1.5976,52.8284],[-1.6103,52.8156],[-1.5899,52.8064],[-1.5889,52.7998],[-1.6269,52.7797],[-1.6382,52.7867],[-1.6485,52.7798],[-1.6656,52.7852],[-1.6707,52.7811],[-1.67,52.7736],[-1.6851,52.7664],[-1.6979,52.7354],[-1.7045,52.7311],[-1.6566,52.7218],[-1.6592,52.714],[-1.6544,52.6999],[-1.5976,52.7004]],[[-2.1742,53.0903],[-2.1986,53.0927],[-2.2014,53.0867],[-2.2115,53.0867],[-2.2387,53.0733],[-2.2341,53.0644],[-2.2279,53.0637],[-2.2026,53.02],[-2.2155,53.0153],[-2.2115,53.007],[-2.2178,53.004],[-2.2104,52.9848],[-2.2125,52.9806],[-2.1954,52.9642],[-2.1913,52.9501],[-2.1757,52.9477],[-2.1626,52.9533],[-2.1581,52.9631],[-2.1498,52.9652],[-2.1515,52.9712],[-2.1457,52.9761],[-2.1339,52.9738],[-2.1216,52.9561],[-2.0812,52.967],[-2.0858,52.9735],[-2.0797,52.9758],[-2.0918,52.9853],[-2.0885,52.9969],[-2.1012,52.9956],[-2.1079,53.0027],[-2.1034,53.0109],[-2.1238,53.0216],[-2.1195,53.0262],[-2.1318,53.0473],[-2.124,53.0485],[-2.1255,53.0646],[-2.1611,53.0701],[-2.1742,53.0903]]]}},{"type":"Feature","properties":{"code":"UK327","name":"Stirling"},"geometry":{"type":"Polygon","coordinates":[[[-3.8294,56.1965],[-3.8325,56.1907],[-3.8412,56.1885],[-3.8581,56.1645],[-3.8543,56.1529],[-3.8735,56.1512],[-3.8574,56.1353],[-3.878,56.1348],[-3.884,56.1294],[-3.8803,56.1207],[-3.8674,56.1203],[-3.8651,56.1147],[-3.8727,56.1112],[-3.8656,56.1058],[-3.8576,56.108],[-3.8506,56.1185],[-3.8402,56.1164],[-3.8413,56.1066],[-3.8329,56.0989],[-3.8201,56.0984],[-3.8231,56.091],[-3.8359,56.0847],[-3.8004,56.0681],[-3.8022,56.0633],[-3.8145,56.0614],[-3.8138,56.0534],[-3.8951,56.0457],[-3.9394,56.0508],[-3.9734,56.0487],[-3.9783,56.0404],[-4.0201,56.028],[-4.0967,56.0273],[-4.0999,56.0193],[-4.1364,56.0063],[-4.1523,56.008],[-4.1573,56.0135],[-4.1568,56.0252],[-4.1628,56.0303],[-4.1699,56.0272],[-4.1737,56.0187],[-4.1981,56.0101],[-4.2067,56.017],[-4.2225,56.0203],[-4.257,56.0172],[-4.273,56.023],[-4.2752,56.0287],[-4.2963,56.0256],[-4.2991,56.0167],[-4.275,55.9932],[-4.2742,55.9769],[-4.2805,55.9752],[-4.2727,55.9653],[-4.2886,55.9669],[-4.3037,55.9572],[-4.3309,55.9582],[-4.3664,55.9804],[-4.3754,55.9811],[-4.414,55.9713],[-4.4303,55.9791],[-4.4487,56.0045],[-4.4701,56.0021],[-4.4827,56.0123],[-4.479,56.0192],[-4.4888,56.0248],[-4.4921,56.0337],[-4.4882,56.0408],[-4.4989,56.0476],[-4.4819,56.0508],[-4.4775,56.0588],[-4.5004,56.065],[-4.5062,56.0586],[-4.5323,56.0734],[-4.5926,56.0755],[-4.6044,56.0905],[-4.5892,56.1079],[-4.5941,56.1138],[-4.6328,56.1185],[-4.6411,56.1235],[-4.6575,56.1588],[-4.6557,56.165],[-4.6877,56.1878],[-4.6953,56.1992],[-4.6855,56.2191],[-4.7014,56.2546],[-4.6971,56.2744],[-4.6902,56.2788],[-4.6603,56.2811],[-4.6606,56.2854],[-4.6786,56.2891],[-4.682,56.2979],[-4.6739,56.3021],[-4.6767,56.3129],[-4.661,56.3233],[-4.6772,56.3265],[-4.6956,56.3224],[-4.7361,56.3317],[-4.753,56.3251],[-4.7859,56.3239],[-4.7928,56.3331],[-4.7805,56.338],[-4.7832,56.3439],[-4.8318,56.3668],[-4.8532,56.3693],[-4.8366,56.3766],[-4.8351,56.3901],[-4.8126,56.3981],[-4.8174,56.402],[-4.8117,56.4176],[-4.7986,56.4168],[-4.79,56.4274],[-4.7616,56.4357],[-4.7359,56.4337],[-4.7263,56.4408],[-4.724,56.4497],[-4.7333,56.4549],[-4.7049,56.4617],[-4.7001,56.4674],[-4.6664,56.4615],[-4.6553,56.4731],[-4.6285,56.4743],[-4.6203,56.4804],[-4.6251,56.4865],[-4.5782,56.5048],[-4.5321,56.5048],[-4.528,56.5077],[-4.5329,56.514],[-4.5288,56.5186],[-4.5074,56.5233],[-4.4943,56.5127],[-4.4774,56.513],[-4.4374,56.5263],[-4.3968,56.5287],[-4.3736,56.5373],[-4.3689,56.5467],[-4.3304,56.5376],[-4.3349,56.5334],[-4.3213,56.5169],[-4.3102,56.5155],[-4.2969,56.4751],[-4.1944,56.4954],[-4.1545,56.5103],[-4.1263,56.5008],[-4.1075,56.4867],[-4.0986,56.4654],[-4.1316,56.4641],[-4.1662,56.4487],[-4.2021,56.4578],[-4.1964,56.3867],[-4.2405,56.3844],[-4.242,56.3528],[-4.2271,56.3413],[-4.2374,56.3292],[-4.2094,56.3145],[-4.1979,56.3144],[-4.1881,56.3042],[-4.1399,56.2979],[-4.1186,56.2879],[-4.1157,56.281],[-4.0841,56.2809],[-4.0785,56.29],[-4.0521,56.2735],[-4.0385,56.2802],[-4.0349,56.2761],[-4.0375,56.2691],[-4.0052,56.2749],[-3.9671,56.2453],[-3.9563,56.2465],[-3.9407,56.2283],[-3.9226,56.2298],[-3.9163,56.2249],[-3.9014,56.2335],[-3.8991,56.2276],[-3.8732,56.2144],[-3.8553,56.2243],[-3.843,56.2192],[-3.8403,56.2118],[-3.8438,56.2018],[-3.8364,56.1956],[-3.8294,56.1965]]]}},{"type":"Feature","properties":{"code":"UK328","name":"Stockton-on-Tees"},"geometry":{"type":"Polygon","coordinates":[[[-1.2508,54.6254],[-1.2342,54.6288],[-1.2156,54.6216],[-1.1587,54.6178],[-1.1675,54.6048],[-1.2017,54.5834],[-1.2307,54.5857],[-1.2481,54.5927],[-1.2587,54.5886],[-1.2624,54.572],[-1.2828,54.5648],[-1.2707,54.556],[-1.2854,54.5362],[-1.2793,54.5179],[-1.2348,54.5103],[-1.2423,54.5017],[-1.2567,54.5011],[-1.2532,54.4973],[-1.2574,54.4873],[-1.2811,54.4904],[-1.2868,54.4827],[-1.3436,54.4641],[-1.3463,54.4726],[-1.3644,54.466],[-1.3725,54.4723],[-1.3743,54.4842],[-1.3703,54.4861],[-1.3798,54.4926],[-1.3846,54.4868],[-1.3951,54.4857],[-1.4023,54.4942],[-1.4101,54.4897],[-1.41,54.4783],[-1.4307,54.4792],[-1.4271,54.4852],[-1.4363,54.491],[-1.4252,54.5006],[-1.4287,54.5131],[-1.4214,54.5197],[-1.4496,54.533],[-1.4426,54.5431],[-1.4468,54.5557],[-1.4113,54.5648],[-1.4168,54.5758],[-1.4073,54.5937],[-1.4261,54.6027],[-1.4314,54.5954],[-1.4383,54.5951],[-1.4508,54.6047],[-1.4485,54.611],[-1.43,54.6153],[-1.4261,54.6115],[-1.4128,54.6166],[-1.3873,54.6327],[-1.3904,54.6392],[-1.381,54.6439],[-1.3397,54.6362],[-1.3295,54.6365],[-1.3294,54.6431],[-1.3164,54.6453],[-1.2982,54.6355],[-1.299,54.628],[-1.2508,54.6254]]]}},{"type":"Feature","properties":{"code":"UK329","name":"Stoke-on-Trent"},"geometry":{"type":"Polygon","coordinates":[[[-2.1986,53.0927],[-2.1742,53.0903],[-2.1611,53.0701],[-2.1255,53.0646],[-2.124,53.0485],[-2.1318,53.0473],[-2.1195,53.0262],[-2.1238,53.0216],[-2.1034,53.0109],[-2.1079,53.0027],[-2.1012,52.9956],[-2.0885,52.9969],[-2.0918,52.9853],[-2.0797,52.9758],[-2.0858,52.9735],[-2.0812,52.967],[-2.1216,52.9561],[-2.1339,52.9738],[-2.1457,52.9761],[-2.1515,52.9712],[-2.1498,52.9652],[-2.1581,52.9631],[-2.1626,52.9533],[-2.1757,52.9477],[-2.1913,52.9501],[-2.1954,52.9642],[-2.2125,52.9806],[-2.2104,52.9848],[-2.2178,53.004],[-2.2115,53.007],[-2.2155,53.0153],[-2.2026,53.02],[-2.2279,53.0637],[-2.2341,53.0644],[-2.2387,53.0733],[-2.2115,53.0867],[-2.2014,53.0867],[-2.1986,53.0927]]]}},{"type":"Feature","properties":{"code":"UK330","name":"Suffolk"},"geometry":{"type":"MultiPolygon","coordinates":[[[[1.5368,52.0764],[1.5231,52.0716],[1.5198,52.0737],[1.5272,52.0805],[1.5368,52.0764]]],[[[1.7402,52.5321],[1.7632,52.4812],[1.7362,52.4513],[1.7296,52.4319],[1.7322,52.4182],[1.7277,52.4001],[1.6898,52.346],[1.6748,52.3136],[1.6587,52.325],[1.6375,52.3317],[1.6125,52.3268],[1.6007,52.3299],[1.5974,52.3238],[1.6065,52.3161],[1.6166,52.3168],[1.6382,52.33],[1.6723,52.3141],[1.6442,52.2953],[1.6345,52.2794],[1.6231,52.1885],[1.6102,52.1696],[1.5825,52.0908],[1.5649,52.0799],[1.4984,52.0602],[1.5375,52.0747],[1.5417,52.0792],[1.5397,52.0872],[1.5679,52.0979],[1.5708,52.1116],[1.5869,52.1198],[1.598,52.1397],[1.5922,52.1451],[1.5733,52.1455],[1.58,52.155],[1.5543,52.1655],[1.5015,52.1605],[1.505,52.1541],[1.5176,52.1501],[1.5257,52.1569],[1.5544,52.1505],[1.5677,52.1561],[1.5712,52.144],[1.5954,52.1411],[1.582,52.1198],[1.5662,52.1118],[1.566,52.1003],[1.536,52.0877],[1.5378,52.0811],[1.5249,52.0818],[1.5093,52.0696],[1.5005,52.0721],[1.4954,52.0643],[1.4609,52.047],[1.4562,52.0325],[1.4458,52.0274],[1.433,52.0082],[1.3937,51.9865],[1.3945,51.9928],[1.3879,52.0002],[1.3672,52.0077],[1.366,52.019],[1.3455,52.0307],[1.3523,52.045],[1.3438,52.0527],[1.3438,52.0641],[1.3309,52.0682],[1.3189,52.0805],[1.3212,52.088],[1.332,52.0942],[1.3304,52.0982],[1.311,52.0785],[1.3244,52.0677],[1.3196,52.066],[1.3324,52.0594],[1.3337,52.0484],[1.3395,52.046],[1.3353,52.0389],[1.3411,52.0356],[1.3423,52.0261],[1.3549,52.023],[1.3587,52.0102],[1.3916,51.9894],[1.3891,51.9801],[1.3697,51.9643],[1.3445,51.9569],[1.3229,51.9356],[1.3126,51.9506],[1.3156,51.9514],[1.2826,51.9661],[1.2833,51.9901],[1.1879,52.0152],[1.158,52.0346],[1.1536,52.0329],[1.1823,52.0085],[1.2035,52.0048],[1.2118,51.9964],[1.2672,51.9878],[1.2712,51.9794],[1.2675,51.9767],[1.2791,51.9603],[1.2693,51.9543],[1.2375,51.9611],[1.2197,51.9528],[1.1871,51.9557],[1.1793,51.964],[1.1629,51.9686],[1.1303,51.9535],[1.0842,51.9585],[1.0673,51.9523],[1.0539,51.953],[1.0504,51.9584],[1.0187,51.9532],[0.9987,51.964],[0.9681,51.9641],[0.9708,51.9701],[0.9633,51.977],[0.9429,51.9707],[0.9293,51.9715],[0.9252,51.9762],[0.8897,51.9734],[0.8865,51.9684],[0.8675,51.9691],[0.8502,51.9607],[0.8247,51.9685],[0.8141,51.9658],[0.8122,51.9609],[0.7724,51.9709],[0.7711,51.9821],[0.7597,51.9854],[0.761,51.9976],[0.7499,51.9999],[0.7492,52.0056],[0.7378,52.0122],[0.7424,52.0163],[0.7418,52.0295],[0.7368,52.0322],[0.7144,52.0273],[0.7066,52.0295],[0.7126,52.0349],[0.6988,52.0367],[0.6996,52.0483],[0.7127,52.049],[0.7031,52.0653],[0.7127,52.071],[0.7021,52.0795],[0.693,52.0785],[0.6877,52.0856],[0.6346,52.0863],[0.6257,52.0793],[0.6074,52.0809],[0.5718,52.0691],[0.5515,52.0688],[0.5462,52.0597],[0.5111,52.0599],[0.5046,52.0544],[0.4902,52.06],[0.4902,52.0671],[0.4703,52.0759],[0.4582,52.0761],[0.4519,52.068],[0.4046,52.0655],[0.4071,52.0708],[0.3908,52.0885],[0.3923,52.096],[0.3819,52.1027],[0.3897,52.1175],[0.4086,52.1238],[0.4048,52.1293],[0.4101,52.1344],[0.4174,52.1331],[0.4218,52.1604],[0.4359,52.1595],[0.4447,52.171],[0.4522,52.1732],[0.4724,52.164],[0.4875,52.1698],[0.5006,52.1933],[0.5031,52.2071],[0.5129,52.2136],[0.5132,52.2281],[0.495,52.2393],[0.4779,52.2345],[0.4555,52.2476],[0.4434,52.2426],[0.427,52.2536],[0.4145,52.2478],[0.421,52.2427],[0.4152,52.2381],[0.4087,52.2391],[0.395,52.2307],[0.3847,52.234],[0.3713,52.2266],[0.3427,52.2423],[0.361,52.2494],[0.3401,52.2677],[0.3552,52.2793],[0.353,52.2851],[0.3591,52.2892],[0.3608,52.2978],[0.3855,52.2896],[0.3854,52.283],[0.4038,52.2745],[0.4242,52.2558],[0.4941,52.272],[0.5013,52.2893],[0.4621,52.3088],[0.4575,52.3163],[0.4315,52.3158],[0.4242,52.3292],[0.4376,52.3353],[0.4426,52.3489],[0.4195,52.3526],[0.4155,52.3598],[0.4099,52.3602],[0.3747,52.4097],[0.4253,52.4304],[0.4499,52.4477],[0.5238,52.4482],[0.5281,52.4527],[0.5426,52.4503],[0.5592,52.4559],[0.6094,52.4527],[0.6156,52.4489],[0.6225,52.4537],[0.6423,52.451],[0.6683,52.4621],[0.6786,52.4547],[0.7056,52.4526],[0.7175,52.4467],[0.6849,52.4249],[0.6685,52.409],[0.6734,52.4042],[0.6947,52.3969],[0.7376,52.3951],[0.7499,52.3829],[0.766,52.3904],[0.7859,52.3865],[0.8355,52.4],[0.8554,52.3994],[0.8668,52.3904],[0.9368,52.3867],[0.9423,52.3789],[0.957,52.3719],[0.9803,52.3695],[1.03,52.3788],[1.0685,52.3785],[1.0755,52.3731],[1.1114,52.3717],[1.1554,52.3615],[1.1902,52.3618],[1.2149,52.3557],[1.233,52.365],[1.2499,52.3664],[1.2862,52.3907],[1.3163,52.3874],[1.3305,52.3935],[1.3358,52.402],[1.3465,52.4039],[1.3463,52.409],[1.3612,52.4132],[1.3577,52.4241],[1.3921,52.4341],[1.3932,52.4389],[1.408,52.4444],[1.435,52.448],[1.431,52.4568],[1.411,52.4616],[1.4179,52.4701],[1.4264,52.4706],[1.4461,52.456],[1.48,52.4719],[1.5017,52.4632],[1.5292,52.4684],[1.5594,52.4583],[1.5684,52.4745],[1.5859,52.4785],[1.6168,52.4633],[1.6347,52.4627],[1.6466,52.4718],[1.6587,52.4682],[1.6813,52.4872],[1.6826,52.4953],[1.6707,52.5042],[1.6591,52.5012],[1.6453,52.5087],[1.6476,52.5145],[1.6312,52.5207],[1.6289,52.5262],[1.6365,52.528],[1.6379,52.5376],[1.6591,52.5423],[1.668,52.5503],[1.704,52.5435],[1.7261,52.5306],[1.7402,52.5321]]]]}},{"type":"Feature","properties":{"code":"UK331","name":"Sunderland"},"geometry":{"type":"Polygon","coordinates":[[[-1.513,54.8806],[-1.5415,54.8734],[-1.5617,54.8757],[-1.5587,54.9066],[-1.5689,54.9246],[-1.5247,54.9331],[-1.4811,54.9298],[-1.4491,54.9341],[-1.4194,54.9299],[-1.3972,54.9398],[-1.3756,54.9369],[-1.3743,54.9435],[-1.364,54.9441],[-1.3672,54.9286],[-1.3629,54.9187],[-1.3733,54.9108],[-1.3869,54.9105],[-1.3959,54.9179],[-1.4027,54.9146],[-1.4247,54.9178],[-1.449,54.9104],[-1.4595,54.9036],[-1.4214,54.9165],[-1.4075,54.9128],[-1.3937,54.9159],[-1.3874,54.9097],[-1.372,54.9096],[-1.3614,54.9172],[-1.3531,54.9064],[-1.3615,54.8983],[-1.3476,54.8607],[-1.3688,54.8576],[-1.3816,54.8471],[-1.4136,54.8449],[-1.412,54.8419],[-1.4216,54.8395],[-1.4131,54.8246],[-1.4244,54.803],[-1.482,54.799],[-1.4944,54.8011],[-1.4843,54.8105],[-1.4942,54.816],[-1.4902,54.8202],[-1.5043,54.8312],[-1.5103,54.8601],[-1.5067,54.8711],[-1.5193,54.876],[-1.513,54.8806]],[[-1.4726,54.9029],[-1.5012,54.8871],[-1.5067,54.881],[-1.5128,54.8807],[-1.5063,54.8807],[-1.4726,54.9029]]]}},{"type":"Feature","properties":{"code":"UK332","name":"Surrey"},"geometry":{"type":"Polygon","coordinates":[[[-0.53,51.4701],[-0.4587,51.4563],[-0.4565,51.4382],[-0.4462,51.44],[-0.4477,51.435],[-0.4398,51.4346],[-0.4399,51.4306],[-0.419,51.4323],[-0.4054,51.4225],[-0.3867,51.4201],[-0.3794,51.4079],[-0.3592,51.4119],[-0.3286,51.3923],[-0.3177,51.3937],[-0.3087,51.3755],[-0.3175,51.372],[-0.3184,51.3637],[-0.3305,51.3484],[-0.3283,51.3264],[-0.3062,51.3351],[-0.2883,51.3621],[-0.2611,51.3796],[-0.245,51.3801],[-0.2454,51.3668],[-0.227,51.3626],[-0.2172,51.3434],[-0.2298,51.3365],[-0.214,51.3304],[-0.213,51.3355],[-0.1973,51.3436],[-0.1729,51.33],[-0.1631,51.3303],[-0.1641,51.3261],[-0.1565,51.3215],[-0.162,51.3196],[-0.1543,51.3104],[-0.1553,51.3013],[-0.1311,51.2955],[-0.1243,51.2867],[-0.0943,51.2993],[-0.0818,51.3106],[-0.0848,51.3159],[-0.0789,51.3198],[-0.0525,51.3224],[-0.0479,51.3265],[-0.0503,51.3326],[-0.0379,51.3387],[0.0022,51.3291],[0.015,51.2918],[0.0329,51.3075],[0.0444,51.2985],[0.0424,51.2926],[0.0482,51.2857],[0.0454,51.2766],[0.0573,51.2441],[0.0336,51.2113],[0.0527,51.1807],[0.0467,51.1735],[0.0543,51.1483],[0.05,51.1427],[0.0233,51.139],[-0.0203,51.141],[-0.0563,51.1368],[-0.0853,51.1428],[-0.0936,51.1384],[-0.1311,51.1395],[-0.1376,51.1422],[-0.1331,51.1592],[-0.161,51.1598],[-0.1775,51.1673],[-0.2122,51.1554],[-0.2115,51.1504],[-0.2552,51.1441],[-0.2547,51.139],[-0.2673,51.133],[-0.3003,51.1248],[-0.3265,51.1258],[-0.3444,51.119],[-0.3915,51.1165],[-0.4019,51.1078],[-0.4331,51.1007],[-0.4885,51.0973],[-0.5029,51.0886],[-0.5288,51.092],[-0.5394,51.0823],[-0.5776,51.0867],[-0.6039,51.0801],[-0.6292,51.089],[-0.696,51.0723],[-0.7066,51.0788],[-0.7535,51.0865],[-0.7598,51.1049],[-0.7492,51.1032],[-0.7456,51.1122],[-0.7693,51.1171],[-0.7824,51.1285],[-0.7811,51.1352],[-0.7914,51.1394],[-0.795,51.1495],[-0.8048,51.1553],[-0.8283,51.1452],[-0.8338,51.1497],[-0.8254,51.1812],[-0.8489,51.2108],[-0.829,51.2254],[-0.828,51.2331],[-0.8048,51.245],[-0.8018,51.239],[-0.7759,51.2419],[-0.7456,51.2305],[-0.7358,51.2377],[-0.7385,51.2411],[-0.7293,51.2565],[-0.7312,51.2804],[-0.7441,51.3093],[-0.7555,51.3135],[-0.7754,51.332],[-0.7353,51.365],[-0.6554,51.3872],[-0.625,51.3829],[-0.6172,51.3858],[-0.6219,51.3901],[-0.6051,51.4174],[-0.6051,51.4313],[-0.5716,51.451],[-0.554,51.4415],[-0.5277,51.4357],[-0.5245,51.4399],[-0.5315,51.4417],[-0.5267,51.4475],[-0.5406,51.4571],[-0.53,51.4701]]]}},{"type":"Feature","properties":{"code":"UK333","name":"Swansea"},"geometry":{"type":"Polygon","coordinates":[[[-3.9365,51.7713],[-3.8884,51.739],[-3.8803,51.7119],[-3.8742,51.7089],[-3.876,51.704],[-3.8427,51.6972],[-3.8511,51.6753],[-3.8601,51.6716],[-3.869,51.6583],[-3.8752,51.6575],[-3.8743,51.6493],[-3.8869,51.634],[-3.8863,51.6175],[-3.9185,51.6095],[-3.9287,51.6135],[-3.9612,51.6116],[-3.9919,51.5991],[-4.0007,51.5803],[-3.9979,51.5756],[-3.9773,51.5691],[-3.9807,51.565],[-3.9934,51.5631],[-4.0064,51.5676],[-4.0234,51.5639],[-4.0342,51.5701],[-4.0669,51.5578],[-4.1059,51.5691],[-4.1443,51.5676],[-4.1611,51.5553],[-4.1473,51.548],[-4.1528,51.541],[-4.1823,51.5484],[-4.2014,51.5475],[-4.2155,51.5411],[-4.2361,51.5418],[-4.2832,51.5616],[-4.3056,51.5646],[-4.2906,51.5698],[-4.289,51.5763],[-4.2963,51.5964],[-4.3062,51.6085],[-4.3029,51.6135],[-4.2861,51.6137],[-4.2724,51.6249],[-4.255,51.6309],[-4.2455,51.6476],[-4.2329,51.6411],[-4.2379,51.631],[-4.1696,51.6243],[-4.1584,51.6343],[-4.143,51.6342],[-4.1341,51.6416],[-4.1205,51.6416],[-4.1135,51.6497],[-4.0759,51.6573],[-4.0793,51.6631],[-4.0682,51.669],[-4.0772,51.682],[-4.0684,51.6846],[-4.0601,51.698],[-4.0525,51.6992],[-4.0452,51.7202],[-4.0503,51.7258],[-4.044,51.7362],[-4.0319,51.7386],[-4.0251,51.7491],[-4.0016,51.7626],[-4.0052,51.7688],[-3.9962,51.7742],[-3.9798,51.7648],[-3.9652,51.7637],[-3.9365,51.7713]]]}},{"type":"Feature","properties":{"code":"UK334","name":"Swindon"},"geometry":{"type":"Polygon","coordinates":[[[-1.6831,51.6901],[-1.6969,51.6811],[-1.6991,51.6695],[-1.6906,51.6638],[-1.6798,51.6448],[-1.6599,51.635],[-1.6732,51.6226],[-1.667,51.6163],[-1.6906,51.6055],[-1.6855,51.5875],[-1.6911,51.5836],[-1.6765,51.5695],[-1.6551,51.5765],[-1.6476,51.5719],[-1.6138,51.5365],[-1.6029,51.5183],[-1.7191,51.5007],[-1.7158,51.4884],[-1.7463,51.4857],[-1.7977,51.4844],[-1.813,51.4965],[-1.8135,51.5071],[-1.8375,51.5008],[-1.8412,51.5106],[-1.8307,51.5112],[-1.8301,51.5155],[-1.8538,51.5505],[-1.8496,51.5536],[-1.8623,51.56],[-1.8452,51.5617],[-1.843,51.5771],[-1.8319,51.5967],[-1.8399,51.5999],[-1.8423,51.6121],[-1.8283,51.6251],[-1.8143,51.6245],[-1.8064,51.6327],[-1.7886,51.6327],[-1.7972,51.6609],[-1.7886,51.667],[-1.777,51.6693],[-1.7614,51.6625],[-1.7208,51.6689],[-1.711,51.6718],[-1.7097,51.6816],[-1.6936,51.6927],[-1.6831,51.6901]]]}},{"type":"Feature","properties":{"code":"UK335","name":"Telford and Wrekin"},"geometry":{"type":"Polygon","coordinates":[[[-2.4164,52.827],[-2.3777,52.8116],[-2.3709,52.8003],[-2.3731,52.7939],[-2.3807,52.7947],[-2.3789,52.7841],[-2.3659,52.7832],[-2.3673,52.7783],[-2.3301,52.7579],[-2.3304,52.7517],[-2.3122,52.7409],[-2.3155,52.733],[-2.3301,52.7295],[-2.3673,52.7332],[-2.3751,52.7408],[-2.381,52.7243],[-2.4036,52.7014],[-2.4013,52.6845],[-2.419,52.6629],[-2.4183,52.6338],[-2.4366,52.6271],[-2.4341,52.6182],[-2.4381,52.6146],[-2.5009,52.6297],[-2.5301,52.6495],[-2.5484,52.6553],[-2.5542,52.66],[-2.5494,52.6663],[-2.5557,52.6711],[-2.6225,52.699],[-2.6235,52.703],[-2.6054,52.7068],[-2.6019,52.7197],[-2.6243,52.7195],[-2.632,52.7268],[-2.6603,52.7317],[-2.6641,52.7363],[-2.6607,52.7422],[-2.6673,52.7502],[-2.6616,52.7547],[-2.6635,52.7604],[-2.6431,52.7671],[-2.6293,52.7661],[-2.621,52.7765],[-2.5898,52.7795],[-2.5953,52.7976],[-2.5827,52.8056],[-2.5739,52.8063],[-2.5658,52.7997],[-2.553,52.803],[-2.5401,52.7938],[-2.5389,52.7861],[-2.5295,52.7871],[-2.5212,52.7991],[-2.5031,52.7966],[-2.4925,52.8023],[-2.4787,52.7978],[-2.49,52.7839],[-2.483,52.7806],[-2.4577,52.7834],[-2.4578,52.7985],[-2.4708,52.8193],[-2.4164,52.827]]]}},{"type":"Feature","properties":{"code":"UK336","name":"Thurrock"},"geometry":{"type":"Polygon","coordinates":[[[0.4965,51.5387],[0.5063,51.5382],[0.5217,51.5162],[0.5412,51.5126],[0.4873,51.5026],[0.4686,51.5012],[0.4605,51.5071],[0.4411,51.5032],[0.4456,51.4981],[0.4401,51.4919],[0.4343,51.462],[0.4154,51.4558],[0.3409,51.4523],[0.3253,51.4716],[0.3086,51.4744],[0.2918,51.4698],[0.2815,51.4614],[0.2105,51.4902],[0.215,51.4965],[0.2299,51.4994],[0.2266,51.5066],[0.2419,51.5079],[0.2372,51.5194],[0.2508,51.5288],[0.2538,51.5178],[0.2636,51.5178],[0.2653,51.5321],[0.3339,51.5425],[0.3154,51.5578],[0.313,51.5658],[0.3918,51.5672],[0.3935,51.5576],[0.4187,51.5566],[0.4399,51.5451],[0.4616,51.5536],[0.4669,51.5474],[0.4817,51.5486],[0.4965,51.5387]]]}},{"type":"Feature","properties":{"code":"UK337","name":"Torbay"},"geometry":{"type":"Polygon","coordinates":[[[-3.5091,50.5166],[-3.5148,50.4817],[-3.4904,50.4692],[-3.4868,50.4631],[-3.4912,50.4581],[-3.5042,50.4596],[-3.5159,50.4537],[-3.5335,50.4631],[-3.5402,50.4605],[-3.5572,50.4425],[-3.5591,50.4355],[-3.5544,50.4283],[-3.5591,50.4277],[-3.5592,50.4208],[-3.5552,50.4068],[-3.5446,50.4021],[-3.5196,50.4032],[-3.5123,50.3977],[-3.4886,50.4004],[-3.4929,50.3915],[-3.5033,50.3886],[-3.502,50.3841],[-3.5076,50.3792],[-3.5443,50.3735],[-3.5554,50.3781],[-3.5632,50.3904],[-3.5755,50.3972],[-3.578,50.4084],[-3.599,50.4093],[-3.614,50.4154],[-3.6141,50.4228],[-3.6281,50.426],[-3.6236,50.4413],[-3.5869,50.4522],[-3.5906,50.4623],[-3.5828,50.4691],[-3.5844,50.4792],[-3.575,50.4869],[-3.5438,50.4973],[-3.5367,50.5059],[-3.5199,50.5111],[-3.5209,50.5177],[-3.5091,50.5166]]]}},{"type":"Feature","properties":{"code":"UK338","name":"Torfaen"},"geometry":{"type":"Polygon","coordinates":[[[-2.9589,51.6288],[-2.9839,51.6273],[-3.0239,51.6165],[-3.0472,51.6225],[-3.0496,51.6173],[-3.0449,51.6122],[-3.0491,51.6082],[-3.1021,51.6314],[-3.0748,51.6522],[-3.0716,51.6742],[-3.0844,51.6884],[-3.102,51.6821],[-3.1156,51.6852],[-3.1171,51.6944],[-3.1094,51.7023],[-3.1078,51.7151],[-3.1119,51.7347],[-3.1065,51.7417],[-3.1149,51.7586],[-3.1061,51.7612],[-3.1439,51.7861],[-3.1342,51.7929],[-3.1084,51.7963],[-3.0589,51.7836],[-3.0434,51.7704],[-3.0514,51.7645],[-3.0446,51.756],[-3.0278,51.7453],[-3.0338,51.7255],[-3.0254,51.7181],[-3.0048,51.7214],[-2.9824,51.7139],[-3.002,51.6909],[-2.9686,51.6914],[-2.9807,51.6762],[-2.9897,51.6757],[-2.99,51.6801],[-3.0016,51.6778],[-3.0035,51.6691],[-2.9806,51.6549],[-2.9731,51.634],[-2.9589,51.6288]]]}},{"type":"Feature","properties":{"code":"UK339","name":"Vale of Glamorgan"},"geometry":{"type":"Polygon","coordinates":[[[-3.3794,51.5125],[-3.3116,51.5072],[-3.2983,51.4999],[-3.2715,51.4653],[-3.2481,51.4645],[-3.241,51.4706],[-3.2182,51.4747],[-3.1851,51.4473],[-3.1657,51.4461],[-3.1705,51.4059],[-3.1968,51.3996],[-3.2222,51.4036],[-3.2706,51.3898],[-3.3108,51.3927],[-3.3415,51.3811],[-3.4052,51.3815],[-3.4105,51.3868],[-3.4479,51.3881],[-3.5199,51.4001],[-3.5398,51.3976],[-3.5589,51.4013],[-3.5989,51.4421],[-3.6415,51.4632],[-3.642,51.4679],[-3.6121,51.4809],[-3.5841,51.4834],[-3.5548,51.4928],[-3.5329,51.4816],[-3.5284,51.4998],[-3.4975,51.5126],[-3.462,51.5141],[-3.4377,51.5066],[-3.4096,51.5062],[-3.4053,51.5],[-3.3998,51.5001],[-3.3965,51.5077],[-3.3794,51.5125]]]}},{"type":"Feature","properties":{"code":"UK340","name":"Warrington"},"geometry":{"type":"Polygon","coordinates":[[[-2.4494,53.4159],[-2.4717,53.3977],[-2.4683,53.3938],[-2.4484,53.3948],[-2.4266,53.3875],[-2.4255,53.3797],[-2.4399,53.3667],[-2.4588,53.3683],[-2.4671,53.3637],[-2.4897,53.3669],[-2.521,53.3479],[-2.5184,53.3424],[-2.5631,53.3231],[-2.5864,53.3294],[-2.5951,53.3224],[-2.6199,53.3319],[-2.6096,53.3462],[-2.6315,53.346],[-2.6268,53.3587],[-2.6306,53.364],[-2.6752,53.3544],[-2.6933,53.3618],[-2.6971,53.3685],[-2.6968,53.3825],[-2.6762,53.3876],[-2.6714,53.4002],[-2.6723,53.422],[-2.6638,53.4285],[-2.6752,53.433],[-2.6688,53.4394],[-2.6822,53.4393],[-2.6744,53.4529],[-2.6325,53.4416],[-2.63,53.4352],[-2.5917,53.4466],[-2.5854,53.4398],[-2.5704,53.4585],[-2.549,53.4614],[-2.5505,53.468],[-2.4963,53.481],[-2.4892,53.4758],[-2.4923,53.4652],[-2.4761,53.4482],[-2.4782,53.4434],[-2.4618,53.4364],[-2.449,53.4229],[-2.4494,53.4159]]]}},{"type":"Feature","properties":{"code":"UK341","name":"Warwickshire"},"geometry":{"type":"Polygon","coordinates":[[[-1.2408,52.4402],[-1.1721,52.3613],[-1.175,52.3563],[-1.2333,52.3465],[-1.2624,52.3341],[-1.2609,52.3279],[-1.2476,52.3219],[-1.2093,52.3152],[-1.2338,52.2903],[-1.2254,52.2882],[-1.2159,52.264],[-1.2352,52.2493],[-1.2544,52.2475],[-1.2677,52.2374],[-1.2846,52.2386],[-1.2763,52.2232],[-1.2609,52.216],[-1.2549,52.1978],[-1.3131,52.1905],[-1.3183,52.1815],[-1.3324,52.1723],[-1.334,52.1591],[-1.3435,52.1533],[-1.341,52.1449],[-1.3557,52.136],[-1.3854,52.1284],[-1.3932,52.119],[-1.3708,52.1176],[-1.3577,52.1013],[-1.3854,52.0941],[-1.4038,52.1101],[-1.4246,52.1182],[-1.4534,52.113],[-1.4471,52.0977],[-1.4675,52.0971],[-1.4773,52.1014],[-1.4801,52.0936],[-1.4944,52.0822],[-1.4907,52.0771],[-1.5019,52.0717],[-1.4972,52.0609],[-1.5228,51.9968],[-1.5291,51.9926],[-1.544,51.9963],[-1.5568,51.9893],[-1.5496,51.9808],[-1.5806,51.973],[-1.6004,51.9769],[-1.5916,51.9704],[-1.6123,51.9554],[-1.6699,51.9931],[-1.642,52.0103],[-1.6387,52.0205],[-1.6175,52.0334],[-1.6269,52.0379],[-1.6649,52.0318],[-1.6672,52.0361],[-1.6951,52.0405],[-1.6899,52.0532],[-1.7052,52.0597],[-1.7017,52.0728],[-1.7098,52.0734],[-1.7143,52.0667],[-1.7307,52.0734],[-1.7281,52.0884],[-1.7329,52.0951],[-1.7468,52.0933],[-1.7677,52.1126],[-1.7933,52.1218],[-1.7928,52.1278],[-1.7856,52.132],[-1.8085,52.1398],[-1.8233,52.1364],[-1.8233,52.1459],[-1.8397,52.1527],[-1.8482,52.1499],[-1.8458,52.1427],[-1.8541,52.1385],[-1.8669,52.1446],[-1.8669,52.153],[-1.8891,52.1563],[-1.8951,52.1508],[-1.8851,52.1469],[-1.9002,52.1357],[-1.922,52.153],[-1.9443,52.1554],[-1.9341,52.1654],[-1.9356,52.1696],[-1.9604,52.1687],[-1.9606,52.174],[-1.9495,52.173],[-1.9414,52.1778],[-1.9349,52.1929],[-1.9366,52.2025],[-1.9201,52.2103],[-1.9175,52.2238],[-1.9354,52.2545],[-1.9374,52.2761],[-1.9168,52.2752],[-1.8938,52.2834],[-1.876,52.3042],[-1.881,52.311],[-1.8704,52.3126],[-1.8667,52.3183],[-1.8674,52.3312],[-1.889,52.361],[-1.872,52.3676],[-1.8079,52.3667],[-1.7777,52.3477],[-1.7719,52.3512],[-1.779,52.3578],[-1.7802,52.3638],[-1.7757,52.3659],[-1.7435,52.3553],[-1.734,52.3708],[-1.7203,52.3726],[-1.7203,52.3572],[-1.6914,52.3531],[-1.685,52.356],[-1.6846,52.3631],[-1.6609,52.3657],[-1.6485,52.3568],[-1.608,52.3764],[-1.6088,52.383],[-1.601,52.3893],[-1.5649,52.3823],[-1.5549,52.3744],[-1.5582,52.3687],[-1.5524,52.3639],[-1.5355,52.3776],[-1.5246,52.3794],[-1.514,52.369],[-1.5045,52.3778],[-1.4805,52.3743],[-1.445,52.3864],[-1.4327,52.395],[-1.431,52.4003],[-1.438,52.4101],[-1.4252,52.4348],[-1.4466,52.4426],[-1.445,52.4465],[-1.4621,52.4578],[-1.4919,52.4586],[-1.4917,52.455],[-1.505,52.4501],[-1.535,52.4595],[-1.5398,52.4648],[-1.5514,52.457],[-1.5684,52.4561],[-1.5899,52.4619],[-1.5985,52.4544],[-1.6183,52.4642],[-1.6269,52.4623],[-1.6246,52.457],[-1.6413,52.4433],[-1.6528,52.4407],[-1.6622,52.4443],[-1.6665,52.4355],[-1.682,52.4397],[-1.7098,52.4665],[-1.7148,52.4786],[-1.7571,52.5178],[-1.7289,52.5245],[-1.7435,52.5327],[-1.7491,52.5314],[-1.7558,52.5548],[-1.7742,52.5646],[-1.7646,52.5694],[-1.7682,52.5743],[-1.7767,52.5745],[-1.7881,52.5879],[-1.7413,52.5943],[-1.7375,52.589],[-1.6886,52.5886],[-1.686,52.5934],[-1.6657,52.5922],[-1.6516,52.5984],[-1.6398,52.6084],[-1.636,52.6196],[-1.6425,52.6314],[-1.6342,52.643],[-1.645,52.6575],[-1.606,52.6732],[-1.5896,52.6873],[-1.5528,52.6684],[-1.5425,52.6537],[-1.547,52.6422],[-1.571,52.6341],[-1.5669,52.6206],[-1.5544,52.6147],[-1.5607,52.5962],[-1.5375,52.5896],[-1.5252,52.5803],[-1.5229,52.5706],[-1.4189,52.5378],[-1.3078,52.4946],[-1.2408,52.4402]]]}},{"type":"Feature","properties":{"code":"UK342","name":"West Berkshire"},"geometry":{"type":"Polygon","coordinates":[[[-1.0365,51.4752],[-1.0529,51.4603],[-1.0468,51.4562],[-1.0468,51.4501],[-1.034,51.4527],[-1.0234,51.4443],[-1.0216,51.4357],[-1.0038,51.4326],[-0.9992,51.4122],[-1.0119,51.3929],[-0.9818,51.3756],[-0.9919,51.3666],[-0.9861,51.3628],[-1.0501,51.3582],[-1.0866,51.384],[-1.1154,51.3742],[-1.1158,51.3604],[-1.1441,51.3573],[-1.1697,51.3607],[-1.177,51.3573],[-1.2251,51.3695],[-1.2416,51.3663],[-1.2486,51.3719],[-1.2735,51.3675],[-1.3247,51.3725],[-1.3488,51.3672],[-1.4111,51.3728],[-1.4284,51.3567],[-1.4441,51.3549],[-1.445,51.3482],[-1.4297,51.3365],[-1.4984,51.3294],[-1.4866,51.3453],[-1.4868,51.3494],[-1.5005,51.3563],[-1.4952,51.3677],[-1.5135,51.3721],[-1.517,51.3788],[-1.5239,51.3781],[-1.5556,51.3956],[-1.5529,51.4101],[-1.5622,51.4082],[-1.5712,51.4164],[-1.532,51.4296],[-1.5239,51.4414],[-1.5249,51.4502],[-1.5291,51.4555],[-1.5485,51.4606],[-1.5669,51.4769],[-1.5705,51.4862],[-1.5823,51.4941],[-1.5881,51.5135],[-1.5811,51.537],[-1.5549,51.5534],[-1.5307,51.5481],[-1.5146,51.5512],[-1.4861,51.5406],[-1.4859,51.534],[-1.463,51.5302],[-1.4649,51.5348],[-1.4478,51.5364],[-1.4266,51.5456],[-1.4227,51.5357],[-1.4043,51.5463],[-1.3959,51.5403],[-1.3838,51.5404],[-1.378,51.5497],[-1.3674,51.5525],[-1.344,51.5434],[-1.3332,51.5604],[-1.2866,51.5516],[-1.2607,51.5377],[-1.2299,51.5346],[-1.2061,51.5376],[-1.2047,51.5284],[-1.1403,51.5429],[-1.1347,51.5328],[-1.1441,51.522],[-1.1421,51.5162],[-1.1338,51.5113],[-1.1196,51.5118],[-1.1091,51.5052],[-1.1002,51.4889],[-1.0884,51.4858],[-1.0597,51.4918],[-1.0438,51.4894],[-1.0376,51.484],[-1.0365,51.4752]]]}},{"type":"Feature","properties":{"code":"UK343","name":"West Dunbartonshire"},"geometry":{"type":"Polygon","coordinates":[[[-4.4021,55.9718],[-4.3981,55.9553],[-4.3865,55.9525],[-4.389,55.9339],[-4.3827,55.9335],[-4.3797,55.921],[-4.39,55.9105],[-4.3762,55.9015],[-4.3837,55.8921],[-4.3923,55.8895],[-4.4178,55.9031],[-4.4374,55.9062],[-4.4666,55.9248],[-4.4833,55.9301],[-4.5412,55.9331],[-4.6096,55.9466],[-4.6023,55.958],[-4.625,55.9724],[-4.6144,55.9809],[-4.6417,55.994],[-4.6416,55.9991],[-4.6537,55.9984],[-4.6598,56.0028],[-4.653,56.0081],[-4.6303,56.0027],[-4.6232,56.0061],[-4.63,56.009],[-4.6016,56.0202],[-4.622,56.045],[-4.6028,56.0703],[-4.5981,56.0842],[-4.5873,56.0732],[-4.5323,56.0734],[-4.5062,56.0586],[-4.5004,56.065],[-4.4862,56.0641],[-4.4775,56.0588],[-4.4819,56.0508],[-4.4989,56.0476],[-4.4882,56.0408],[-4.4921,56.0337],[-4.4888,56.0248],[-4.479,56.0192],[-4.4827,56.0123],[-4.4701,56.0021],[-4.4487,56.0045],[-4.4303,55.9791],[-4.414,55.9713],[-4.4021,55.9718]]]}},{"type":"Feature","properties":{"code":"UK344","name":"West Lothian"},"geometry":{"type":"Polygon","coordinates":[[[-3.4254,55.9938],[-3.432,55.9892],[-3.4297,55.9818],[-3.4483,55.9775],[-3.4421,55.9692],[-3.4433,55.9614],[-3.4259,55.9593],[-3.4249,55.9537],[-3.4496,55.951],[-3.4329,55.9373],[-3.4279,55.9262],[-3.4441,55.9077],[-3.4214,55.9018],[-3.3899,55.9027],[-3.3867,55.8978],[-3.4035,55.8873],[-3.4013,55.8818],[-3.4138,55.8783],[-3.4052,55.87],[-3.4193,55.8462],[-3.3909,55.825],[-3.4158,55.8095],[-3.4259,55.8106],[-3.4355,55.8055],[-3.4446,55.7935],[-3.4388,55.7857],[-3.4717,55.771],[-3.5471,55.7907],[-3.5549,55.7857],[-3.5879,55.8018],[-3.5916,55.8102],[-3.6232,55.8025],[-3.6579,55.8017],[-3.6798,55.7941],[-3.6858,55.7974],[-3.6987,55.7946],[-3.7199,55.7879],[-3.7327,55.7778],[-3.744,55.782],[-3.7335,55.793],[-3.7417,55.7994],[-3.7158,55.8131],[-3.7398,55.8305],[-3.749,55.8564],[-3.7471,55.8655],[-3.7111,55.8738],[-3.712,55.8821],[-3.7251,55.8849],[-3.7954,55.8735],[-3.8122,55.8839],[-3.8229,55.8838],[-3.8284,55.8923],[-3.7682,55.9078],[-3.7392,55.9331],[-3.7105,55.9337],[-3.6775,55.9424],[-3.668,55.9486],[-3.6743,55.9531],[-3.6645,55.9602],[-3.6563,55.9587],[-3.6495,55.9687],[-3.6319,55.9738],[-3.6324,55.982],[-3.6153,55.987],[-3.6141,55.9914],[-3.6012,55.9924],[-3.5989,55.9971],[-3.543,55.9858],[-3.5302,55.9864],[-3.5287,55.9928],[-3.5115,55.994],[-3.5163,56.0018],[-3.4254,55.9938]]]}},{"type":"Feature","properties":{"code":"UK345","name":"West Midlands Conurbation"},"geometry":{"type":"Polygon","coordinates":[[[-1.5684,52.4561],[-1.5514,52.457],[-1.5398,52.4648],[-1.535,52.4595],[-1.505,52.4501],[-1.4917,52.455],[-1.4919,52.4586],[-1.4621,52.4578],[-1.445,52.4465],[-1.4466,52.4426],[-1.4252,52.4348],[-1.438,52.4101],[-1.431,52.4003],[-1.4327,52.395],[-1.445,52.3864],[-1.4805,52.3743],[-1.5045,52.3778],[-1.514,52.369],[-1.5246,52.3794],[-1.5355,52.3776],[-1.5524,52.3639],[-1.5582,52.3687],[-1.5549,52.3744],[-1.5649,52.3823],[-1.601,52.3893],[-1.6088,52.383],[-1.608,52.3764],[-1.6485,52.3568],[-1.6609,52.3657],[-1.6846,52.3631],[-1.685,52.356],[-1.6914,52.3531],[-1.7203,52.3572],[-1.7203,52.3726],[-1.734,52.3708],[-1.7435,52.3553],[-1.7757,52.3659],[-1.7802,52.3638],[-1.779,52.3578],[-1.7719,52.3512],[-1.7777,52.3477],[-1.8079,52.3667],[-1.872,52.3676],[-1.8455,52.4004],[-1.8687,52.4048],[-1.8826,52.3998],[-1.8861,52.4044],[-1.9147,52.4068],[-1.9186,52.3982],[-1.9346,52.3879],[-1.9536,52.3933],[-1.9589,52.3883],[-1.9649,52.3922],[-2.0001,52.3816],[-2.013,52.3887],[-2.0216,52.4002],[-2.0309,52.4009],[-2.0281,52.4065],[-1.9977,52.4097],[-1.9911,52.4154],[-2.017,52.4327],[-2.0371,52.4275],[-2.0399,52.4375],[-2.0585,52.4407],[-2.0608,52.4275],[-2.0676,52.4326],[-2.086,52.4329],[-2.0903,52.4427],[-2.0986,52.4453],[-2.1361,52.4263],[-2.1649,52.4302],[-2.1764,52.456],[-2.1676,52.4712],[-2.1779,52.4794],[-2.1822,52.4931],[-2.1886,52.4946],[-2.1847,52.5],[-2.1918,52.5034],[-2.1782,52.5117],[-2.1454,52.5177],[-2.146,52.5233],[-2.1515,52.5252],[-2.1374,52.5333],[-2.1354,52.5434],[-2.1392,52.5481],[-2.1334,52.5541],[-2.1409,52.5585],[-2.1452,52.5547],[-2.1755,52.5544],[-2.1755,52.5644],[-2.1835,52.5769],[-2.2017,52.5788],[-2.2069,52.5865],[-2.1893,52.5886],[-2.192,52.608],[-2.1804,52.6049],[-2.1676,52.6115],[-2.1709,52.6143],[-2.1676,52.6204],[-2.1515,52.6246],[-2.153,52.6298],[-2.1372,52.6297],[-2.1316,52.6354],[-2.1012,52.6351],[-2.0974,52.6238],[-2.081,52.6119],[-2.0674,52.6121],[-2.0687,52.6182],[-2.0639,52.6207],[-2.0356,52.6218],[-2.0039,52.6372],[-1.9646,52.6408],[-1.9603,52.6443],[-1.9599,52.662],[-1.9404,52.6563],[-1.9336,52.6616],[-1.9236,52.6556],[-1.9128,52.6582],[-1.9087,52.654],[-1.918,52.6499],[-1.905,52.6432],[-1.916,52.6353],[-1.8863,52.6156],[-1.8923,52.5991],[-1.8782,52.5877],[-1.8725,52.5849],[-1.8548,52.6013],[-1.8279,52.6087],[-1.7966,52.5991],[-1.7883,52.5846],[-1.7767,52.5745],[-1.7682,52.5743],[-1.7646,52.5694],[-1.7742,52.5646],[-1.7558,52.5548],[-1.7491,52.5314],[-1.7435,52.5327],[-1.7289,52.5245],[-1.7571,52.5178],[-1.7148,52.4786],[-1.7098,52.4665],[-1.682,52.4397],[-1.6665,52.4355],[-1.6622,52.4443],[-1.6528,52.4407],[-1.6413,52.4433],[-1.6246,52.457],[-1.6269,52.4623],[-1.6183,52.4642],[-1.5985,52.4544],[-1.5899,52.4619],[-1.5684,52.4561]]]}},{"type":"Feature","properties":{"code":"UK346","name":"West Sussex"},"geometry":{"type":"Polygon","coordinates":[[[-0.5507,50.8098],[-0.5419,50.8002],[-0.694,50.7788],[-0.7506,50.7617],[-0.7567,50.7674],[-0.7554,50.7721],[-0.7623,50.773],[-0.7804,50.7654],[-0.767,50.7593],[-0.7628,50.7434],[-0.7864,50.7224],[-0.8414,50.7528],[-0.9157,50.7799],[-0.9141,50.7838],[-0.9051,50.7821],[-0.9015,50.79],[-0.8945,50.7902],[-0.8909,50.7998],[-0.8779,50.8077],[-0.8444,50.7997],[-0.8255,50.8044],[-0.8247,50.8102],[-0.8144,50.8142],[-0.8089,50.8306],[-0.8171,50.8296],[-0.8229,50.8142],[-0.8428,50.8046],[-0.8681,50.8129],[-0.87,50.8178],[-0.8607,50.8282],[-0.8622,50.8388],[-0.8701,50.837],[-0.8653,50.8272],[-0.8774,50.8119],[-0.8922,50.8184],[-0.8965,50.832],[-0.8937,50.8378],[-0.9166,50.8362],[-0.9075,50.8167],[-0.9119,50.8012],[-0.9275,50.8118],[-0.9426,50.8154],[-0.9415,50.8275],[-0.9315,50.8405],[-0.9345,50.8497],[-0.927,50.865],[-0.9555,50.8911],[-0.9403,50.918],[-0.924,50.9242],[-0.9373,50.9421],[-0.9318,50.9456],[-0.9293,50.9583],[-0.9152,50.9715],[-0.9177,50.9787],[-0.9079,50.9941],[-0.8934,51.0028],[-0.8978,51.0103],[-0.8953,51.0234],[-0.8529,51.0449],[-0.8501,51.0593],[-0.8428,51.0669],[-0.8315,51.0685],[-0.8298,51.0635],[-0.8199,51.0607],[-0.7955,51.0649],[-0.7807,51.0793],[-0.7535,51.0865],[-0.7066,51.0788],[-0.696,51.0723],[-0.6292,51.089],[-0.6039,51.0801],[-0.5776,51.0867],[-0.5394,51.0823],[-0.5288,51.092],[-0.5029,51.0886],[-0.4885,51.0973],[-0.4331,51.1007],[-0.4019,51.1078],[-0.3915,51.1165],[-0.3444,51.119],[-0.3265,51.1258],[-0.3003,51.1248],[-0.2752,51.1303],[-0.2547,51.139],[-0.2552,51.1441],[-0.2115,51.1504],[-0.2122,51.1554],[-0.1775,51.1673],[-0.161,51.1598],[-0.1331,51.1592],[-0.1376,51.1422],[-0.1311,51.1395],[-0.0936,51.1384],[-0.0853,51.1428],[-0.0563,51.1368],[0.0273,51.1398],[0.0251,51.1234],[0.0414,51.1103],[0.0255,51.1091],[0.0187,51.1035],[0.0095,51.1104],[-0.0109,51.0965],[-0.0308,51.0942],[-0.0268,51.0752],[-0.0132,51.074],[-0.015,51.0693],[-0.0085,51.0576],[0.0137,51.057],[-0.0017,51.0484],[-0.012,51.0288],[-0.0208,51.0274],[-0.0215,51.0172],[-0.016,51.0148],[-0.02,51.008],[-0.0188,50.989],[-0.0246,50.98],[-0.0638,50.9792],[-0.0673,50.9891],[-0.0736,50.9916],[-0.0838,50.9907],[-0.0941,50.9794],[-0.1089,50.9802],[-0.1163,50.9735],[-0.1163,50.9672],[-0.1056,50.9644],[-0.1054,50.9431],[-0.118,50.9453],[-0.1351,50.8866],[-0.1532,50.8849],[-0.153,50.8799],[-0.1681,50.8807],[-0.1694,50.8899],[-0.1779,50.8905],[-0.1898,50.8744],[-0.1877,50.8686],[-0.2139,50.8704],[-0.2142,50.8752],[-0.2326,50.8759],[-0.2376,50.8718],[-0.2406,50.8652],[-0.2354,50.8524],[-0.216,50.8276],[-0.2513,50.8303],[-0.2522,50.8259],[-0.2762,50.8268],[-0.3726,50.8086],[-0.4444,50.8023],[-0.5418,50.802],[-0.5507,50.8098]],[[-0.5756,50.8266],[-0.5728,50.8167],[-0.5617,50.8178],[-0.5608,50.8126],[-0.5546,50.8112],[-0.5608,50.8182],[-0.5736,50.8197],[-0.5756,50.8266]],[[-0.5755,50.8268],[-0.5663,50.8303],[-0.5684,50.8343],[-0.5708,50.8326],[-0.5755,50.8268]],[[-0.5656,50.844],[-0.5631,50.8378],[-0.5653,50.8437],[-0.5592,50.852],[-0.5461,50.8516],[-0.552,50.854],[-0.5603,50.8519],[-0.5656,50.844]],[[-0.5454,50.8521],[-0.5388,50.8573],[-0.5464,50.8603],[-0.5442,50.866],[-0.5317,50.8646],[-0.5355,50.8689],[-0.5449,50.8663],[-0.5471,50.8602],[-0.5393,50.8573],[-0.5454,50.8521]],[[-0.5317,50.8727],[-0.5253,50.8674],[-0.5311,50.8733],[-0.5317,50.8727]]]}},{"type":"Feature","properties":{"code":"UK347","name":"West Yorkshire"},"geometry":{"type":"Polygon","coordinates":[[[-1.2922,53.7388],[-1.271,53.7234],[-1.269,53.7151],[-1.2577,53.7119],[-1.2295,53.7149],[-1.1989,53.7007],[-1.199,53.6949],[-1.2445,53.6925],[-1.244,53.6732],[-1.2523,53.6667],[-1.2469,53.6556],[-1.2552,53.6489],[-1.2536,53.6412],[-1.2292,53.6169],[-1.2483,53.6164],[-1.2448,53.6082],[-1.2523,53.6071],[-1.2489,53.6019],[-1.2581,53.592],[-1.2766,53.59],[-1.2823,53.583],[-1.3078,53.5753],[-1.3539,53.5834],[-1.3546,53.5921],[-1.3639,53.6018],[-1.379,53.6066],[-1.4002,53.5987],[-1.4481,53.6117],[-1.4786,53.5984],[-1.5186,53.5997],[-1.5364,53.5938],[-1.5508,53.6044],[-1.5864,53.6071],[-1.5879,53.5935],[-1.6017,53.5877],[-1.5984,53.5766],[-1.6097,53.572],[-1.6156,53.5631],[-1.6609,53.5596],[-1.6619,53.5537],[-1.6991,53.5538],[-1.7042,53.5603],[-1.7231,53.5599],[-1.7244,53.5522],[-1.7425,53.5411],[-1.7719,53.5338],[-1.8042,53.5371],[-1.8223,53.5211],[-1.8419,53.5199],[-1.8707,53.5392],[-1.8941,53.5336],[-1.9097,53.5384],[-1.9128,53.5516],[-1.9427,53.5616],[-1.9463,53.5715],[-1.9817,53.5893],[-2.0095,53.6168],[-2.023,53.6158],[-2.0309,53.6292],[-2.0299,53.6362],[-2.0412,53.6408],[-2.0371,53.6624],[-2.0521,53.6694],[-2.0548,53.6757],[-2.0488,53.6803],[-2.0513,53.6837],[-2.084,53.6777],[-2.0843,53.6729],[-2.0929,53.6702],[-2.1182,53.6712],[-2.1341,53.6857],[-2.1464,53.6823],[-2.1452,53.6923],[-2.1611,53.6977],[-2.1732,53.723],[-2.1639,53.7313],[-2.1485,53.7343],[-2.1296,53.7545],[-2.1313,53.7744],[-2.1364,53.7801],[-2.1248,53.7881],[-2.1293,53.7909],[-2.1278,53.7983],[-2.0848,53.8185],[-2.047,53.8295],[-2.0462,53.8501],[-2.0317,53.8586],[-2.0216,53.8715],[-1.9823,53.8689],[-1.977,53.8756],[-1.9813,53.8942],[-1.9684,53.9039],[-1.9526,53.9036],[-1.9533,53.9117],[-1.9769,53.9264],[-1.9631,53.9334],[-1.9689,53.9439],[-1.9623,53.9432],[-1.9662,53.9516],[-1.9279,53.9504],[-1.9062,53.9584],[-1.8931,53.9554],[-1.8855,53.963],[-1.8787,53.9624],[-1.875,53.946],[-1.8621,53.9406],[-1.8629,53.9344],[-1.8523,53.931],[-1.8477,53.9408],[-1.8062,53.9387],[-1.7972,53.9357],[-1.7941,53.9293],[-1.7825,53.9295],[-1.776,53.9215],[-1.7624,53.9241],[-1.7272,53.9102],[-1.7186,53.9105],[-1.7161,53.9172],[-1.7022,53.9184],[-1.6903,53.9174],[-1.6846,53.9106],[-1.6551,53.9125],[-1.652,53.9058],[-1.6206,53.9034],[-1.6,53.9098],[-1.5984,53.9035],[-1.5869,53.9013],[-1.5841,53.9092],[-1.5687,53.9109],[-1.5629,53.9039],[-1.5501,53.9043],[-1.5481,53.911],[-1.5286,53.9087],[-1.4947,53.9154],[-1.4674,53.9107],[-1.463,53.906],[-1.4516,53.9071],[-1.4302,53.9139],[-1.4335,53.9263],[-1.4281,53.9295],[-1.4067,53.9279],[-1.4106,53.9313],[-1.4077,53.9361],[-1.3864,53.9432],[-1.3428,53.945],[-1.3395,53.9408],[-1.307,53.9344],[-1.309,53.9241],[-1.3,53.9191],[-1.302,53.9097],[-1.3217,53.9029],[-1.3154,53.8634],[-1.3529,53.8567],[-1.3428,53.8515],[-1.3421,53.8452],[-1.3254,53.8382],[-1.334,53.8338],[-1.3037,53.8165],[-1.3125,53.8143],[-1.3126,53.7793],[-1.2955,53.7713],[-1.2904,53.7635],[-1.2947,53.7563],[-1.3121,53.7522],[-1.31,53.7445],[-1.2922,53.7388]]]}},{"type":"Feature","properties":{"code":"UK348","name":"Wiltshire"},"geometry":{"type":"Polygon","coordinates":[[[-1.7886,51.667],[-1.7972,51.6609],[-1.7886,51.6327],[-1.8064,51.6327],[-1.8143,51.6245],[-1.8283,51.6251],[-1.8423,51.6121],[-1.8399,51.5999],[-1.8319,51.5967],[-1.843,51.5771],[-1.8452,51.5617],[-1.8623,51.56],[-1.8496,51.5536],[-1.8538,51.5505],[-1.8301,51.5155],[-1.8307,51.5112],[-1.8412,51.5106],[-1.8375,51.5008],[-1.8135,51.5071],[-1.813,51.4965],[-1.7977,51.4844],[-1.7158,51.4884],[-1.7191,51.5007],[-1.6498,51.5083],[-1.6284,51.5174],[-1.607,51.5171],[-1.5848,51.5249],[-1.5881,51.5135],[-1.5823,51.4941],[-1.5485,51.4606],[-1.5291,51.4555],[-1.5249,51.4502],[-1.5239,51.4414],[-1.532,51.4296],[-1.5712,51.4164],[-1.5622,51.4082],[-1.5529,51.4101],[-1.5556,51.3956],[-1.5239,51.3781],[-1.517,51.3788],[-1.5135,51.3721],[-1.4952,51.3677],[-1.5005,51.3563],[-1.4868,51.3494],[-1.4984,51.3294],[-1.5168,51.3389],[-1.5276,51.3384],[-1.5335,51.3163],[-1.5252,51.307],[-1.5281,51.2998],[-1.5228,51.287],[-1.5345,51.2871],[-1.5427,51.2812],[-1.5369,51.2783],[-1.5405,51.2608],[-1.5306,51.2626],[-1.536,51.2486],[-1.5443,51.245],[-1.5777,51.2556],[-1.6065,51.2519],[-1.6135,51.2414],[-1.6193,51.2412],[-1.6335,51.2175],[-1.6534,51.2205],[-1.6898,51.2148],[-1.6941,51.2039],[-1.6689,51.1908],[-1.6724,51.1786],[-1.6539,51.1562],[-1.6629,51.1271],[-1.6405,51.1253],[-1.6262,51.1173],[-1.6309,51.1111],[-1.6269,51.1029],[-1.6374,51.0922],[-1.6291,51.0812],[-1.6277,51.0688],[-1.6324,51.0328],[-1.5994,51.0237],[-1.6057,51.02],[-1.5976,51.008],[-1.6287,50.9991],[-1.6196,50.983],[-1.6029,50.9785],[-1.6234,50.9546],[-1.635,50.9593],[-1.6617,50.9453],[-1.6893,50.9546],[-1.7196,50.9768],[-1.7544,50.9779],[-1.8075,50.992],[-1.8155,50.9859],[-1.8359,51.0094],[-1.8528,51.0051],[-1.874,50.9844],[-1.8747,51.0035],[-1.8792,51.0039],[-1.8868,50.9995],[-1.9279,50.9977],[-1.95,50.9823],[-1.9654,50.992],[-1.9941,50.9757],[-2.0372,50.9719],[-2.0533,50.9662],[-2.0682,50.9512],[-2.1002,50.9451],[-2.1195,50.9596],[-2.1198,50.9782],[-2.1318,50.9797],[-2.1726,51.0011],[-2.1764,51.0128],[-2.1886,51.0185],[-2.1891,51.0305],[-2.1951,51.0396],[-2.2402,51.0699],[-2.2686,51.0688],[-2.2986,51.0785],[-2.3258,51.0796],[-2.3304,51.0853],[-2.347,51.0882],[-2.3634,51.1043],[-2.3608,51.1089],[-2.3646,51.1189],[-2.3445,51.1247],[-2.3459,51.1333],[-2.3321,51.138],[-2.3323,51.145],[-2.2984,51.1753],[-2.2666,51.2155],[-2.2679,51.224],[-2.2608,51.2391],[-2.2454,51.2539],[-2.2495,51.2589],[-2.2444,51.2631],[-2.245,51.2723],[-2.2535,51.2899],[-2.2671,51.296],[-2.279,51.2923],[-2.2767,51.304],[-2.2835,51.3078],[-2.2719,51.3143],[-2.2777,51.3257],[-2.2891,51.3253],[-2.2906,51.3306],[-2.3001,51.3323],[-2.295,51.3402],[-2.2999,51.3427],[-2.3086,51.3398],[-2.324,51.3478],[-2.3444,51.3455],[-2.323,51.3566],[-2.3102,51.3575],[-2.3076,51.365],[-2.3001,51.3622],[-2.2903,51.3726],[-2.2974,51.3849],[-2.2968,51.3949],[-2.2845,51.3969],[-2.2908,51.4057],[-2.2785,51.4159],[-2.2946,51.4288],[-2.2878,51.4569],[-2.2958,51.4586],[-2.2913,51.4866],[-2.3104,51.4881],[-2.3243,51.4975],[-2.2558,51.522],[-2.2535,51.5287],[-2.2664,51.5362],[-2.2618,51.5447],[-2.2684,51.5497],[-2.2641,51.5679],[-2.2726,51.5776],[-2.2696,51.5818],[-2.2452,51.5815],[-2.2419,51.5921],[-2.2074,51.6034],[-2.2066,51.5959],[-2.19,51.5925],[-2.1774,51.5974],[-2.1525,51.5903],[-2.0571,51.6725],[-2.0105,51.6489],[-1.9974,51.6513],[-1.9848,51.6432],[-1.9505,51.637],[-1.9611,51.6569],[-1.9473,51.6692],[-1.8885,51.6489],[-1.8787,51.6542],[-1.8967,51.6728],[-1.8739,51.6826],[-1.8505,51.6563],[-1.8195,51.6628],[-1.8168,51.6679],[-1.8229,51.6746],[-1.8125,51.686],[-1.8193,51.6943],[-1.8185,51.7023],[-1.812,51.702],[-1.7886,51.667]]]}},{"type":"Feature","properties":{"code":"UK349","name":"Windsor and Maidenhead"},"geometry":{"type":"Polygon","coordinates":[[[-0.6423,51.5006],[-0.6278,51.5044],[-0.6078,51.4973],[-0.6005,51.5022],[-0.5648,51.4917],[-0.5605,51.4972],[-0.5525,51.4948],[-0.5542,51.4913],[-0.5343,51.4868],[-0.5242,51.4795],[-0.5243,51.4716],[-0.5406,51.4571],[-0.5267,51.4475],[-0.5315,51.4417],[-0.5245,51.4399],[-0.5277,51.4357],[-0.554,51.4415],[-0.5716,51.451],[-0.6051,51.4313],[-0.6051,51.4174],[-0.6219,51.3901],[-0.6172,51.3858],[-0.6676,51.3845],[-0.6965,51.4109],[-0.6763,51.4316],[-0.6313,51.4144],[-0.6313,51.4229],[-0.6371,51.4281],[-0.6305,51.4422],[-0.662,51.4443],[-0.6567,51.4615],[-0.6728,51.4579],[-0.6889,51.467],[-0.7144,51.4672],[-0.7245,51.4561],[-0.7527,51.4622],[-0.7647,51.4598],[-0.7696,51.4678],[-0.7826,51.4687],[-0.7839,51.4608],[-0.8,51.4412],[-0.8181,51.4432],[-0.8267,51.4555],[-0.8283,51.462],[-0.8217,51.4726],[-0.8293,51.4872],[-0.8197,51.4958],[-0.8189,51.5089],[-0.8361,51.5127],[-0.8522,51.5295],[-0.8385,51.5468],[-0.8288,51.5457],[-0.8103,51.5527],[-0.7945,51.5512],[-0.7826,51.5561],[-0.7756,51.5664],[-0.7575,51.5648],[-0.7189,51.5776],[-0.7122,51.5722],[-0.7113,51.5643],[-0.6962,51.5651],[-0.6912,51.5568],[-0.7036,51.5126],[-0.6862,51.5072],[-0.6786,51.4946],[-0.6658,51.4883],[-0.6507,51.4858],[-0.6338,51.4927],[-0.6423,51.5006]]]}},{"type":"Feature","properties":{"code":"UK350","name":"Wokingham"},"geometry":{"type":"Polygon","coordinates":[[[-0.8428,51.5448],[-0.8522,51.5295],[-0.8361,51.5127],[-0.8189,51.5089],[-0.8197,51.4958],[-0.8293,51.4872],[-0.8217,51.4726],[-0.8283,51.462],[-0.8181,51.4432],[-0.8,51.4412],[-0.7987,51.4196],[-0.7925,51.4088],[-0.802,51.4091],[-0.7889,51.3718],[-0.8096,51.3709],[-0.827,51.3641],[-0.8373,51.3528],[-0.8779,51.3526],[-0.9237,51.366],[-0.9827,51.3598],[-0.9919,51.3666],[-0.9818,51.3756],[-1.0119,51.3929],[-0.9992,51.4122],[-1.0012,51.4263],[-0.9963,51.4196],[-0.9844,51.4214],[-0.9736,51.4098],[-0.962,51.4122],[-0.9439,51.4301],[-0.9418,51.446],[-0.9323,51.441],[-0.9285,51.4452],[-0.9492,51.4595],[-0.9237,51.4672],[-0.894,51.4965],[-0.8716,51.5024],[-0.872,51.5078],[-0.8796,51.5111],[-0.8783,51.523],[-0.8998,51.5362],[-0.8895,51.557],[-0.8756,51.5617],[-0.8637,51.5499],[-0.8428,51.5448]]]}},{"type":"Feature","properties":{"code":"UK351","name":"Worcestershire"},"geometry":{"type":"Polygon","coordinates":[[[-2.1649,52.4302],[-2.1361,52.4263],[-2.0986,52.4453],[-2.0903,52.4427],[-2.086,52.4329],[-2.0676,52.4326],[-2.0608,52.4275],[-2.0585,52.4407],[-2.0399,52.4375],[-2.0371,52.4275],[-2.017,52.4327],[-1.9911,52.4154],[-1.9977,52.4097],[-2.0281,52.4065],[-2.0309,52.4009],[-2.0216,52.4002],[-2.013,52.3887],[-2.0001,52.3816],[-1.9649,52.3922],[-1.9589,52.3883],[-1.9536,52.3933],[-1.9346,52.3879],[-1.9186,52.3982],[-1.9147,52.4068],[-1.8861,52.4044],[-1.8826,52.3998],[-1.8687,52.4048],[-1.8455,52.4004],[-1.8762,52.3636],[-1.889,52.361],[-1.8674,52.3312],[-1.8667,52.3183],[-1.8704,52.3126],[-1.881,52.311],[-1.876,52.3042],[-1.8866,52.2884],[-1.9168,52.2752],[-1.9374,52.2761],[-1.9354,52.2545],[-1.9175,52.2238],[-1.9201,52.2103],[-1.9366,52.2025],[-1.9349,52.1929],[-1.9414,52.1778],[-1.9495,52.173],[-1.9606,52.174],[-1.9604,52.1687],[-1.9356,52.1696],[-1.9341,52.1654],[-1.9443,52.1554],[-1.922,52.153],[-1.9002,52.1357],[-1.8851,52.1469],[-1.8951,52.1508],[-1.8891,52.1563],[-1.8669,52.153],[-1.8669,52.1446],[-1.8541,52.1385],[-1.8458,52.1427],[-1.8482,52.1499],[-1.8397,52.1527],[-1.8233,52.1459],[-1.8233,52.1364],[-1.8085,52.1398],[-1.7856,52.132],[-1.7928,52.1278],[-1.7933,52.1218],[-1.7677,52.1126],[-1.8022,52.0969],[-1.8161,52.0796],[-1.8178,52.0848],[-1.8317,52.0732],[-1.8467,52.0794],[-1.8744,52.07],[-1.8717,52.0654],[-1.8651,52.0662],[-1.8634,52.0534],[-1.8297,52.0391],[-1.8263,52.0291],[-1.8357,52.0225],[-1.8354,52.0092],[-1.8511,52.0084],[-1.9135,52.0444],[-1.9311,52.0302],[-1.9475,52.0319],[-1.9513,52.0378],[-1.9842,52.0359],[-1.9953,52.0265],[-1.9986,52.0297],[-2.0382,52.0096],[-2.0384,52.0046],[-2.0495,52.0038],[-2.0608,52.0147],[-2.0848,52.0104],[-2.1115,52.0148],[-2.1391,52.004],[-2.1508,52.0066],[-2.1394,52.0279],[-2.118,52.0331],[-2.1183,52.0421],[-2.1624,52.0505],[-2.1807,52.0418],[-2.1769,52.0225],[-2.1876,52.0191],[-2.1656,52.0048],[-2.1639,51.9969],[-2.1852,51.9905],[-2.2029,51.9963],[-2.2207,51.9955],[-2.2513,51.9665],[-2.2883,51.9706],[-2.3004,51.9667],[-2.3127,51.9765],[-2.3236,51.9756],[-2.3207,51.9922],[-2.3295,52.0068],[-2.3525,52.0136],[-2.3475,52.0333],[-2.3474,52.053],[-2.3515,52.0563],[-2.3392,52.0697],[-2.3382,52.0955],[-2.3492,52.0957],[-2.3522,52.1035],[-2.3562,52.1271],[-2.3445,52.1326],[-2.3513,52.1446],[-2.3586,52.1519],[-2.3794,52.1551],[-2.394,52.1468],[-2.4152,52.1453],[-2.4329,52.1673],[-2.4329,52.172],[-2.422,52.1724],[-2.4255,52.177],[-2.415,52.1833],[-2.4192,52.1879],[-2.4087,52.1964],[-2.4086,52.2015],[-2.4004,52.2023],[-2.393,52.2103],[-2.4041,52.2213],[-2.3897,52.2221],[-2.3858,52.2265],[-2.423,52.2373],[-2.4648,52.2344],[-2.4747,52.2414],[-2.4726,52.2528],[-2.4298,52.2714],[-2.4514,52.2851],[-2.4834,52.2844],[-2.5031,52.2774],[-2.5041,52.2723],[-2.4936,52.264],[-2.4956,52.257],[-2.5155,52.256],[-2.5258,52.2481],[-2.5316,52.2533],[-2.5411,52.2531],[-2.6288,52.2403],[-2.6343,52.2473],[-2.6278,52.2602],[-2.6162,52.2647],[-2.6068,52.2756],[-2.5965,52.2766],[-2.598,52.2816],[-2.6043,52.2866],[-2.6354,52.2861],[-2.661,52.3004],[-2.6593,52.3053],[-2.6363,52.309],[-2.6101,52.3063],[-2.5951,52.3139],[-2.5734,52.3171],[-2.5668,52.3133],[-2.5621,52.3331],[-2.5356,52.3443],[-2.5121,52.3371],[-2.5057,52.3281],[-2.4799,52.3326],[-2.4867,52.3589],[-2.455,52.3679],[-2.4263,52.3658],[-2.4104,52.37],[-2.4149,52.3779],[-2.411,52.385],[-2.3356,52.3853],[-2.3341,52.3888],[-2.3422,52.3931],[-2.3699,52.4015],[-2.3634,52.4394],[-2.3331,52.4353],[-2.3102,52.4379],[-2.3062,52.446],[-2.2873,52.4553],[-2.295,52.4489],[-2.2615,52.4369],[-2.2167,52.4346],[-2.193,52.4233],[-2.1641,52.4239],[-2.1649,52.4302]]]}},{"type":"Feature","properties":{"code":"UK352","name":"Wrexham"},"geometry":{"type":"Polygon","coordinates":[[[-2.7268,52.9832],[-2.7353,52.9699],[-2.7267,52.9648],[-2.7285,52.9251],[-2.7554,52.9247],[-2.8005,52.8955],[-2.8131,52.915],[-2.8384,52.9322],[-2.8403,52.9419],[-2.8932,52.9511],[-2.9083,52.9421],[-2.935,52.9418],[-2.9598,52.9511],[-2.9748,52.969],[-2.9821,52.9592],[-3.0099,52.956],[-3.0313,52.9314],[-3.0408,52.9279],[-3.0764,52.9254],[-3.096,52.9303],[-3.1096,52.9185],[-3.1169,52.8997],[-3.1138,52.8953],[-3.1375,52.895],[-3.1474,52.8902],[-3.1567,52.8986],[-3.1745,52.9015],[-3.197,52.8909],[-3.205,52.8925],[-3.2158,52.8869],[-3.2182,52.8794],[-3.2395,52.8683],[-3.2743,52.8671],[-3.2914,52.8709],[-3.2969,52.8807],[-3.3221,52.8821],[-3.3456,52.8926],[-3.375,52.8925],[-3.3731,52.9011],[-3.3594,52.9054],[-3.3489,52.9163],[-3.3537,52.9208],[-3.3244,52.9318],[-3.3143,52.9468],[-3.2974,52.943],[-3.2299,52.9498],[-3.198,52.9442],[-3.1143,52.9554],[-3.1088,52.9625],[-3.0914,52.9652],[-3.0912,52.9716],[-3.1174,52.9746],[-3.1206,52.9855],[-3.1487,52.9986],[-3.1469,53.0086],[-3.1308,53.0241],[-3.1419,53.0418],[-3.1478,53.0438],[-3.1292,53.0615],[-3.1297,53.0724],[-3.1136,53.0727],[-3.0768,53.0885],[-3.0587,53.0853],[-3.0386,53.0915],[-3.0292,53.1035],[-3.0061,53.1157],[-3.0053,53.1241],[-2.9725,53.1344],[-2.9103,53.1126],[-2.8809,53.1214],[-2.8839,53.1113],[-2.893,53.1058],[-2.8904,53.0997],[-2.8995,53.0979],[-2.8991,53.0941],[-2.8758,53.0815],[-2.8812,53.0755],[-2.8693,53.0697],[-2.8726,53.0587],[-2.863,53.0533],[-2.8685,53.0459],[-2.8666,53.0406],[-2.8557,53.0372],[-2.861,53.0228],[-2.8441,53.0177],[-2.835,52.9987],[-2.801,52.9909],[-2.79,52.9957],[-2.7668,52.9947],[-2.7585,52.9861],[-2.7268,52.9832]]]}},{"type":"Feature","properties":{"code":"UK353","name":"York"},"geometry":{"type":"Polygon","coordinates":[[[-0.9254,53.9916],[-0.9335,53.9674],[-0.9212,53.9604],[-0.9277,53.9527],[-0.9237,53.9354],[-0.9287,53.9291],[-0.9217,53.9213],[-0.931,53.9178],[-0.932,53.9088],[-0.9383,53.9079],[-0.94,53.8994],[-0.9487,53.895],[-0.9235,53.8878],[-0.9235,53.8808],[-0.9305,53.8796],[-0.9386,53.8876],[-0.9929,53.8752],[-1.0081,53.89],[-1.065,53.8746],[-1.0776,53.8836],[-1.0954,53.8844],[-1.1053,53.8759],[-1.1333,53.8911],[-1.1544,53.896],[-1.1649,53.9106],[-1.1707,53.9088],[-1.2002,53.9265],[-1.1977,53.9294],[-1.2237,53.9747],[-1.2166,53.9856],[-1.1821,53.9854],[-1.1833,53.9962],[-1.1919,53.9999],[-1.1713,54.0006],[-1.1519,53.9892],[-1.137,53.9911],[-1.1484,54.0016],[-1.143,54.0108],[-1.1479,54.0161],[-1.1425,54.019],[-1.1448,54.0255],[-1.1408,54.0298],[-1.1202,54.0291],[-1.1149,54.0358],[-1.0998,54.0376],[-1.0942,54.0466],[-1.0622,54.0501],[-1.0597,54.0569],[-1.0144,54.0494],[-1.0022,54.0538],[-0.9701,54.0259],[-0.9827,54.01],[-0.972,53.9967],[-0.9949,53.9831],[-0.9577,53.9839],[-0.9254,53.9916]]]}}]}