{"type":"FeatureCollection","features":[{"type":"Feature","properties":{"code":"ES070","name":"Valle del Almanzora y Los Vnlez"},"geometry":{"type":"Polygon","coordinates":[[[-1.9857,37.8668],[-1.9937,37.8151],[-2.0066,37.78],[-2.0118,37.6718],[-1.821,37.4282],[-1.8941,37.3663],[-1.918,37.3386],[-1.9346,37.2981],[-1.8986,37.274],[-1.8895,37.2447],[-1.8961,37.2176],[-1.9652,37.1992],[-1.9862,37.1834],[-2.0198,37.1688],[-2.0617,37.1658],[-2.1009,37.1752],[-2.1919,37.2312],[-2.2285,37.2275],[-2.2654,37.2148],[-2.3056,37.2656],[-2.3786,37.2591],[-2.4166,37.2474],[-2.4938,37.2113],[-2.5195,37.2206],[-2.5451,37.2369],[-2.5714,37.2386],[-2.6522,37.2288],[-2.6615,37.2564],[-2.6637,37.2914],[-2.6412,37.373],[-2.6301,37.397],[-2.4765,37.4962],[-2.4537,37.5077],[-2.4029,37.5151],[-2.3654,37.5321],[-2.3684,37.6127],[-2.327,37.6196],[-2.3143,37.7094],[-2.2826,37.77],[-2.2954,37.801],[-2.2967,37.8376],[-2.2901,37.875],[-2.2581,37.8962],[-2.2019,37.9157],[-1.9857,37.8668]]]}},{"type":"Feature","properties":{"code":"ES071","name":"Nacimiento y Campo de Tabernas"},"geometry":{"type":"Polygon","coordinates":[[[-2.6522,37.2288],[-2.5714,37.2386],[-2.5451,37.2369],[-2.5195,37.2206],[-2.4938,37.2113],[-2.4166,37.2474],[-2.3786,37.2591],[-2.3056,37.2656],[-2.2654,37.2148],[-2.2285,37.2275],[-2.1919,37.2312],[-2.1009,37.1752],[-2.0617,37.1658],[-2.0198,37.1688],[-1.9862,37.1834],[-1.9938,37.1574],[-1.9978,37.1132],[-1.9951,37.0387],[-2.0011,37.0016],[-2.2056,37.0072],[-2.2365,37.0058],[-2.3045,36.9919],[-2.3689,36.9872],[-2.4135,36.9963],[-2.467,37.04],[-2.5313,37.0484],[-2.5977,37.1044],[-2.625,37.1001],[-2.6516,37.086],[-2.6804,37.082],[-2.8019,37.0794],[-2.8422,37.0798],[-2.9433,37.0986],[-2.8986,37.1632],[-2.854,37.2576],[-2.8348,37.2749],[-2.7193,37.2292],[-2.6822,37.2203],[-2.6522,37.2288]]]}},{"type":"Feature","properties":{"code":"ES072","name":"Poniente y Almer괙a Capital"},"geometry":{"type":"Polygon","coordinates":[[[-2.3045,36.9919],[-2.2873,36.95],[-2.208,36.8686],[-2.2136,36.8378],[-2.2288,36.8049],[-2.2299,36.7675],[-2.2557,36.7892],[-2.2797,36.8021],[-2.334,36.8259],[-2.3722,36.8354],[-2.4341,36.813],[-2.4649,36.8312],[-2.5066,36.8286],[-2.5509,36.8184],[-2.5778,36.7945],[-2.6408,36.709],[-2.6698,36.6978],[-2.7645,36.6817],[-2.8477,36.6963],[-2.9125,36.7435],[-2.9413,36.745],[-2.9698,36.7389],[-3.117,36.7479],[-3.1335,36.779],[-3.1054,36.8048],[-3.0418,36.8428],[-3.0642,36.9185],[-2.994,36.9729],[-2.98,36.9941],[-3.0206,37.1011],[-2.9433,37.0986],[-2.8422,37.0798],[-2.8019,37.0794],[-2.6804,37.082],[-2.6516,37.086],[-2.625,37.1001],[-2.5977,37.1044],[-2.5313,37.0484],[-2.467,37.04],[-2.4135,36.9963],[-2.3689,36.9872],[-2.3045,36.9919]]]}},{"type":"Feature","properties":{"code":"ES073","name":"Levante almeriense"},"geometry":{"type":"Polygon","coordinates":[[[-1.643,37.377],[-1.6703,37.3391],[-1.7902,37.2339],[-1.8558,37.0576],[-1.8907,37.0026],[-2.0111,36.8715],[-2.0979,36.7639],[-2.1321,36.7333],[-2.173,36.7302],[-2.208,36.7378],[-2.2299,36.7675],[-2.2288,36.8049],[-2.2136,36.8378],[-2.208,36.8686],[-2.2873,36.95],[-2.3045,36.9919],[-2.2365,37.0058],[-2.2056,37.0072],[-2.0011,37.0016],[-1.9951,37.0387],[-1.9978,37.1132],[-1.9938,37.1574],[-1.9862,37.1834],[-1.9652,37.1992],[-1.8961,37.2176],[-1.8895,37.2447],[-1.8986,37.274],[-1.9346,37.2981],[-1.918,37.3386],[-1.8941,37.3663],[-1.821,37.4282],[-1.7426,37.4386],[-1.7035,37.4208],[-1.643,37.377]]]}},{"type":"Feature","properties":{"code":"ES074","name":"Grazalema"},"geometry":{"type":"MultiPolygon","coordinates":[[[[-5.3268,36.3336],[-5.3636,36.3271],[-5.3978,36.3336],[-5.4297,36.3528],[-5.4653,36.3669],[-5.5724,36.3642],[-5.5739,36.3988],[-5.5646,36.4681],[-5.5515,36.5081],[-5.5186,36.5268],[-5.484,36.5354],[-5.4527,36.5337],[-5.4246,36.5262],[-5.3535,36.4276],[-5.3268,36.3336]]],[[[-5.1482,36.9928],[-5.1138,36.9565],[-5.0872,36.9115],[-5.1102,36.8842],[-5.126,36.8533],[-5.1645,36.8283],[-5.2039,36.8399],[-5.2576,36.8672],[-5.2857,36.8701],[-5.3288,36.8297],[-5.3219,36.8021],[-5.2975,36.7684],[-5.3223,36.6986],[-5.3481,36.6627],[-5.3728,36.638],[-5.3982,36.6286],[-5.46,36.6214],[-5.5292,36.6633],[-5.5412,36.7303],[-5.5761,36.7778],[-5.5616,36.8066],[-5.5338,36.8334],[-5.5303,36.8664],[-5.5337,36.8927],[-5.5575,36.9121],[-5.5264,36.9389],[-5.4291,37.0049],[-5.3348,37.0079],[-5.3059,37.0294],[-5.281,37.0066],[-5.2383,36.9514],[-5.206,36.96],[-5.1482,36.9928]]]]}},{"type":"Feature","properties":{"code":"ES075","name":"Campi2a gaditana"},"geometry":{"type":"Polygon","coordinates":[[[-5.5575,36.9121],[-5.5337,36.8927],[-5.5303,36.8664],[-5.5338,36.8334],[-5.5616,36.8066],[-5.5761,36.7778],[-5.5412,36.7303],[-5.5292,36.6633],[-5.46,36.6214],[-5.461,36.5959],[-5.5053,36.5508],[-5.5186,36.5268],[-5.5515,36.5081],[-5.5646,36.4681],[-5.5739,36.3988],[-5.5724,36.3642],[-5.5985,36.3419],[-5.6646,36.2679],[-5.691,36.246],[-5.7872,36.2467],[-5.8844,36.3366],[-5.9984,36.3776],[-6.0618,36.4541],[-6.0433,36.4785],[-5.989,36.5185],[-6.1196,36.5788],[-6.1325,36.6031],[-6.1572,36.6304],[-6.2679,36.697],[-6.2932,36.7168],[-6.279,36.7499],[-6.219,36.8223],[-6.1575,36.8481],[-6.1303,36.8645],[-5.9823,36.8446],[-5.9034,36.8499],[-5.8673,36.8978],[-5.7929,36.924],[-5.7495,36.921],[-5.7107,36.9258],[-5.6862,36.954],[-5.6594,36.97],[-5.5575,36.9121]]]}},{"type":"Feature","properties":{"code":"ES076","name":"Litoral gaditano"},"geometry":{"type":"Polygon","coordinates":[[[-6.1303,36.8645],[-6.1575,36.8481],[-6.219,36.8223],[-6.279,36.7499],[-6.2932,36.7168],[-6.2679,36.697],[-6.1572,36.6304],[-6.1325,36.6031],[-6.1196,36.5788],[-5.989,36.5185],[-6.0433,36.4785],[-6.0618,36.4541],[-5.9984,36.3776],[-5.8844,36.3366],[-5.7872,36.2467],[-5.7877,36.2109],[-5.8231,36.1553],[-5.8496,36.134],[-5.9117,36.1809],[-5.9726,36.1769],[-6.0078,36.1857],[-6.0587,36.208],[-6.1513,36.3088],[-6.2422,36.4371],[-6.2429,36.4776],[-6.2307,36.5395],[-6.2303,36.5737],[-6.3241,36.6226],[-6.3603,36.6256],[-6.3909,36.6347],[-6.4344,36.7287],[-6.4073,36.7711],[-6.3648,36.7909],[-6.3399,36.8355],[-6.3345,36.873],[-6.3356,36.9016],[-6.196,36.8931],[-6.1303,36.8645]]]}},{"type":"Feature","properties":{"code":"ES077","name":"Estrecho"},"geometry":{"type":"Polygon","coordinates":[[[-5.3268,36.3336],[-5.2945,36.3191],[-5.2583,36.3097],[-5.2741,36.2829],[-5.3118,36.2351],[-5.4224,36.1552],[-5.4443,36.1302],[-5.4294,36.0879],[-5.4532,36.0647],[-5.5647,36.0182],[-5.6032,36.0285],[-5.6611,36.0538],[-5.7714,36.0739],[-5.8043,36.0848],[-5.8496,36.134],[-5.8231,36.1553],[-5.7877,36.2109],[-5.7872,36.2467],[-5.691,36.246],[-5.6646,36.2679],[-5.5985,36.3419],[-5.5724,36.3642],[-5.4653,36.3669],[-5.4297,36.3528],[-5.3978,36.3336],[-5.3636,36.3271],[-5.3268,36.3336]]]}},{"type":"Feature","properties":{"code":"ES078","name":"Sierra y Pedroches"},"geometry":{"type":"Polygon","coordinates":[[[-5.0397,38.7266],[-5.0177,38.7049],[-4.979,38.6917],[-4.8772,38.681],[-4.851,38.6101],[-4.6731,38.5491],[-4.6158,38.5006],[-4.515,38.4566],[-4.4406,38.4053],[-4.2791,38.3498],[-4.2172,38.3059],[-4.2064,38.2672],[-4.1975,38.2018],[-4.2395,38.1841],[-4.3649,38.1706],[-4.4005,38.174],[-4.4432,38.2225],[-4.5121,38.2527],[-4.6297,38.1947],[-4.6354,38.1201],[-4.6821,38.0791],[-4.6741,37.9875],[-4.7049,37.9875],[-4.7643,38.0096],[-4.7959,38.0133],[-4.8909,37.9682],[-5.0327,37.9271],[-5.0987,37.927],[-5.1573,37.8993],[-5.1795,37.8595],[-5.1857,37.8271],[-5.1828,37.8007],[-5.1308,37.7583],[-5.1216,37.7257],[-5.109,37.7014],[-5.1422,37.7028],[-5.212,37.7379],[-5.317,37.7349],[-5.337,37.7735],[-5.3342,37.8062],[-5.3472,37.835],[-5.4045,37.8615],[-5.4094,37.9009],[-5.4291,37.9514],[-5.4837,37.992],[-5.5006,38.0467],[-5.5796,38.1295],[-5.5494,38.1539],[-5.5374,38.1853],[-5.5297,38.2373],[-5.532,38.2715],[-5.5755,38.3283],[-5.5682,38.4245],[-5.4785,38.468],[-5.3828,38.5529],[-5.249,38.6304],[-5.1853,38.6959],[-5.1626,38.713],[-5.0986,38.7197],[-5.0687,38.7274],[-5.0397,38.7266]]]}},{"type":"Feature","properties":{"code":"ES079","name":"Campi2a cordobesa"},"geometry":{"type":"MultiPolygon","coordinates":[[[[-5.317,37.7349],[-5.212,37.7379],[-5.1422,37.7028],[-5.1631,37.6806],[-5.3236,37.5971],[-5.3563,37.5967],[-5.4027,37.6336],[-5.4083,37.6657],[-5.3993,37.694],[-5.317,37.7349]]],[[[-4.1975,38.2018],[-4.1618,38.1657],[-4.1869,38.1399],[-4.2511,38.0357],[-4.2588,37.934],[-4.278,37.8468],[-4.294,37.8121],[-4.3801,37.7665],[-4.49,37.7608],[-4.5237,37.7506],[-4.562,37.7007],[-4.6002,37.6808],[-4.6742,37.6641],[-4.7132,37.6445],[-4.7142,37.6071],[-4.8339,37.4322],[-4.8787,37.4318],[-4.9286,37.502],[-4.9358,37.6221],[-4.9933,37.6975],[-5.0213,37.705],[-5.109,37.7014],[-5.1216,37.7257],[-5.1308,37.7583],[-5.1828,37.8007],[-5.1857,37.8271],[-5.1795,37.8595],[-5.1573,37.8993],[-5.0987,37.927],[-5.0327,37.9271],[-4.9986,37.9344],[-4.8909,37.9682],[-4.7959,38.0133],[-4.7643,38.0096],[-4.7049,37.9875],[-4.6741,37.9875],[-4.6821,38.0791],[-4.6354,38.1201],[-4.6297,38.1947],[-4.5121,38.2527],[-4.4432,38.2225],[-4.4005,38.174],[-4.3649,38.1706],[-4.2395,38.1841],[-4.1975,38.2018]]]]}},{"type":"Feature","properties":{"code":"ES080","name":"Subb0tica cordobesa"},"geometry":{"type":"Polygon","coordinates":[[[-4.0472,37.5047],[-4.0412,37.4724],[-3.9957,37.399],[-4.0645,37.4026],[-4.0948,37.3953],[-4.1442,37.353],[-4.2115,37.3432],[-4.3288,37.1888],[-4.4009,37.2633],[-4.4268,37.2752],[-4.4759,37.2399],[-4.5108,37.2249],[-4.5431,37.2167],[-4.5899,37.2172],[-4.6289,37.2405],[-4.6652,37.2551],[-4.669,37.2847],[-4.7038,37.3402],[-4.7957,37.3432],[-4.8239,37.3656],[-4.8317,37.3981],[-4.8339,37.4322],[-4.7142,37.6071],[-4.7132,37.6445],[-4.6742,37.6641],[-4.6002,37.6808],[-4.562,37.7007],[-4.5237,37.7506],[-4.49,37.7608],[-4.3801,37.7665],[-4.294,37.8121],[-4.2571,37.8043],[-4.2206,37.7864],[-4.2274,37.7182],[-4.1666,37.6725],[-4.1829,37.6149],[-4.1225,37.5422],[-4.0889,37.5114],[-4.0472,37.5047]]]}},{"type":"Feature","properties":{"code":"ES081","name":"Cuenca del Genil"},"geometry":{"type":"Polygon","coordinates":[[[-3.3016,37.5812],[-3.339,37.4788],[-3.3467,37.4463],[-3.3387,37.4161],[-3.3406,37.3838],[-3.384,37.3304],[-3.3864,37.2909],[-3.377,37.266],[-3.3612,37.244],[-3.3086,37.2148],[-3.2828,37.1778],[-3.2691,37.143],[-3.2653,37.1086],[-3.2913,37.0756],[-3.3181,37.0541],[-3.4086,37.0736],[-3.4545,37.0781],[-3.5858,37.0865],[-3.6171,37.0814],[-3.6556,37.0523],[-3.728,37.0293],[-3.7515,36.9885],[-3.762,36.9179],[-3.7594,36.8806],[-3.7853,36.8689],[-3.8066,36.8407],[-4.0061,36.8928],[-4.1181,36.9498],[-4.1736,36.9632],[-4.2019,36.9909],[-4.2355,37.0122],[-4.2724,37.0141],[-4.292,37.1269],[-4.3288,37.1888],[-4.2115,37.3432],[-4.1442,37.353],[-4.0948,37.3953],[-4.0645,37.4026],[-3.9957,37.399],[-3.944,37.3781],[-3.8625,37.3836],[-3.8327,37.4001],[-3.7979,37.4554],[-3.7608,37.4771],[-3.6194,37.5333],[-3.5291,37.5998],[-3.4997,37.6131],[-3.4193,37.5733],[-3.3928,37.5648],[-3.332,37.579],[-3.3016,37.5812]]]}},{"type":"Feature","properties":{"code":"ES082","name":"Guadix y Baza"},"geometry":{"type":"Polygon","coordinates":[[[-2.3337,38.0231],[-2.2368,37.9398],[-2.2019,37.9157],[-2.2581,37.8962],[-2.2901,37.875],[-2.2967,37.8376],[-2.2954,37.801],[-2.2826,37.77],[-2.3143,37.7094],[-2.327,37.6196],[-2.3684,37.6127],[-2.3654,37.5321],[-2.4029,37.5151],[-2.4537,37.5077],[-2.4765,37.4962],[-2.6301,37.397],[-2.6412,37.373],[-2.6637,37.2914],[-2.6615,37.2564],[-2.6522,37.2288],[-2.6822,37.2203],[-2.7193,37.2292],[-2.8348,37.2749],[-2.854,37.2576],[-2.8986,37.1632],[-2.9433,37.0986],[-3.0206,37.1011],[-3.0508,37.1097],[-3.2074,37.0928],[-3.2361,37.1049],[-3.2653,37.1086],[-3.2691,37.143],[-3.2828,37.1778],[-3.3086,37.2148],[-3.3612,37.244],[-3.377,37.266],[-3.3864,37.2909],[-3.384,37.3304],[-3.3406,37.3838],[-3.3387,37.4161],[-3.3467,37.4463],[-3.339,37.4788],[-3.3016,37.5812],[-3.2655,37.6271],[-3.2397,37.6314],[-3.1831,37.6276],[-3.1435,37.6217],[-3.1126,37.6068],[-3.0738,37.6023],[-2.914,37.6606],[-2.8936,37.7646],[-2.789,37.9065],[-2.7132,37.9603],[-2.6762,37.9795],[-2.6101,38.0009],[-2.5929,38.0612],[-2.5366,38.0912],[-2.501,38.0663],[-2.4119,38.0359],[-2.3679,38.0242],[-2.3337,38.0231]]]}},{"type":"Feature","properties":{"code":"ES083","name":"Nevada y Alpujarras"},"geometry":{"type":"Polygon","coordinates":[[[-3.0206,37.1011],[-2.98,36.9941],[-2.994,36.9729],[-3.0642,36.9185],[-3.1915,36.8767],[-3.227,36.869],[-3.3228,36.8797],[-3.3241,36.8269],[-3.356,36.8225],[-3.4173,36.8242],[-3.4477,36.8305],[-3.5093,36.8724],[-3.6298,36.8921],[-3.667,36.8886],[-3.6849,36.8676],[-3.7594,36.8806],[-3.762,36.9179],[-3.7515,36.9885],[-3.728,37.0293],[-3.6556,37.0523],[-3.6171,37.0814],[-3.5858,37.0865],[-3.4545,37.0781],[-3.4086,37.0736],[-3.3181,37.0541],[-3.2913,37.0756],[-3.2653,37.1086],[-3.2361,37.1049],[-3.2074,37.0928],[-3.0508,37.1097],[-3.0206,37.1011]]]}},{"type":"Feature","properties":{"code":"ES084","name":"Costa granadina"},"geometry":{"type":"Polygon","coordinates":[[[-3.117,36.7479],[-3.2422,36.7537],[-3.3485,36.7321],[-3.4049,36.7017],[-3.4446,36.6972],[-3.5455,36.7144],[-3.6115,36.7419],[-3.6965,36.7307],[-3.7463,36.7347],[-3.7785,36.7475],[-3.7674,36.7815],[-3.8066,36.8407],[-3.7853,36.8689],[-3.7594,36.8806],[-3.6849,36.8676],[-3.667,36.8886],[-3.6298,36.8921],[-3.5093,36.8724],[-3.4477,36.8305],[-3.4173,36.8242],[-3.356,36.8225],[-3.3241,36.8269],[-3.3228,36.8797],[-3.227,36.869],[-3.0642,36.9185],[-3.0418,36.8428],[-3.1054,36.8048],[-3.1335,36.779],[-3.117,36.7479]]]}},{"type":"Feature","properties":{"code":"ES085","name":"Aracena"},"geometry":{"type":"Polygon","coordinates":[[[-6.1863,37.9421],[-6.17,37.9133],[-6.1297,37.8054],[-6.156,37.7847],[-6.1957,37.7691],[-6.3043,37.7642],[-6.4412,37.721],[-6.5091,37.6714],[-6.5265,37.6462],[-6.5043,37.6216],[-6.4727,37.6186],[-6.4342,37.6066],[-6.4493,37.5415],[-6.4637,37.516],[-6.5504,37.5257],[-6.5808,37.5333],[-6.7185,37.6133],[-6.8096,37.6288],[-6.8214,37.7093],[-6.9116,37.7824],[-6.9443,37.7975],[-6.9847,37.7847],[-7.0219,37.7825],[-7.0774,37.8351],[-7.2757,37.8666],[-7.2609,37.9116],[-7.2568,37.9788],[-7.1761,37.9902],[-7.1488,37.9993],[-7.1205,38.0242],[-7.0871,38.0403],[-7.0447,38.0311],[-7.0049,38.0285],[-6.975,38.1334],[-6.9571,38.1743],[-6.9262,38.2041],[-6.8206,38.1833],[-6.7976,38.1704],[-6.8079,38.1412],[-6.8072,38.1158],[-6.7731,38.1014],[-6.7397,38.091],[-6.6341,38.0958],[-6.6091,38.07],[-6.5915,38.0348],[-6.564,38.0241],[-6.5295,38.0212],[-6.4797,38.0257],[-6.4239,38.0529],[-6.393,38.0427],[-6.3101,37.9825],[-6.1863,37.9421]]]}},{"type":"Feature","properties":{"code":"ES086","name":"And1valo y Condado"},"geometry":{"type":"Polygon","coordinates":[[[-6.4342,37.6066],[-6.3888,37.6106],[-6.3923,37.5533],[-6.3374,37.4602],[-6.3259,37.4205],[-6.3597,37.4021],[-6.3738,37.3647],[-6.3748,37.3295],[-6.3393,37.3031],[-6.3379,37.2682],[-6.3579,37.1477],[-6.3825,37.0883],[-6.3578,36.9994],[-6.3632,36.9675],[-6.3802,36.9417],[-6.4235,36.9884],[-6.4282,37.0511],[-6.4649,37.1162],[-6.455,37.2058],[-6.4342,37.2378],[-6.4286,37.2745],[-6.4652,37.3213],[-6.4965,37.3139],[-6.5568,37.2801],[-6.6851,37.2321],[-6.7217,37.2244],[-6.7174,37.2585],[-6.7064,37.2879],[-6.7425,37.2959],[-6.8143,37.2957],[-6.8536,37.3089],[-6.8784,37.3355],[-6.9056,37.3561],[-6.9389,37.3405],[-6.9659,37.3182],[-7.0019,37.3029],[-7.0356,37.2965],[-7.0734,37.3003],[-7.0897,37.3407],[-7.1137,37.3734],[-7.2547,37.4017],[-7.2963,37.402],[-7.3219,37.3751],[-7.3594,37.3594],[-7.4304,37.3801],[-7.4599,37.4566],[-7.5094,37.5332],[-7.5193,37.5618],[-7.428,37.7265],[-7.4059,37.7555],[-7.307,37.8459],[-7.2757,37.8666],[-7.0774,37.8351],[-7.0219,37.7825],[-6.9847,37.7847],[-6.9443,37.7975],[-6.9116,37.7824],[-6.8214,37.7093],[-6.8096,37.6288],[-6.7185,37.6133],[-6.5808,37.5333],[-6.5504,37.5257],[-6.4637,37.516],[-6.4493,37.5415],[-6.4342,37.6066]]]}},{"type":"Feature","properties":{"code":"ES087","name":"Litoral de Huelva"},"geometry":{"type":"Polygon","coordinates":[[[-6.4235,36.9884],[-6.3356,36.9016],[-6.3345,36.873],[-6.3399,36.8355],[-6.3648,36.7909],[-6.3901,36.8106],[-6.4177,36.848],[-6.4445,36.8971],[-6.5289,36.9801],[-6.5986,37.0229],[-6.8025,37.1223],[-6.9176,37.1554],[-7.0347,37.2024],[-7.2921,37.1987],[-7.417,37.1793],[-7.4134,37.2059],[-7.4398,37.302],[-7.4403,37.3444],[-7.4304,37.3801],[-7.3594,37.3594],[-7.3219,37.3751],[-7.2963,37.402],[-7.2547,37.4017],[-7.1137,37.3734],[-7.0897,37.3407],[-7.0734,37.3003],[-7.0356,37.2965],[-7.0019,37.3029],[-6.9659,37.3182],[-6.9389,37.3405],[-6.9056,37.3561],[-6.8784,37.3355],[-6.8536,37.3089],[-6.8143,37.2957],[-6.7425,37.2959],[-6.7064,37.2879],[-6.7174,37.2585],[-6.7217,37.2244],[-6.6851,37.2321],[-6.5568,37.2801],[-6.4965,37.3139],[-6.4652,37.3213],[-6.4286,37.2745],[-6.4342,37.2378],[-6.455,37.2058],[-6.4649,37.1162],[-6.4282,37.0511],[-6.4235,36.9884]]]}},{"type":"Feature","properties":{"code":"ES088","name":"Morena y Condado"},"geometry":{"type":"Polygon","coordinates":[[[-2.8754,38.4559],[-2.8922,38.4245],[-2.9352,38.3147],[-2.9596,38.2869],[-3.0426,38.212],[-3.1706,38.1459],[-3.2036,38.1327],[-3.2809,38.1422],[-3.3098,38.1394],[-3.3466,38.1254],[-3.4347,38.1261],[-3.4781,38.0959],[-3.5412,38.0952],[-3.5636,38.0754],[-3.5825,38.0484],[-3.6635,38.0136],[-3.7114,38.0183],[-3.7694,38.037],[-3.8708,38.0379],[-3.8945,38.0054],[-3.9143,37.9649],[-3.9751,37.9973],[-4.0153,37.9876],[-4.061,37.9882],[-4.1189,38.0215],[-4.1148,38.0519],[-4.0923,38.1096],[-4.1211,38.1413],[-4.1618,38.1657],[-4.1975,38.2018],[-4.2064,38.2672],[-4.2172,38.3059],[-4.2791,38.3498],[-4.2482,38.3989],[-4.1628,38.3818],[-3.9551,38.3659],[-3.8744,38.3727],[-3.8484,38.3802],[-3.8252,38.4035],[-3.798,38.4214],[-3.7196,38.4207],[-3.6272,38.3951],[-3.4787,38.3982],[-3.3856,38.4349],[-3.3778,38.4789],[-3.3519,38.4711],[-3.1377,38.4391],[-3.0694,38.4687],[-3.0394,38.4504],[-3.0175,38.4273],[-2.9904,38.4363],[-2.9689,38.4638],[-2.943,38.466],[-2.8754,38.4559]]]}},{"type":"Feature","properties":{"code":"ES089","name":"Cazorla y Segura"},"geometry":{"type":"Polygon","coordinates":[[[-2.5366,38.0912],[-2.5929,38.0612],[-2.6101,38.0009],[-2.6762,37.9795],[-2.7132,37.9603],[-2.789,37.9065],[-2.8936,37.7646],[-2.914,37.6606],[-3.0738,37.6023],[-3.1126,37.6068],[-3.1435,37.6217],[-3.1879,37.7192],[-3.2191,37.7351],[-3.2286,37.82],[-3.2202,37.9161],[-3.2131,37.9494],[-3.1435,38.0201],[-3.1538,38.0579],[-3.2036,38.1327],[-3.0426,38.212],[-2.9596,38.2869],[-2.9352,38.3147],[-2.8922,38.4245],[-2.8754,38.4559],[-2.7844,38.517],[-2.7524,38.5281],[-2.6894,38.5026],[-2.6527,38.4947],[-2.5732,38.4901],[-2.5692,38.4515],[-2.5718,38.4134],[-2.4944,38.3991],[-2.4823,38.3456],[-2.4814,38.2942],[-2.4517,38.2874],[-2.444,38.2348],[-2.4527,38.1781],[-2.5366,38.0912]]]}},{"type":"Feature","properties":{"code":"ES090","name":"Valle del Guadalquivir de Ja n"},"geometry":{"type":"Polygon","coordinates":[[[-3.2036,38.1327],[-3.1538,38.0579],[-3.1435,38.0201],[-3.2131,37.9494],[-3.2202,37.9161],[-3.2286,37.82],[-3.2775,37.761],[-3.3659,37.7657],[-3.3815,37.8691],[-3.4032,37.8977],[-3.4303,37.9013],[-3.462,37.8949],[-3.4989,37.8818],[-3.5416,37.8296],[-3.6542,37.7512],[-3.6941,37.7081],[-3.7184,37.6353],[-3.7573,37.6286],[-3.7769,37.658],[-3.7895,37.6887],[-3.8157,37.7137],[-3.8812,37.7304],[-3.8898,37.7056],[-3.8866,37.6778],[-3.9436,37.6611],[-3.9637,37.6318],[-4.0118,37.5239],[-4.0472,37.5047],[-4.0889,37.5114],[-4.1225,37.5422],[-4.1829,37.6149],[-4.1666,37.6725],[-4.2274,37.7182],[-4.2206,37.7864],[-4.2571,37.8043],[-4.294,37.8121],[-4.278,37.8468],[-4.2588,37.934],[-4.2511,38.0357],[-4.1869,38.1399],[-4.1618,38.1657],[-4.1211,38.1413],[-4.0923,38.1096],[-4.1148,38.0519],[-4.1189,38.0215],[-4.061,37.9882],[-4.0153,37.9876],[-3.9751,37.9973],[-3.9143,37.9649],[-3.8945,38.0054],[-3.8708,38.0379],[-3.7694,38.037],[-3.7114,38.0183],[-3.6635,38.0136],[-3.5825,38.0484],[-3.5636,38.0754],[-3.5412,38.0952],[-3.4781,38.0959],[-3.4347,38.1261],[-3.3466,38.1254],[-3.3098,38.1394],[-3.2809,38.1422],[-3.2036,38.1327]]]}},{"type":"Feature","properties":{"code":"ES091","name":"Capital y Montes de Ja n"},"geometry":{"type":"Polygon","coordinates":[[[-3.2286,37.82],[-3.2191,37.7351],[-3.1879,37.7192],[-3.1435,37.6217],[-3.2397,37.6314],[-3.2655,37.6271],[-3.3016,37.5812],[-3.332,37.579],[-3.3928,37.5648],[-3.4193,37.5733],[-3.4997,37.6131],[-3.5291,37.5998],[-3.6194,37.5333],[-3.7608,37.4771],[-3.7979,37.4554],[-3.8327,37.4001],[-3.8625,37.3836],[-3.944,37.3781],[-3.9957,37.399],[-4.0412,37.4724],[-4.0472,37.5047],[-4.0118,37.5239],[-3.9637,37.6318],[-3.9436,37.6611],[-3.8866,37.6778],[-3.8898,37.7056],[-3.8812,37.7304],[-3.8157,37.7137],[-3.7895,37.6887],[-3.7769,37.658],[-3.7573,37.6286],[-3.7184,37.6353],[-3.6941,37.7081],[-3.6542,37.7512],[-3.5416,37.8296],[-3.4989,37.8818],[-3.4303,37.9013],[-3.4032,37.8977],[-3.3815,37.8691],[-3.3659,37.7657],[-3.2775,37.761],[-3.2286,37.82]]]}},{"type":"Feature","properties":{"code":"ES092","name":"Antequera"},"geometry":{"type":"Polygon","coordinates":[[[-4.3288,37.1888],[-4.292,37.1269],[-4.2724,37.0141],[-4.3712,36.9221],[-4.3992,36.9142],[-4.4564,36.9096],[-4.4841,36.8975],[-4.5132,36.903],[-4.5869,36.8935],[-4.659,36.9056],[-4.6636,36.9325],[-4.6779,36.9552],[-4.7662,36.9165],[-4.8194,36.9353],[-4.8453,36.9312],[-4.9875,36.882],[-5.0258,36.8841],[-5.0592,36.89],[-5.0872,36.9115],[-5.1138,36.9565],[-5.1482,36.9928],[-5.1096,37.0139],[-5.046,37.0371],[-4.9358,37.0985],[-4.9031,37.1193],[-4.8619,37.1623],[-4.8304,37.1868],[-4.7939,37.1653],[-4.749,37.1804],[-4.7164,37.2046],[-4.7316,37.2404],[-4.7047,37.2482],[-4.6652,37.2551],[-4.6289,37.2405],[-4.5899,37.2172],[-4.5431,37.2167],[-4.4759,37.2399],[-4.4268,37.2752],[-4.4009,37.2633],[-4.3288,37.1888]]]}},{"type":"Feature","properties":{"code":"ES093","name":"Ronda"},"geometry":{"type":"Polygon","coordinates":[[[-4.7662,36.9165],[-4.7956,36.8622],[-4.8815,36.8502],[-4.8973,36.7885],[-4.9104,36.7666],[-4.9554,36.7533],[-5.0626,36.6089],[-5.203,36.4914],[-5.2399,36.5057],[-5.2732,36.4892],[-5.3329,36.4484],[-5.3535,36.4276],[-5.4246,36.5262],[-5.4527,36.5337],[-5.484,36.5354],[-5.5186,36.5268],[-5.5053,36.5508],[-5.461,36.5959],[-5.46,36.6214],[-5.3982,36.6286],[-5.3728,36.638],[-5.3481,36.6627],[-5.3223,36.6986],[-5.2975,36.7684],[-5.3219,36.8021],[-5.3288,36.8297],[-5.2857,36.8701],[-5.2576,36.8672],[-5.2039,36.8399],[-5.1645,36.8283],[-5.126,36.8533],[-5.1102,36.8842],[-5.0872,36.9115],[-5.0592,36.89],[-4.9875,36.882],[-4.8453,36.9312],[-4.8194,36.9353],[-4.7662,36.9165]]]}},{"type":"Feature","properties":{"code":"ES094","name":"Sol y Guadalhorce"},"geometry":{"type":"Polygon","coordinates":[[[-4.4841,36.8975],[-4.4646,36.8647],[-4.4324,36.8496],[-4.3692,36.8858],[-4.3356,36.8699],[-4.2826,36.8224],[-4.2858,36.7854],[-4.3108,36.7168],[-4.3469,36.7134],[-4.4083,36.716],[-4.4352,36.6944],[-4.5037,36.606],[-4.5283,36.5904],[-4.6041,36.5574],[-4.6354,36.5121],[-4.66,36.502],[-4.7444,36.4857],[-4.8597,36.5056],[-4.9259,36.5001],[-4.9983,36.4634],[-5.1416,36.4234],[-5.1775,36.4088],[-5.2373,36.3302],[-5.2583,36.3097],[-5.2945,36.3191],[-5.3268,36.3336],[-5.3535,36.4276],[-5.3329,36.4484],[-5.2732,36.4892],[-5.2399,36.5057],[-5.203,36.4914],[-5.0626,36.6089],[-4.9554,36.7533],[-4.9104,36.7666],[-4.8973,36.7885],[-4.8815,36.8502],[-4.7956,36.8622],[-4.7662,36.9165],[-4.6779,36.9552],[-4.6636,36.9325],[-4.659,36.9056],[-4.5869,36.8935],[-4.5132,36.903],[-4.4841,36.8975]]]}},{"type":"Feature","properties":{"code":"ES095","name":"Axarqu"},"geometry":{"type":"Polygon","coordinates":[[[-3.8066,36.8407],[-3.7674,36.7815],[-3.7785,36.7475],[-3.8414,36.7511],[-3.9653,36.7274],[-4.0464,36.7438],[-4.0767,36.7422],[-4.1017,36.728],[-4.1426,36.7229],[-4.2742,36.7146],[-4.3108,36.7168],[-4.2858,36.7854],[-4.2826,36.8224],[-4.3356,36.8699],[-4.3692,36.8858],[-4.4324,36.8496],[-4.4646,36.8647],[-4.4841,36.8975],[-4.4564,36.9096],[-4.3992,36.9142],[-4.3712,36.9221],[-4.2724,37.0141],[-4.2355,37.0122],[-4.2019,36.9909],[-4.1736,36.9632],[-4.1181,36.9498],[-4.0061,36.8928],[-3.8066,36.8407]]]}},{"type":"Feature","properties":{"code":"ES096","name":"Sierra norte de Sevilla"},"geometry":{"type":"Polygon","coordinates":[[[-5.5796,38.1295],[-5.5006,38.0467],[-5.4837,37.992],[-5.4291,37.9514],[-5.4094,37.9009],[-5.4045,37.8615],[-5.3472,37.835],[-5.3342,37.8062],[-5.337,37.7735],[-5.3758,37.768],[-5.4289,37.753],[-5.5371,37.7459],[-5.6678,37.7059],[-5.7483,37.7232],[-5.7819,37.7107],[-5.8746,37.6494],[-6.0027,37.6227],[-6.0323,37.6266],[-6.0395,37.6624],[-6.0514,37.6911],[-6.1402,37.7162],[-6.1614,37.7014],[-6.1766,37.6779],[-6.1975,37.6619],[-6.266,37.6213],[-6.4342,37.6066],[-6.4727,37.6186],[-6.5043,37.6216],[-6.5265,37.6462],[-6.5091,37.6714],[-6.4412,37.721],[-6.3043,37.7642],[-6.1957,37.7691],[-6.156,37.7847],[-6.1297,37.8054],[-6.17,37.9133],[-6.1863,37.9421],[-6.1233,37.9759],[-6.0836,37.9851],[-5.9572,38.0016],[-5.9423,38.0244],[-5.9235,38.0941],[-5.8549,38.1577],[-5.8292,38.1744],[-5.7225,38.1814],[-5.7208,38.1557],[-5.7357,38.1332],[-5.7229,38.1097],[-5.6994,38.0883],[-5.6706,38.1035],[-5.64,38.1309],[-5.6085,38.1344],[-5.5796,38.1295]]]}},{"type":"Feature","properties":{"code":"ES097","name":"Campi2a sevillana"},"geometry":{"type":"Polygon","coordinates":[[[-5.317,37.7349],[-5.3993,37.694],[-5.4083,37.6657],[-5.4027,37.6336],[-5.3563,37.5967],[-5.3236,37.5971],[-5.1631,37.6806],[-5.1422,37.7028],[-5.0213,37.705],[-4.9933,37.6975],[-4.9358,37.6221],[-4.9286,37.502],[-4.8787,37.4318],[-4.9083,37.3983],[-4.9354,37.3537],[-4.9692,37.348],[-4.9901,37.315],[-5.0044,37.2709],[-4.9934,37.2336],[-4.974,37.1985],[-4.9921,37.1751],[-5.084,37.1166],[-5.2691,37.0484],[-5.3059,37.0294],[-5.3348,37.0079],[-5.4291,37.0049],[-5.5264,36.9389],[-5.5575,36.9121],[-5.6594,36.97],[-5.6862,36.954],[-5.7107,36.9258],[-5.7495,36.921],[-5.7929,36.924],[-5.8673,36.8978],[-5.9034,36.8499],[-5.9823,36.8446],[-6.1303,36.8645],[-6.196,36.8931],[-6.3356,36.9016],[-6.3802,36.9417],[-6.3632,36.9675],[-6.3578,36.9994],[-6.3825,37.0883],[-6.3579,37.1477],[-6.3379,37.2682],[-6.3393,37.3031],[-6.3748,37.3295],[-6.3738,37.3647],[-6.3597,37.4021],[-6.3259,37.4205],[-6.3374,37.4602],[-6.3923,37.5533],[-6.3888,37.6106],[-6.266,37.6213],[-6.1975,37.6619],[-6.1766,37.6779],[-6.1614,37.7014],[-6.1402,37.7162],[-6.0514,37.6911],[-6.0395,37.6624],[-6.0323,37.6266],[-6.0027,37.6227],[-5.8746,37.6494],[-5.7819,37.7107],[-5.7483,37.7232],[-5.6678,37.7059],[-5.5371,37.7459],[-5.4289,37.753],[-5.3758,37.768],[-5.337,37.7735],[-5.317,37.7349]]]}},{"type":"Feature","properties":{"code":"ES098","name":"Sierra sur de Sevilla"},"geometry":{"type":"Polygon","coordinates":[[[-4.6652,37.2551],[-4.7316,37.2404],[-4.7164,37.2046],[-4.749,37.1804],[-4.7939,37.1653],[-4.8304,37.1868],[-4.8619,37.1623],[-4.9031,37.1193],[-4.9358,37.0985],[-5.046,37.0371],[-5.1096,37.0139],[-5.206,36.96],[-5.2383,36.9514],[-5.281,37.0066],[-5.3059,37.0294],[-5.2691,37.0484],[-5.084,37.1166],[-4.9921,37.1751],[-4.974,37.1985],[-4.9934,37.2336],[-5.0044,37.2709],[-4.9901,37.315],[-4.9692,37.348],[-4.9354,37.3537],[-4.9083,37.3983],[-4.8787,37.4318],[-4.8339,37.4322],[-4.8239,37.3656],[-4.7957,37.3432],[-4.7038,37.3402],[-4.669,37.2847],[-4.6652,37.2551]]]}},{"type":"Feature","properties":{"code":"ES099","name":"Pirineo oscense"},"geometry":{"type":"Polygon","coordinates":[[[-0.31,42.8403],[-0.1687,42.7837],[-0.0677,42.6993],[-0.0382,42.6903],[-0.007,42.6856],[0.1542,42.7297],[0.1866,42.7336],[0.2642,42.71],[0.2916,42.6812],[0.3267,42.6791],[0.387,42.6916],[0.4705,42.6977],[0.5164,42.6921],[0.638,42.6905],[0.6641,42.6844],[0.7145,42.6207],[0.7456,42.6131],[0.7675,42.5996],[0.7353,42.5101],[0.7105,42.4846],[0.7086,42.4497],[0.7553,42.3554],[0.7478,42.3146],[0.7024,42.1829],[0.6742,42.0692],[0.5964,41.9769],[0.5721,41.9562],[0.4928,41.9859],[0.4611,42.0069],[0.4166,42.0569],[0.373,42.0648],[0.3032,42.0571],[0.3175,42.0864],[0.3229,42.1217],[0.3228,42.1655],[0.3004,42.1994],[0.2716,42.2237],[0.2234,42.219],[0.1801,42.2208],[0.0659,42.3008],[-0.0266,42.3132],[-0.143,42.3087],[-0.2431,42.3376],[-0.4449,42.3387],[-0.4834,42.347],[-0.6193,42.4124],[-0.6537,42.4332],[-0.6963,42.4835],[-0.84,42.4451],[-0.8778,42.4527],[-0.9167,42.5626],[-0.9177,42.6024],[-0.8917,42.6582],[-0.8905,42.6867],[-0.8958,42.7143],[-0.9075,42.7396],[-0.8542,42.7797],[-0.8521,42.8509],[-0.797,42.9069],[-0.7813,42.9339],[-0.7354,42.9086],[-0.7084,42.8848],[-0.6103,42.8353],[-0.5737,42.7887],[-0.544,42.7991],[-0.5098,42.821],[-0.4809,42.8214],[-0.3993,42.801],[-0.3635,42.8132],[-0.31,42.8403]]]}},{"type":"Feature","properties":{"code":"ES100","name":"Centro de Huesca"},"geometry":{"type":"Polygon","coordinates":[[[0.3032,42.0571],[0.2127,42.0042],[0.1839,41.9672],[0.1524,41.9388],[0.1133,41.9455],[0.0789,41.9437],[0.0072,41.8456],[-0.0192,41.8234],[-0.0876,41.8728],[-0.1293,41.8718],[-0.1711,41.881],[-0.2798,41.983],[-0.3137,41.998],[-0.3522,42.0071],[-0.46,41.9877],[-0.4877,41.9867],[-0.5193,42.0077],[-0.5575,41.9945],[-0.6263,41.9597],[-0.6448,41.9406],[-0.6791,41.9494],[-0.7901,41.9621],[-0.8759,42.0016],[-0.8601,42.0373],[-0.8352,42.0719],[-0.8037,42.0761],[-0.7712,42.0686],[-0.7625,42.1486],[-0.7701,42.2337],[-0.8687,42.2717],[-0.8839,42.297],[-0.8487,42.3605],[-0.8778,42.4527],[-0.84,42.4451],[-0.6963,42.4835],[-0.6537,42.4332],[-0.6193,42.4124],[-0.4834,42.347],[-0.4449,42.3387],[-0.2431,42.3376],[-0.143,42.3087],[-0.0266,42.3132],[0.0659,42.3008],[0.1801,42.2208],[0.2234,42.219],[0.2716,42.2237],[0.3004,42.1994],[0.3228,42.1655],[0.3229,42.1217],[0.3175,42.0864],[0.3032,42.0571]]]}},{"type":"Feature","properties":{"code":"ES101","name":"Sur de Huesca"},"geometry":{"type":"Polygon","coordinates":[[[0.5721,41.9562],[0.5831,41.9278],[0.587,41.8887],[0.5658,41.8576],[0.4812,41.776],[0.4466,41.7624],[0.4157,41.7592],[0.3928,41.7432],[0.3321,41.6824],[0.3355,41.6479],[0.3468,41.6085],[0.3679,41.5879],[0.4166,41.5593],[0.4391,41.5401],[0.4154,41.5107],[0.3611,41.4575],[0.3477,41.4352],[0.3392,41.4016],[0.2564,41.4254],[0.2237,41.4205],[0.1381,41.3906],[0.1156,41.3643],[0.0733,41.3542],[-0.0479,41.3694],[-0.0732,41.3827],[-0.1027,41.4777],[-0.1502,41.5283],[-0.1676,41.5871],[-0.2528,41.5766],[-0.3452,41.6261],[-0.3748,41.6833],[-0.4781,41.7329],[-0.5055,41.7567],[-0.5119,41.802],[-0.5294,41.8463],[-0.6448,41.9406],[-0.6263,41.9597],[-0.5575,41.9945],[-0.5193,42.0077],[-0.4877,41.9867],[-0.46,41.9877],[-0.3522,42.0071],[-0.3137,41.998],[-0.2798,41.983],[-0.1711,41.881],[-0.1293,41.8718],[-0.0876,41.8728],[-0.0192,41.8234],[0.0072,41.8456],[0.0789,41.9437],[0.1133,41.9455],[0.1524,41.9388],[0.1839,41.9672],[0.2127,42.0042],[0.3032,42.0571],[0.373,42.0648],[0.4166,42.0569],[0.4611,42.0069],[0.4928,41.9859],[0.5721,41.9562]]]}},{"type":"Feature","properties":{"code":"ES102","name":"Albarracvn y Jiloca"},"geometry":{"type":"Polygon","coordinates":[[[-0.9531,41.0813],[-1.0251,40.9372],[-1.0371,40.8934],[-0.9278,40.7375],[-0.9044,40.7171],[-0.826,40.6561],[-0.7349,40.6456],[-0.725,40.6129],[-0.7294,40.5491],[-0.742,40.5151],[-0.7812,40.5044],[-0.7436,40.4162],[-0.8742,40.3882],[-0.9978,40.3112],[-1.0136,40.2712],[-1.0179,40.2084],[-1.0292,40.1748],[-1.0659,40.1659],[-1.095,40.1503],[-1.108,40.0947],[-1.1371,40.107],[-1.184,40.1142],[-1.2513,40.1163],[-1.4042,40.1382],[-1.4328,40.1281],[-1.4534,40.1468],[-1.5528,40.1998],[-1.7991,40.3949],[-1.781,40.4257],[-1.7504,40.4575],[-1.703,40.4815],[-1.6749,40.5769],[-1.6313,40.568],[-1.5947,40.5691],[-1.5474,40.6628],[-1.5389,40.6928],[-1.5521,40.7192],[-1.5598,40.7485],[-1.5511,40.7867],[-1.5588,40.8273],[-1.6108,40.8708],[-1.6114,40.9425],[-1.5509,40.9409],[-1.4677,40.9688],[-1.4426,40.9818],[-1.391,41.0542],[-1.368,41.0706],[-1.2776,41.0551],[-1.2636,41.1069],[-1.1989,41.1375],[-1.1547,41.1356],[-1.1174,41.1423],[-1.0957,41.1612],[-0.9895,41.0956],[-0.9531,41.0813]]]}},{"type":"Feature","properties":{"code":"ES103","name":"G2dar y Maestrazgo"},"geometry":{"type":"Polygon","coordinates":[[[-0.7007,41.1078],[-0.742,41.06],[-0.7486,41.0218],[-0.7337,40.99],[-0.6676,40.9556],[-0.64,40.9309],[-0.6551,40.8874],[-0.6607,40.8474],[-0.6235,40.8307],[-0.6129,40.8024],[-0.6055,40.7508],[-0.5907,40.7213],[-0.5463,40.7061],[-0.5088,40.7017],[-0.4921,40.7296],[-0.4847,40.7583],[-0.5053,40.7893],[-0.5143,40.8171],[-0.4886,40.835],[-0.4577,40.8434],[-0.302,40.7752],[-0.2676,40.7487],[-0.2438,40.7223],[-0.2476,40.6968],[-0.2746,40.6776],[-0.3392,40.6447],[-0.3602,40.6195],[-0.3292,40.6048],[-0.3125,40.5787],[-0.2872,40.5166],[-0.2825,40.4773],[-0.3188,40.4561],[-0.3389,40.4338],[-0.2867,40.3687],[-0.3928,40.2987],[-0.4453,40.242],[-0.4864,40.2407],[-0.521,40.2468],[-0.5468,40.2434],[-0.5783,40.1533],[-0.5935,40.1233],[-0.6592,40.0557],[-0.7713,40.0327],[-0.8212,39.9902],[-0.824,39.9027],[-0.8049,39.88],[-0.8388,39.8593],[-0.8673,39.8536],[-0.9133,39.9374],[-0.9329,39.9611],[-0.9989,39.9804],[-1.1483,39.9722],[-1.1602,40.0011],[-1.1348,40.0191],[-1.0956,40.0354],[-1.0977,40.0681],[-1.108,40.0947],[-1.095,40.1503],[-1.0659,40.1659],[-1.0292,40.1748],[-1.0179,40.2084],[-1.0136,40.2712],[-0.9978,40.3112],[-0.8742,40.3882],[-0.7436,40.4162],[-0.7812,40.5044],[-0.742,40.5151],[-0.7294,40.5491],[-0.725,40.6129],[-0.7349,40.6456],[-0.826,40.6561],[-0.9278,40.7375],[-1.0371,40.8934],[-1.0251,40.9372],[-0.9531,41.0813],[-0.8821,41.1243],[-0.8491,41.1083],[-0.8159,41.1094],[-0.7824,41.146],[-0.7529,41.1617],[-0.7234,41.1366],[-0.7007,41.1078]]]}},{"type":"Feature","properties":{"code":"ES104","name":"Bajo Aragln de Teruel"},"geometry":{"type":"Polygon","coordinates":[[[0.2224,41.0629],[0.2773,40.9916],[0.2573,40.9273],[0.2584,40.8936],[0.2722,40.8324],[0.253,40.8019],[0.2024,40.7589],[0.1815,40.7342],[0.0663,40.6981],[0.0388,40.6949],[0.0215,40.7185],[-0.0052,40.7276],[-0.0729,40.7302],[-0.1723,40.773],[-0.2024,40.7754],[-0.2234,40.7422],[-0.2438,40.7223],[-0.2676,40.7487],[-0.302,40.7752],[-0.4577,40.8434],[-0.4886,40.835],[-0.5143,40.8171],[-0.5053,40.7893],[-0.4847,40.7583],[-0.4921,40.7296],[-0.5088,40.7017],[-0.5463,40.7061],[-0.5907,40.7213],[-0.6055,40.7508],[-0.6129,40.8024],[-0.6235,40.8307],[-0.6607,40.8474],[-0.6551,40.8874],[-0.64,40.9309],[-0.6676,40.9556],[-0.7337,40.99],[-0.7486,41.0218],[-0.742,41.06],[-0.7007,41.1078],[-0.6151,41.1859],[-0.6148,41.2209],[-0.6247,41.2809],[-0.6219,41.3162],[-0.5756,41.3505],[-0.549,41.3524],[-0.4864,41.3477],[-0.4104,41.2762],[-0.3064,41.2493],[-0.2308,41.1934],[-0.1571,41.1772],[0.0646,41.082],[0.1742,41.0732],[0.2224,41.0629]]]}},{"type":"Feature","properties":{"code":"ES105","name":"Cinco Villas de Zaragoza"},"geometry":{"type":"Polygon","coordinates":[[[-0.9167,42.5626],[-0.8487,42.3605],[-0.8839,42.297],[-0.8687,42.2717],[-0.7701,42.2337],[-0.7625,42.1486],[-0.7712,42.0686],[-0.8037,42.0761],[-0.8352,42.0719],[-0.8601,42.0373],[-0.8759,42.0016],[-0.9031,41.9787],[-0.9273,41.9466],[-0.9606,41.9286],[-1.0697,41.8885],[-1.1988,41.8804],[-1.2309,41.8862],[-1.3292,41.9124],[-1.3704,41.946],[-1.3565,41.9785],[-1.3148,42.0361],[-1.3341,42.0682],[-1.39,42.1176],[-1.4032,42.1494],[-1.414,42.23],[-1.4047,42.2653],[-1.4064,42.298],[-1.3677,42.3193],[-1.3363,42.353],[-1.3368,42.3974],[-1.3286,42.434],[-1.262,42.4931],[-1.1648,42.6016],[-1.1501,42.6375],[-1.1168,42.647],[-1.0492,42.6474],[-1.0343,42.6716],[-1.0321,42.7018],[-1.0059,42.7044],[-0.9075,42.7396],[-0.8958,42.7143],[-0.8905,42.6867],[-0.8917,42.6582],[-0.9177,42.6024],[-0.9167,42.5626]]]}},{"type":"Feature","properties":{"code":"ES106","name":"Ib5rica zaragozana"},"geometry":{"type":"Polygon","coordinates":[[[-1.3704,41.946],[-1.3292,41.9124],[-1.343,41.8874],[-1.3536,41.8537],[-1.3459,41.7856],[-1.3332,41.76],[-1.2825,41.7289],[-1.249,41.7146],[-1.17,41.6911],[-1.0451,41.6144],[-1.0726,41.5565],[-1.05,41.5201],[-1.069,41.4751],[-1.0443,41.4422],[-1.016,41.416],[-0.9837,41.401],[-0.9562,41.3958],[-0.9178,41.4687],[-0.8995,41.4881],[-0.8648,41.4855],[-0.7884,41.4277],[-0.6012,41.3641],[-0.5756,41.3505],[-0.6219,41.3162],[-0.6247,41.2809],[-0.6148,41.2209],[-0.6151,41.1859],[-0.7007,41.1078],[-0.7234,41.1366],[-0.7529,41.1617],[-0.7824,41.146],[-0.8159,41.1094],[-0.8491,41.1083],[-0.8821,41.1243],[-0.9531,41.0813],[-0.9895,41.0956],[-1.0957,41.1612],[-1.1174,41.1423],[-1.1547,41.1356],[-1.1989,41.1375],[-1.2636,41.1069],[-1.2776,41.0551],[-1.368,41.0706],[-1.391,41.0542],[-1.4426,40.9818],[-1.4677,40.9688],[-1.5509,40.9409],[-1.5802,40.9402],[-1.6114,40.9425],[-1.636,40.9572],[-1.8138,41.0911],[-1.9357,41.142],[-1.9523,41.1632],[-1.9821,41.1653],[-2.0573,41.1509],[-2.0904,41.1714],[-2.1278,41.1766],[-2.1504,41.2095],[-2.1676,41.3131],[-2.1563,41.3449],[-2.1057,41.4373],[-2.0737,41.438],[-1.9629,41.4102],[-1.9597,41.4373],[-1.972,41.4964],[-1.9895,41.5275],[-1.9845,41.5991],[-1.9494,41.5982],[-1.911,41.6094],[-1.867,41.6528],[-1.8083,41.6678],[-1.7895,41.6999],[-1.7816,41.7307],[-1.8253,41.7776],[-1.8247,41.8709],[-1.8571,41.9559],[-1.8518,41.9864],[-1.8533,42.0123],[-1.7456,41.9865],[-1.5861,41.926],[-1.4546,41.915],[-1.4165,41.9169],[-1.3957,41.9356],[-1.3704,41.946]]]}},{"type":"Feature","properties":{"code":"ES107","name":"Ribera del Ebro de Zaragoza"},"geometry":{"type":"Polygon","coordinates":[[[-0.6448,41.9406],[-0.5294,41.8463],[-0.5119,41.802],[-0.5055,41.7567],[-0.4781,41.7329],[-0.3748,41.6833],[-0.3452,41.6261],[-0.2528,41.5766],[-0.1676,41.5871],[-0.1502,41.5283],[-0.1027,41.4777],[-0.0732,41.3827],[-0.0479,41.3694],[0.0733,41.3542],[0.1156,41.3643],[0.1381,41.3906],[0.2237,41.4205],[0.2564,41.4254],[0.3392,41.4016],[0.3834,41.2738],[0.3343,41.2345],[0.3153,41.2016],[0.3057,41.1712],[0.272,41.1516],[0.2303,41.1356],[0.2224,41.0629],[0.1742,41.0732],[0.0646,41.082],[-0.1571,41.1772],[-0.2308,41.1934],[-0.3064,41.2493],[-0.4104,41.2762],[-0.4864,41.3477],[-0.5756,41.3505],[-0.6012,41.3641],[-0.7625,41.4169],[-0.7884,41.4277],[-0.8648,41.4855],[-0.8995,41.4881],[-0.9178,41.4687],[-0.9562,41.3958],[-0.9837,41.401],[-1.016,41.416],[-1.0443,41.4422],[-1.069,41.4751],[-1.05,41.5201],[-1.0726,41.5565],[-1.0451,41.6144],[-1.17,41.6911],[-1.2825,41.7289],[-1.3332,41.76],[-1.3459,41.7856],[-1.3536,41.8537],[-1.343,41.8874],[-1.3292,41.9124],[-1.1988,41.8804],[-1.0697,41.8885],[-0.9606,41.9286],[-0.9273,41.9466],[-0.9031,41.9787],[-0.8759,42.0016],[-0.7901,41.9621],[-0.6791,41.9494],[-0.6448,41.9406]]]}},{"type":"Feature","properties":{"code":"ES108","name":"Litoral occidental asturiano"},"geometry":{"type":"Polygon","coordinates":[[[-5.8304,43.4943],[-5.9131,43.4965],[-5.9473,43.4817],[-5.9791,43.4754],[-6.0125,43.5013],[-6.0447,43.4918],[-6.1371,43.4253],[-6.1745,43.4324],[-6.2142,43.4493],[-6.2325,43.4845],[-6.2697,43.4903],[-6.3156,43.4841],[-6.3403,43.4632],[-6.3552,43.427],[-6.5152,43.4512],[-6.5605,43.4547],[-6.651,43.4442],[-6.7805,43.4682],[-6.808,43.4656],[-6.9216,43.3946],[-6.958,43.3839],[-6.9996,43.4671],[-7.0413,43.4756],[-7.0408,43.5167],[-7.0268,43.5449],[-6.9251,43.5693],[-6.8053,43.5559],[-6.6205,43.5643],[-6.528,43.5469],[-6.3451,43.5523],[-6.2361,43.5779],[-6.1973,43.5806],[-6.1056,43.5568],[-5.935,43.5961],[-5.8527,43.5496],[-5.8362,43.5255],[-5.8304,43.4943]]]}},{"type":"Feature","properties":{"code":"ES109","name":"Litoral oriental asturiano"},"geometry":{"type":"Polygon","coordinates":[[[-4.5182,43.3888],[-4.5367,43.348],[-4.5716,43.3471],[-4.7004,43.3629],[-4.9202,43.3524],[-5.0239,43.4053],[-5.1658,43.436],[-5.1948,43.4391],[-5.3099,43.4297],[-5.3456,43.422],[-5.3815,43.4042],[-5.5748,43.429],[-5.6452,43.4541],[-5.7219,43.4488],[-5.7563,43.4524],[-5.8304,43.4943],[-5.8362,43.5255],[-5.8527,43.5496],[-5.935,43.5961],[-5.8512,43.6504],[-5.8194,43.6389],[-5.6876,43.5459],[-5.6558,43.5429],[-5.4173,43.555],[-5.3875,43.5517],[-5.3027,43.5368],[-5.2198,43.4768],[-5.1339,43.4825],[-5.0539,43.4635],[-4.9582,43.4606],[-4.7401,43.4155],[-4.5629,43.3975],[-4.5182,43.3888]]]}},{"type":"Feature","properties":{"code":"ES110","name":"Suroccidental asturiana"},"geometry":{"type":"Polygon","coordinates":[[[-6.3552,43.427],[-6.3029,43.3539],[-6.3118,43.328],[-6.3289,43.3003],[-6.3391,43.2148],[-6.3345,43.1878],[-6.3546,43.1684],[-6.3727,43.1416],[-6.3703,43.1063],[-6.3579,43.067],[-6.4363,42.9462],[-6.4602,42.9337],[-6.5349,42.9134],[-6.6469,42.9229],[-6.7772,42.8998],[-6.804,42.9081],[-6.8341,42.9083],[-6.8449,42.9465],[-6.8711,42.9821],[-6.9824,43.0193],[-6.9687,43.0541],[-6.9439,43.0783],[-6.8419,43.1215],[-6.855,43.1578],[-6.8832,43.1799],[-6.9712,43.1901],[-7.0463,43.2369],[-7.0678,43.2549],[-7.0785,43.2804],[-7.0989,43.2984],[-7.1157,43.3294],[-7.1674,43.3888],[-7.1413,43.4192],[-7.0413,43.4756],[-6.9996,43.4671],[-6.958,43.3839],[-6.9216,43.3946],[-6.808,43.4656],[-6.7805,43.4682],[-6.651,43.4442],[-6.5605,43.4547],[-6.3552,43.427]]]}},{"type":"Feature","properties":{"code":"ES111","name":"Central y Valles Mineros"},"geometry":{"type":"Polygon","coordinates":[[[-5.8304,43.4943],[-5.7563,43.4524],[-5.7219,43.4488],[-5.6452,43.4541],[-5.5748,43.429],[-5.3815,43.4042],[-5.3912,43.3805],[-5.4703,43.3],[-5.4757,43.2668],[-5.4749,43.2345],[-5.4928,43.1938],[-5.5141,43.165],[-5.6197,43.1894],[-5.7626,43.181],[-5.837,43.193],[-5.8682,43.1903],[-5.9013,43.1773],[-5.9705,43.23],[-5.9974,43.2256],[-6.0853,43.1915],[-6.1065,43.2203],[-6.1512,43.208],[-6.2046,43.1775],[-6.2356,43.1765],[-6.3345,43.1878],[-6.3391,43.2148],[-6.3289,43.3003],[-6.3118,43.328],[-6.3029,43.3539],[-6.3552,43.427],[-6.3403,43.4632],[-6.3156,43.4841],[-6.2697,43.4903],[-6.2325,43.4845],[-6.2142,43.4493],[-6.1745,43.4324],[-6.1371,43.4253],[-6.0447,43.4918],[-6.0125,43.5013],[-5.9791,43.4754],[-5.9473,43.4817],[-5.9131,43.4965],[-5.8304,43.4943]]]}},{"type":"Feature","properties":{"code":"ES112","name":"Cordillera y Picos de Europa"},"geometry":{"type":"Polygon","coordinates":[[[-4.5367,43.348],[-4.5327,43.3193],[-4.5137,43.2828],[-4.5413,43.2605],[-4.5927,43.2942],[-4.6189,43.2917],[-4.6718,43.2749],[-4.7053,43.2579],[-4.7381,43.1985],[-4.7814,43.182],[-4.8171,43.1808],[-4.8462,43.1857],[-4.8738,43.216],[-4.9031,43.2327],[-4.9899,43.1882],[-5.0662,43.1807],[-5.0857,43.1504],[-5.0985,43.1109],[-5.1355,43.0964],[-5.2708,43.0781],[-5.3928,43.0821],[-5.5108,43.0304],[-5.5495,43.0199],[-5.6605,43.0488],[-5.6953,43.0479],[-5.759,42.9747],[-5.7854,42.9686],[-5.8569,42.9698],[-5.9367,43.0081],[-5.9588,43.0235],[-5.9697,43.0525],[-5.9977,43.0589],[-6.2188,43.0098],[-6.2515,43.0176],[-6.3176,43.0429],[-6.3579,43.067],[-6.3703,43.1063],[-6.3727,43.1416],[-6.3546,43.1684],[-6.3345,43.1878],[-6.2356,43.1765],[-6.2046,43.1775],[-6.1512,43.208],[-6.1065,43.2203],[-6.0853,43.1915],[-5.9974,43.2256],[-5.9705,43.23],[-5.9013,43.1773],[-5.8682,43.1903],[-5.837,43.193],[-5.7626,43.181],[-5.6197,43.1894],[-5.5141,43.165],[-5.4928,43.1938],[-5.4749,43.2345],[-5.4757,43.2668],[-5.4703,43.3],[-5.3912,43.3805],[-5.3815,43.4042],[-5.3456,43.422],[-5.3099,43.4297],[-5.1948,43.4391],[-5.1658,43.436],[-5.0239,43.4053],[-4.9202,43.3524],[-4.7004,43.3629],[-4.5716,43.3471],[-4.5367,43.348]]]}},{"type":"Feature","properties":{"code":"ES113","name":"Ibiza y Formentera"},"geometry":{"type":"MultiPolygon","coordinates":[[[[1.5073,38.684],[1.539,38.6927],[1.574,38.6908],[1.5797,38.6607],[1.5396,38.6615],[1.5073,38.684]]],[[[1.5073,38.684],[1.4003,38.6757],[1.3951,38.7212],[1.44,38.7562],[1.4631,38.7407],[1.5073,38.684]]],[[[1.2284,38.8889],[1.2343,38.9278],[1.2941,38.9645],[1.3028,39.0362],[1.3749,39.0757],[1.5014,39.1093],[1.5406,39.1091],[1.588,39.055],[1.6025,39.0216],[1.5334,38.9497],[1.3601,38.8773],[1.3201,38.8719],[1.2598,38.876],[1.2284,38.8889]]]]}},{"type":"Feature","properties":{"code":"ES114","name":"Sierra Tramontana"},"geometry":{"type":"Polygon","coordinates":[[[2.9323,39.8022],[2.8937,39.808],[2.7564,39.7215],[2.747,39.6541],[2.7132,39.6578],[2.6119,39.6552],[2.5646,39.6082],[2.5314,39.597],[2.4947,39.6005],[2.4635,39.6231],[2.4358,39.6518],[2.4646,39.6559],[2.5487,39.6962],[2.7717,39.8501],[2.9145,39.8986],[2.9323,39.8022]]]}},{"type":"Feature","properties":{"code":"ES115","name":"Norte y nordeste de Mallorca"},"geometry":{"type":"Polygon","coordinates":[[[3.4294,39.629],[3.4081,39.6572],[3.3812,39.6672],[3.3413,39.6509],[3.3039,39.6442],[3.2738,39.6665],[3.2091,39.696],[3.1446,39.6845],[3.0968,39.684],[2.9769,39.7498],[2.9488,39.7696],[2.9323,39.8022],[2.9145,39.8986],[3.0215,39.9321],[3.0505,39.9278],[3.078,39.9118],[3.1381,39.7959],[3.1626,39.7634],[3.2228,39.7408],[3.26,39.7357],[3.3421,39.7849],[3.3676,39.7761],[3.4459,39.726],[3.4468,39.6911],[3.4294,39.629]]]}},{"type":"Feature","properties":{"code":"ES116","name":"Interior de Mallorca"},"geometry":{"type":"Polygon","coordinates":[[[2.9323,39.8022],[2.9488,39.7696],[2.9769,39.7498],[3.0968,39.684],[3.1446,39.6845],[3.2091,39.696],[3.2442,39.6823],[3.1634,39.6299],[3.1472,39.5427],[3.1066,39.5334],[3.0637,39.4803],[2.9761,39.4647],[2.962,39.5187],[2.9198,39.5205],[2.8813,39.529],[2.7734,39.6406],[2.747,39.6541],[2.7564,39.7215],[2.8937,39.808],[2.9323,39.8022]]]}},{"type":"Feature","properties":{"code":"ES117","name":"Sur de Mallorca"},"geometry":{"type":"Polygon","coordinates":[[[2.747,39.6541],[2.7734,39.6406],[2.8813,39.529],[2.9198,39.5205],[2.962,39.5187],[2.9761,39.4647],[3.0637,39.4803],[3.0752,39.4528],[3.0958,39.4237],[3.0923,39.3851],[3.0758,39.3251],[3.0594,39.2985],[3.0283,39.2787],[3.0159,39.3027],[2.9615,39.3575],[2.9251,39.3621],[2.8086,39.3623],[2.7814,39.3686],[2.7391,39.4121],[2.725,39.5036],[2.7035,39.5403],[2.6589,39.5567],[2.6213,39.5613],[2.4922,39.4853],[2.468,39.4993],[2.4549,39.5292],[2.3905,39.5434],[2.355,39.5797],[2.3734,39.604],[2.4195,39.632],[2.4358,39.6518],[2.4635,39.6231],[2.4947,39.6005],[2.5314,39.597],[2.5646,39.6082],[2.6119,39.6552],[2.7132,39.6578],[2.747,39.6541]]]}},{"type":"Feature","properties":{"code":"ES118","name":"Levante mallorqurn"},"geometry":{"type":"Polygon","coordinates":[[[3.4294,39.629],[3.3864,39.5727],[3.3111,39.5102],[3.2883,39.4676],[3.2776,39.4257],[3.2352,39.3655],[3.1374,39.3189],[3.1038,39.2923],[3.0673,39.2736],[3.0283,39.2787],[3.0594,39.2985],[3.0758,39.3251],[3.0923,39.3851],[3.0958,39.4237],[3.0752,39.4528],[3.0637,39.4803],[3.1066,39.5334],[3.1472,39.5427],[3.1634,39.6299],[3.2442,39.6823],[3.3039,39.6442],[3.3413,39.6509],[3.3812,39.6672],[3.4081,39.6572],[3.4294,39.629]]]}},{"type":"Feature","properties":{"code":"ES119","name":"Menorca"},"geometry":{"type":"Polygon","coordinates":[[[4.3063,39.8809],[4.2773,39.8226],[4.2413,39.8173],[4.1782,39.8406],[4.0297,39.9159],[3.8343,39.9304],[3.8256,39.9765],[3.8024,40.0114],[3.8317,40.036],[3.8708,40.0526],[3.9085,40.0574],[4.1558,40.057],[4.182,40.0452],[4.2515,39.9981],[4.2949,39.9189],[4.3063,39.8809]]]}},{"type":"Feature","properties":{"code":"ES120","name":"Norte de Gran Canaria"},"geometry":{"type":"Polygon","coordinates":[[[-15.3894,28.0173],[-15.4996,28.0015],[-15.5152,28.0299],[-15.5406,28.0325],[-15.6143,28.0144],[-15.6341,28.0311],[-15.691,28.0527],[-15.7176,28.0755],[-15.6838,28.1601],[-15.5938,28.1475],[-15.5187,28.1466],[-15.4646,28.1309],[-15.4183,28.1634],[-15.4074,28.1206],[-15.4154,28.0856],[-15.4141,28.0505],[-15.3894,28.0173]]]}},{"type":"Feature","properties":{"code":"ES121","name":"Cumbres de Gran Canaria"},"geometry":{"type":"Polygon","coordinates":[[[-15.4996,28.0015],[-15.5421,27.9615],[-15.5683,27.9625],[-15.5945,27.9568],[-15.6203,27.9307],[-15.6456,27.9141],[-15.7285,27.959],[-15.7094,27.9781],[-15.6763,27.9951],[-15.5406,28.0325],[-15.5152,28.0299],[-15.4996,28.0015]]]}},{"type":"Feature","properties":{"code":"ES122","name":"Este, sur y oeste de Gran Canaria"},"geometry":{"type":"Polygon","coordinates":[[[-15.6143,28.0144],[-15.6763,27.9951],[-15.7094,27.9781],[-15.7285,27.959],[-15.6456,27.9141],[-15.6203,27.9307],[-15.5945,27.9568],[-15.5683,27.9625],[-15.5421,27.9615],[-15.4996,28.0015],[-15.3894,28.0173],[-15.3676,27.9935],[-15.3731,27.9593],[-15.4073,27.8362],[-15.4296,27.8058],[-15.4547,27.7938],[-15.5389,27.7675],[-15.5687,27.7451],[-15.6049,27.7399],[-15.6949,27.7673],[-15.7515,27.8027],[-15.7736,27.8217],[-15.8172,27.8886],[-15.8296,27.9294],[-15.8172,27.9862],[-15.8,28.0204],[-15.7665,28.0385],[-15.7176,28.0755],[-15.691,28.0527],[-15.6341,28.0311],[-15.6143,28.0144]]]}},{"type":"Feature","properties":{"code":"ES123","name":"Lanzarote"},"geometry":{"type":"MultiPolygon","coordinates":[[[[-13.4945,29.2213],[-13.4597,29.2274],[-13.426,29.1989],[-13.4318,29.173],[-13.4478,29.1455],[-13.4569,29.0635],[-13.4679,29.0298],[-13.4869,28.9991],[-13.6426,28.9212],[-13.7053,28.9127],[-13.7326,28.8915],[-13.7635,28.8586],[-13.7941,28.8501],[-13.8704,28.8653],[-13.8686,28.8998],[-13.8312,28.9566],[-13.813,29.0286],[-13.6812,29.108],[-13.6468,29.1235],[-13.586,29.1332],[-13.5584,29.1209],[-13.5303,29.1408],[-13.4945,29.2213]]],[[[-13.4945,29.2213],[-13.5351,29.2249],[-13.5119,29.2776],[-13.4758,29.2699],[-13.4899,29.2478],[-13.4945,29.2213]]]]}},{"type":"Feature","properties":{"code":"ES124","name":"Fuerteventura"},"geometry":{"type":"Polygon","coordinates":[[[-13.8741,28.3505],[-13.9017,28.2731],[-13.961,28.2331],[-14.2084,28.1611],[-14.3013,28.072],[-14.3346,28.0486],[-14.4716,28.0625],[-14.505,28.0748],[-14.4826,28.1063],[-14.4099,28.1078],[-14.3507,28.127],[-14.2615,28.1835],[-14.2165,28.2249],[-14.2054,28.3056],[-14.1753,28.3577],[-14.1446,28.4275],[-14.0946,28.4882],[-14.0657,28.5477],[-14.019,28.682],[-14.0015,28.7158],[-13.9643,28.7326],[-13.905,28.7475],[-13.8738,28.7467],[-13.8515,28.7308],[-13.833,28.6605],[-13.8289,28.6092],[-13.8301,28.5556],[-13.8461,28.5098],[-13.8741,28.3505]]]}},{"type":"Feature","properties":{"code":"ES125","name":"Cumbres de La Palma"},"geometry":{"type":"Polygon","coordinates":[[[-17.8446,28.5552],[-17.8868,28.5958],[-17.92,28.6725],[-17.9167,28.7051],[-17.8707,28.7536],[-17.8546,28.724],[-17.8353,28.6616],[-17.8298,28.6277],[-17.8446,28.5552]]]}},{"type":"Feature","properties":{"code":"ES126","name":"Este de La Palma"},"geometry":{"type":"Polygon","coordinates":[[[-17.8073,28.844],[-17.7755,28.8317],[-17.7304,28.7508],[-17.7749,28.5522],[-17.8023,28.518],[-17.825,28.5333],[-17.8446,28.5552],[-17.8298,28.6277],[-17.8353,28.6616],[-17.8546,28.724],[-17.8707,28.7536],[-17.8574,28.815],[-17.8419,28.8453],[-17.8073,28.844]]]}},{"type":"Feature","properties":{"code":"ES127","name":"Oeste de La Palma"},"geometry":{"type":"Polygon","coordinates":[[[-17.8419,28.8453],[-17.8574,28.815],[-17.8707,28.7536],[-17.9167,28.7051],[-17.92,28.6725],[-17.8868,28.5958],[-17.825,28.5333],[-17.8023,28.518],[-17.8566,28.4691],[-17.8798,28.5021],[-18.0033,28.7564],[-17.9915,28.7879],[-17.9098,28.8478],[-17.8419,28.8453]]]}},{"type":"Feature","properties":{"code":"ES128","name":"La Gomera"},"geometry":{"type":"Polygon","coordinates":[[[-17.1151,28.1142],[-17.1358,28.0779],[-17.1634,28.0497],[-17.2012,28.0354],[-17.2465,28.0326],[-17.3089,28.0614],[-17.3272,28.0853],[-17.3376,28.1133],[-17.3427,28.1491],[-17.3054,28.2038],[-17.228,28.2003],[-17.1692,28.1755],[-17.141,28.1522],[-17.1151,28.1142]]]}},{"type":"Feature","properties":{"code":"ES129","name":"El Hierro"},"geometry":{"type":"Polygon","coordinates":[[[-18.1267,27.7654],[-18.043,27.7672],[-17.9832,27.8198],[-17.9293,27.8481],[-17.9039,27.835],[-17.8936,27.7902],[-17.9424,27.735],[-17.9823,27.6502],[-18.0127,27.6575],[-18.0383,27.6727],[-18.1371,27.7056],[-18.157,27.7244],[-18.1267,27.7654]]]}},{"type":"Feature","properties":{"code":"ES130","name":"Norte de Tenerife"},"geometry":{"type":"Polygon","coordinates":[[[-16.4374,28.3892],[-16.5948,28.2223],[-16.6191,28.2048],[-16.6494,28.206],[-16.6746,28.2146],[-16.6983,28.2705],[-16.7781,28.306],[-16.8051,28.3013],[-16.8709,28.2737],[-16.9184,28.3513],[-16.8445,28.38],[-16.8085,28.3868],[-16.6506,28.3929],[-16.5084,28.4279],[-16.4267,28.4917],[-16.3991,28.4591],[-16.3881,28.4318],[-16.4374,28.3892]]]}},{"type":"Feature","properties":{"code":"ES131","name":"area metropolitana de Tenerife"},"geometry":{"type":"Polygon","coordinates":[[[-16.3678,28.3621],[-16.4056,28.3803],[-16.4374,28.3892],[-16.3881,28.4318],[-16.3991,28.4591],[-16.4267,28.4917],[-16.405,28.5294],[-16.3461,28.555],[-16.2756,28.574],[-16.2406,28.5671],[-16.1694,28.5848],[-16.1481,28.57],[-16.14,28.5373],[-16.3494,28.3863],[-16.3678,28.3621]]]}},{"type":"Feature","properties":{"code":"ES132","name":"Este, sur y oeste de Tenerife"},"geometry":{"type":"Polygon","coordinates":[[[-16.3678,28.3621],[-16.3665,28.3246],[-16.3926,28.2542],[-16.4331,28.1694],[-16.4682,28.1146],[-16.4952,28.0866],[-16.5652,28.0342],[-16.6454,28.0117],[-16.6808,28.0179],[-16.7072,28.0344],[-16.7327,28.0614],[-16.7896,28.1338],[-16.8244,28.189],[-16.847,28.245],[-16.8709,28.2737],[-16.8051,28.3013],[-16.7781,28.306],[-16.6983,28.2705],[-16.6746,28.2146],[-16.6494,28.206],[-16.6191,28.2048],[-16.5948,28.2223],[-16.4374,28.3892],[-16.4056,28.3803],[-16.3678,28.3621]]]}},{"type":"Feature","properties":{"code":"ES133","name":"Litoral cdntabro"},"geometry":{"type":"Polygon","coordinates":[[[-3.1401,43.3542],[-3.1582,43.304],[-3.1933,43.2935],[-3.2318,43.299],[-3.2722,43.3488],[-3.3005,43.3575],[-3.4134,43.3559],[-3.4516,43.345],[-3.4809,43.3159],[-3.5194,43.3105],[-3.7391,43.2934],[-3.7832,43.2993],[-3.8442,43.3289],[-3.9155,43.3322],[-3.9614,43.3285],[-4.0788,43.2986],[-4.1118,43.2961],[-4.1307,43.3209],[-4.1572,43.3207],[-4.2333,43.28],[-4.266,43.2769],[-4.5137,43.2828],[-4.5327,43.3193],[-4.5367,43.348],[-4.5182,43.3888],[-4.4798,43.3944],[-4.2878,43.3866],[-4.0284,43.4397],[-3.8219,43.4917],[-3.7959,43.477],[-3.7745,43.4539],[-3.7369,43.4602],[-3.6076,43.5081],[-3.5665,43.5031],[-3.4454,43.467],[-3.414,43.413],[-3.3166,43.413],[-3.2274,43.3941],[-3.1786,43.3675],[-3.1401,43.3542]]]}},{"type":"Feature","properties":{"code":"ES134","name":"Li3bana"},"geometry":{"type":"Polygon","coordinates":[[[-4.5413,43.2605],[-4.4762,43.0918],[-4.4721,43.0587],[-4.5048,43.0415],[-4.5524,43.0212],[-4.7258,43.02],[-4.7414,43.0511],[-4.8513,43.1251],[-4.8462,43.1857],[-4.8171,43.1808],[-4.7814,43.182],[-4.7381,43.1985],[-4.7053,43.2579],[-4.6718,43.2749],[-4.6189,43.2917],[-4.5927,43.2942],[-4.5413,43.2605]]]}},{"type":"Feature","properties":{"code":"ES135","name":"Centro y valle de Villaverde"},"geometry":{"type":"Polygon","coordinates":[[[-3.2318,43.299],[-3.3045,43.2959],[-3.4381,43.2361],[-3.439,43.2032],[-3.4283,43.1679],[-3.4302,43.1347],[-3.5155,43.138],[-3.6235,43.1718],[-3.6569,43.1721],[-3.6944,43.1276],[-3.731,43.1034],[-3.9529,42.9983],[-3.9866,43.0001],[-4.0526,42.9924],[-4.0802,42.9972],[-4.0962,43.0394],[-4.1256,43.0559],[-4.1527,43.054],[-4.1852,42.9601],[-4.2184,42.952],[-4.3268,42.968],[-4.3579,42.9837],[-4.4113,43.04],[-4.4721,43.0587],[-4.4762,43.0918],[-4.5413,43.2605],[-4.5137,43.2828],[-4.266,43.2769],[-4.2333,43.28],[-4.1572,43.3207],[-4.1307,43.3209],[-4.1118,43.2961],[-4.0788,43.2986],[-3.9614,43.3285],[-3.8794,43.3334],[-3.8442,43.3289],[-3.7832,43.2993],[-3.7391,43.2934],[-3.5194,43.3105],[-3.4809,43.3159],[-3.4516,43.345],[-3.4134,43.3559],[-3.3005,43.3575],[-3.2722,43.3488],[-3.2318,43.299]]]}},{"type":"Feature","properties":{"code":"ES136","name":"Cantabria del Ebro"},"geometry":{"type":"Polygon","coordinates":[[[-3.9529,42.9983],[-3.9653,42.9723],[-3.9742,42.9365],[-3.8832,42.9173],[-3.8377,42.8784],[-3.8237,42.8333],[-3.8221,42.7988],[-3.9885,42.7701],[-4.1,42.7598],[-4.1241,42.778],[-4.1546,42.7928],[-4.2185,42.8515],[-4.232,42.8869],[-4.2345,42.9247],[-4.2439,42.9544],[-4.2184,42.952],[-4.1852,42.9601],[-4.1527,43.054],[-4.1256,43.0559],[-4.0962,43.0394],[-4.0802,42.9972],[-4.0526,42.9924],[-3.9866,43.0001],[-3.9529,42.9983]]]}},{"type":"Feature","properties":{"code":"ES137","name":"Meseta de nvila"},"geometry":{"type":"Polygon","coordinates":[[[-4.7291,41.1465],[-4.7068,41.0656],[-4.6326,41.0223],[-4.5708,40.96],[-4.5629,40.9202],[-4.5629,40.8768],[-4.6286,40.7931],[-4.6621,40.7791],[-4.7267,40.8055],[-4.8171,40.8056],[-4.8464,40.7909],[-4.8705,40.7722],[-4.9047,40.7702],[-5.1593,40.7939],[-5.1854,40.7898],[-5.1635,40.8532],[-5.1174,40.9075],[-5.0978,40.9652],[-5.0962,41.0013],[-5.1316,41.0315],[-5.1351,41.074],[-5.1193,41.1327],[-5.0346,41.1557],[-5.0048,41.1575],[-4.8701,41.0994],[-4.7291,41.1465]]]}},{"type":"Feature","properties":{"code":"ES138","name":"Sistema Central de jvila"},"geometry":{"type":"Polygon","coordinates":[[[-4.4673,40.7949],[-4.4355,40.742],[-4.4232,40.6807],[-4.407,40.6344],[-4.314,40.6503],[-4.2678,40.6763],[-4.1817,40.6865],[-4.1557,40.6942],[-4.1727,40.6199],[-4.2756,40.5963],[-4.3293,40.5181],[-4.424,40.5366],[-4.4577,40.5344],[-4.5149,40.4967],[-4.539,40.4611],[-4.5502,40.4273],[-4.5477,40.335],[-4.62,40.3613],[-4.6518,40.4187],[-4.694,40.4338],[-4.7311,40.437],[-4.8078,40.4338],[-4.8038,40.3903],[-4.8066,40.3437],[-4.8883,40.3083],[-4.9154,40.3009],[-5.0049,40.3196],[-5.0366,40.3144],[-5.2389,40.2466],[-5.3189,40.2585],[-5.3516,40.25],[-5.3972,40.2559],[-5.4384,40.2448],[-5.486,40.2081],[-5.5215,40.2028],[-5.6136,40.2236],[-5.6833,40.2828],[-5.7315,40.2998],[-5.6862,40.3546],[-5.6887,40.3879],[-5.6825,40.4267],[-5.6483,40.4485],[-5.6143,40.4604],[-5.5593,40.4303],[-5.5164,40.437],[-5.4881,40.4516],[-5.4648,40.4704],[-5.4467,40.5064],[-5.4367,40.5447],[-5.435,40.589],[-5.1854,40.7898],[-5.1593,40.7939],[-4.9047,40.7702],[-4.8705,40.7722],[-4.8464,40.7909],[-4.8171,40.8056],[-4.7722,40.8083],[-4.7267,40.8055],[-4.6621,40.7791],[-4.6286,40.7931],[-4.5629,40.8768],[-4.5371,40.8216],[-4.4673,40.7949]]]}},{"type":"Feature","properties":{"code":"ES139","name":"Sur de dvila"},"geometry":{"type":"MultiPolygon","coordinates":[[[[-4.5477,40.335],[-4.5366,40.3107],[-4.5352,40.2825],[-4.5571,40.2496],[-4.5703,40.2157],[-4.6533,40.2129],[-4.6851,40.2201],[-4.6939,40.2551],[-4.706,40.2787],[-4.771,40.2547],[-4.8994,40.181],[-4.9504,40.1256],[-4.9765,40.1166],[-5.0059,40.1115],[-5.0734,40.1402],[-5.1344,40.1016],[-5.3457,40.1135],[-5.3619,40.1542],[-5.3617,40.1883],[-5.3516,40.25],[-5.3189,40.2585],[-5.2389,40.2466],[-5.0366,40.3144],[-5.0049,40.3196],[-4.9154,40.3009],[-4.8066,40.3437],[-4.8038,40.3903],[-4.8078,40.4338],[-4.7311,40.437],[-4.694,40.4338],[-4.6518,40.4187],[-4.62,40.3613],[-4.5477,40.335]]],[[[-4.5477,40.335],[-4.5502,40.4273],[-4.539,40.4611],[-4.5149,40.4967],[-4.4577,40.5344],[-4.424,40.5366],[-4.3293,40.5181],[-4.316,40.4202],[-4.3807,40.4127],[-4.4197,40.3983],[-4.4478,40.3361],[-4.4781,40.3247],[-4.5123,40.333],[-4.5477,40.335]]]]}},{"type":"Feature","properties":{"code":"ES140","name":"Cordillera Cantebrica de Burgos"},"geometry":{"type":"Polygon","coordinates":[[[-3.5155,43.138],[-3.5142,43.0624],[-3.5804,42.9974],[-3.7224,42.9261],[-3.7563,42.9018],[-3.7223,42.8851],[-3.6611,42.8681],[-3.6413,42.8366],[-3.6251,42.7974],[-3.5976,42.7854],[-3.5349,42.7794],[-3.5033,42.768],[-3.5274,42.7065],[-3.5646,42.6865],[-3.7368,42.6521],[-3.7605,42.5686],[-3.7923,42.5681],[-3.9526,42.6281],[-3.9805,42.6342],[-4.0745,42.6173],[-4.1109,42.6225],[-4.1734,42.6642],[-4.2008,42.6663],[-4.243,42.6806],[-4.225,42.7077],[-4.1788,42.7369],[-4.1,42.7598],[-3.9885,42.7701],[-3.8221,42.7988],[-3.8237,42.8333],[-3.8377,42.8784],[-3.8832,42.9173],[-3.9742,42.9365],[-3.9653,42.9723],[-3.9529,42.9983],[-3.731,43.1034],[-3.6944,43.1276],[-3.6569,43.1721],[-3.6235,43.1718],[-3.5155,43.138]]]}},{"type":"Feature","properties":{"code":"ES141","name":"Norte de Burgos"},"geometry":{"type":"Polygon","coordinates":[[[-3.1482,43.1623],[-3.1343,43.005],[-3.0959,43.0015],[-3.0434,42.9838],[-3.0161,42.9651],[-2.9907,42.9353],[-3.0266,42.9092],[-3.1198,42.9035],[-3.194,42.9346],[-3.227,42.9405],[-3.2717,42.8886],[-3.2613,42.8577],[-3.2034,42.8179],[-2.9944,42.7118],[-2.913,42.6947],[-2.8861,42.6722],[-2.8643,42.6406],[-2.9772,42.6423],[-3.0125,42.6362],[-3.083,42.5711],[-3.0816,42.53],[-3.0575,42.3968],[-3.0614,42.3714],[-3.0954,42.3538],[-3.1318,42.3608],[-3.1615,42.3813],[-3.1952,42.3783],[-3.2302,42.3674],[-3.2602,42.3853],[-3.2885,42.4128],[-3.3885,42.4521],[-3.4028,42.4827],[-3.4049,42.5105],[-3.3578,42.549],[-3.5359,42.5701],[-3.6196,42.5911],[-3.617,42.6354],[-3.6064,42.6807],[-3.5646,42.6865],[-3.5274,42.7065],[-3.5033,42.768],[-3.5349,42.7794],[-3.5976,42.7854],[-3.6251,42.7974],[-3.6413,42.8366],[-3.6611,42.8681],[-3.7223,42.8851],[-3.7563,42.9018],[-3.7224,42.9261],[-3.5804,42.9974],[-3.5142,43.0624],[-3.5155,43.138],[-3.4302,43.1347],[-3.3915,43.144],[-3.2868,43.1898],[-3.2524,43.1874],[-3.1482,43.1623]]]}},{"type":"Feature","properties":{"code":"ES142","name":"Condado de Treviro"},"geometry":{"type":"Polygon","coordinates":[[[-2.5333,42.6362],[-2.7465,42.6654],[-2.8386,42.7293],[-2.8554,42.7504],[-2.8297,42.7734],[-2.8004,42.7911],[-2.7611,42.7926],[-2.7209,42.7904],[-2.5942,42.7505],[-2.5694,42.7328],[-2.5834,42.7051],[-2.5333,42.6362]]]}},{"type":"Feature","properties":{"code":"ES143","name":"Meseta de Burgos"},"geometry":{"type":"Polygon","coordinates":[[[-3.3885,42.4521],[-3.4086,42.4283],[-3.4999,42.3563],[-3.5112,42.2408],[-3.543,42.1409],[-3.5314,42.1125],[-3.4756,42.0283],[-3.4862,42.0044],[-3.5271,41.9595],[-3.5428,41.9333],[-3.38,41.9075],[-3.2945,41.8774],[-3.2866,41.8185],[-3.2908,41.7589],[-3.3279,41.7458],[-3.3609,41.7272],[-3.4493,41.6027],[-3.49,41.5843],[-3.6193,41.5727],[-3.6556,41.5645],[-3.7127,41.527],[-3.7438,41.4705],[-3.7895,41.4761],[-3.8293,41.4867],[-3.8749,41.5348],[-3.986,41.5863],[-4.025,41.6128],[-4.0366,41.6567],[-4.0394,41.7306],[-4.0553,41.7722],[-4.0558,41.7995],[-4.0809,41.8612],[-4.055,41.8792],[-3.9918,41.9],[-3.9913,41.9304],[-4.0095,41.9919],[-3.992,42.0409],[-4.0201,42.0537],[-4.0926,42.0598],[-4.1204,42.1201],[-4.2053,42.1338],[-4.2193,42.2158],[-4.272,42.3426],[-4.2905,42.3748],[-4.3284,42.4213],[-4.3045,42.4396],[-4.2647,42.4572],[-4.2655,42.5025],[-4.2904,42.6135],[-4.2822,42.6471],[-4.2688,42.6742],[-4.243,42.6806],[-4.2008,42.6663],[-4.1734,42.6642],[-4.1109,42.6225],[-4.0745,42.6173],[-3.9805,42.6342],[-3.9526,42.6281],[-3.7923,42.5681],[-3.7605,42.5686],[-3.7368,42.6521],[-3.6064,42.6807],[-3.617,42.6354],[-3.6196,42.5911],[-3.5359,42.5701],[-3.3578,42.549],[-3.4049,42.5105],[-3.4028,42.4827],[-3.3885,42.4521]]]}},{"type":"Feature","properties":{"code":"ES144","name":"Ib0rica de Burgos"},"geometry":{"type":"Polygon","coordinates":[[[-3.0954,42.3538],[-3.1042,42.3203],[-3.0938,42.27],[-3.0959,42.2366],[-3.123,42.2063],[-3.1103,42.1791],[-3.0401,42.0924],[-3.0088,42.0839],[-2.9579,42.0813],[-2.93,42.0728],[-2.9142,42.0335],[-2.9295,42.0051],[-2.9931,41.9374],[-3.0098,41.9032],[-3.0448,41.882],[-3.0824,41.8765],[-3.1093,41.8512],[-3.1328,41.8194],[-3.1669,41.8235],[-3.2945,41.8774],[-3.38,41.9075],[-3.5428,41.9333],[-3.5271,41.9595],[-3.4862,42.0044],[-3.4756,42.0283],[-3.5314,42.1125],[-3.543,42.1409],[-3.5112,42.2408],[-3.4999,42.3563],[-3.4086,42.4283],[-3.3885,42.4521],[-3.2885,42.4128],[-3.2602,42.3853],[-3.2302,42.3674],[-3.1952,42.3783],[-3.1615,42.3813],[-3.1318,42.3608],[-3.0954,42.3538]]]}},{"type":"Feature","properties":{"code":"ES145","name":"Cordillera Cantnbrica de Le"},"geometry":{"type":"Polygon","coordinates":[[[-4.8462,43.1857],[-4.8513,43.1251],[-4.7414,43.0511],[-4.7258,43.02],[-4.7875,42.9901],[-4.8081,42.9631],[-4.9142,42.7815],[-4.9277,42.741],[-4.9149,42.7085],[-5.0134,42.6022],[-5.0613,42.5949],[-5.2106,42.6136],[-5.2386,42.6031],[-5.3007,42.555],[-5.336,42.5584],[-5.372,42.5755],[-5.3541,42.6244],[-5.3129,42.6929],[-5.3112,42.7191],[-5.4043,42.6985],[-5.4639,42.7204],[-5.4923,42.7166],[-5.628,42.6698],[-5.7242,42.6747],[-5.8102,42.6603],[-5.9008,42.6761],[-5.9188,42.6038],[-5.9937,42.6219],[-6.1458,42.6025],[-6.1621,42.5731],[-6.1743,42.5168],[-6.1787,42.4814],[-6.1719,42.4523],[-6.1748,42.4241],[-6.2036,42.4013],[-6.1901,42.378],[-6.1651,42.3525],[-6.171,42.3154],[-6.1872,42.2745],[-6.2244,42.2687],[-6.2687,42.2747],[-6.292,42.2498],[-6.3092,42.2128],[-6.3341,42.2049],[-6.4206,42.2014],[-6.6975,42.2097],[-6.7389,42.2279],[-6.7751,42.2516],[-6.7451,42.3078],[-6.7616,42.3479],[-6.7698,42.3821],[-6.6974,42.4516],[-6.6675,42.4501],[-6.5797,42.4136],[-6.5416,42.4205],[-6.4189,42.463],[-6.4421,42.4838],[-6.4696,42.5002],[-6.4901,42.5276],[-6.4221,42.5464],[-6.3964,42.5596],[-6.3716,42.6234],[-6.3042,42.6255],[-6.3204,42.6547],[-6.4029,42.7613],[-6.4306,42.7678],[-6.4615,42.7637],[-6.5102,42.766],[-6.5756,42.7894],[-6.6065,42.7874],[-6.6827,42.7621],[-6.7175,42.7734],[-6.8222,42.8226],[-6.8481,42.8277],[-6.8626,42.8678],[-6.8341,42.9083],[-6.804,42.9081],[-6.7772,42.8998],[-6.6469,42.9229],[-6.5349,42.9134],[-6.4602,42.9337],[-6.4363,42.9462],[-6.3579,43.067],[-6.3176,43.0429],[-6.2515,43.0176],[-6.2188,43.0098],[-5.9977,43.0589],[-5.9697,43.0525],[-5.9588,43.0235],[-5.9367,43.0081],[-5.8569,42.9698],[-5.7854,42.9686],[-5.759,42.9747],[-5.6953,43.0479],[-5.6605,43.0488],[-5.5495,43.0199],[-5.5108,43.0304],[-5.3928,43.0821],[-5.2708,43.0781],[-5.1355,43.0964],[-5.0985,43.1109],[-5.0857,43.1504],[-5.0662,43.1807],[-4.9899,43.1882],[-4.9031,43.2327],[-4.8738,43.216],[-4.8462,43.1857]]]}},{"type":"Feature","properties":{"code":"ES146","name":"Bierzo de LeOn"},"geometry":{"type":"Polygon","coordinates":[[[-6.7698,42.3821],[-6.7949,42.3897],[-6.8217,42.4083],[-6.8159,42.4587],[-6.8447,42.484],[-6.914,42.5139],[-6.9534,42.5165],[-7.0294,42.5109],[-7.0695,42.5188],[-7.0628,42.5579],[-7.0411,42.5754],[-7.0367,42.611],[-7.0423,42.6663],[-7.0362,42.698],[-6.9305,42.7466],[-6.8923,42.7724],[-6.8481,42.8277],[-6.8222,42.8226],[-6.7175,42.7734],[-6.6827,42.7621],[-6.6065,42.7874],[-6.5756,42.7894],[-6.5102,42.766],[-6.4615,42.7637],[-6.4306,42.7678],[-6.4029,42.7613],[-6.3204,42.6547],[-6.3042,42.6255],[-6.3716,42.6234],[-6.3964,42.5596],[-6.4221,42.5464],[-6.4901,42.5276],[-6.4696,42.5002],[-6.4421,42.4838],[-6.4189,42.463],[-6.5416,42.4205],[-6.5797,42.4136],[-6.6675,42.4501],[-6.6974,42.4516],[-6.7698,42.3821]]]}},{"type":"Feature","properties":{"code":"ES147","name":"Meseta de Leen"},"geometry":{"type":"Polygon","coordinates":[[[-4.9149,42.7085],[-4.9023,42.6712],[-4.8853,42.6416],[-4.8949,42.6164],[-4.8879,42.5362],[-4.9079,42.3773],[-4.9502,42.3019],[-5.0033,42.2815],[-5.0364,42.2959],[-5.0707,42.3034],[-5.1044,42.3023],[-5.2494,42.2193],[-5.2885,42.2121],[-5.3803,42.22],[-5.385,42.1756],[-5.3791,42.0856],[-5.3659,42.0339],[-5.4277,42.034],[-5.514,42.0875],[-5.5558,42.0652],[-5.587,42.079],[-5.6292,42.1171],[-5.6572,42.1305],[-5.8452,42.1183],[-5.9628,42.1271],[-6.0401,42.1562],[-6.1778,42.1491],[-6.2224,42.151],[-6.2974,42.1829],[-6.3092,42.2128],[-6.292,42.2498],[-6.2687,42.2747],[-6.2244,42.2687],[-6.1872,42.2745],[-6.171,42.3154],[-6.1651,42.3525],[-6.1901,42.378],[-6.2036,42.4013],[-6.1748,42.4241],[-6.1719,42.4523],[-6.1787,42.4814],[-6.1743,42.5168],[-6.1621,42.5731],[-6.1458,42.6025],[-5.9937,42.6219],[-5.9188,42.6038],[-5.9008,42.6761],[-5.8102,42.6603],[-5.7242,42.6747],[-5.628,42.6698],[-5.4923,42.7166],[-5.4639,42.7204],[-5.4043,42.6985],[-5.3112,42.7191],[-5.3129,42.6929],[-5.3541,42.6244],[-5.372,42.5755],[-5.336,42.5584],[-5.3007,42.555],[-5.2386,42.6031],[-5.2106,42.6136],[-5.0613,42.5949],[-5.0134,42.6022],[-4.9149,42.7085]]]}},{"type":"Feature","properties":{"code":"ES148","name":"Cordillera Cantebrica de Palencia"},"geometry":{"type":"Polygon","coordinates":[[[-4.2439,42.9544],[-4.2345,42.9247],[-4.232,42.8869],[-4.2799,42.8475],[-4.4176,42.7649],[-4.4914,42.798],[-4.517,42.7624],[-4.4913,42.732],[-4.4749,42.7031],[-4.5329,42.664],[-4.5785,42.6564],[-4.6186,42.6592],[-4.697,42.6243],[-4.7425,42.6238],[-4.8853,42.6416],[-4.9023,42.6712],[-4.9277,42.741],[-4.9142,42.7815],[-4.8081,42.9631],[-4.7875,42.9901],[-4.7586,43.0073],[-4.7258,43.02],[-4.5524,43.0212],[-4.4721,43.0587],[-4.4113,43.04],[-4.3579,42.9837],[-4.3268,42.968],[-4.2439,42.9544]]]}},{"type":"Feature","properties":{"code":"ES149","name":"Meseta de Palencia"},"geometry":{"type":"Polygon","coordinates":[[[-4.1,42.7598],[-4.1788,42.7369],[-4.225,42.7077],[-4.243,42.6806],[-4.2688,42.6742],[-4.2822,42.6471],[-4.2904,42.6135],[-4.2655,42.5025],[-4.2647,42.4572],[-4.3045,42.4396],[-4.3284,42.4213],[-4.2905,42.3748],[-4.272,42.3426],[-4.2193,42.2158],[-4.2053,42.1338],[-4.1204,42.1201],[-4.0926,42.0598],[-4.0201,42.0537],[-3.992,42.0409],[-4.0095,41.9919],[-3.9913,41.9304],[-3.9918,41.9],[-4.055,41.8792],[-4.0809,41.8612],[-4.0558,41.7995],[-4.0553,41.7722],[-4.2002,41.8021],[-4.247,41.8041],[-4.3025,41.7715],[-4.3444,41.7717],[-4.3803,41.7839],[-4.4091,41.776],[-4.4355,41.7615],[-4.4653,41.7679],[-4.5582,41.8084],[-4.6372,41.8722],[-4.6738,41.8918],[-4.7668,41.8327],[-4.7983,41.8323],[-4.8446,41.902],[-4.8704,41.9191],[-4.8969,41.9323],[-4.9922,41.9402],[-4.9875,41.9725],[-4.96,42.029],[-4.9455,42.0536],[-4.9249,42.0707],[-4.9215,42.1023],[-4.9281,42.1355],[-4.9661,42.1473],[-5.0147,42.1519],[-5.0222,42.1784],[-5.0033,42.2815],[-4.9502,42.3019],[-4.9079,42.3773],[-4.8879,42.5362],[-4.8949,42.6164],[-4.8853,42.6416],[-4.7425,42.6238],[-4.697,42.6243],[-4.6186,42.6592],[-4.5785,42.6564],[-4.5329,42.664],[-4.4749,42.7031],[-4.4913,42.732],[-4.517,42.7624],[-4.4914,42.798],[-4.4176,42.7649],[-4.2799,42.8475],[-4.232,42.8869],[-4.2185,42.8515],[-4.1546,42.7928],[-4.1241,42.778],[-4.1,42.7598]]]}},{"type":"Feature","properties":{"code":"ES150","name":"Meseta de Salamanca"},"geometry":{"type":"Polygon","coordinates":[[[-5.2769,41.1796],[-5.1761,41.1625],[-5.1193,41.1327],[-5.1351,41.074],[-5.1316,41.0315],[-5.0962,41.0013],[-5.0978,40.9652],[-5.1058,40.9345],[-5.1174,40.9075],[-5.1635,40.8532],[-5.1854,40.7898],[-5.435,40.589],[-5.4367,40.5447],[-5.4467,40.5064],[-5.4648,40.4704],[-5.4881,40.4516],[-5.5164,40.437],[-5.5593,40.4303],[-5.6143,40.4604],[-5.6483,40.5309],[-5.6889,40.5295],[-5.7243,40.5205],[-5.7216,40.5863],[-5.7302,40.6525],[-5.761,40.6801],[-5.776,40.7108],[-5.786,40.7457],[-5.8074,40.777],[-5.9625,40.7289],[-5.971,40.6934],[-5.9623,40.6632],[-5.9638,40.6368],[-5.9944,40.6189],[-6.0983,40.6308],[-6.1346,40.6283],[-6.2728,40.5537],[-6.3115,40.551],[-6.4066,40.5708],[-6.4034,40.5419],[-6.3847,40.479],[-6.4095,40.4635],[-6.4463,40.4561],[-6.4528,40.4122],[-6.4427,40.373],[-6.5039,40.3553],[-6.5425,40.3369],[-6.5774,40.2843],[-6.6115,40.2697],[-6.7099,40.2685],[-6.7414,40.2541],[-6.776,40.25],[-6.8587,40.273],[-6.7967,40.3462],[-6.7852,40.3694],[-6.8397,40.4472],[-6.8011,40.5179],[-6.826,40.5448],[-6.8415,40.5711],[-6.8033,40.6429],[-6.8008,40.6779],[-6.8264,40.7405],[-6.8256,40.7843],[-6.8148,40.8494],[-6.8155,40.8887],[-6.8896,40.9708],[-6.9214,40.9919],[-6.919,41.0183],[-6.8263,41.0335],[-6.7968,41.0561],[-6.7735,41.0857],[-6.7587,41.1352],[-6.6549,41.2393],[-6.6282,41.2448],[-6.5654,41.2417],[-6.4735,41.2951],[-6.3681,41.2827],[-6.1265,41.1902],[-6.0323,41.1978],[-5.9993,41.1936],[-5.9665,41.1721],[-5.9327,41.1603],[-5.8998,41.2323],[-5.8726,41.2336],[-5.7726,41.2167],[-5.6895,41.2291],[-5.6446,41.2208],[-5.4853,41.1775],[-5.4409,41.1817],[-5.4056,41.1747],[-5.3905,41.1428],[-5.3041,41.1263],[-5.2769,41.1796]]]}},{"type":"Feature","properties":{"code":"ES151","name":"Sistema Central de Salamanca"},"geometry":{"type":"MultiPolygon","coordinates":[[[[-5.7243,40.5205],[-5.6889,40.5295],[-5.6483,40.5309],[-5.6143,40.4604],[-5.6483,40.4485],[-5.6825,40.4267],[-5.6887,40.3879],[-5.6862,40.3546],[-5.7315,40.2998],[-5.7733,40.329],[-5.7948,40.3504],[-5.8687,40.3364],[-5.8093,40.4029],[-5.7243,40.5205]]],[[[-5.7243,40.5205],[-5.7547,40.5236],[-5.7768,40.6036],[-5.8024,40.634],[-5.8295,40.6571],[-5.8729,40.6583],[-5.8866,40.6326],[-5.8904,40.5803],[-5.8997,40.5562],[-5.9984,40.5827],[-6.0351,40.57],[-6.0693,40.549],[-6.0822,40.4553],[-6.1097,40.4394],[-6.2321,40.4823],[-6.2595,40.477],[-6.338,40.4447],[-6.3719,40.4047],[-6.4427,40.373],[-6.4528,40.4122],[-6.4463,40.4561],[-6.4095,40.4635],[-6.3847,40.479],[-6.4034,40.5419],[-6.4066,40.5708],[-6.3115,40.551],[-6.2728,40.5537],[-6.1346,40.6283],[-6.0983,40.6308],[-5.9944,40.6189],[-5.9638,40.6368],[-5.9623,40.6632],[-5.971,40.6934],[-5.9625,40.7289],[-5.8074,40.777],[-5.786,40.7457],[-5.776,40.7108],[-5.761,40.6801],[-5.7302,40.6525],[-5.7216,40.5863],[-5.7243,40.5205]]]]}},{"type":"Feature","properties":{"code":"ES152","name":"Sur de Salamanca"},"geometry":{"type":"Polygon","coordinates":[[[-5.7243,40.5205],[-5.8093,40.4029],[-5.8687,40.3364],[-5.92,40.2994],[-5.947,40.2885],[-6.1097,40.4394],[-6.0822,40.4553],[-6.0693,40.549],[-6.0351,40.57],[-5.9984,40.5827],[-5.8997,40.5562],[-5.8904,40.5803],[-5.8866,40.6326],[-5.8729,40.6583],[-5.8295,40.6571],[-5.8024,40.634],[-5.7768,40.6036],[-5.7547,40.5236],[-5.7243,40.5205]]]}},{"type":"Feature","properties":{"code":"ES153","name":"Meseta de Segovia"},"geometry":{"type":"Polygon","coordinates":[[[-3.5333,41.578],[-3.5275,41.5447],[-3.4311,41.4862],[-3.4018,41.4762],[-3.3656,41.4541],[-3.4009,41.4293],[-3.4421,41.3865],[-3.4771,41.3769],[-3.5964,41.3596],[-3.6253,41.3489],[-3.6489,41.3275],[-3.6128,41.256],[-3.6487,41.2456],[-3.849,41.208],[-4.0013,41.1217],[-4.1102,41.0291],[-4.2181,40.911],[-4.3155,40.8369],[-4.4417,40.8221],[-4.4673,40.7949],[-4.5371,40.8216],[-4.5629,40.8768],[-4.5629,40.9202],[-4.5708,40.96],[-4.6326,41.0223],[-4.7068,41.0656],[-4.7291,41.1465],[-4.647,41.1846],[-4.6119,41.2457],[-4.503,41.3599],[-4.508,41.4011],[-4.4722,41.4216],[-4.4298,41.4344],[-4.3831,41.4412],[-4.2261,41.4568],[-4.0217,41.5096],[-3.9974,41.5237],[-3.9878,41.5573],[-3.986,41.5863],[-3.8749,41.5348],[-3.8293,41.4867],[-3.7895,41.4761],[-3.7438,41.4705],[-3.7127,41.527],[-3.6556,41.5645],[-3.6193,41.5727],[-3.5333,41.578]]]}},{"type":"Feature","properties":{"code":"ES154","name":"Sistema Central de Segovia"},"geometry":{"type":"Polygon","coordinates":[[[-3.3321,41.4185],[-3.3323,41.3856],[-3.3063,41.362],[-3.2453,41.326],[-3.2191,41.2966],[-3.2483,41.2633],[-3.2814,41.2569],[-3.3904,41.254],[-3.4024,41.2128],[-3.533,41.1639],[-3.6043,41.1503],[-3.6296,41.1342],[-3.7791,41.0028],[-3.8881,40.9682],[-3.9418,40.9064],[-3.9627,40.8576],[-3.9762,40.8107],[-4.0135,40.7968],[-4.0587,40.7937],[-4.0869,40.7735],[-4.1557,40.6942],[-4.1817,40.6865],[-4.2678,40.6763],[-4.314,40.6503],[-4.407,40.6344],[-4.4232,40.6807],[-4.4355,40.742],[-4.4673,40.7949],[-4.4417,40.8221],[-4.3155,40.8369],[-4.2181,40.911],[-4.1102,41.0291],[-4.0013,41.1217],[-3.874,41.1967],[-3.849,41.208],[-3.6487,41.2456],[-3.6128,41.256],[-3.6489,41.3275],[-3.6253,41.3489],[-3.5964,41.3596],[-3.4771,41.3769],[-3.4421,41.3865],[-3.4009,41.4293],[-3.3656,41.4541],[-3.3321,41.4185]]]}},{"type":"Feature","properties":{"code":"ES155","name":"Ib4rica de Soria"},"geometry":{"type":"Polygon","coordinates":[[[-1.8571,41.9559],[-1.8247,41.8709],[-1.8253,41.7776],[-1.7816,41.7307],[-1.7895,41.6999],[-1.8083,41.6678],[-1.867,41.6528],[-1.911,41.6094],[-1.9494,41.5982],[-1.9845,41.5991],[-1.9895,41.5275],[-2.0313,41.5155],[-2.067,41.5178],[-2.0977,41.584],[-2.1534,41.6548],[-2.1775,41.6724],[-2.2178,41.6718],[-2.2507,41.6775],[-2.2832,41.7509],[-2.3014,41.7691],[-2.3648,41.7688],[-2.3996,41.7622],[-2.4395,41.7131],[-2.4663,41.7106],[-2.4894,41.7243],[-2.524,41.7209],[-2.7734,41.6615],[-2.8094,41.6585],[-2.9076,41.7117],[-2.9345,41.6985],[-2.9557,41.6729],[-2.9851,41.6846],[-3.0494,41.7329],[-3.0928,41.7531],[-3.1235,41.7306],[-3.1517,41.7378],[-3.183,41.7536],[-3.2256,41.759],[-3.2908,41.7589],[-3.2866,41.8185],[-3.2945,41.8774],[-3.1669,41.8235],[-3.1328,41.8194],[-3.1093,41.8512],[-3.0824,41.8765],[-3.0448,41.882],[-3.0098,41.9032],[-2.9931,41.9374],[-2.9295,42.0051],[-2.9142,42.0335],[-2.8774,42.0295],[-2.8088,42.0438],[-2.7947,42.077],[-2.7915,42.1079],[-2.7603,42.0995],[-2.7228,42.0768],[-2.7514,42.0385],[-2.726,42.0188],[-2.684,42.0016],[-2.615,41.9961],[-2.5677,42.0091],[-2.523,42.059],[-2.5022,42.1156],[-2.353,42.1381],[-2.3072,42.1346],[-2.2859,42.1121],[-2.2545,42.1066],[-2.1458,42.1026],[-2.1317,42.075],[-2.1116,41.9661],[-2.0793,41.9554],[-2.0385,41.9531],[-1.9878,41.9227],[-1.9585,41.9273],[-1.8957,41.9509],[-1.8571,41.9559]]]}},{"type":"Feature","properties":{"code":"ES156","name":"Meseta de Soria"},"geometry":{"type":"Polygon","coordinates":[[[-1.9895,41.5275],[-1.972,41.4964],[-1.9597,41.4373],[-1.9629,41.4102],[-2.0737,41.438],[-2.1057,41.4373],[-2.1563,41.3449],[-2.1676,41.3131],[-2.1504,41.2095],[-2.1278,41.1766],[-2.1647,41.1793],[-2.192,41.2273],[-2.2234,41.2618],[-2.2661,41.2546],[-2.2941,41.2559],[-2.2855,41.2963],[-2.288,41.3274],[-2.3581,41.3366],[-2.4511,41.3792],[-2.4865,41.3788],[-2.52,41.372],[-2.6654,41.3888],[-2.692,41.3977],[-2.8072,41.4965],[-2.8771,41.5235],[-2.8829,41.4934],[-2.8961,41.4643],[-2.9952,41.4792],[-3.0226,41.4652],[-3.0445,41.4443],[-3.1633,41.4138],[-3.3321,41.4185],[-3.3656,41.4541],[-3.4018,41.4762],[-3.4311,41.4862],[-3.5275,41.5447],[-3.5333,41.578],[-3.49,41.5843],[-3.4493,41.6027],[-3.3609,41.7272],[-3.3279,41.7458],[-3.2908,41.7589],[-3.2256,41.759],[-3.183,41.7536],[-3.1517,41.7378],[-3.1235,41.7306],[-3.0928,41.7531],[-3.0494,41.7329],[-2.9851,41.6846],[-2.9557,41.6729],[-2.9345,41.6985],[-2.9076,41.7117],[-2.8094,41.6585],[-2.7734,41.6615],[-2.524,41.7209],[-2.4894,41.7243],[-2.4663,41.7106],[-2.4395,41.7131],[-2.3996,41.7622],[-2.3648,41.7688],[-2.3014,41.7691],[-2.2832,41.7509],[-2.2507,41.6775],[-2.2178,41.6718],[-2.1775,41.6724],[-2.1534,41.6548],[-2.0977,41.584],[-2.067,41.5178],[-2.0313,41.5155],[-1.9895,41.5275]]]}},{"type":"Feature","properties":{"code":"ES157","name":"Sistema Central de Soria"},"geometry":{"type":"Polygon","coordinates":[[[-2.1647,41.1793],[-2.0904,41.1714],[-2.0573,41.1509],[-2.0586,41.1205],[-2.0779,41.0932],[-2.2635,41.0667],[-2.3323,41.0809],[-2.3632,41.0821],[-2.4252,41.0595],[-2.4504,41.0697],[-2.4783,41.0901],[-2.5109,41.1371],[-2.5427,41.1633],[-2.6614,41.2419],[-2.7727,41.2744],[-2.9146,41.2884],[-2.9605,41.29],[-3.0548,41.2738],[-3.1891,41.2996],[-3.2191,41.2966],[-3.2453,41.326],[-3.3063,41.362],[-3.3323,41.3856],[-3.3321,41.4185],[-3.1633,41.4138],[-3.0445,41.4443],[-3.0226,41.4652],[-2.9952,41.4792],[-2.8961,41.4643],[-2.8829,41.4934],[-2.8771,41.5235],[-2.8072,41.4965],[-2.692,41.3977],[-2.6654,41.3888],[-2.52,41.372],[-2.4865,41.3788],[-2.4511,41.3792],[-2.3581,41.3366],[-2.288,41.3274],[-2.2855,41.2963],[-2.2941,41.2559],[-2.2661,41.2546],[-2.2234,41.2618],[-2.192,41.2273],[-2.1647,41.1793]]]}},{"type":"Feature","properties":{"code":"ES158","name":"Meseta de Valladolid"},"geometry":{"type":"Polygon","coordinates":[[[-5.0033,42.2815],[-5.0222,42.1784],[-5.0147,42.1519],[-4.9661,42.1473],[-4.9281,42.1355],[-4.9215,42.1023],[-4.9249,42.0707],[-4.9455,42.0536],[-4.96,42.029],[-4.9875,41.9725],[-4.9922,41.9402],[-4.8969,41.9323],[-4.8704,41.9191],[-4.8446,41.902],[-4.7983,41.8323],[-4.7668,41.8327],[-4.6738,41.8918],[-4.6372,41.8722],[-4.5582,41.8084],[-4.4653,41.7679],[-4.4355,41.7615],[-4.4091,41.776],[-4.3803,41.7839],[-4.3444,41.7717],[-4.3025,41.7715],[-4.247,41.8041],[-4.2002,41.8021],[-4.0553,41.7722],[-4.0394,41.7306],[-4.0366,41.6567],[-4.025,41.6128],[-3.986,41.5863],[-3.9878,41.5573],[-3.9974,41.5237],[-4.0217,41.5096],[-4.2261,41.4568],[-4.3831,41.4412],[-4.4298,41.4344],[-4.4722,41.4216],[-4.508,41.4011],[-4.503,41.3599],[-4.6119,41.2457],[-4.647,41.1846],[-4.7291,41.1465],[-4.8701,41.0994],[-5.0048,41.1575],[-5.0346,41.1557],[-5.1193,41.1327],[-5.1761,41.1625],[-5.2769,41.1796],[-5.2908,41.2088],[-5.3003,41.2958],[-5.3158,41.317],[-5.3252,41.3627],[-5.3317,41.4372],[-5.3283,41.4777],[-5.2418,41.5254],[-5.26,41.555],[-5.3194,41.6069],[-5.3399,41.6957],[-5.3819,41.754],[-5.3564,41.7762],[-5.2917,41.8104],[-5.3048,41.8646],[-5.2854,41.9553],[-5.2865,41.9819],[-5.3659,42.0339],[-5.3791,42.0856],[-5.385,42.1756],[-5.3803,42.22],[-5.2885,42.2121],[-5.2494,42.2193],[-5.1044,42.3023],[-5.0707,42.3034],[-5.0364,42.2959],[-5.0033,42.2815]]]}},{"type":"Feature","properties":{"code":"ES159","name":"Sanabria"},"geometry":{"type":"Polygon","coordinates":[[[-6.3092,42.2128],[-6.2974,42.1829],[-6.2901,42.1471],[-6.298,42.1117],[-6.3606,42.0825],[-6.4032,42.0733],[-6.557,42.066],[-6.5932,42.0691],[-6.6742,42.0999],[-6.7727,42.1079],[-6.7834,42.0604],[-6.7596,42.0445],[-6.7331,42.0141],[-6.7709,41.9772],[-6.8287,41.9454],[-6.949,41.9477],[-6.9758,41.9708],[-6.971,42.0226],[-6.9999,42.0469],[-7.0022,42.0785],[-6.9801,42.129],[-6.8803,42.216],[-6.8034,42.2454],[-6.7751,42.2516],[-6.7389,42.2279],[-6.6975,42.2097],[-6.4206,42.2014],[-6.3341,42.2049],[-6.3092,42.2128]]]}},{"type":"Feature","properties":{"code":"ES160","name":"Meseta de Zamora"},"geometry":{"type":"Polygon","coordinates":[[[-5.3659,42.0339],[-5.2865,41.9819],[-5.2854,41.9553],[-5.3048,41.8646],[-5.2917,41.8104],[-5.3564,41.7762],[-5.3819,41.754],[-5.3399,41.6957],[-5.3194,41.6069],[-5.26,41.555],[-5.2418,41.5254],[-5.3283,41.4777],[-5.3317,41.4372],[-5.3252,41.3627],[-5.3158,41.317],[-5.3003,41.2958],[-5.2908,41.2088],[-5.2769,41.1796],[-5.3041,41.1263],[-5.3905,41.1428],[-5.4056,41.1747],[-5.4409,41.1817],[-5.4853,41.1775],[-5.6446,41.2208],[-5.6895,41.2291],[-5.7726,41.2167],[-5.8726,41.2336],[-5.8998,41.2323],[-5.9327,41.1603],[-5.9665,41.1721],[-5.9993,41.1936],[-6.0323,41.1978],[-6.1265,41.1902],[-6.3681,41.2827],[-6.4735,41.2951],[-6.4194,41.343],[-6.3251,41.3852],[-6.2948,41.4605],[-6.1967,41.5701],[-6.2173,41.5996],[-6.2506,41.6282],[-6.347,41.6721],[-6.5411,41.6917],[-6.5528,41.7637],[-6.5248,41.8524],[-6.5213,41.8815],[-6.5353,41.9091],[-6.5525,41.932],[-6.5892,41.9441],[-6.6617,41.9381],[-6.7121,41.942],[-6.7709,41.9772],[-6.7331,42.0141],[-6.7596,42.0445],[-6.7834,42.0604],[-6.7727,42.1079],[-6.6742,42.0999],[-6.5932,42.0691],[-6.557,42.066],[-6.4032,42.0733],[-6.3606,42.0825],[-6.298,42.1117],[-6.2901,42.1471],[-6.2974,42.1829],[-6.2224,42.151],[-6.1778,42.1491],[-6.0401,42.1562],[-5.9628,42.1271],[-5.9317,42.1219],[-5.8452,42.1183],[-5.6572,42.1305],[-5.6292,42.1171],[-5.587,42.079],[-5.5558,42.0652],[-5.514,42.0875],[-5.4277,42.034],[-5.3659,42.0339]]]}},{"type":"Feature","properties":{"code":"ES161","name":"La Mancha albacetela"},"geometry":{"type":"Polygon","coordinates":[[[-1.1579,39.2764],[-1.1811,39.2427],[-1.2044,39.1671],[-1.2447,39.1186],[-1.2612,39.0778],[-1.2602,39.0437],[-1.2915,39.0468],[-1.4281,39.0279],[-1.5092,39.0219],[-1.5085,38.9895],[-1.489,38.9307],[-1.4867,38.9002],[-1.5474,38.7987],[-1.5548,38.7672],[-1.5302,38.7337],[-1.5612,38.6951],[-1.6019,38.6871],[-1.717,38.6739],[-1.8191,38.6856],[-1.8494,38.6949],[-1.906,38.7712],[-1.9514,38.8096],[-1.9789,38.8151],[-2.0266,38.7814],[-2.0562,38.7667],[-2.1784,38.7223],[-2.2052,38.7017],[-2.238,38.6989],[-2.2844,38.7453],[-2.2982,38.7805],[-2.3141,38.8606],[-2.3378,38.849],[-2.3694,38.8217],[-2.364,38.7759],[-2.4126,38.7373],[-2.4568,38.7325],[-2.5816,38.7498],[-2.5968,38.7821],[-2.6033,38.8232],[-2.6307,38.8309],[-2.665,38.8276],[-2.723,38.793],[-2.7597,38.8739],[-2.8414,38.9108],[-2.8702,38.9441],[-2.8498,38.9822],[-2.8187,39.014],[-2.8074,39.0506],[-2.8096,39.0851],[-2.8284,39.1129],[-2.8313,39.1461],[-2.7292,39.2626],[-2.7347,39.2979],[-2.7447,39.3214],[-2.7191,39.3215],[-2.6269,39.338],[-2.4916,39.316],[-2.3808,39.2372],[-2.3526,39.2305],[-2.2811,39.2293],[-2.1799,39.2752],[-2.1331,39.2746],[-2.0859,39.267],[-2.0786,39.2957],[-2.075,39.3445],[-2.0375,39.3502],[-1.9999,39.3052],[-1.9704,39.295],[-1.8828,39.3023],[-1.7917,39.2843],[-1.7583,39.295],[-1.7319,39.3234],[-1.5161,39.4127],[-1.4766,39.4027],[-1.3626,39.3443],[-1.1738,39.3068],[-1.1579,39.2764]]]}},{"type":"Feature","properties":{"code":"ES162","name":"Alcaraz y Segura"},"geometry":{"type":"Polygon","coordinates":[[[-1.928,38.7897],[-1.9783,38.7442],[-1.9456,38.6519],[-1.8737,38.6364],[-1.8446,38.5593],[-1.8453,38.5179],[-1.8557,38.4587],[-1.8527,38.4216],[-1.8242,38.3956],[-1.8018,38.3655],[-1.8186,38.3397],[-1.9524,38.2909],[-1.9927,38.2826],[-2.0535,38.2948],[-2.0824,38.2746],[-2.1074,38.2449],[-2.2148,38.1939],[-2.2525,38.1289],[-2.3166,38.0524],[-2.3337,38.0231],[-2.3679,38.0242],[-2.4119,38.0359],[-2.501,38.0663],[-2.5366,38.0912],[-2.4527,38.1781],[-2.444,38.2348],[-2.4517,38.2874],[-2.4814,38.2942],[-2.4823,38.3456],[-2.4944,38.3991],[-2.5718,38.4134],[-2.5692,38.4515],[-2.5732,38.4901],[-2.6527,38.4947],[-2.6894,38.5026],[-2.7524,38.5281],[-2.7577,38.5549],[-2.7513,38.5892],[-2.7353,38.6267],[-2.6973,38.6391],[-2.6649,38.6591],[-2.6494,38.7018],[-2.6536,38.7431],[-2.6904,38.7646],[-2.723,38.793],[-2.665,38.8276],[-2.6307,38.8309],[-2.6033,38.8232],[-2.5968,38.7821],[-2.5816,38.7498],[-2.4568,38.7325],[-2.4126,38.7373],[-2.364,38.7759],[-2.3694,38.8217],[-2.3378,38.849],[-2.3141,38.8606],[-2.2982,38.7805],[-2.2844,38.7453],[-2.238,38.6989],[-2.2052,38.7017],[-2.1784,38.7223],[-2.0562,38.7667],[-2.0266,38.7814],[-1.9789,38.8151],[-1.9514,38.8096],[-1.928,38.7897]]]}},{"type":"Feature","properties":{"code":"ES163","name":"Hell0n y Almansa"},"geometry":{"type":"Polygon","coordinates":[[[-1.2602,39.0437],[-1.1578,38.94],[-1.1115,38.9315],[-0.971,38.9429],[-0.9463,38.924],[-0.9288,38.8976],[-0.9207,38.7281],[-0.9245,38.6879],[-0.9675,38.6584],[-1.0142,38.6505],[-1.1738,38.7481],[-1.2034,38.7481],[-1.233,38.7388],[-1.2729,38.7228],[-1.329,38.6863],[-1.366,38.6814],[-1.3949,38.6883],[-1.4192,38.6745],[-1.4419,38.6539],[-1.4801,38.5787],[-1.4853,38.5158],[-1.4808,38.4224],[-1.4685,38.3717],[-1.4993,38.3632],[-1.5839,38.3126],[-1.6197,38.3099],[-1.662,38.3146],[-1.7122,38.3733],[-1.8018,38.3655],[-1.8242,38.3956],[-1.8527,38.4216],[-1.8557,38.4587],[-1.8453,38.5179],[-1.8446,38.5593],[-1.8737,38.6364],[-1.9456,38.6519],[-1.9783,38.7442],[-1.928,38.7897],[-1.906,38.7712],[-1.8494,38.6949],[-1.8191,38.6856],[-1.717,38.6739],[-1.5612,38.6951],[-1.5302,38.7337],[-1.5548,38.7672],[-1.5474,38.7987],[-1.4867,38.9002],[-1.489,38.9307],[-1.5085,38.9895],[-1.5092,39.0219],[-1.4281,39.0279],[-1.2915,39.0468],[-1.2602,39.0437]]]}},{"type":"Feature","properties":{"code":"ES164","name":"Montes del norte y Anchuras"},"geometry":{"type":"MultiPolygon","coordinates":[[[[-4.9405,39.4035],[-4.9101,39.4867],[-4.8912,39.5163],[-4.8564,39.5475],[-4.7687,39.5159],[-4.7588,39.4641],[-4.7619,39.4127],[-4.8627,39.3782],[-4.8941,39.3728],[-4.9207,39.3851],[-4.9405,39.4035]]],[[[-3.7856,39.2892],[-3.7148,39.2724],[-3.6678,39.296],[-3.5501,39.3027],[-3.518,39.2915],[-3.5022,39.2714],[-3.4539,39.1667],[-3.4435,39.1319],[-3.5266,38.9452],[-3.5682,38.9276],[-3.6001,38.9556],[-3.6248,38.9885],[-3.6555,38.9956],[-3.785,38.9826],[-3.8171,38.9728],[-3.8782,39.0048],[-3.8855,39.0897],[-4.096,39.1347],[-4.1651,39.1214],[-4.2035,39.1266],[-4.3137,39.1537],[-4.3372,39.1657],[-4.3606,39.2024],[-4.4046,39.1889],[-4.4737,39.1457],[-4.5089,39.1317],[-4.6586,39.1688],[-4.6916,39.1848],[-4.7525,39.3115],[-4.7195,39.3403],[-4.6922,39.3794],[-4.6755,39.4196],[-4.6809,39.4525],[-4.5795,39.4987],[-4.5504,39.5156],[-4.5233,39.5442],[-4.4786,39.531],[-4.4447,39.5144],[-4.3126,39.4834],[-4.217,39.4924],[-4.1898,39.5035],[-4.1764,39.5393],[-4.1586,39.5666],[-4.0534,39.5738],[-4.0459,39.5488],[-4.0545,39.4972],[-4.0698,39.4685],[-4.1106,39.458],[-4.1292,39.4208],[-4.1442,39.3737],[-4.115,39.36],[-3.9831,39.3521],[-3.9576,39.295],[-3.8648,39.266],[-3.8355,39.2629],[-3.8111,39.2792],[-3.7856,39.2892]]]]}},{"type":"Feature","properties":{"code":"ES165","name":"La Mancha de Ciudad Real"},"geometry":{"type":"Polygon","coordinates":[[[-2.9366,39.4628],[-2.9045,39.4325],[-2.8616,39.3714],[-2.839,39.3546],[-2.8126,39.3788],[-2.7865,39.387],[-2.7447,39.3214],[-2.7347,39.2979],[-2.7292,39.2626],[-2.8313,39.1461],[-2.8284,39.1129],[-2.8096,39.0851],[-2.8074,39.0506],[-2.8187,39.014],[-2.8498,38.9822],[-2.8702,38.9441],[-2.8414,38.9108],[-2.7597,38.8739],[-2.723,38.793],[-2.6904,38.7646],[-2.6536,38.7431],[-2.6494,38.7018],[-2.6649,38.6591],[-2.6973,38.6391],[-2.7353,38.6267],[-2.7513,38.5892],[-2.7577,38.5549],[-2.7524,38.5281],[-2.7844,38.517],[-2.8754,38.4559],[-2.943,38.466],[-2.9689,38.4638],[-2.9904,38.4363],[-3.0175,38.4273],[-3.0394,38.4504],[-3.0694,38.4687],[-3.1377,38.4391],[-3.3519,38.4711],[-3.3778,38.4789],[-3.4306,38.5561],[-3.5254,38.5802],[-3.5574,38.6158],[-3.5817,38.6525],[-3.6488,38.6832],[-3.6976,38.7298],[-3.794,38.7737],[-3.8143,38.7941],[-3.8157,38.8235],[-3.7898,38.9098],[-3.8171,38.9728],[-3.785,38.9826],[-3.6555,38.9956],[-3.6248,38.9885],[-3.6001,38.9556],[-3.5682,38.9276],[-3.5266,38.9452],[-3.4435,39.1319],[-3.4539,39.1667],[-3.5022,39.2714],[-3.518,39.2915],[-3.5501,39.3027],[-3.4643,39.3539],[-3.4026,39.4043],[-3.3722,39.4061],[-3.3391,39.4193],[-3.301,39.4622],[-3.2658,39.4747],[-3.1622,39.4917],[-3.1341,39.4891],[-3.0833,39.458],[-3.0465,39.4481],[-2.9719,39.4472],[-2.9366,39.4628]]]}},{"type":"Feature","properties":{"code":"ES166","name":"Valle del Guadiana"},"geometry":{"type":"Polygon","coordinates":[[[-3.8171,38.9728],[-3.7898,38.9098],[-3.8157,38.8235],[-3.8143,38.7941],[-3.794,38.7737],[-3.7981,38.7469],[-3.8272,38.6526],[-3.836,38.578],[-3.9268,38.554],[-3.9613,38.5668],[-4.0137,38.5999],[-4.1689,38.6328],[-4.1636,38.6664],[-4.1347,38.7342],[-4.1603,38.7491],[-4.2439,38.764],[-4.347,38.8182],[-4.3852,38.8287],[-4.4759,38.803],[-4.541,38.7628],[-4.6037,38.7661],[-4.6108,38.8911],[-4.644,38.8772],[-4.675,38.8709],[-4.7092,38.8933],[-4.7438,38.8962],[-4.8113,38.8875],[-4.8468,38.8905],[-4.8467,38.931],[-4.9275,38.972],[-4.9444,39.006],[-4.9563,39.0458],[-4.9275,39.0487],[-4.8652,39.0375],[-4.8703,39.1045],[-4.8162,39.1892],[-4.7799,39.1922],[-4.7396,39.1836],[-4.6916,39.1848],[-4.6586,39.1688],[-4.6208,39.1576],[-4.5089,39.1317],[-4.4737,39.1457],[-4.4046,39.1889],[-4.3606,39.2024],[-4.3372,39.1657],[-4.3137,39.1537],[-4.2035,39.1266],[-4.1651,39.1214],[-4.096,39.1347],[-3.8855,39.0897],[-3.8782,39.0048],[-3.8171,38.9728]]]}},{"type":"Feature","properties":{"code":"ES167","name":"Sierras de Alcudia y Madrona"},"geometry":{"type":"Polygon","coordinates":[[[-3.794,38.7737],[-3.6976,38.7298],[-3.6488,38.6832],[-3.5817,38.6525],[-3.5574,38.6158],[-3.5254,38.5802],[-3.4306,38.5561],[-3.3778,38.4789],[-3.3856,38.4349],[-3.4787,38.3982],[-3.5187,38.396],[-3.6272,38.3951],[-3.7196,38.4207],[-3.798,38.4214],[-3.8252,38.4035],[-3.8484,38.3802],[-3.8744,38.3727],[-3.9551,38.3659],[-4.1628,38.3818],[-4.2482,38.3989],[-4.2791,38.3498],[-4.4406,38.4053],[-4.515,38.4566],[-4.6158,38.5006],[-4.6731,38.5491],[-4.851,38.6101],[-4.8772,38.681],[-4.979,38.6917],[-5.0177,38.7049],[-5.0397,38.7266],[-4.987,38.7461],[-4.9521,38.8321],[-4.9321,38.8572],[-4.8871,38.8714],[-4.8468,38.8905],[-4.8113,38.8875],[-4.7438,38.8962],[-4.7092,38.8933],[-4.675,38.8709],[-4.644,38.8772],[-4.6108,38.8911],[-4.6037,38.7661],[-4.541,38.7628],[-4.4759,38.803],[-4.3852,38.8287],[-4.347,38.8182],[-4.2439,38.764],[-4.1603,38.7491],[-4.1347,38.7342],[-4.1636,38.6664],[-4.1689,38.6328],[-4.0137,38.5999],[-3.9613,38.5668],[-3.9268,38.554],[-3.836,38.578],[-3.8272,38.6526],[-3.7981,38.7469],[-3.794,38.7737]]]}},{"type":"Feature","properties":{"code":"ES168","name":"Alcarria conquense"},"geometry":{"type":"Polygon","coordinates":[[[-2.4103,40.0634],[-2.5282,40.101],[-2.5492,40.1223],[-2.5164,40.1728],[-2.5325,40.1991],[-2.5916,40.2517],[-2.6259,40.2668],[-2.6618,40.275],[-2.6989,40.2636],[-2.7129,40.2411],[-2.753,40.1291],[-2.7733,40.0963],[-2.8866,40.0689],[-2.9236,40.0643],[-3.0273,40.0915],[-3.0648,40.0947],[-3.0587,40.1202],[-3.0663,40.1509],[-3.034,40.1581],[-2.91,40.163],[-2.8798,40.1685],[-2.823,40.2092],[-2.8069,40.2516],[-2.7985,40.4051],[-2.7272,40.4031],[-2.6655,40.4358],[-2.5167,40.4502],[-2.5195,40.4897],[-2.4822,40.5117],[-2.3799,40.5428],[-2.3762,40.5746],[-2.3638,40.6074],[-2.2257,40.6242],[-2.2472,40.5945],[-2.2664,40.5565],[-2.2696,40.3928],[-2.2363,40.2837],[-2.2326,40.2461],[-2.2507,40.205],[-2.274,40.1785],[-2.3127,40.1954],[-2.35,40.2],[-2.3706,40.1799],[-2.3922,40.0913],[-2.4103,40.0634]]]}},{"type":"Feature","properties":{"code":"ES169","name":"Serran"},"geometry":{"type":"Polygon","coordinates":[[[-1.9753,40.6093],[-1.9401,40.5973],[-1.915,40.5707],[-1.8689,40.4586],[-1.8501,40.4242],[-1.7991,40.3949],[-1.5528,40.1998],[-1.4534,40.1468],[-1.4328,40.1281],[-1.42,40.098],[-1.3872,40.0448],[-1.3577,40.03],[-1.2564,39.997],[-1.1858,40.0056],[-1.1602,40.0011],[-1.1483,39.9722],[-1.1844,39.9558],[-1.2064,39.9136],[-1.2121,39.8432],[-1.2225,39.7991],[-1.2642,39.7502],[-1.2702,39.7064],[-1.3107,39.6844],[-1.3886,39.6624],[-1.4234,39.6444],[-1.4537,39.5905],[-1.4841,39.5654],[-1.5268,39.5493],[-1.5981,39.5504],[-1.6884,39.6111],[-1.7063,39.6389],[-1.7289,39.6607],[-1.7654,39.6646],[-1.8033,39.6822],[-1.8417,39.7362],[-1.8749,39.7534],[-1.9709,39.7802],[-1.994,39.7914],[-2.0622,39.8675],[-2.0864,39.8872],[-2.2013,39.8981],[-2.2899,39.8925],[-2.3242,39.9024],[-2.4335,40.0035],[-2.4103,40.0634],[-2.3922,40.0913],[-2.3706,40.1799],[-2.35,40.2],[-2.3127,40.1954],[-2.274,40.1785],[-2.2507,40.205],[-2.2326,40.2461],[-2.2363,40.2837],[-2.2696,40.3928],[-2.2664,40.5565],[-2.2472,40.5945],[-2.2257,40.6242],[-2.1177,40.6414],[-2.0836,40.6397],[-2.0537,40.6162],[-2.0115,40.6015],[-1.9753,40.6093]]]}},{"type":"Feature","properties":{"code":"ES170","name":"La Mancha conquense"},"geometry":{"type":"Polygon","coordinates":[[[-2.4103,40.0634],[-2.4335,40.0035],[-2.3242,39.9024],[-2.2899,39.8925],[-2.2013,39.8981],[-2.0864,39.8872],[-2.0622,39.8675],[-1.994,39.7914],[-1.9709,39.7802],[-1.8749,39.7534],[-1.8417,39.7362],[-1.8033,39.6822],[-1.7654,39.6646],[-1.7289,39.6607],[-1.7063,39.6389],[-1.6884,39.6111],[-1.5981,39.5504],[-1.5268,39.5493],[-1.5169,39.5154],[-1.509,39.4499],[-1.5161,39.4127],[-1.7319,39.3234],[-1.7583,39.295],[-1.7917,39.2843],[-1.8828,39.3023],[-1.9704,39.295],[-1.9999,39.3052],[-2.0375,39.3502],[-2.075,39.3445],[-2.0786,39.2957],[-2.0859,39.267],[-2.1331,39.2746],[-2.1799,39.2752],[-2.2811,39.2293],[-2.3526,39.2305],[-2.3808,39.2372],[-2.4916,39.316],[-2.6269,39.338],[-2.7191,39.3215],[-2.7447,39.3214],[-2.7865,39.387],[-2.8126,39.3788],[-2.839,39.3546],[-2.8616,39.3714],[-2.9045,39.4325],[-2.9366,39.4628],[-2.9284,39.4921],[-2.9125,39.6095],[-2.9138,39.6465],[-3.0032,39.7283],[-3.0483,39.815],[-3.0674,39.8415],[-3.122,39.8753],[-3.1029,39.9584],[-3.108,39.9857],[-3.1448,39.9942],[-3.1542,40.0343],[-3.1559,40.066],[-3.0648,40.0947],[-3.0273,40.0915],[-2.9236,40.0643],[-2.8866,40.0689],[-2.7733,40.0963],[-2.753,40.1291],[-2.7129,40.2411],[-2.6989,40.2636],[-2.6618,40.275],[-2.6259,40.2668],[-2.5916,40.2517],[-2.5325,40.1991],[-2.5164,40.1728],[-2.5492,40.1223],[-2.5282,40.101],[-2.4103,40.0634]]]}},{"type":"Feature","properties":{"code":"ES171","name":"Serran"},"geometry":{"type":"Polygon","coordinates":[[[-2.2635,41.0667],[-2.2055,41.0228],[-2.1303,41.0089],[-2.0967,40.985],[-2.0693,40.9545],[-2.1126,40.8542],[-2.1304,40.8312],[-2.2587,40.862],[-2.3607,40.8405],[-2.3903,40.8398],[-2.4111,40.863],[-2.4408,40.8605],[-2.5259,40.8131],[-2.5674,40.8193],[-2.6019,40.8294],[-2.6303,40.8438],[-2.6943,40.9361],[-2.718,40.9572],[-2.7484,40.9496],[-2.7844,40.956],[-2.8384,41.0021],[-2.8768,41.0054],[-2.9334,41.0003],[-2.9672,41.0083],[-2.9923,41.0281],[-3.024,41.0427],[-3.0818,41.0101],[-3.1897,41.0193],[-3.2187,40.9986],[-3.2414,40.9697],[-3.3241,40.9341],[-3.3946,40.8723],[-3.4332,40.8789],[-3.4378,40.9375],[-3.4045,41.0011],[-3.4197,41.0312],[-3.5152,41.1371],[-3.533,41.1639],[-3.4024,41.2128],[-3.3904,41.254],[-3.2814,41.2569],[-3.2483,41.2633],[-3.2191,41.2966],[-3.1891,41.2996],[-3.0548,41.2738],[-2.9605,41.29],[-2.9146,41.2884],[-2.7727,41.2744],[-2.6614,41.2419],[-2.5427,41.1633],[-2.5109,41.1371],[-2.4783,41.0901],[-2.4504,41.0697],[-2.4252,41.0595],[-2.3632,41.0821],[-2.3323,41.0809],[-2.2635,41.0667]]]}},{"type":"Feature","properties":{"code":"ES172","name":"Parameras de Molina"},"geometry":{"type":"Polygon","coordinates":[[[-1.6114,40.9425],[-1.6108,40.8708],[-1.5588,40.8273],[-1.5511,40.7867],[-1.5598,40.7485],[-1.5521,40.7192],[-1.5389,40.6928],[-1.5474,40.6628],[-1.5947,40.5691],[-1.6313,40.568],[-1.6749,40.5769],[-1.703,40.4815],[-1.7504,40.4575],[-1.781,40.4257],[-1.7991,40.3949],[-1.8501,40.4242],[-1.8689,40.4586],[-1.915,40.5707],[-1.9401,40.5973],[-1.9753,40.6093],[-1.9912,40.635],[-2.1099,40.7736],[-2.1304,40.8312],[-2.1126,40.8542],[-2.0693,40.9545],[-2.0967,40.985],[-2.1303,41.0089],[-2.2055,41.0228],[-2.2635,41.0667],[-2.0779,41.0932],[-2.0586,41.1205],[-2.0573,41.1509],[-1.9821,41.1653],[-1.9523,41.1632],[-1.9357,41.142],[-1.8138,41.0911],[-1.6114,40.9425]]]}},{"type":"Feature","properties":{"code":"ES173","name":"Alcarria de Guadalajara"},"geometry":{"type":"Polygon","coordinates":[[[-2.1304,40.8312],[-2.1099,40.7736],[-1.9912,40.635],[-1.9753,40.6093],[-2.0115,40.6015],[-2.0537,40.6162],[-2.0836,40.6397],[-2.1177,40.6414],[-2.3638,40.6074],[-2.3762,40.5746],[-2.3799,40.5428],[-2.4822,40.5117],[-2.5195,40.4897],[-2.5167,40.4502],[-2.6655,40.4358],[-2.7272,40.4031],[-2.7985,40.4051],[-2.8069,40.2516],[-2.823,40.2092],[-2.8798,40.1685],[-2.91,40.163],[-3.034,40.1581],[-3.0663,40.1509],[-3.1092,40.2768],[-3.1712,40.3148],[-3.1392,40.3981],[-3.173,40.4275],[-3.2072,40.4364],[-3.2087,40.5191],[-3.306,40.5811],[-3.3325,40.6064],[-3.3468,40.6391],[-3.4614,40.6892],[-3.4404,40.7223],[-3.4414,40.755],[-3.4609,40.8219],[-3.4643,40.8643],[-3.4332,40.8789],[-3.3946,40.8723],[-3.3241,40.9341],[-3.2414,40.9697],[-3.2187,40.9986],[-3.1897,41.0193],[-3.0818,41.0101],[-3.024,41.0427],[-2.9923,41.0281],[-2.9672,41.0083],[-2.9334,41.0003],[-2.8768,41.0054],[-2.8384,41.0021],[-2.7844,40.956],[-2.7484,40.9496],[-2.718,40.9572],[-2.6943,40.9361],[-2.6303,40.8438],[-2.6019,40.8294],[-2.5674,40.8193],[-2.5259,40.8131],[-2.4408,40.8605],[-2.4111,40.863],[-2.3903,40.8398],[-2.3607,40.8405],[-2.2587,40.862],[-2.1304,40.8312]]]}},{"type":"Feature","properties":{"code":"ES174","name":"Sierra de San Vicente"},"geometry":{"type":"Polygon","coordinates":[[[-4.3369,40.2321],[-4.3602,40.1985],[-4.4171,40.176],[-4.4492,40.1571],[-4.4989,40.0816],[-4.5383,40.0761],[-4.8499,40.0757],[-4.8945,40.0812],[-4.9287,40.1036],[-4.9504,40.1256],[-4.8994,40.181],[-4.771,40.2547],[-4.706,40.2787],[-4.6939,40.2551],[-4.6851,40.2201],[-4.6533,40.2129],[-4.5703,40.2157],[-4.5302,40.203],[-4.4529,40.2302],[-4.3603,40.303],[-4.3369,40.2321]]]}},{"type":"Feature","properties":{"code":"ES175","name":"Valle del Tajo"},"geometry":{"type":"Polygon","coordinates":[[[-3.8092,39.8844],[-3.951,39.8195],[-3.989,39.8141],[-4.1047,39.8102],[-4.1329,39.7901],[-4.1577,39.7638],[-4.2139,39.7355],[-4.2504,39.7242],[-4.4436,39.7754],[-4.4798,39.7501],[-4.5128,39.7195],[-4.5508,39.734],[-4.5851,39.7566],[-4.625,39.7668],[-4.7354,39.7805],[-4.7649,39.7769],[-4.8166,39.7435],[-4.8425,39.7069],[-4.8583,39.6703],[-4.8946,39.6605],[-5.0243,39.6578],[-5.0565,39.6388],[-5.085,39.6136],[-5.1183,39.6216],[-5.1549,39.6415],[-5.1528,39.6712],[-5.1407,39.7056],[-5.145,39.7354],[-5.1559,39.7673],[-5.1777,39.7932],[-5.2497,39.7541],[-5.3084,39.7689],[-5.2888,39.8608],[-5.3183,39.8847],[-5.3938,39.8884],[-5.3897,39.9155],[-5.3684,39.9738],[-5.3669,40.0412],[-5.3757,40.0973],[-5.3457,40.1135],[-5.1344,40.1016],[-5.0734,40.1402],[-5.0059,40.1115],[-4.9504,40.1256],[-4.9287,40.1036],[-4.8945,40.0812],[-4.8499,40.0757],[-4.5383,40.0761],[-4.4989,40.0816],[-4.4492,40.1571],[-4.4171,40.176],[-4.3602,40.1985],[-4.3369,40.2321],[-4.3024,40.2205],[-4.2771,40.2388],[-4.252,40.2661],[-4.2192,40.2669],[-4.113,40.243],[-4.0613,40.2571],[-4.0071,40.2193],[-3.9683,40.2047],[-3.791,40.1718],[-3.6124,40.1103],[-3.6133,40.082],[-3.6202,40.0558],[-3.7384,39.9847],[-3.8199,39.9511],[-3.8456,39.9353],[-3.8291,39.9049],[-3.8092,39.8844]]]}},{"type":"Feature","properties":{"code":"ES176","name":"Montes de Toledo"},"geometry":{"type":"Polygon","coordinates":[[[-3.7856,39.2892],[-3.8111,39.2792],[-3.8355,39.2629],[-3.8648,39.266],[-3.9576,39.295],[-3.9831,39.3521],[-4.115,39.36],[-4.1442,39.3737],[-4.1292,39.4208],[-4.1106,39.458],[-4.0698,39.4685],[-4.0545,39.4972],[-4.0459,39.5488],[-4.0534,39.5738],[-4.1586,39.5666],[-4.1764,39.5393],[-4.1898,39.5035],[-4.217,39.4924],[-4.3126,39.4834],[-4.4447,39.5144],[-4.4786,39.531],[-4.5233,39.5442],[-4.5504,39.5156],[-4.5795,39.4987],[-4.7619,39.4127],[-4.7588,39.4641],[-4.7687,39.5159],[-4.8564,39.5475],[-4.8912,39.5163],[-4.9101,39.4867],[-4.9405,39.4035],[-4.977,39.4122],[-5.0673,39.4779],[-5.165,39.5596],[-5.1921,39.5883],[-5.1769,39.625],[-5.1549,39.6415],[-5.1183,39.6216],[-5.085,39.6136],[-5.0565,39.6388],[-5.0243,39.6578],[-4.8946,39.6605],[-4.8583,39.6703],[-4.8425,39.7069],[-4.8166,39.7435],[-4.7649,39.7769],[-4.7354,39.7805],[-4.625,39.7668],[-4.5851,39.7566],[-4.5508,39.734],[-4.5128,39.7195],[-4.4798,39.7501],[-4.4436,39.7754],[-4.2504,39.7242],[-4.2139,39.7355],[-4.1577,39.7638],[-4.1329,39.7901],[-4.1047,39.8102],[-3.989,39.8141],[-3.951,39.8195],[-3.8092,39.8844],[-3.8071,39.7546],[-3.9523,39.7048],[-3.9643,39.6717],[-3.9713,39.5824],[-3.8137,39.5721],[-3.8143,39.5421],[-3.829,39.5032],[-3.8089,39.4775],[-3.7771,39.4562],[-3.7827,39.4227],[-3.8007,39.3851],[-3.7959,39.3125],[-3.7856,39.2892]]]}},{"type":"Feature","properties":{"code":"ES177","name":"La Mancha toledana"},"geometry":{"type":"Polygon","coordinates":[[[-2.9366,39.4628],[-2.9719,39.4472],[-3.0465,39.4481],[-3.0833,39.458],[-3.1341,39.4891],[-3.1622,39.4917],[-3.2658,39.4747],[-3.301,39.4622],[-3.3391,39.4193],[-3.3722,39.4061],[-3.4026,39.4043],[-3.4643,39.3539],[-3.5501,39.3027],[-3.6678,39.296],[-3.7148,39.2724],[-3.7477,39.2774],[-3.7856,39.2892],[-3.7959,39.3125],[-3.8007,39.3851],[-3.7827,39.4227],[-3.7771,39.4562],[-3.8089,39.4775],[-3.829,39.5032],[-3.8143,39.5421],[-3.8137,39.5721],[-3.9713,39.5824],[-3.9643,39.6717],[-3.9523,39.7048],[-3.8071,39.7546],[-3.8092,39.8844],[-3.5242,40.0375],[-3.482,40.0446],[-3.1559,40.066],[-3.1542,40.0343],[-3.1448,39.9942],[-3.108,39.9857],[-3.1029,39.9584],[-3.122,39.8753],[-3.0674,39.8415],[-3.0483,39.815],[-3.0032,39.7283],[-2.9138,39.6465],[-2.9125,39.6095],[-2.9284,39.4921],[-2.9366,39.4628]]]}},{"type":"Feature","properties":{"code":"ES178","name":"Prepirineo de Barcelona"},"geometry":{"type":"Polygon","coordinates":[[[2.4548,42.0719],[2.4788,42.0459],[2.4949,42.0098],[2.4791,41.9792],[2.4527,41.9504],[2.4367,41.8873],[2.3838,41.8879],[2.3478,41.8828],[2.3322,41.9083],[2.2896,42.0536],[2.2677,42.0779],[2.2421,42.0931],[2.1706,42.0743],[2.0604,42.11],[1.9671,42.1254],[1.9349,42.1207],[1.9129,42.0994],[1.8412,42.1178],[1.8155,42.1051],[1.751,42.0415],[1.752,41.9459],[1.645,41.9532],[1.7173,42.1369],[1.7301,42.1794],[1.6912,42.2024],[1.6853,42.2409],[1.6997,42.2782],[1.8917,42.3195],[1.9334,42.313],[1.9738,42.3004],[1.9988,42.2773],[2.0586,42.1975],[2.0226,42.1513],[2.0539,42.1429],[2.152,42.1312],[2.2571,42.1412],[2.2931,42.1368],[2.3717,42.114],[2.3942,42.0876],[2.418,42.0685],[2.4548,42.0719]]]}},{"type":"Feature","properties":{"code":"ES179","name":"Depresi n central de Barcelona"},"geometry":{"type":"Polygon","coordinates":[[[2.3478,41.8828],[2.3716,41.8087],[2.3132,41.7991],[2.2829,41.7893],[2.0938,41.7099],[2.0506,41.7139],[2.026,41.6928],[2.0094,41.6617],[1.9828,41.6462],[1.859,41.604],[1.8192,41.5958],[1.7352,41.6387],[1.6882,41.6263],[1.6526,41.6524],[1.6279,41.6811],[1.6042,41.6915],[1.5757,41.6817],[1.4457,41.6888],[1.4126,41.6689],[1.4063,41.7017],[1.4598,41.7619],[1.4883,41.7701],[1.5535,41.7754],[1.5944,41.8194],[1.6199,41.8516],[1.597,41.8843],[1.6142,41.9175],[1.645,41.9532],[1.752,41.9459],[1.751,42.0415],[1.8155,42.1051],[1.8412,42.1178],[1.9129,42.0994],[1.9349,42.1207],[1.9671,42.1254],[2.0604,42.11],[2.1706,42.0743],[2.2421,42.0931],[2.2677,42.0779],[2.2896,42.0536],[2.3322,41.9083],[2.3478,41.8828]]]}},{"type":"Feature","properties":{"code":"ES180","name":"Prelitoral de Barcelona"},"geometry":{"type":"Polygon","coordinates":[[[2.6653,41.7301],[2.6045,41.67],[2.5321,41.6289],[2.447,41.6285],[2.4134,41.6231],[2.2742,41.5101],[2.2427,41.4875],[2.2118,41.475],[2.1271,41.4474],[2.0267,41.457],[1.9934,41.4523],[1.9344,41.4372],[1.8976,41.4216],[1.8513,41.3362],[1.8342,41.3171],[1.7573,41.3418],[1.7321,41.3457],[1.6489,41.3151],[1.6052,41.3069],[1.5621,41.336],[1.4988,41.3934],[1.4746,41.4781],[1.4346,41.4939],[1.4032,41.5144],[1.3973,41.5486],[1.3677,41.6075],[1.3856,41.6403],[1.4126,41.6689],[1.4457,41.6888],[1.5757,41.6817],[1.6042,41.6915],[1.6279,41.6811],[1.6526,41.6524],[1.6882,41.6263],[1.7352,41.6387],[1.8192,41.5958],[1.859,41.604],[1.9828,41.6462],[2.0094,41.6617],[2.026,41.6928],[2.0506,41.7139],[2.0938,41.7099],[2.2829,41.7893],[2.3132,41.7991],[2.3716,41.8087],[2.491,41.7699],[2.5214,41.7511],[2.5349,41.726],[2.6653,41.7301]]]}},{"type":"Feature","properties":{"code":"ES181","name":"Litoral de Barcelona"},"geometry":{"type":"Polygon","coordinates":[[[2.7717,41.7356],[2.7869,41.6438],[2.7575,41.6415],[2.5623,41.5807],[2.3928,41.5014],[2.2603,41.4501],[2.2401,41.4326],[2.1236,41.2962],[2.0824,41.2853],[1.9341,41.2613],[1.8324,41.2297],[1.6674,41.1978],[1.6358,41.2162],[1.6107,41.273],[1.6052,41.3069],[1.6489,41.3151],[1.7321,41.3457],[1.7573,41.3418],[1.8342,41.3171],[1.8513,41.3362],[1.8976,41.4216],[1.9344,41.4372],[2.0267,41.457],[2.1271,41.4474],[2.1556,41.4544],[2.2427,41.4875],[2.4134,41.6231],[2.447,41.6285],[2.5321,41.6289],[2.6045,41.67],[2.6653,41.7301],[2.736,41.7416],[2.7717,41.7356]]]}},{"type":"Feature","properties":{"code":"ES182","name":"Pirineo de Girona"},"geometry":{"type":"Polygon","coordinates":[[[2.9753,42.4624],[2.9293,42.4111],[2.9006,42.3933],[2.84,42.3688],[2.8125,42.3911],[2.786,42.3913],[2.7355,42.3025],[2.7154,42.2809],[2.6255,42.2894],[2.598,42.2801],[2.5706,42.2177],[2.5386,42.212],[2.5057,42.2269],[2.4783,42.2181],[2.4528,42.2014],[2.4515,42.1662],[2.4616,42.104],[2.4548,42.0719],[2.418,42.0685],[2.3942,42.0876],[2.3717,42.114],[2.2931,42.1368],[2.2571,42.1412],[2.152,42.1312],[2.0539,42.1429],[2.0226,42.1513],[2.0586,42.1975],[1.9988,42.2773],[1.9738,42.3004],[1.9334,42.313],[1.8917,42.3195],[1.8484,42.308],[1.8427,42.3807],[1.8126,42.4122],[1.7413,42.4369],[1.7328,42.5046],[1.7587,42.4908],[1.7957,42.4897],[1.8308,42.4809],[1.9343,42.4471],[1.951,42.4208],[1.9617,42.3896],[2.0057,42.3563],[2.0672,42.3608],[2.0911,42.3697],[2.1367,42.4146],[2.2444,42.4357],[2.286,42.4293],[2.3849,42.4001],[2.4231,42.3848],[2.4703,42.3489],[2.5162,42.3461],[2.5777,42.3568],[2.667,42.3455],[2.6943,42.3763],[2.7131,42.411],[2.7488,42.4196],[2.8043,42.4226],[2.8482,42.459],[2.9452,42.4648],[2.9753,42.4624]]]}},{"type":"Feature","properties":{"code":"ES183","name":"Prelitoral de Girona"},"geometry":{"type":"Polygon","coordinates":[[[2.84,42.3688],[2.8012,42.3004],[2.7891,42.2621],[2.8559,42.1999],[2.8541,42.1584],[2.8449,42.1087],[2.8582,42.0846],[2.8791,42.0689],[2.892,42.0296],[2.9025,41.9629],[2.8895,41.9202],[2.912,41.8993],[2.9498,41.881],[2.8796,41.8546],[2.8571,41.8154],[2.8522,41.783],[2.8399,41.7581],[2.7717,41.7356],[2.736,41.7416],[2.6653,41.7301],[2.5349,41.726],[2.5214,41.7511],[2.491,41.7699],[2.3716,41.8087],[2.3478,41.8828],[2.3838,41.8879],[2.4367,41.8873],[2.4527,41.9504],[2.4791,41.9792],[2.4949,42.0098],[2.4788,42.0459],[2.4548,42.0719],[2.4616,42.104],[2.4515,42.1662],[2.4528,42.2014],[2.4783,42.2181],[2.5057,42.2269],[2.5386,42.212],[2.5706,42.2177],[2.598,42.2801],[2.6255,42.2894],[2.7154,42.2809],[2.7355,42.3025],[2.786,42.3913],[2.8125,42.3911],[2.84,42.3688]]]}},{"type":"Feature","properties":{"code":"ES184","name":"Ampurd"},"geometry":{"type":"Polygon","coordinates":[[[3.1214,42.4099],[3.1471,42.3843],[3.2821,42.3281],[3.3076,42.3086],[3.2926,42.2769],[3.2735,42.2504],[3.2423,42.2396],[3.2118,42.2355],[3.1831,42.2513],[3.1533,42.2554],[3.1227,42.2269],[3.1206,42.1745],[3.1325,42.121],[3.2081,42.0647],[3.2056,41.999],[3.2263,41.9575],[3.2138,41.9187],[3.1954,41.8867],[3.1038,41.8364],[3.077,41.8168],[3.0574,41.835],[2.912,41.8993],[2.8895,41.9202],[2.9025,41.9629],[2.892,42.0296],[2.8791,42.0689],[2.8582,42.0846],[2.8449,42.1087],[2.8541,42.1584],[2.8559,42.1999],[2.7891,42.2621],[2.8012,42.3004],[2.84,42.3688],[2.9006,42.3933],[2.9293,42.4111],[2.9753,42.4624],[3.0234,42.4727],[3.0502,42.4607],[3.1214,42.4099]]]}},{"type":"Feature","properties":{"code":"ES185","name":"Litoral sur de Girona"},"geometry":{"type":"Polygon","coordinates":[[[3.077,41.8168],[2.9478,41.724],[2.9146,41.7106],[2.8442,41.6928],[2.8139,41.6722],[2.7869,41.6438],[2.7717,41.7356],[2.8399,41.7581],[2.8522,41.783],[2.8571,41.8154],[2.8796,41.8546],[2.9498,41.881],[3.0574,41.835],[3.077,41.8168]]]}},{"type":"Feature","properties":{"code":"ES186","name":"Valle de ArTn"},"geometry":{"type":"Polygon","coordinates":[[[0.8492,42.8383],[0.8741,42.8154],[0.9387,42.7912],[1.0232,42.7839],[1.015,42.7519],[0.9724,42.6816],[0.9534,42.6204],[0.9399,42.5959],[0.8737,42.6254],[0.8043,42.6147],[0.7675,42.5996],[0.7456,42.6131],[0.7145,42.6207],[0.6641,42.6844],[0.6594,42.7552],[0.6647,42.8391],[0.6894,42.8514],[0.7198,42.8578],[0.8122,42.8362],[0.8492,42.8383]]]}},{"type":"Feature","properties":{"code":"ES187","name":"Pirineo de Lleida"},"geometry":{"type":"Polygon","coordinates":[[[1.4498,42.6012],[1.43,42.5683],[1.4322,42.5277],[1.4441,42.4674],[1.4586,42.4389],[1.6979,42.4853],[1.7328,42.5046],[1.7413,42.4369],[1.8126,42.4122],[1.8427,42.3807],[1.8484,42.308],[1.6997,42.2782],[1.6853,42.2409],[1.6912,42.2024],[1.7301,42.1794],[1.7173,42.1369],[1.6985,42.0961],[1.6672,42.1079],[1.6011,42.1196],[1.5649,42.1205],[1.4758,42.0869],[1.4405,42.0927],[1.3256,42.1262],[1.2927,42.1203],[1.0757,42.0386],[0.9313,42.022],[0.895,42.0364],[0.8623,42.0412],[0.7681,42.04],[0.6995,42.0664],[0.6742,42.0692],[0.7024,42.1829],[0.7478,42.3146],[0.7553,42.3554],[0.7086,42.4497],[0.7105,42.4846],[0.7353,42.5101],[0.7675,42.5996],[0.8043,42.6147],[0.8737,42.6254],[0.9399,42.5959],[0.9534,42.6204],[0.9724,42.6816],[1.015,42.7519],[1.0232,42.7839],[1.0817,42.7759],[1.1164,42.7625],[1.1591,42.7192],[1.2058,42.7097],[1.3345,42.7183],[1.363,42.7125],[1.4241,42.6246],[1.4498,42.6012]]]}},{"type":"Feature","properties":{"code":"ES188","name":"Depresi n central de Lleida"},"geometry":{"type":"Polygon","coordinates":[[[1.6985,42.0961],[1.6668,42.0027],[1.645,41.9532],[1.6142,41.9175],[1.597,41.8843],[1.6199,41.8516],[1.5535,41.7754],[1.4883,41.7701],[1.4598,41.7619],[1.4301,41.7327],[1.4063,41.7017],[1.4126,41.6689],[1.3856,41.6403],[1.3677,41.6075],[1.3804,41.5759],[1.2307,41.5691],[1.2004,41.5579],[1.1744,41.5433],[1.1693,41.4853],[1.0647,41.4668],[1.04,41.4455],[0.9714,41.3641],[0.9467,41.3548],[0.7852,41.3236],[0.7459,41.312],[0.7129,41.311],[0.6065,41.2943],[0.4187,41.2804],[0.3834,41.2738],[0.3392,41.4016],[0.3477,41.4352],[0.3611,41.4575],[0.4154,41.5107],[0.4391,41.5401],[0.4166,41.5593],[0.3679,41.5879],[0.3468,41.6085],[0.3355,41.6479],[0.3321,41.6824],[0.3928,41.7432],[0.4157,41.7592],[0.4466,41.7624],[0.4812,41.776],[0.5658,41.8576],[0.587,41.8887],[0.5831,41.9278],[0.5721,41.9562],[0.5964,41.9769],[0.6742,42.0692],[0.6995,42.0664],[0.7681,42.04],[0.8623,42.0412],[0.895,42.0364],[0.9313,42.022],[1.0757,42.0386],[1.2927,42.1203],[1.3256,42.1262],[1.4405,42.0927],[1.4758,42.0869],[1.5649,42.1205],[1.6011,42.1196],[1.6672,42.1079],[1.6985,42.0961]]]}},{"type":"Feature","properties":{"code":"ES189","name":"Depresidn central de Tarragona"},"geometry":{"type":"Polygon","coordinates":[[[0.2722,40.8324],[0.2584,40.8936],[0.2573,40.9273],[0.2773,40.9916],[0.2224,41.0629],[0.2303,41.1356],[0.272,41.1516],[0.3057,41.1712],[0.3153,41.2016],[0.3343,41.2345],[0.3834,41.2738],[0.4187,41.2804],[0.6065,41.2943],[0.7129,41.311],[0.7459,41.312],[0.6974,41.2583],[0.6961,41.2198],[0.674,41.1949],[0.5738,41.1305],[0.5424,41.105],[0.4712,41.0383],[0.442,40.9702],[0.4116,40.9504],[0.3755,40.936],[0.3607,40.8834],[0.3025,40.8405],[0.2722,40.8324]]]}},{"type":"Feature","properties":{"code":"ES190","name":"Prelitoral norte de Tarragona"},"geometry":{"type":"Polygon","coordinates":[[[1.5621,41.336],[1.5164,41.3228],[1.4435,41.289],[1.3836,41.2799],[1.3492,41.2667],[1.3371,41.227],[1.3212,41.1983],[1.2298,41.213],[1.1956,41.2013],[1.1636,41.1836],[1.0947,41.177],[1.0629,41.1675],[1.0398,41.1807],[1.0512,41.2137],[1.0692,41.2373],[1.1378,41.2376],[1.1361,41.2651],[1.1239,41.2967],[0.9983,41.3464],[0.9714,41.3641],[1.04,41.4455],[1.0647,41.4668],[1.1693,41.4853],[1.1744,41.5433],[1.2004,41.5579],[1.2307,41.5691],[1.3804,41.5759],[1.3973,41.5486],[1.4032,41.5144],[1.4346,41.4939],[1.4746,41.4781],[1.4988,41.3934],[1.5621,41.336]]]}},{"type":"Feature","properties":{"code":"ES191","name":"Litoral norte de Tarragona"},"geometry":{"type":"Polygon","coordinates":[[[1.6052,41.3069],[1.6107,41.273],[1.6358,41.2162],[1.6674,41.1978],[1.534,41.181],[1.3476,41.1272],[1.3097,41.1272],[1.2774,41.1206],[1.1549,41.0842],[1.125,41.0671],[1.0629,41.1675],[1.0947,41.177],[1.1636,41.1836],[1.1956,41.2013],[1.2298,41.213],[1.3212,41.1983],[1.3371,41.227],[1.3492,41.2667],[1.3836,41.2799],[1.4435,41.289],[1.5164,41.3228],[1.5621,41.336],[1.6052,41.3069]]]}},{"type":"Feature","properties":{"code":"ES192","name":"Litoral sur de Tarragona"},"geometry":{"type":"Polygon","coordinates":[[[1.0629,41.1675],[1.125,41.0671],[1.0894,41.0646],[0.9759,41.0305],[0.9501,41.0125],[0.7978,40.8709],[0.7286,40.8227],[0.7096,40.8025],[0.7708,40.7775],[0.7989,40.7601],[0.8467,40.7235],[0.8671,40.7009],[0.8357,40.6802],[0.737,40.6345],[0.6295,40.6239],[0.5972,40.6151],[0.5092,40.5113],[0.4855,40.5322],[0.4299,40.5562],[0.4062,40.5846],[0.3701,40.6073],[0.3353,40.6125],[0.344,40.6409],[0.3582,40.6641],[0.4263,40.7221],[0.4539,40.7382],[0.5795,40.7569],[0.6099,40.7728],[0.6175,40.818],[0.6556,40.8644],[0.6258,40.8992],[0.6495,40.9294],[0.6719,40.9451],[0.773,40.9416],[0.8092,40.9449],[0.7786,41.0031],[0.7938,41.0315],[0.8146,41.0501],[0.9012,41.0276],[0.9044,41.1049],[0.9981,41.1329],[1.0255,41.1485],[1.0398,41.1807],[1.0629,41.1675]]]}},{"type":"Feature","properties":{"code":"ES193","name":"Prelitoral sur de Tarragona"},"geometry":{"type":"Polygon","coordinates":[[[1.0512,41.2137],[1.0255,41.1485],[0.9981,41.1329],[0.9044,41.1049],[0.9012,41.0276],[0.8146,41.0501],[0.7938,41.0315],[0.7786,41.0031],[0.8092,40.9449],[0.773,40.9416],[0.6719,40.9451],[0.6495,40.9294],[0.6258,40.8992],[0.6556,40.8644],[0.6175,40.818],[0.6099,40.7728],[0.5795,40.7569],[0.4539,40.7382],[0.4263,40.7221],[0.3582,40.6641],[0.344,40.6409],[0.3353,40.6125],[0.263,40.6617],[0.2227,40.7224],[0.1815,40.7342],[0.2024,40.7589],[0.253,40.8019],[0.2722,40.8324],[0.3025,40.8405],[0.3607,40.8834],[0.3755,40.936],[0.4116,40.9504],[0.442,40.9702],[0.4712,41.0383],[0.5424,41.105],[0.5738,41.1305],[0.674,41.1949],[0.6961,41.2198],[0.6974,41.2583],[0.7459,41.312],[0.7852,41.3236],[0.9467,41.3548],[0.9714,41.3641],[0.9983,41.3464],[1.1239,41.2967],[1.1361,41.2651],[1.1378,41.2376],[1.0692,41.2373],[1.0512,41.2137]]]}},{"type":"Feature","properties":{"code":"ES194","name":"Vegas del Guadiana"},"geometry":{"type":"Polygon","coordinates":[[[-6.3273,39.181],[-6.3156,39.1475],[-6.3118,39.1114],[-6.2409,39.0918],[-6.1475,39.0344],[-6.1191,39.049],[-6.0579,39.0975],[-6.0237,39.118],[-5.9999,39.0613],[-5.7714,39.1301],[-5.7379,39.1169],[-5.7088,39.0947],[-5.6672,39.0926],[-5.6329,39.0961],[-5.5764,39.1261],[-5.5651,39.089],[-5.5052,39.049],[-5.5125,38.9854],[-5.5827,38.989],[-5.6011,38.9165],[-5.6444,38.9017],[-5.6948,38.839],[-5.7241,38.8338],[-5.7604,38.8424],[-5.789,38.8275],[-5.8166,38.8097],[-5.8642,38.7589],[-5.898,38.7307],[-6.087,38.7669],[-6.1043,38.7869],[-6.1514,38.8605],[-6.171,38.8375],[-6.2032,38.7857],[-6.2904,38.7855],[-6.4711,38.7577],[-6.5302,38.7701],[-6.6416,38.7635],[-6.7913,38.6671],[-6.8382,38.6697],[-6.8606,38.6401],[-6.876,38.5949],[-6.9071,38.5742],[-6.9435,38.5617],[-6.9578,38.5235],[-6.963,38.4884],[-6.9775,38.4619],[-7.0632,38.4375],[-7.1207,38.4674],[-7.2521,38.4614],[-7.2897,38.4668],[-7.3004,38.5079],[-7.2984,38.5488],[-7.2711,38.5793],[-7.2563,38.709],[-7.0382,38.8745],[-7.0472,38.8994],[-7.0331,38.9283],[-6.9594,39.0199],[-6.9701,39.0634],[-6.9875,39.0911],[-7.0207,39.1104],[-7.0511,39.1143],[-7.1366,39.1089],[-7.1427,39.1737],[-7.2314,39.2043],[-7.2352,39.2807],[-7.1646,39.3091],[-7.1499,39.3363],[-7.143,39.3666],[-7.1159,39.3765],[-7.0797,39.381],[-7.01,39.4156],[-6.9844,39.4193],[-6.9246,39.3949],[-6.8716,39.3892],[-6.8225,39.3904],[-6.7984,39.3765],[-6.7747,39.3481],[-6.7541,39.3102],[-6.7957,39.2375],[-6.7799,39.2067],[-6.7607,39.1882],[-6.6491,39.1963],[-6.4835,39.1668],[-6.3937,39.1631],[-6.3647,39.1649],[-6.3273,39.181]]]}},{"type":"Feature","properties":{"code":"ES195","name":"La Siberia extremela"},"geometry":{"type":"Polygon","coordinates":[[[-4.6916,39.1848],[-4.7396,39.1836],[-4.7799,39.1922],[-4.8162,39.1892],[-4.8703,39.1045],[-4.8652,39.0375],[-4.9275,39.0487],[-4.9563,39.0458],[-4.9444,39.006],[-4.9275,38.972],[-4.8467,38.931],[-4.8468,38.8905],[-4.8871,38.8714],[-4.9321,38.8572],[-4.9521,38.8321],[-4.987,38.7461],[-5.0397,38.7266],[-5.0687,38.7274],[-5.0932,38.7535],[-5.1097,38.7827],[-5.1004,38.8243],[-5.1217,38.8501],[-5.2134,38.9232],[-5.2562,38.9308],[-5.3262,38.9293],[-5.3891,38.9072],[-5.4277,38.9175],[-5.485,38.9609],[-5.5125,38.9854],[-5.5052,39.049],[-5.5651,39.089],[-5.5764,39.1261],[-5.6082,39.184],[-5.5303,39.2014],[-5.4984,39.1871],[-5.4717,39.1654],[-5.4042,39.17],[-5.3793,39.1824],[-5.3467,39.2454],[-5.3433,39.289],[-5.3283,39.3286],[-5.2648,39.3069],[-5.2237,39.3075],[-4.9983,39.3694],[-4.9405,39.4035],[-4.9207,39.3851],[-4.8941,39.3728],[-4.8627,39.3782],[-4.7619,39.4127],[-4.6809,39.4525],[-4.6755,39.4196],[-4.6922,39.3794],[-4.7195,39.3403],[-4.7525,39.3115],[-4.6916,39.1848]]]}},{"type":"Feature","properties":{"code":"ES196","name":"Barros y Serena"},"geometry":{"type":"Polygon","coordinates":[[[-5.5125,38.9854],[-5.4277,38.9175],[-5.3891,38.9072],[-5.3262,38.9293],[-5.2562,38.9308],[-5.2134,38.9232],[-5.1217,38.8501],[-5.1004,38.8243],[-5.1097,38.7827],[-5.0932,38.7535],[-5.0687,38.7274],[-5.0986,38.7197],[-5.1626,38.713],[-5.1853,38.6959],[-5.249,38.6304],[-5.3828,38.5529],[-5.4785,38.468],[-5.5682,38.4245],[-5.6615,38.4646],[-5.7057,38.4756],[-5.7795,38.4224],[-5.8412,38.425],[-5.875,38.481],[-5.9565,38.5237],[-5.99,38.5096],[-6.0192,38.4837],[-6.0639,38.4802],[-6.2014,38.4905],[-6.2352,38.4853],[-6.3144,38.4211],[-6.3202,38.3617],[-6.4135,38.3706],[-6.442,38.3808],[-6.463,38.4127],[-6.4909,38.4366],[-6.5859,38.4384],[-6.8951,38.4781],[-6.9775,38.4619],[-6.963,38.4884],[-6.9578,38.5235],[-6.9435,38.5617],[-6.9071,38.5742],[-6.876,38.5949],[-6.8606,38.6401],[-6.8382,38.6697],[-6.7913,38.6671],[-6.6416,38.7635],[-6.5302,38.7701],[-6.4711,38.7577],[-6.2904,38.7855],[-6.2032,38.7857],[-6.171,38.8375],[-6.1514,38.8605],[-6.1043,38.7869],[-6.087,38.7669],[-5.898,38.7307],[-5.8642,38.7589],[-5.8166,38.8097],[-5.789,38.8275],[-5.7604,38.8424],[-5.7241,38.8338],[-5.6948,38.839],[-5.6444,38.9017],[-5.6011,38.9165],[-5.5827,38.989],[-5.5125,38.9854]]]}},{"type":"Feature","properties":{"code":"ES197","name":"Sur de Badajoz"},"geometry":{"type":"Polygon","coordinates":[[[-5.5682,38.4245],[-5.5755,38.3283],[-5.532,38.2715],[-5.5297,38.2373],[-5.5374,38.1853],[-5.5494,38.1539],[-5.5796,38.1295],[-5.6085,38.1344],[-5.64,38.1309],[-5.6706,38.1035],[-5.6994,38.0883],[-5.7229,38.1097],[-5.7357,38.1332],[-5.7208,38.1557],[-5.7225,38.1814],[-5.8292,38.1744],[-5.8549,38.1577],[-5.9235,38.0941],[-5.9423,38.0244],[-5.9572,38.0016],[-6.0836,37.9851],[-6.1233,37.9759],[-6.1863,37.9421],[-6.3101,37.9825],[-6.393,38.0427],[-6.4239,38.0529],[-6.4797,38.0257],[-6.5295,38.0212],[-6.564,38.0241],[-6.5915,38.0348],[-6.6091,38.07],[-6.6341,38.0958],[-6.7397,38.091],[-6.7731,38.1014],[-6.8072,38.1158],[-6.8079,38.1412],[-6.7976,38.1704],[-6.8206,38.1833],[-6.9734,38.2099],[-7.0833,38.1744],[-7.1065,38.1992],[-7.1444,38.2643],[-7.3111,38.4337],[-7.2897,38.4668],[-7.2521,38.4614],[-7.1207,38.4674],[-7.0632,38.4375],[-6.9775,38.4619],[-6.8951,38.4781],[-6.8559,38.476],[-6.5859,38.4384],[-6.4909,38.4366],[-6.463,38.4127],[-6.442,38.3808],[-6.4135,38.3706],[-6.3202,38.3617],[-6.3144,38.4211],[-6.2352,38.4853],[-6.2014,38.4905],[-6.0639,38.4802],[-6.0192,38.4837],[-5.99,38.5096],[-5.9565,38.5237],[-5.875,38.481],[-5.8412,38.425],[-5.7795,38.4224],[-5.7057,38.4756],[-5.6615,38.4646],[-5.5682,38.4245]]]}},{"type":"Feature","properties":{"code":"ES198","name":"Norte de C ceres"},"geometry":{"type":"Polygon","coordinates":[[[-6.1097,40.4394],[-5.947,40.2885],[-5.92,40.2994],[-5.8687,40.3364],[-5.7948,40.3504],[-5.7733,40.329],[-5.7315,40.2998],[-5.6833,40.2828],[-5.6136,40.2236],[-5.5814,40.2153],[-5.5215,40.2028],[-5.486,40.2081],[-5.4384,40.2448],[-5.3972,40.2559],[-5.3516,40.25],[-5.3617,40.1883],[-5.3619,40.1542],[-5.3457,40.1135],[-5.3757,40.0973],[-5.6161,40.0283],[-5.6513,40.0148],[-5.7046,39.9805],[-5.7411,39.9732],[-5.8329,39.9858],[-5.8526,40.0245],[-5.8788,40.0308],[-5.951,40.0251],[-6.0164,40.0809],[-6.0435,40.0899],[-6.1028,40.0627],[-6.1392,40.0679],[-6.2203,40.1183],[-6.2471,40.1203],[-6.4338,40.0994],[-6.4888,40.1134],[-6.5175,40.1141],[-6.7208,40.1018],[-6.7363,40.0806],[-6.7691,39.9977],[-6.8071,39.9972],[-6.8543,40.0058],[-6.8827,40.0276],[-6.9512,40.1076],[-7.0008,40.1237],[-7.0031,40.2284],[-6.8587,40.273],[-6.776,40.25],[-6.7414,40.2541],[-6.7099,40.2685],[-6.6115,40.2697],[-6.5774,40.2843],[-6.5425,40.3369],[-6.5039,40.3553],[-6.4037,40.3884],[-6.3719,40.4047],[-6.338,40.4447],[-6.2595,40.477],[-6.2321,40.4823],[-6.1097,40.4394]]]}},{"type":"Feature","properties":{"code":"ES199","name":"Tajo y Alagan"},"geometry":{"type":"Polygon","coordinates":[[[-5.3757,40.0973],[-5.3669,40.0412],[-5.3684,39.9738],[-5.3897,39.9155],[-5.3938,39.8884],[-5.3183,39.8847],[-5.2888,39.8608],[-5.3084,39.7689],[-5.2497,39.7541],[-5.2594,39.6842],[-5.2992,39.6673],[-5.3359,39.66],[-5.4179,39.7251],[-5.448,39.7379],[-5.5219,39.7159],[-5.7657,39.7739],[-5.8629,39.7734],[-5.8769,39.7506],[-5.886,39.7203],[-5.9079,39.6942],[-5.9451,39.6652],[-5.9812,39.6628],[-6.0099,39.6684],[-6.0272,39.6927],[-6.0497,39.7047],[-6.1026,39.6703],[-6.1262,39.6917],[-6.1385,39.7327],[-6.1759,39.7483],[-6.2216,39.7555],[-6.2572,39.7521],[-6.3901,39.7234],[-6.4298,39.7216],[-6.4526,39.7534],[-6.4941,39.7518],[-6.5586,39.7329],[-6.5992,39.7322],[-6.6593,39.7556],[-6.6976,39.7597],[-6.8069,39.7589],[-6.8205,39.7839],[-6.8263,39.8174],[-6.8591,39.837],[-6.8903,39.8483],[-6.921,39.8532],[-6.8758,39.9796],[-6.8543,40.0058],[-6.8071,39.9972],[-6.7691,39.9977],[-6.7363,40.0806],[-6.7208,40.1018],[-6.5175,40.1141],[-6.4888,40.1134],[-6.4338,40.0994],[-6.2471,40.1203],[-6.2203,40.1183],[-6.1392,40.0679],[-6.1028,40.0627],[-6.0435,40.0899],[-6.0164,40.0809],[-5.951,40.0251],[-5.8788,40.0308],[-5.8526,40.0245],[-5.8329,39.9858],[-5.7411,39.9732],[-5.7046,39.9805],[-5.6513,40.0148],[-5.6161,40.0283],[-5.3757,40.0973]]]}},{"type":"Feature","properties":{"code":"ES200","name":"Meseta cacereMa"},"geometry":{"type":"Polygon","coordinates":[[[-5.9451,39.6652],[-5.8402,39.6478],[-5.8286,39.5778],[-5.7862,39.5315],[-5.7719,39.5008],[-5.8377,39.3937],[-5.8613,39.372],[-5.8974,39.3968],[-5.9255,39.3882],[-5.9499,39.3677],[-5.9656,39.2965],[-6.0012,39.2772],[-6.0793,39.2785],[-6.1106,39.2706],[-6.1946,39.2363],[-6.2571,39.2301],[-6.3273,39.181],[-6.3647,39.1649],[-6.3937,39.1631],[-6.4835,39.1668],[-6.6491,39.1963],[-6.7607,39.1882],[-6.7799,39.2067],[-6.7957,39.2375],[-6.7541,39.3102],[-6.7747,39.3481],[-6.7984,39.3765],[-6.8225,39.3904],[-6.8716,39.3892],[-6.9246,39.3949],[-6.9844,39.4193],[-7.01,39.4156],[-7.0797,39.381],[-7.1159,39.3765],[-7.143,39.3666],[-7.1499,39.3363],[-7.1646,39.3091],[-7.2352,39.2807],[-7.3005,39.3323],[-7.3079,39.3706],[-7.3029,39.4315],[-7.3105,39.4655],[-7.3885,39.4971],[-7.5009,39.5933],[-7.5119,39.6201],[-7.5383,39.6324],[-7.5459,39.66],[-7.5052,39.6608],[-7.3238,39.6459],[-7.2368,39.6649],[-7.1495,39.6543],[-7.0447,39.6661],[-7.0135,39.6786],[-6.9929,39.7796],[-6.9736,39.8184],[-6.921,39.8532],[-6.8903,39.8483],[-6.8591,39.837],[-6.8263,39.8174],[-6.8205,39.7839],[-6.8069,39.7589],[-6.6976,39.7597],[-6.6593,39.7556],[-6.5992,39.7322],[-6.5586,39.7329],[-6.4941,39.7518],[-6.4526,39.7534],[-6.4298,39.7216],[-6.3901,39.7234],[-6.2572,39.7521],[-6.2216,39.7555],[-6.1759,39.7483],[-6.1385,39.7327],[-6.1262,39.6917],[-6.1026,39.6703],[-6.0497,39.7047],[-6.0272,39.6927],[-6.0099,39.6684],[-5.9812,39.6628],[-5.9451,39.6652]]]}},{"type":"Feature","properties":{"code":"ES201","name":"Villuercas y Montynchez"},"geometry":{"type":"Polygon","coordinates":[[[-5.1549,39.6415],[-5.1769,39.625],[-5.1921,39.5883],[-5.165,39.5596],[-5.0673,39.4779],[-4.977,39.4122],[-4.9405,39.4035],[-4.9983,39.3694],[-5.2237,39.3075],[-5.2648,39.3069],[-5.3283,39.3286],[-5.3433,39.289],[-5.3467,39.2454],[-5.3793,39.1824],[-5.4042,39.17],[-5.4717,39.1654],[-5.4984,39.1871],[-5.5303,39.2014],[-5.5776,39.1934],[-5.6082,39.184],[-5.5764,39.1261],[-5.6329,39.0961],[-5.7088,39.0947],[-5.7379,39.1169],[-5.7714,39.1301],[-5.9999,39.0613],[-6.0237,39.118],[-6.0579,39.0975],[-6.1191,39.049],[-6.1475,39.0344],[-6.2409,39.0918],[-6.3118,39.1114],[-6.3156,39.1475],[-6.3273,39.181],[-6.2571,39.2301],[-6.1946,39.2363],[-6.1106,39.2706],[-6.0793,39.2785],[-6.0012,39.2772],[-5.9656,39.2965],[-5.9499,39.3677],[-5.9255,39.3882],[-5.8974,39.3968],[-5.8613,39.372],[-5.8377,39.3937],[-5.7719,39.5008],[-5.7862,39.5315],[-5.8286,39.5778],[-5.8402,39.6478],[-5.9451,39.6652],[-5.9079,39.6942],[-5.886,39.7203],[-5.8769,39.7506],[-5.8629,39.7734],[-5.7657,39.7739],[-5.7324,39.7683],[-5.5219,39.7159],[-5.448,39.7379],[-5.4179,39.7251],[-5.3359,39.66],[-5.2992,39.6673],[-5.2594,39.6842],[-5.2497,39.7541],[-5.1777,39.7932],[-5.1559,39.7673],[-5.145,39.7354],[-5.1407,39.7056],[-5.1528,39.6712],[-5.1549,39.6415]]]}},{"type":"Feature","properties":{"code":"ES202","name":"Noroeste de A Coruia"},"geometry":{"type":"Polygon","coordinates":[[[-7.6889,43.7384],[-7.706,43.7121],[-7.741,43.5895],[-7.747,43.5463],[-7.7825,43.5589],[-7.8835,43.575],[-7.9122,43.5728],[-7.9687,43.5447],[-7.9888,43.4786],[-8.0866,43.4727],[-8.0993,43.4443],[-8.1048,43.4164],[-8.1058,43.3893],[-8.0952,43.3555],[-8.0932,43.3219],[-8.1262,43.276],[-8.126,43.2474],[-8.0932,43.1787],[-8.1844,43.1345],[-8.2145,43.1257],[-8.4238,43.1548],[-8.4523,43.1504],[-8.4765,43.1206],[-8.5091,43.1063],[-8.5622,43.136],[-8.5967,43.1323],[-8.6957,43.0962],[-8.7317,43.0956],[-8.8425,43.109],[-8.8556,43.1447],[-8.9579,43.1733],[-8.9952,43.1806],[-9.0656,43.1853],[-9.0407,43.2082],[-8.9743,43.2217],[-8.9425,43.2335],[-8.954,43.2636],[-8.9562,43.2904],[-8.9204,43.314],[-8.8845,43.3218],[-8.7972,43.3223],[-8.7166,43.291],[-8.6856,43.2934],[-8.5352,43.3216],[-8.4969,43.3365],[-8.4705,43.357],[-8.437,43.3723],[-8.4042,43.3552],[-8.3683,43.3517],[-8.3143,43.3955],[-8.2872,43.3896],[-8.2161,43.3361],[-8.2134,43.3739],[-8.221,43.4194],[-8.3064,43.4399],[-8.3199,43.4833],[-8.3088,43.5329],[-8.0129,43.698],[-7.8681,43.7551],[-7.8326,43.7487],[-7.7973,43.7356],[-7.7219,43.7338],[-7.6889,43.7384]]]}},{"type":"Feature","properties":{"code":"ES203","name":"Oeste de A Coruia"},"geometry":{"type":"Polygon","coordinates":[[[-9.0656,43.1853],[-8.9952,43.1806],[-8.8556,43.1447],[-8.8425,43.109],[-8.8719,43.0838],[-8.9031,43.048],[-8.9099,43.0139],[-8.8883,42.9241],[-8.9049,42.9007],[-8.9982,42.8855],[-9.1074,42.7633],[-9.1177,42.7958],[-9.1256,42.8671],[-9.1397,42.9045],[-9.2609,42.9255],[-9.2885,42.9417],[-9.2643,43.0403],[-9.2033,43.1468],[-9.1332,43.1903],[-9.0973,43.1949],[-9.0656,43.1853]]]}},{"type":"Feature","properties":{"code":"ES204","name":"Interior de A Coru"},"geometry":{"type":"Polygon","coordinates":[[[-7.747,43.5463],[-7.7518,43.5008],[-7.8087,43.4201],[-7.8303,43.4007],[-7.8714,43.4005],[-7.8885,43.3579],[-7.8925,43.3286],[-7.9566,43.1978],[-7.9563,43.1585],[-7.9472,43.0973],[-7.9379,43.0565],[-7.9122,43.0],[-7.9127,42.9641],[-7.9434,42.8958],[-8.0064,42.8491],[-8.141,42.8445],[-8.1744,42.856],[-8.2068,42.8485],[-8.4233,42.7489],[-8.5443,42.7428],[-8.5781,42.7362],[-8.586,42.7655],[-8.6194,42.7862],[-8.7232,42.8337],[-8.7514,42.8398],[-8.7878,42.8365],[-8.8797,42.8828],[-8.9049,42.9007],[-8.8883,42.9241],[-8.9099,43.0139],[-8.9031,43.048],[-8.8719,43.0838],[-8.8425,43.109],[-8.7317,43.0956],[-8.6957,43.0962],[-8.5967,43.1323],[-8.5622,43.136],[-8.5091,43.1063],[-8.4765,43.1206],[-8.4523,43.1504],[-8.4238,43.1548],[-8.2145,43.1257],[-8.1239,43.1609],[-8.0932,43.1787],[-8.126,43.2474],[-8.1262,43.276],[-8.0932,43.3219],[-8.0952,43.3555],[-8.1058,43.3893],[-8.1048,43.4164],[-8.0993,43.4443],[-8.0866,43.4727],[-7.9888,43.4786],[-7.9687,43.5447],[-7.9122,43.5728],[-7.8835,43.575],[-7.7825,43.5589],[-7.747,43.5463]]]}},{"type":"Feature","properties":{"code":"ES205","name":"Suroeste de A Coruia"},"geometry":{"type":"Polygon","coordinates":[[[-8.5781,42.7362],[-8.6122,42.714],[-8.7041,42.6925],[-8.734,42.6779],[-8.7534,42.6432],[-8.8165,42.6463],[-8.8564,42.6573],[-8.9403,42.6035],[-9.009,42.5353],[-9.035,42.5309],[-9.0701,42.5805],[-9.0615,42.6139],[-8.9975,42.7443],[-9.0017,42.7737],[-9.1074,42.7633],[-8.9982,42.8855],[-8.9049,42.9007],[-8.8797,42.8828],[-8.7878,42.8365],[-8.7514,42.8398],[-8.7232,42.8337],[-8.6194,42.7862],[-8.586,42.7655],[-8.5781,42.7362]]]}},{"type":"Feature","properties":{"code":"ES206","name":"A Mari"},"geometry":{"type":"Polygon","coordinates":[[[-7.0268,43.5449],[-7.0408,43.5167],[-7.0413,43.4756],[-7.1413,43.4192],[-7.1674,43.3888],[-7.1157,43.3294],[-7.0989,43.2984],[-7.1674,43.2691],[-7.2155,43.2596],[-7.2509,43.2854],[-7.2552,43.3144],[-7.2517,43.3514],[-7.2594,43.3881],[-7.3946,43.3838],[-7.4308,43.392],[-7.4408,43.429],[-7.4558,43.4573],[-7.5275,43.4633],[-7.5619,43.4707],[-7.5535,43.5094],[-7.5927,43.5203],[-7.7063,43.527],[-7.747,43.5463],[-7.741,43.5895],[-7.706,43.7121],[-7.6889,43.7384],[-7.5336,43.7276],[-7.3983,43.6841],[-7.354,43.6647],[-7.305,43.6088],[-7.2667,43.5826],[-7.2318,43.5667],[-7.0268,43.5449]]]}},{"type":"Feature","properties":{"code":"ES207","name":"Centro de Lugo"},"geometry":{"type":"Polygon","coordinates":[[[-7.2155,43.2596],[-7.2472,43.2048],[-7.2398,43.1782],[-7.2416,43.1494],[-7.2819,43.1006],[-7.2836,43.0621],[-7.2588,42.995],[-7.2549,42.9538],[-7.3439,42.9192],[-7.3448,42.8927],[-7.326,42.8549],[-7.2601,42.842],[-7.2333,42.83],[-7.2552,42.7957],[-7.3529,42.76],[-7.4003,42.7086],[-7.4294,42.7035],[-7.4628,42.6868],[-7.5154,42.6874],[-7.5727,42.6714],[-7.6595,42.7356],[-7.6799,42.7636],[-7.7034,42.7847],[-7.7364,42.7848],[-7.7676,42.7764],[-7.8033,42.7301],[-7.8676,42.7108],[-7.8921,42.727],[-7.9286,42.7399],[-8.0064,42.8491],[-7.9434,42.8958],[-7.9127,42.9641],[-7.9122,43.0],[-7.9379,43.0565],[-7.9472,43.0973],[-7.9563,43.1585],[-7.9566,43.1978],[-7.8925,43.3286],[-7.8885,43.3579],[-7.8714,43.4005],[-7.8303,43.4007],[-7.8087,43.4201],[-7.7518,43.5008],[-7.747,43.5463],[-7.7063,43.527],[-7.5927,43.5203],[-7.5535,43.5094],[-7.5619,43.4707],[-7.5275,43.4633],[-7.4558,43.4573],[-7.4408,43.429],[-7.4308,43.392],[-7.3946,43.3838],[-7.2594,43.3881],[-7.2517,43.3514],[-7.2552,43.3144],[-7.2509,43.2854],[-7.2155,43.2596]]]}},{"type":"Feature","properties":{"code":"ES208","name":"Monta3a de Lugo"},"geometry":{"type":"Polygon","coordinates":[[[-6.8341,42.9083],[-6.8626,42.8678],[-6.8481,42.8277],[-6.8923,42.7724],[-6.9305,42.7466],[-7.0362,42.698],[-7.0423,42.6663],[-7.0367,42.611],[-7.0411,42.5754],[-7.0628,42.5579],[-7.092,42.592],[-7.1386,42.5808],[-7.2111,42.5434],[-7.243,42.5352],[-7.3209,42.6253],[-7.4426,42.6668],[-7.4628,42.6868],[-7.4294,42.7035],[-7.4003,42.7086],[-7.3529,42.76],[-7.2552,42.7957],[-7.2333,42.83],[-7.2601,42.842],[-7.326,42.8549],[-7.3448,42.8927],[-7.3439,42.9192],[-7.2549,42.9538],[-7.2588,42.995],[-7.2836,43.0621],[-7.2819,43.1006],[-7.2416,43.1494],[-7.2398,43.1782],[-7.2472,43.2048],[-7.2155,43.2596],[-7.1674,43.2691],[-7.0989,43.2984],[-7.0785,43.2804],[-7.0678,43.2549],[-7.0463,43.2369],[-6.9712,43.1901],[-6.8832,43.1799],[-6.855,43.1578],[-6.8419,43.1215],[-6.9439,43.0783],[-6.9687,43.0541],[-6.9824,43.0193],[-6.8711,42.9821],[-6.8449,42.9465],[-6.8341,42.9083]]]}},{"type":"Feature","properties":{"code":"ES209","name":"Sur de Lugo"},"geometry":{"type":"Polygon","coordinates":[[[-7.4628,42.6868],[-7.4426,42.6668],[-7.3209,42.6253],[-7.243,42.5352],[-7.2111,42.5434],[-7.1386,42.5808],[-7.092,42.592],[-7.0628,42.5579],[-7.0695,42.5188],[-7.1446,42.4398],[-7.1827,42.3644],[-7.2026,42.342],[-7.2648,42.409],[-7.2916,42.4176],[-7.3811,42.4315],[-7.5207,42.386],[-7.6254,42.3831],[-7.6521,42.4052],[-7.7091,42.44],[-7.7446,42.4466],[-7.7757,42.4709],[-7.8481,42.4994],[-7.8856,42.5228],[-7.9064,42.5482],[-7.9357,42.5708],[-7.8676,42.7108],[-7.8033,42.7301],[-7.7676,42.7764],[-7.7364,42.7848],[-7.7034,42.7847],[-7.6799,42.7636],[-7.6595,42.7356],[-7.5727,42.6714],[-7.5154,42.6874],[-7.4628,42.6868]]]}},{"type":"Feature","properties":{"code":"ES210","name":"Noroeste de Ourense"},"geometry":{"type":"Polygon","coordinates":[[[-7.7446,42.4466],[-7.8354,42.3746],[-7.8637,42.3878],[-7.9012,42.3923],[-8.0228,42.3858],[-8.1819,42.3946],[-8.2105,42.3857],[-8.2362,42.3499],[-8.2569,42.3096],[-8.2889,42.327],[-8.3397,42.4494],[-8.34,42.4823],[-8.2945,42.4945],[-8.1979,42.5558],[-8.1638,42.5693],[-8.0457,42.5474],[-8.0002,42.5486],[-7.9357,42.5708],[-7.9064,42.5482],[-7.8856,42.5228],[-7.8481,42.4994],[-7.7757,42.4709],[-7.7446,42.4466]]]}},{"type":"Feature","properties":{"code":"ES211","name":"Mi3o de Ourense"},"geometry":{"type":"Polygon","coordinates":[[[-7.6254,42.3831],[-7.744,42.3061],[-7.7725,42.2999],[-7.797,42.2856],[-7.8117,42.2468],[-7.8392,42.2254],[-7.8999,42.2536],[-7.9306,42.2559],[-7.9663,42.2443],[-8.0186,42.1948],[-8.1088,42.2236],[-8.111,42.0738],[-8.1423,42.0756],[-8.1742,42.0679],[-8.1884,42.0989],[-8.1968,42.1426],[-8.2149,42.1842],[-8.2223,42.2246],[-8.2569,42.3096],[-8.2362,42.3499],[-8.2105,42.3857],[-8.1819,42.3946],[-8.0228,42.3858],[-7.9012,42.3923],[-7.8637,42.3878],[-7.8354,42.3746],[-7.7446,42.4466],[-7.7091,42.44],[-7.6521,42.4052],[-7.6254,42.3831]]]}},{"type":"Feature","properties":{"code":"ES212","name":"Sur de Ourense"},"geometry":{"type":"Polygon","coordinates":[[[-7.1921,41.9202],[-7.1935,41.8872],[-7.2177,41.8728],[-7.2772,41.8491],[-7.3202,41.8429],[-7.3977,41.8413],[-7.4291,41.8544],[-7.464,41.861],[-7.5664,41.8313],[-7.5983,41.8437],[-7.6877,41.8973],[-7.7128,41.9054],[-7.8533,41.8801],[-7.9552,41.8733],[-7.9852,41.8664],[-8.0297,41.8206],[-8.0669,41.8159],[-8.107,41.8195],[-8.1369,41.8381],[-8.2066,41.9079],[-8.1879,41.9421],[-8.0925,42.0425],[-8.111,42.0738],[-8.1088,42.2236],[-8.0186,42.1948],[-7.9663,42.2443],[-7.9306,42.2559],[-7.8999,42.2536],[-7.8392,42.2254],[-7.8117,42.2468],[-7.797,42.2856],[-7.7725,42.2999],[-7.744,42.3061],[-7.7183,42.2867],[-7.5641,42.2045],[-7.4528,42.1922],[-7.4313,42.1774],[-7.3735,42.1206],[-7.3037,42.0934],[-7.3141,42.0554],[-7.344,41.9812],[-7.3472,41.9494],[-7.3151,41.9338],[-7.2847,41.9255],[-7.2588,41.9386],[-7.2322,41.9438],[-7.1921,41.9202]]]}},{"type":"Feature","properties":{"code":"ES213","name":"Monta4a de Ourense"},"geometry":{"type":"Polygon","coordinates":[[[-7.2026,42.342],[-7.1622,42.3412],[-7.0943,42.3564],[-6.994,42.3579],[-6.9631,42.3662],[-6.9225,42.4215],[-6.8217,42.4083],[-6.7949,42.3897],[-6.7698,42.3821],[-6.7616,42.3479],[-6.7451,42.3078],[-6.7751,42.2516],[-6.8034,42.2454],[-6.8803,42.216],[-6.9801,42.129],[-7.0022,42.0785],[-6.9999,42.0469],[-6.971,42.0226],[-6.9758,41.9708],[-7.0847,41.9562],[-7.117,41.9755],[-7.1463,41.9802],[-7.1644,41.9457],[-7.1921,41.9202],[-7.2322,41.9438],[-7.2588,41.9386],[-7.2847,41.9255],[-7.3151,41.9338],[-7.3472,41.9494],[-7.344,41.9812],[-7.3141,42.0554],[-7.3037,42.0934],[-7.3735,42.1206],[-7.4313,42.1774],[-7.4528,42.1922],[-7.5641,42.2045],[-7.7183,42.2867],[-7.744,42.3061],[-7.6254,42.3831],[-7.5207,42.386],[-7.3811,42.4315],[-7.2916,42.4176],[-7.2648,42.409],[-7.2026,42.342]]]}},{"type":"Feature","properties":{"code":"ES214","name":"Valdeorras"},"geometry":{"type":"Polygon","coordinates":[[[-6.8217,42.4083],[-6.9225,42.4215],[-6.9631,42.3662],[-6.994,42.3579],[-7.0943,42.3564],[-7.1622,42.3412],[-7.2026,42.342],[-7.1827,42.3644],[-7.1446,42.4398],[-7.0695,42.5188],[-7.0294,42.5109],[-6.9534,42.5165],[-6.914,42.5139],[-6.8447,42.484],[-6.8159,42.4587],[-6.8217,42.4083]]]}},{"type":"Feature","properties":{"code":"ES215","name":"Rias Baixas"},"geometry":{"type":"Polygon","coordinates":[[[-8.4759,42.2916],[-8.5523,42.2494],[-8.5757,42.2169],[-8.5856,42.1857],[-8.6072,42.1704],[-8.6841,42.14],[-8.6946,42.0877],[-8.785,42.0656],[-8.7968,42.0265],[-8.802,41.9891],[-8.8153,41.9637],[-8.8902,41.9601],[-8.8879,41.9981],[-8.8946,42.0734],[-8.8893,42.1156],[-8.8552,42.1337],[-8.8183,42.1617],[-8.7782,42.2185],[-8.8076,42.2404],[-8.8448,42.2596],[-8.8245,42.2853],[-8.7645,42.3322],[-8.7579,42.367],[-8.7673,42.3953],[-8.8557,42.4112],[-8.8783,42.4432],[-8.8589,42.4719],[-8.8266,42.4955],[-8.8212,42.559],[-8.7637,42.6061],[-8.7534,42.6432],[-8.734,42.6779],[-8.7041,42.6925],[-8.6122,42.714],[-8.6003,42.5113],[-8.5581,42.4352],[-8.5007,42.4254],[-8.4731,42.4087],[-8.4472,42.3758],[-8.4759,42.2916]]]}},{"type":"Feature","properties":{"code":"ES216","name":"Interior de Pontevedra"},"geometry":{"type":"Polygon","coordinates":[[[-8.0064,42.8491],[-7.9286,42.7399],[-7.8921,42.727],[-7.8676,42.7108],[-7.9185,42.6044],[-7.9357,42.5708],[-8.0002,42.5486],[-8.0457,42.5474],[-8.1638,42.5693],[-8.1979,42.5558],[-8.2945,42.4945],[-8.34,42.4823],[-8.3397,42.4494],[-8.2889,42.327],[-8.2569,42.3096],[-8.2223,42.2246],[-8.2149,42.1842],[-8.2459,42.1716],[-8.3447,42.1518],[-8.3714,42.1692],[-8.3962,42.1945],[-8.406,42.2938],[-8.4759,42.2916],[-8.4472,42.3758],[-8.4731,42.4087],[-8.5007,42.4254],[-8.5581,42.4352],[-8.6003,42.5113],[-8.6122,42.714],[-8.5781,42.7362],[-8.5443,42.7428],[-8.4233,42.7489],[-8.2068,42.8485],[-8.1744,42.856],[-8.141,42.8445],[-8.0064,42.8491]]]}},{"type":"Feature","properties":{"code":"ES217","name":"Mi3o de Pontevedra"},"geometry":{"type":"Polygon","coordinates":[[[-8.2149,42.1842],[-8.1968,42.1426],[-8.2238,42.1404],[-8.3234,42.0878],[-8.3684,42.0822],[-8.5151,42.0772],[-8.6236,42.0509],[-8.7565,41.9374],[-8.857,41.8926],[-8.8807,41.8687],[-8.8902,41.9601],[-8.8153,41.9637],[-8.802,41.9891],[-8.7968,42.0265],[-8.785,42.0656],[-8.6946,42.0877],[-8.6841,42.14],[-8.6072,42.1704],[-8.5856,42.1857],[-8.5757,42.2169],[-8.5523,42.2494],[-8.4759,42.2916],[-8.406,42.2938],[-8.3962,42.1945],[-8.3714,42.1692],[-8.3447,42.1518],[-8.2459,42.1716],[-8.2149,42.1842]]]}},{"type":"Feature","properties":{"code":"ES218","name":"Sierra de Madrid"},"geometry":{"type":"Polygon","coordinates":[[[-3.4332,40.8789],[-3.4643,40.8643],[-3.4609,40.8219],[-3.4414,40.755],[-3.4404,40.7223],[-3.4614,40.6892],[-3.6183,40.6218],[-3.6619,40.6276],[-3.6954,40.6378],[-3.7241,40.6355],[-3.7506,40.6083],[-3.8587,40.5801],[-3.8921,40.5653],[-3.916,40.5362],[-3.9496,40.5109],[-3.9916,40.5071],[-4.031,40.4605],[-4.0644,40.4512],[-4.1549,40.4647],[-4.316,40.4202],[-4.3293,40.5181],[-4.2756,40.5963],[-4.1727,40.6199],[-4.1557,40.6942],[-4.0869,40.7735],[-4.0587,40.7937],[-4.0135,40.7968],[-3.9762,40.8107],[-3.9627,40.8576],[-3.9418,40.9064],[-3.8881,40.9682],[-3.7791,41.0028],[-3.6296,41.1342],[-3.6043,41.1503],[-3.533,41.1639],[-3.5152,41.1371],[-3.4197,41.0312],[-3.4045,41.0011],[-3.4378,40.9375],[-3.4332,40.8789]]]}},{"type":"Feature","properties":{"code":"ES219","name":"Metropolitana y Henares"},"geometry":{"type":"Polygon","coordinates":[[[-3.2072,40.4364],[-3.2635,40.4027],[-3.2833,40.363],[-3.2956,40.3247],[-3.337,40.2837],[-3.3734,40.2695],[-3.4741,40.2573],[-3.5425,40.2917],[-3.6125,40.2938],[-3.6564,40.2892],[-3.741,40.2551],[-3.7682,40.2503],[-3.8183,40.2775],[-3.9248,40.2947],[-3.9412,40.3232],[-3.9473,40.3586],[-3.9421,40.4722],[-3.9496,40.5109],[-3.916,40.5362],[-3.8921,40.5653],[-3.8587,40.5801],[-3.7506,40.6083],[-3.7241,40.6355],[-3.6954,40.6378],[-3.6619,40.6276],[-3.6183,40.6218],[-3.4614,40.6892],[-3.3468,40.6391],[-3.3325,40.6064],[-3.306,40.5811],[-3.2087,40.5191],[-3.2072,40.4364]]]}},{"type":"Feature","properties":{"code":"ES220","name":"Sur, Vegas y Oeste"},"geometry":{"type":"Polygon","coordinates":[[[-3.2072,40.4364],[-3.173,40.4275],[-3.1392,40.3981],[-3.1712,40.3148],[-3.1092,40.2768],[-3.0587,40.1202],[-3.0648,40.0947],[-3.1559,40.066],[-3.482,40.0446],[-3.5242,40.0375],[-3.8092,39.8844],[-3.8291,39.9049],[-3.8456,39.9353],[-3.8199,39.9511],[-3.7384,39.9847],[-3.6202,40.0558],[-3.6133,40.082],[-3.6124,40.1103],[-3.791,40.1718],[-3.9683,40.2047],[-4.0071,40.2193],[-4.0613,40.2571],[-4.113,40.243],[-4.2192,40.2669],[-4.252,40.2661],[-4.2771,40.2388],[-4.3024,40.2205],[-4.3369,40.2321],[-4.3603,40.303],[-4.4529,40.2302],[-4.5302,40.203],[-4.5703,40.2157],[-4.5571,40.2496],[-4.5352,40.2825],[-4.5366,40.3107],[-4.5477,40.335],[-4.5123,40.333],[-4.4781,40.3247],[-4.4478,40.3361],[-4.4197,40.3983],[-4.3807,40.4127],[-4.316,40.4202],[-4.1549,40.4647],[-4.0644,40.4512],[-4.031,40.4605],[-3.9916,40.5071],[-3.9496,40.5109],[-3.9421,40.4722],[-3.9473,40.3586],[-3.9412,40.3232],[-3.9248,40.2947],[-3.8183,40.2775],[-3.7682,40.2503],[-3.741,40.2551],[-3.6564,40.2892],[-3.6125,40.2938],[-3.5425,40.2917],[-3.4741,40.2573],[-3.3734,40.2695],[-3.337,40.2837],[-3.2956,40.3247],[-3.2833,40.363],[-3.2635,40.4027],[-3.2072,40.4364]]]}},{"type":"Feature","properties":{"code":"ES221","name":"Altiplano de Murcia"},"geometry":{"type":"Polygon","coordinates":[[[-1.0142,38.6505],[-1.003,38.5625],[-1.0092,38.5246],[-1.0223,38.4893],[-1.0692,38.4509],[-1.0832,38.3929],[-1.0782,38.3416],[-1.1197,38.3279],[-1.1762,38.2998],[-1.2043,38.293],[-1.2419,38.3137],[-1.2772,38.3168],[-1.3105,38.3135],[-1.3487,38.3245],[-1.4685,38.3717],[-1.4808,38.4224],[-1.4853,38.5158],[-1.4801,38.5787],[-1.4419,38.6539],[-1.4192,38.6745],[-1.3949,38.6883],[-1.366,38.6814],[-1.329,38.6863],[-1.2729,38.7228],[-1.233,38.7388],[-1.2034,38.7481],[-1.1738,38.7481],[-1.0142,38.6505]]]}},{"type":"Feature","properties":{"code":"ES222","name":"Noroeste de Murcia"},"geometry":{"type":"Polygon","coordinates":[[[-1.5839,38.3126],[-1.5868,38.2872],[-1.5789,38.2212],[-1.6259,38.17],[-1.6282,38.136],[-1.6151,38.0556],[-1.6962,37.9819],[-1.7226,37.9427],[-1.7889,37.9615],[-1.832,37.9631],[-1.9412,37.89],[-1.9857,37.8668],[-2.2019,37.9157],[-2.2368,37.9398],[-2.3337,38.0231],[-2.3166,38.0524],[-2.2525,38.1289],[-2.2148,38.1939],[-2.1074,38.2449],[-2.0824,38.2746],[-2.0535,38.2948],[-1.9927,38.2826],[-1.9524,38.2909],[-1.8186,38.3397],[-1.8018,38.3655],[-1.7122,38.3733],[-1.662,38.3146],[-1.6197,38.3099],[-1.5839,38.3126]]]}},{"type":"Feature","properties":{"code":"ES223","name":"Vega del Segura"},"geometry":{"type":"Polygon","coordinates":[[[-1.0782,38.3416],[-0.9937,38.3211],[-0.9813,38.2955],[-0.9741,38.2517],[-1.0239,38.1591],[-1.0349,38.1292],[-1.0162,38.0669],[-0.9411,37.9699],[-0.8823,37.9093],[-0.8603,37.8785],[-0.8994,37.8522],[-0.9433,37.8296],[-1.0165,37.8146],[-1.055,37.7999],[-1.1353,37.7546],[-1.159,37.7736],[-1.1817,37.8038],[-1.2179,37.825],[-1.2765,37.8489],[-1.3551,37.8668],[-1.3868,37.8888],[-1.4221,37.9029],[-1.5148,37.8875],[-1.6038,37.8897],[-1.6323,37.8724],[-1.6586,37.865],[-1.7226,37.9427],[-1.6962,37.9819],[-1.6151,38.0556],[-1.6282,38.136],[-1.6259,38.17],[-1.5789,38.2212],[-1.5868,38.2872],[-1.5839,38.3126],[-1.4993,38.3632],[-1.4685,38.3717],[-1.3487,38.3245],[-1.3105,38.3135],[-1.2772,38.3168],[-1.2419,38.3137],[-1.2043,38.293],[-1.1762,38.2998],[-1.1197,38.3279],[-1.0782,38.3416]]]}},{"type":"Feature","properties":{"code":"ES224","name":"Valle del Guadalent"},"geometry":{"type":"Polygon","coordinates":[[[-1.7226,37.9427],[-1.6586,37.865],[-1.6323,37.8724],[-1.6038,37.8897],[-1.5148,37.8875],[-1.4221,37.9029],[-1.3868,37.8888],[-1.3551,37.8668],[-1.2765,37.8489],[-1.2721,37.82],[-1.2823,37.7374],[-1.3584,37.7231],[-1.4563,37.6815],[-1.4537,37.5561],[-1.4208,37.5336],[-1.4038,37.5073],[-1.5119,37.4358],[-1.5884,37.3957],[-1.643,37.377],[-1.7035,37.4208],[-1.7426,37.4386],[-1.821,37.4282],[-2.0118,37.6718],[-2.0066,37.78],[-1.9937,37.8151],[-1.9857,37.8668],[-1.9412,37.89],[-1.832,37.9631],[-1.7889,37.9615],[-1.7226,37.9427]]]}},{"type":"Feature","properties":{"code":"ES225","name":"Campo de Cartagena y Mazarran"},"geometry":{"type":"Polygon","coordinates":[[[-0.7538,37.8642],[-0.7645,37.8101],[-0.8409,37.7386],[-0.8519,37.7132],[-0.7383,37.6023],[-0.9021,37.5583],[-0.9485,37.5594],[-1.0638,37.5815],[-1.0935,37.5714],[-1.1203,37.5555],[-1.1922,37.5702],[-1.3176,37.5624],[-1.3696,37.5336],[-1.4038,37.5073],[-1.4208,37.5336],[-1.4537,37.5561],[-1.4563,37.6815],[-1.3584,37.7231],[-1.2823,37.7374],[-1.2721,37.82],[-1.2765,37.8489],[-1.2179,37.825],[-1.1817,37.8038],[-1.159,37.7736],[-1.1353,37.7546],[-1.055,37.7999],[-1.0165,37.8146],[-0.9433,37.8296],[-0.8603,37.8785],[-0.8328,37.8738],[-0.7821,37.8541],[-0.7538,37.8642]]]}},{"type":"Feature","properties":{"code":"ES226","name":"Vertiente cantibrica de Navarra"},"geometry":{"type":"Polygon","coordinates":[[[-1.452,43.0552],[-1.5497,43.0398],[-1.6633,43.0566],[-1.7902,43.0557],[-1.94,43.0946],[-1.9375,43.1248],[-1.9189,43.1781],[-1.9037,43.2062],[-1.7867,43.2523],[-1.7228,43.2972],[-1.6794,43.3105],[-1.6372,43.3098],[-1.5142,43.2929],[-1.3918,43.2553],[-1.3909,43.1791],[-1.4436,43.1214],[-1.464,43.0867],[-1.452,43.0552]]]}},{"type":"Feature","properties":{"code":"ES227","name":"Centro de Navarra"},"geometry":{"type":"Polygon","coordinates":[[[-1.5497,43.0398],[-1.5602,43.0141],[-1.5908,42.8533],[-1.561,42.8523],[-1.5051,42.8744],[-1.4737,42.8772],[-1.4168,42.8473],[-1.3779,42.8338],[-1.2842,42.8125],[-1.261,42.8316],[-1.2403,42.8594],[-1.2066,42.854],[-1.1685,42.8375],[-1.15,42.8114],[-1.138,42.7823],[-1.1035,42.7682],[-1.0614,42.7593],[-1.0431,42.734],[-1.0321,42.7018],[-1.0343,42.6716],[-1.0492,42.6474],[-1.1168,42.647],[-1.1501,42.6375],[-1.1648,42.6016],[-1.262,42.4931],[-1.3286,42.434],[-1.3368,42.3974],[-1.3363,42.353],[-1.3677,42.3193],[-1.4064,42.298],[-1.5019,42.3379],[-1.5339,42.3254],[-1.5656,42.3446],[-1.6088,42.3897],[-1.6341,42.4033],[-1.6705,42.39],[-1.7068,42.3925],[-1.8005,42.5152],[-1.8252,42.5254],[-1.8523,42.5293],[-1.8863,42.5144],[-1.9197,42.5064],[-2.0145,42.5438],[-2.0441,42.5601],[-2.0854,42.6092],[-2.2193,42.576],[-2.26,42.576],[-2.4032,42.5869],[-2.497,42.6173],[-2.4263,42.6561],[-2.3986,42.6547],[-2.3729,42.644],[-2.3426,42.64],[-2.2873,42.7208],[-2.272,42.7507],[-2.255,42.8661],[-2.2564,42.8975],[-2.2356,42.9152],[-2.2153,42.9423],[-2.1871,42.9472],[-2.1077,42.9463],[-2.068,42.9656],[-2.0364,42.9907],[-2.0286,43.0328],[-2.0134,43.0684],[-1.94,43.0946],[-1.7902,43.0557],[-1.6633,43.0566],[-1.5497,43.0398]]]}},{"type":"Feature","properties":{"code":"ES228","name":"Pirineo navarro"},"geometry":{"type":"Polygon","coordinates":[[[-0.7813,42.9339],[-0.797,42.9069],[-0.8521,42.8509],[-0.8542,42.7797],[-0.9075,42.7396],[-1.0059,42.7044],[-1.0321,42.7018],[-1.0431,42.734],[-1.0614,42.7593],[-1.1035,42.7682],[-1.138,42.7823],[-1.15,42.8114],[-1.1685,42.8375],[-1.2066,42.854],[-1.2403,42.8594],[-1.261,42.8316],[-1.2842,42.8125],[-1.3779,42.8338],[-1.4168,42.8473],[-1.4737,42.8772],[-1.5051,42.8744],[-1.561,42.8523],[-1.5908,42.8533],[-1.5602,43.0141],[-1.5497,43.0398],[-1.452,43.0552],[-1.3654,43.0303],[-1.3355,43.0889],[-1.2537,43.0451],[-1.1404,43.0097],[-1.0158,42.9911],[-0.9529,42.9573],[-0.9197,42.9523],[-0.818,42.9507],[-0.7813,42.9339]]]}},{"type":"Feature","properties":{"code":"ES229","name":"Ribera del Ebro de Navarra"},"geometry":{"type":"Polygon","coordinates":[[[-1.4064,42.298],[-1.4047,42.2653],[-1.414,42.23],[-1.4032,42.1494],[-1.39,42.1176],[-1.3341,42.0682],[-1.3148,42.0361],[-1.3565,41.9785],[-1.3704,41.946],[-1.3957,41.9356],[-1.4165,41.9169],[-1.4546,41.915],[-1.5861,41.926],[-1.7456,41.9865],[-1.8533,42.0123],[-1.9151,42.0608],[-1.8928,42.076],[-1.8271,42.1469],[-1.7969,42.1518],[-1.7313,42.1492],[-1.6979,42.1593],[-1.7068,42.2015],[-1.7432,42.214],[-1.7772,42.2188],[-1.8133,42.2325],[-1.9333,42.3273],[-1.9686,42.3469],[-2.0073,42.362],[-2.0484,42.3515],[-2.0817,42.3565],[-2.1132,42.3958],[-2.1419,42.4225],[-2.4264,42.4884],[-2.4122,42.5248],[-2.4038,42.5611],[-2.4032,42.5869],[-2.2193,42.576],[-2.0854,42.6092],[-2.0441,42.5601],[-2.0145,42.5438],[-1.9197,42.5064],[-1.8863,42.5144],[-1.8523,42.5293],[-1.8252,42.5254],[-1.8005,42.5152],[-1.7068,42.3925],[-1.6705,42.39],[-1.6341,42.4033],[-1.6088,42.3897],[-1.5656,42.3446],[-1.5339,42.3254],[-1.5019,42.3379],[-1.4064,42.298]]]}},{"type":"Feature","properties":{"code":"ES230","name":"Cuenca del Nervirn"},"geometry":{"type":"Polygon","coordinates":[[[-2.5362,43.0896],[-2.5437,43.0557],[-2.5408,43.0241],[-2.5888,42.979],[-2.6976,42.9083],[-2.7328,42.9056],[-2.8641,42.9148],[-2.958,42.9333],[-2.9907,42.9353],[-3.0161,42.9651],[-3.0434,42.9838],[-3.0959,43.0015],[-3.1343,43.005],[-3.1482,43.1623],[-3.034,43.1605],[-2.9699,43.1448],[-2.942,43.1246],[-2.9576,43.0976],[-2.9357,43.0747],[-2.9024,43.0514],[-2.8682,43.0425],[-2.7129,43.0239],[-2.6769,43.0331],[-2.6398,43.078],[-2.6006,43.0866],[-2.5362,43.0896]]]}},{"type":"Feature","properties":{"code":"ES231","name":"Llanada alavesa"},"geometry":{"type":"Polygon","coordinates":[[[-2.2564,42.8975],[-2.255,42.8661],[-2.272,42.7507],[-2.2873,42.7208],[-2.3426,42.64],[-2.3729,42.644],[-2.3986,42.6547],[-2.4263,42.6561],[-2.497,42.6173],[-2.5333,42.6362],[-2.5834,42.7051],[-2.5694,42.7328],[-2.5942,42.7505],[-2.7209,42.7904],[-2.8004,42.7911],[-2.8297,42.7734],[-2.8554,42.7504],[-2.8386,42.7293],[-2.7465,42.6654],[-2.7755,42.6547],[-2.8042,42.6362],[-2.8643,42.6406],[-2.8861,42.6722],[-2.913,42.6947],[-2.9944,42.7118],[-3.2329,42.835],[-3.2613,42.8577],[-3.2717,42.8886],[-3.227,42.9405],[-3.194,42.9346],[-3.1198,42.9035],[-3.0266,42.9092],[-2.9907,42.9353],[-2.8373,42.9121],[-2.7328,42.9056],[-2.6976,42.9083],[-2.5888,42.979],[-2.5566,42.9702],[-2.3708,42.9469],[-2.2564,42.8975]]]}},{"type":"Feature","properties":{"code":"ES232","name":"Rioja alavesa"},"geometry":{"type":"Polygon","coordinates":[[[-2.5333,42.6362],[-2.497,42.6173],[-2.4032,42.5869],[-2.4038,42.5611],[-2.4122,42.5248],[-2.4264,42.4884],[-2.6279,42.4843],[-2.6539,42.4883],[-2.6763,42.5105],[-2.6916,42.5964],[-2.7581,42.6128],[-2.8042,42.6362],[-2.7755,42.6547],[-2.7465,42.6654],[-2.5333,42.6362]]]}},{"type":"Feature","properties":{"code":"ES233","name":"Gipuzkoa litoral"},"geometry":{"type":"Polygon","coordinates":[[[-1.7228,43.2972],[-1.7867,43.2523],[-1.9037,43.2062],[-1.9189,43.1781],[-1.9512,43.1767],[-1.9815,43.1816],[-2.0168,43.1956],[-2.0569,43.2241],[-2.0916,43.236],[-2.1443,43.2032],[-2.1853,43.1977],[-2.2942,43.2131],[-2.3664,43.2625],[-2.4096,43.2673],[-2.4154,43.2935],[-2.4129,43.3319],[-2.3908,43.3172],[-2.1853,43.288],[-2.1535,43.2916],[-1.921,43.3357],[-1.8201,43.3721],[-1.8001,43.3891],[-1.7468,43.3174],[-1.7228,43.2972]]]}},{"type":"Feature","properties":{"code":"ES234","name":"Gipuzkoa interior"},"geometry":{"type":"Polygon","coordinates":[[[-1.9189,43.1781],[-1.9375,43.1248],[-1.94,43.0946],[-2.0134,43.0684],[-2.0286,43.0328],[-2.0364,42.9907],[-2.068,42.9656],[-2.1077,42.9463],[-2.1871,42.9472],[-2.2153,42.9423],[-2.2356,42.9152],[-2.2564,42.8975],[-2.3708,42.9469],[-2.5566,42.9702],[-2.5888,42.979],[-2.5408,43.0241],[-2.5437,43.0557],[-2.5362,43.0896],[-2.5051,43.0962],[-2.5022,43.1537],[-2.5075,43.2161],[-2.4637,43.2355],[-2.4096,43.2673],[-2.3664,43.2625],[-2.2942,43.2131],[-2.1853,43.1977],[-2.1443,43.2032],[-2.0916,43.236],[-2.0569,43.2241],[-2.0168,43.1956],[-1.9815,43.1816],[-1.9512,43.1767],[-1.9189,43.1781]]]}},{"type":"Feature","properties":{"code":"ES235","name":"Bizkaia litoral"},"geometry":{"type":"Polygon","coordinates":[[[-2.4129,43.3319],[-2.4154,43.2935],[-2.4096,43.2673],[-2.4637,43.2355],[-2.5075,43.2161],[-2.5474,43.2281],[-2.6694,43.2223],[-2.9722,43.2894],[-3.092,43.3301],[-3.1582,43.304],[-3.1401,43.3542],[-3.0392,43.3693],[-2.9537,43.4286],[-2.9194,43.434],[-2.7265,43.4254],[-2.5034,43.3662],[-2.4471,43.3384],[-2.4129,43.3319]]]}},{"type":"Feature","properties":{"code":"ES236","name":"Bizkaia interior"},"geometry":{"type":"Polygon","coordinates":[[[-2.5075,43.2161],[-2.5022,43.1537],[-2.5051,43.0962],[-2.5362,43.0896],[-2.6006,43.0866],[-2.6398,43.078],[-2.6769,43.0331],[-2.7129,43.0239],[-2.8682,43.0425],[-2.9024,43.0514],[-2.9357,43.0747],[-2.9576,43.0976],[-2.942,43.1246],[-2.9699,43.1448],[-3.034,43.1605],[-3.1482,43.1623],[-3.2524,43.1874],[-3.2868,43.1898],[-3.3915,43.144],[-3.4302,43.1347],[-3.4283,43.1679],[-3.439,43.2032],[-3.4381,43.2361],[-3.3045,43.2959],[-3.2318,43.299],[-3.1933,43.2935],[-3.092,43.3301],[-2.9722,43.2894],[-2.6694,43.2223],[-2.5474,43.2281],[-2.5075,43.2161]]]}},{"type":"Feature","properties":{"code":"ES237","name":"Ribera del Ebro de La Rioja"},"geometry":{"type":"Polygon","coordinates":[[[-2.9772,42.6423],[-2.8042,42.6362],[-2.7581,42.6128],[-2.6916,42.5964],[-2.6763,42.5105],[-2.6539,42.4883],[-2.6279,42.4843],[-2.4264,42.4884],[-2.1419,42.4225],[-2.1132,42.3958],[-2.0817,42.3565],[-2.0484,42.3515],[-2.0073,42.362],[-1.9686,42.3469],[-1.9333,42.3273],[-1.8133,42.2325],[-1.7772,42.2188],[-1.7432,42.214],[-1.7068,42.2015],[-1.6979,42.1593],[-1.7313,42.1492],[-1.7969,42.1518],[-1.8271,42.1469],[-1.8928,42.076],[-1.9151,42.0608],[-2.1234,42.1489],[-2.1501,42.1643],[-2.203,42.2365],[-2.2324,42.2619],[-2.2968,42.2863],[-2.3502,42.237],[-2.4523,42.2652],[-2.4815,42.2842],[-2.5,42.3234],[-2.5416,42.341],[-2.5769,42.3387],[-2.6089,42.3291],[-2.6484,42.3386],[-2.7639,42.3822],[-2.7955,42.3891],[-2.8762,42.3833],[-2.9656,42.4103],[-2.995,42.4032],[-3.0614,42.3714],[-3.0575,42.3968],[-3.0816,42.53],[-3.083,42.5711],[-3.0125,42.6362],[-2.9772,42.6423]]]}},{"type":"Feature","properties":{"code":"ES238","name":"Ib2rica riojana"},"geometry":{"type":"Polygon","coordinates":[[[-1.9151,42.0608],[-1.8533,42.0123],[-1.8518,41.9864],[-1.8571,41.9559],[-1.8957,41.9509],[-1.9585,41.9273],[-1.9878,41.9227],[-2.0385,41.9531],[-2.0793,41.9554],[-2.1116,41.9661],[-2.1317,42.075],[-2.1458,42.1026],[-2.2545,42.1066],[-2.2859,42.1121],[-2.3072,42.1346],[-2.353,42.1381],[-2.5022,42.1156],[-2.523,42.059],[-2.5677,42.0091],[-2.615,41.9961],[-2.684,42.0016],[-2.726,42.0188],[-2.7514,42.0385],[-2.7228,42.0768],[-2.7603,42.0995],[-2.7915,42.1079],[-2.7947,42.077],[-2.8088,42.0438],[-2.8774,42.0295],[-2.9142,42.0335],[-2.93,42.0728],[-2.9579,42.0813],[-3.0088,42.0839],[-3.0401,42.0924],[-3.1103,42.1791],[-3.123,42.2063],[-3.0959,42.2366],[-3.0938,42.27],[-3.1042,42.3203],[-3.0954,42.3538],[-2.995,42.4032],[-2.9656,42.4103],[-2.8762,42.3833],[-2.7955,42.3891],[-2.7639,42.3822],[-2.6484,42.3386],[-2.6089,42.3291],[-2.5769,42.3387],[-2.5416,42.341],[-2.5,42.3234],[-2.4815,42.2842],[-2.4523,42.2652],[-2.3502,42.237],[-2.2968,42.2863],[-2.2647,42.2766],[-2.2324,42.2619],[-2.203,42.2365],[-2.1501,42.1643],[-2.1234,42.1489],[-1.9151,42.0608]]]}},{"type":"Feature","properties":{"code":"ES239","name":"Litoral norte de Alicante"},"geometry":{"type":"Polygon","coordinates":[[[0.0132,38.8845],[0.0362,38.8677],[0.1036,38.8487],[0.1585,38.8205],[0.1822,38.7812],[0.1937,38.739],[0.1731,38.7114],[0.0791,38.6436],[-0.0233,38.6188],[-0.0586,38.5897],[-0.0904,38.6227],[-0.128,38.6363],[-0.1638,38.6372],[-0.1829,38.614],[-0.2078,38.6032],[-0.2787,38.5891],[-0.3097,38.6073],[-0.3411,38.6158],[-0.3429,38.6518],[-0.3561,38.693],[-0.3883,38.6973],[-0.4171,38.6913],[-0.4496,38.6976],[-0.5042,38.7361],[-0.4948,38.765],[-0.4758,38.7967],[-0.4361,38.8201],[-0.3032,38.875],[-0.2651,38.8619],[-0.155,38.8578],[-0.0334,38.8863],[0.0132,38.8845]]]}},{"type":"Feature","properties":{"code":"ES240","name":"Interior de Alicante"},"geometry":{"type":"Polygon","coordinates":[[[-0.5042,38.7361],[-0.4496,38.6976],[-0.4171,38.6913],[-0.3883,38.6973],[-0.3561,38.693],[-0.3429,38.6518],[-0.3411,38.6158],[-0.4105,38.5669],[-0.4549,38.4951],[-0.5116,38.4745],[-0.6267,38.4729],[-0.7885,38.4371],[-0.8161,38.4043],[-0.8258,38.3756],[-0.8421,38.3541],[-0.9937,38.3211],[-1.0782,38.3416],[-1.0832,38.3929],[-1.0692,38.4509],[-1.0223,38.4893],[-1.0092,38.5246],[-1.003,38.5625],[-1.0142,38.6505],[-0.9675,38.6584],[-0.9245,38.6879],[-0.9207,38.7281],[-0.9255,38.7702],[-0.8968,38.7684],[-0.8415,38.7431],[-0.7292,38.7521],[-0.7025,38.7464],[-0.6729,38.7367],[-0.637,38.7167],[-0.6092,38.6937],[-0.5417,38.7246],[-0.5042,38.7361]]]}},{"type":"Feature","properties":{"code":"ES241","name":"Litoral sur de Alicante"},"geometry":{"type":"Polygon","coordinates":[[[-0.0586,38.5897],[-0.0898,38.5658],[-0.3101,38.4764],[-0.4318,38.3724],[-0.5013,38.3313],[-0.5099,38.2012],[-0.5845,38.1889],[-0.6098,38.1701],[-0.6293,38.1474],[-0.6551,37.9934],[-0.6777,37.9642],[-0.7445,37.903],[-0.7538,37.8642],[-0.7821,37.8541],[-0.8328,37.8738],[-0.8603,37.8785],[-0.8823,37.9093],[-0.9411,37.9699],[-1.0162,38.0669],[-1.0349,38.1292],[-1.0239,38.1591],[-0.9741,38.2517],[-0.9813,38.2955],[-0.9937,38.3211],[-0.8421,38.3541],[-0.8258,38.3756],[-0.8161,38.4043],[-0.7885,38.4371],[-0.6267,38.4729],[-0.5116,38.4745],[-0.4851,38.4815],[-0.4549,38.4951],[-0.4105,38.5669],[-0.3411,38.6158],[-0.3097,38.6073],[-0.2787,38.5891],[-0.2078,38.6032],[-0.1829,38.614],[-0.1638,38.6372],[-0.128,38.6363],[-0.0904,38.6227],[-0.0586,38.5897]]]}},{"type":"Feature","properties":{"code":"ES242","name":"Interior norte de Castellnn"},"geometry":{"type":"Polygon","coordinates":[[[0.1815,40.7342],[0.2227,40.7224],[0.263,40.6617],[0.1649,40.6463],[0.1535,40.6186],[0.1474,40.5827],[0.1281,40.5613],[0.1044,40.5446],[0.082,40.4753],[0.0432,40.4553],[0.0062,40.4255],[-0.0339,40.3553],[-0.1234,40.3529],[-0.2867,40.3687],[-0.3389,40.4338],[-0.3188,40.4561],[-0.2825,40.4773],[-0.2872,40.5166],[-0.3125,40.5787],[-0.3292,40.6048],[-0.3602,40.6195],[-0.3392,40.6447],[-0.2746,40.6776],[-0.2476,40.6968],[-0.2438,40.7223],[-0.2234,40.7422],[-0.2024,40.7754],[-0.1723,40.773],[-0.0729,40.7302],[-0.0052,40.7276],[0.0215,40.7185],[0.0388,40.6949],[0.0663,40.6981],[0.1815,40.7342]]]}},{"type":"Feature","properties":{"code":"ES243","name":"Litoral norte de Castellan"},"geometry":{"type":"Polygon","coordinates":[[[0.3353,40.6125],[0.3701,40.6073],[0.4062,40.5846],[0.4299,40.5562],[0.4855,40.5322],[0.5092,40.5113],[0.3206,40.2672],[0.3099,40.3043],[0.2954,40.3271],[0.2108,40.3795],[0.1961,40.4085],[0.17,40.4352],[0.1131,40.468],[0.082,40.4753],[0.1044,40.5446],[0.1281,40.5613],[0.1474,40.5827],[0.1535,40.6186],[0.1649,40.6463],[0.263,40.6617],[0.3353,40.6125]]]}},{"type":"Feature","properties":{"code":"ES244","name":"Interior sur de Castellin"},"geometry":{"type":"Polygon","coordinates":[[[-0.0339,40.3553],[-0.0748,40.2459],[-0.0831,40.2109],[-0.0844,40.1772],[-0.1303,40.1286],[-0.1539,40.0802],[-0.1685,40.0334],[-0.2092,40.0175],[-0.2585,40.0119],[-0.2851,39.9253],[-0.3208,39.9009],[-0.3354,39.8722],[-0.3415,39.8298],[-0.3227,39.8014],[-0.3857,39.7912],[-0.435,39.741],[-0.4665,39.7248],[-0.548,39.7871],[-0.5962,39.7425],[-0.6282,39.7487],[-0.6636,39.7651],[-0.7391,39.8361],[-0.7817,39.8682],[-0.8049,39.88],[-0.824,39.9027],[-0.8212,39.9902],[-0.7713,40.0327],[-0.6592,40.0557],[-0.5935,40.1233],[-0.5783,40.1533],[-0.5468,40.2434],[-0.521,40.2468],[-0.4864,40.2407],[-0.4453,40.242],[-0.3928,40.2987],[-0.2867,40.3687],[-0.1234,40.3529],[-0.0339,40.3553]]]}},{"type":"Feature","properties":{"code":"ES245","name":"Litoral sur de Castellln"},"geometry":{"type":"Polygon","coordinates":[[[0.3206,40.2672],[0.2758,40.2209],[0.1979,40.1689],[0.1694,40.1306],[0.152,40.0917],[0.1287,40.0725],[0.053,40.0343],[-0.0109,39.9138],[-0.0761,39.8609],[-0.171,39.7431],[-0.1921,39.7068],[-0.2093,39.7284],[-0.2767,39.7558],[-0.3227,39.8014],[-0.3415,39.8298],[-0.3354,39.8722],[-0.3208,39.9009],[-0.2851,39.9253],[-0.2585,40.0119],[-0.2092,40.0175],[-0.1685,40.0334],[-0.1539,40.0802],[-0.1303,40.1286],[-0.0844,40.1772],[-0.0831,40.2109],[-0.0748,40.2459],[-0.0339,40.3553],[0.0062,40.4255],[0.0432,40.4553],[0.082,40.4753],[0.1131,40.468],[0.17,40.4352],[0.1961,40.4085],[0.2108,40.3795],[0.2954,40.3271],[0.3099,40.3043],[0.3206,40.2672]]]}},{"type":"Feature","properties":{"code":"ES246","name":"Interior norte de Valencia"},"geometry":{"type":"MultiPolygon","coordinates":[[[[-0.8049,39.88],[-0.7817,39.8682],[-0.7391,39.8361],[-0.7114,39.8078],[-0.7484,39.7821],[-0.7848,39.7397],[-0.7238,39.7259],[-0.7254,39.6918],[-0.772,39.5625],[-0.803,39.5491],[-0.875,39.5422],[-0.9087,39.5331],[-0.8625,39.4816],[-0.8774,39.4443],[-0.917,39.4341],[-0.9653,39.4286],[-0.9931,39.3321],[-1.1215,39.2849],[-1.1579,39.2764],[-1.1738,39.3068],[-1.3626,39.3443],[-1.4766,39.4027],[-1.5161,39.4127],[-1.509,39.4499],[-1.5169,39.5154],[-1.5268,39.5493],[-1.4841,39.5654],[-1.4537,39.5905],[-1.4234,39.6444],[-1.3886,39.6624],[-1.3107,39.6844],[-1.2702,39.7064],[-1.2642,39.7502],[-1.2225,39.7991],[-1.2121,39.8432],[-1.2064,39.9136],[-1.1844,39.9558],[-1.1483,39.9722],[-0.9989,39.9804],[-0.9329,39.9611],[-0.9133,39.9374],[-0.8673,39.8536],[-0.8388,39.8593],[-0.8049,39.88]]],[[[-1.1602,40.0011],[-1.1858,40.0056],[-1.2564,39.997],[-1.3577,40.03],[-1.3872,40.0448],[-1.42,40.098],[-1.4328,40.1281],[-1.4042,40.1382],[-1.2513,40.1163],[-1.184,40.1142],[-1.1371,40.107],[-1.108,40.0947],[-1.0977,40.0681],[-1.0956,40.0354],[-1.1348,40.0191],[-1.1602,40.0011]]]]}},{"type":"Feature","properties":{"code":"ES247","name":"Litoral norte de Valencia"},"geometry":{"type":"Polygon","coordinates":[[[-0.3227,39.8014],[-0.2767,39.7558],[-0.2093,39.7284],[-0.1921,39.7068],[-0.222,39.642],[-0.3054,39.5364],[-0.3337,39.423],[-0.2797,39.2842],[-0.3129,39.3069],[-0.3395,39.3098],[-0.4555,39.3033],[-0.4965,39.3057],[-0.6387,39.3681],[-0.6878,39.3211],[-0.7204,39.3138],[-0.8859,39.3062],[-0.9619,39.3293],[-0.9931,39.3321],[-0.9653,39.4286],[-0.917,39.4341],[-0.8774,39.4443],[-0.8625,39.4816],[-0.9087,39.5331],[-0.875,39.5422],[-0.803,39.5491],[-0.772,39.5625],[-0.7254,39.6918],[-0.7238,39.7259],[-0.7848,39.7397],[-0.7484,39.7821],[-0.7114,39.8078],[-0.6636,39.7651],[-0.6282,39.7487],[-0.5962,39.7425],[-0.548,39.7871],[-0.4665,39.7248],[-0.435,39.741],[-0.3857,39.7912],[-0.3227,39.8014]]]}},{"type":"Feature","properties":{"code":"ES248","name":"Interior sur de Valencia"},"geometry":{"type":"Polygon","coordinates":[[[-0.8859,39.3062],[-0.8799,39.2739],[-0.777,39.2597],[-0.7363,39.2336],[-0.7082,39.2016],[-0.7209,39.1644],[-0.7046,39.1368],[-0.6288,39.0519],[-0.6001,39.0442],[-0.4204,39.0388],[-0.3827,39.0307],[-0.3435,38.9825],[-0.3033,38.9866],[-0.2958,38.9343],[-0.3032,38.875],[-0.4361,38.8201],[-0.4758,38.7967],[-0.4948,38.765],[-0.5042,38.7361],[-0.5417,38.7246],[-0.6092,38.6937],[-0.637,38.7167],[-0.6729,38.7367],[-0.7025,38.7464],[-0.7292,38.7521],[-0.8415,38.7431],[-0.8968,38.7684],[-0.9255,38.7702],[-0.9288,38.8976],[-0.9463,38.924],[-0.971,38.9429],[-1.1115,38.9315],[-1.1578,38.94],[-1.2602,39.0437],[-1.2612,39.0778],[-1.2447,39.1186],[-1.2044,39.1671],[-1.1811,39.2427],[-1.1579,39.2764],[-1.1215,39.2849],[-0.9931,39.3321],[-0.9619,39.3293],[-0.8859,39.3062]]]}},{"type":"Feature","properties":{"code":"ES249","name":"Litoral sur de Valencia"},"geometry":{"type":"Polygon","coordinates":[[[-0.2797,39.2842],[-0.2254,39.1935],[-0.2298,39.1253],[-0.1453,38.9857],[-0.1175,38.9544],[-0.0334,38.8863],[-0.155,38.8578],[-0.2651,38.8619],[-0.3032,38.875],[-0.2958,38.9343],[-0.3033,38.9866],[-0.3435,38.9825],[-0.3827,39.0307],[-0.4204,39.0388],[-0.6001,39.0442],[-0.6288,39.0519],[-0.7046,39.1368],[-0.7209,39.1644],[-0.7082,39.2016],[-0.7363,39.2336],[-0.777,39.2597],[-0.8799,39.2739],[-0.8859,39.3062],[-0.7204,39.3138],[-0.6878,39.3211],[-0.6387,39.3681],[-0.4965,39.3057],[-0.4555,39.3033],[-0.3395,39.3098],[-0.3129,39.3069],[-0.2797,39.2842]]]}},{"type":"Feature","properties":{"code":"ES250","name":"Ceuta"},"geometry":{"type":"Polygon","coordinates":[[[-5.3452,35.8626],[-5.3707,35.8847],[-5.3682,35.9139],[-5.3266,35.8886],[-5.3452,35.8626]]]}},{"type":"Feature","properties":{"code":"ES251","name":"Melilla"},"geometry":{"type":"Polygon","coordinates":[[[-2.9147,35.2659],[-2.9621,35.2772],[-2.9541,35.3202],[-2.935,35.3016],[-2.9147,35.2659]]]}},{"type":"Feature","properties":{"code":"ES840","name":"Costa - Gipuzkoa litoral"},"geometry":{"type":"Polygon","coordinates":[[[-1.8001,43.3891],[-1.8201,43.3721],[-1.921,43.3357],[-2.1853,43.288],[-2.3908,43.3172],[-2.4129,43.3319],[-2.3461,43.4937],[-2.3457,43.529],[-2.3088,43.5127],[-2.2793,43.5054],[-2.1934,43.4932],[-2.0363,43.5202],[-1.9117,43.5626],[-1.8809,43.567],[-1.8001,43.3891]]]}},{"type":"Feature","properties":{"code":"ES841","name":"Costa - Bizkaia litoral"},"geometry":{"type":"Polygon","coordinates":[[[-2.3457,43.529],[-2.3461,43.4937],[-2.4129,43.3319],[-2.4471,43.3384],[-2.5034,43.3662],[-2.7265,43.4254],[-2.9194,43.434],[-2.9537,43.4286],[-3.0392,43.3693],[-3.1401,43.3542],[-3.1485,43.4109],[-3.1451,43.5268],[-3.1373,43.5842],[-3.0639,43.6153],[-3.0202,43.6273],[-2.9512,43.6348],[-2.7167,43.6279],[-2.6733,43.6228],[-2.3861,43.5475],[-2.3457,43.529]]]}},{"type":"Feature","properties":{"code":"ES842","name":"Costa - Litoral cꡖntabro"},"geometry":{"type":"Polygon","coordinates":[[[-3.1373,43.5842],[-3.1451,43.5268],[-3.1485,43.4109],[-3.1401,43.3542],[-3.1786,43.3675],[-3.2274,43.3941],[-3.3166,43.413],[-3.414,43.413],[-3.4454,43.467],[-3.5665,43.5031],[-3.6076,43.5081],[-3.7369,43.4602],[-3.7745,43.4539],[-3.7959,43.477],[-3.8219,43.4917],[-4.0284,43.4397],[-4.2878,43.3866],[-4.4798,43.3944],[-4.5182,43.3888],[-4.5135,43.4431],[-4.5161,43.5444],[-4.5027,43.5953],[-4.3061,43.5896],[-4.1009,43.633],[-3.8554,43.6919],[-3.7854,43.6933],[-3.745,43.6884],[-3.6625,43.7063],[-3.6163,43.7116],[-3.5464,43.7087],[-3.5032,43.7002],[-3.3221,43.6464],[-3.2511,43.6124],[-3.2043,43.5978],[-3.1373,43.5842]]]}},{"type":"Feature","properties":{"code":"ES843","name":"Costa - Litoral oriental asturiano"},"geometry":{"type":"Polygon","coordinates":[[[-4.5027,43.5953],[-4.5161,43.5444],[-4.5135,43.4431],[-4.5182,43.3888],[-4.5629,43.3975],[-4.7401,43.4155],[-4.9582,43.4606],[-5.0539,43.4635],[-5.1339,43.4825],[-5.2198,43.4768],[-5.3027,43.5368],[-5.3875,43.5517],[-5.4173,43.555],[-5.6558,43.5429],[-5.6876,43.5459],[-5.8194,43.6389],[-5.8512,43.6504],[-5.935,43.5961],[-5.9404,43.6244],[-5.9494,43.8094],[-5.9598,43.8371],[-5.8692,43.8552],[-5.776,43.8504],[-5.7317,43.8395],[-5.6905,43.8233],[-5.654,43.8025],[-5.5835,43.7497],[-5.4164,43.7554],[-5.3403,43.7493],[-5.2159,43.7269],[-5.1526,43.7063],[-5.116,43.6878],[-4.9969,43.6629],[-4.8784,43.6545],[-4.6744,43.6106],[-4.5027,43.5953]]]}},{"type":"Feature","properties":{"code":"ES844","name":"Costa - Litoral occidental asturiano"},"geometry":{"type":"Polygon","coordinates":[[[-5.935,43.5961],[-6.1056,43.5568],[-6.1973,43.5806],[-6.2361,43.5779],[-6.3451,43.5523],[-6.389,43.5495],[-6.528,43.5469],[-6.6205,43.5643],[-6.8053,43.5559],[-6.9251,43.5693],[-7.0268,43.5449],[-7.0329,43.5961],[-7.0352,43.7009],[-7.0304,43.7547],[-6.9562,43.7696],[-6.8978,43.7716],[-6.8033,43.7584],[-6.6032,43.7658],[-6.5089,43.7488],[-6.4646,43.7482],[-6.3944,43.751],[-6.2814,43.7772],[-6.237,43.7831],[-6.1554,43.7804],[-6.1115,43.7713],[-6.0709,43.7764],[-6.0169,43.811],[-5.9598,43.8371],[-5.9494,43.8094],[-5.9404,43.6244],[-5.935,43.5961]]]}},{"type":"Feature","properties":{"code":"ES845","name":"Costa - A Marita"},"geometry":{"type":"Polygon","coordinates":[[[-7.0304,43.7547],[-7.0352,43.7009],[-7.0329,43.5961],[-7.0268,43.5449],[-7.2318,43.5667],[-7.2667,43.5826],[-7.305,43.6088],[-7.354,43.6647],[-7.3983,43.6841],[-7.5336,43.7276],[-7.6889,43.7384],[-7.6138,43.7864],[-7.6108,43.8256],[-7.6164,43.8971],[-7.6252,43.9329],[-7.5285,43.9307],[-7.4405,43.9161],[-7.2299,43.8481],[-7.1906,43.83],[-7.1559,43.8073],[-7.1077,43.7582],[-7.069,43.7493],[-7.0304,43.7547]]]}},{"type":"Feature","properties":{"code":"ES846","name":"Costa - Noroeste de A Coru"},"geometry":{"type":"Polygon","coordinates":[[[-7.6252,43.9329],[-7.6164,43.8971],[-7.6108,43.8256],[-7.6138,43.7864],[-7.6889,43.7384],[-7.7219,43.7338],[-7.7973,43.7356],[-7.8326,43.7487],[-7.8681,43.7551],[-8.0129,43.698],[-8.3088,43.5329],[-8.3199,43.4833],[-8.3064,43.4399],[-8.221,43.4194],[-8.2134,43.3739],[-8.2161,43.3361],[-8.2872,43.3896],[-8.3143,43.3955],[-8.3683,43.3517],[-8.4042,43.3552],[-8.437,43.3723],[-8.4705,43.357],[-8.4969,43.3365],[-8.5352,43.3216],[-8.6856,43.2934],[-8.7166,43.291],[-8.7972,43.3223],[-8.8845,43.3218],[-8.9204,43.314],[-8.9562,43.2904],[-8.954,43.2636],[-8.9425,43.2335],[-8.9743,43.2217],[-9.0407,43.2082],[-9.0656,43.1853],[-9.0973,43.1949],[-9.2424,43.3344],[-9.2773,43.3577],[-9.2388,43.3764],[-9.2013,43.388],[-9.1513,43.4306],[-9.0656,43.4848],[-9.0253,43.5015],[-8.9816,43.5131],[-8.8136,43.5253],[-8.7275,43.5168],[-8.6844,43.5045],[-8.6553,43.5054],[-8.5983,43.5479],[-8.5863,43.5825],[-8.5691,43.614],[-8.5448,43.6429],[-8.4989,43.6784],[-8.1515,43.8716],[-7.9717,43.9407],[-7.9274,43.9519],[-7.846,43.9581],[-7.7658,43.9464],[-7.7326,43.9362],[-7.6252,43.9329]]]}},{"type":"Feature","properties":{"code":"ES847","name":"Costa - Oeste de A Coruoa"},"geometry":{"type":"Polygon","coordinates":[[[-9.0973,43.1949],[-9.1332,43.1903],[-9.2033,43.1468],[-9.2643,43.0403],[-9.2885,42.9417],[-9.2609,42.9255],[-9.1397,42.9045],[-9.1256,42.8671],[-9.1177,42.7958],[-9.1074,42.7633],[-9.1424,42.7463],[-9.3535,42.6897],[-9.3775,42.7161],[-9.3862,42.7423],[-9.4588,42.7741],[-9.4924,42.7971],[-9.5202,42.824],[-9.5415,42.854],[-9.5555,42.8862],[-9.562,42.9197],[-9.5608,42.9534],[-9.5286,43.0892],[-9.5168,43.1186],[-9.4436,43.242],[-9.4204,43.2701],[-9.3745,43.3064],[-9.2773,43.3577],[-9.2424,43.3344],[-9.0973,43.1949]]]}},{"type":"Feature","properties":{"code":"ES848","name":"Costa - Suroeste de A Coru"},"geometry":{"type":"Polygon","coordinates":[[[-8.7801,42.6425],[-8.8112,42.6131],[-8.8983,42.5771],[-8.9193,42.5563],[-8.9621,42.4887],[-8.9862,42.4637],[-9.2141,42.3838],[-9.2441,42.4021],[-9.2629,42.4239],[-9.315,42.4909],[-9.3335,42.5233],[-9.3436,42.5563],[-9.3431,42.6503],[-9.3535,42.6897],[-9.1424,42.7463],[-9.1074,42.7633],[-9.0017,42.7737],[-8.9975,42.7443],[-9.0615,42.6139],[-9.0701,42.5805],[-9.035,42.5309],[-9.009,42.5353],[-8.9403,42.6035],[-8.8564,42.6573],[-8.8165,42.6463],[-8.7801,42.6425]]]}},{"type":"Feature","properties":{"code":"ES849","name":"Costa - Rias Baixas"},"geometry":{"type":"Polygon","coordinates":[[[-8.8902,41.9601],[-9.1392,41.9454],[-9.1553,41.9879],[-9.1658,42.1098],[-9.1623,42.1434],[-9.1512,42.1762],[-9.1226,42.2311],[-9.1244,42.2677],[-9.1127,42.3275],[-9.1838,42.3574],[-9.2141,42.3838],[-8.9862,42.4637],[-8.9621,42.4887],[-8.9193,42.5563],[-8.8983,42.5771],[-8.8112,42.6131],[-8.7801,42.6425],[-8.7534,42.6432],[-8.7637,42.6061],[-8.8212,42.559],[-8.8266,42.4955],[-8.8589,42.4719],[-8.8783,42.4432],[-8.8557,42.4112],[-8.7673,42.3953],[-8.7579,42.367],[-8.7645,42.3322],[-8.8245,42.2853],[-8.8448,42.2596],[-8.8076,42.2404],[-8.7782,42.2185],[-8.8183,42.1617],[-8.8552,42.1337],[-8.8893,42.1156],[-8.8946,42.0734],[-8.8879,41.9981],[-8.8902,41.9601]]]}},{"type":"Feature","properties":{"code":"ES850","name":"Costa - Mi\u0002o de Pontevedra"},"geometry":{"type":"Polygon","coordinates":[[[-8.8807,41.8687],[-8.9265,41.8634],[-8.9642,41.8481],[-8.9943,41.842],[-9.1077,41.8292],[-9.1426,41.8381],[-9.1487,41.8696],[-9.1392,41.9454],[-8.8902,41.9601],[-8.8807,41.8687]]]}},{"type":"Feature","properties":{"code":"ES851","name":"Costa - Litoral de Huelva"},"geometry":{"type":"Polygon","coordinates":[[[-6.3648,36.7909],[-6.4073,36.7711],[-6.4478,36.7699],[-6.6534,36.71],[-6.6884,36.7085],[-6.6911,36.7423],[-6.6805,36.8114],[-6.7088,36.8388],[-6.7506,36.8629],[-6.8925,36.9332],[-7.0007,36.9658],[-7.0808,36.9985],[-7.1097,37.0015],[-7.2782,36.9971],[-7.3989,36.9812],[-7.4009,37.0818],[-7.417,37.1793],[-7.2921,37.1987],[-7.0347,37.2024],[-6.9176,37.1554],[-6.8025,37.1223],[-6.5986,37.0229],[-6.5289,36.9801],[-6.4445,36.8971],[-6.4177,36.848],[-6.3901,36.8106],[-6.3648,36.7909]]]}},{"type":"Feature","properties":{"code":"ES852","name":"Costa - Litoral gaditano"},"geometry":{"type":"Polygon","coordinates":[[[-5.8496,36.134],[-5.8598,36.1069],[-5.9575,35.9726],[-5.9728,35.9403],[-6.0291,35.9797],[-6.0695,35.9891],[-6.1635,36.0232],[-6.2141,36.0506],[-6.2422,36.0736],[-6.3174,36.1518],[-6.3726,36.2187],[-6.4669,36.3516],[-6.4811,36.3774],[-6.5,36.4444],[-6.5639,36.4873],[-6.5908,36.5133],[-6.6116,36.5421],[-6.6785,36.6744],[-6.6884,36.7085],[-6.6534,36.71],[-6.4478,36.7699],[-6.4073,36.7711],[-6.4344,36.7287],[-6.3909,36.6347],[-6.3603,36.6256],[-6.3241,36.6226],[-6.2303,36.5737],[-6.2307,36.5395],[-6.2429,36.4776],[-6.2422,36.4371],[-6.1247,36.2773],[-6.0587,36.208],[-6.035,36.1956],[-5.9726,36.1769],[-5.9117,36.1809],[-5.8496,36.134]]]}},{"type":"Feature","properties":{"code":"ES853","name":"Costa - Estrecho"},"geometry":{"type":"Polygon","coordinates":[[[-5.0492,36.2022],[-5.0647,36.1762],[-5.1438,36.0822],[-5.1057,36.0316],[-5.4536,35.9784],[-5.4625,35.9435],[-5.4519,35.9115],[-5.4868,35.8928],[-5.5566,35.8383],[-5.6609,35.8269],[-5.7647,35.8674],[-5.8793,35.8895],[-5.9081,35.8995],[-5.9438,35.917],[-5.9728,35.9403],[-5.9575,35.9726],[-5.8598,36.1069],[-5.8496,36.134],[-5.8043,36.0848],[-5.7714,36.0739],[-5.6611,36.0538],[-5.6032,36.0285],[-5.5647,36.0182],[-5.4532,36.0647],[-5.4294,36.0879],[-5.4443,36.1302],[-5.4224,36.1552],[-5.3118,36.2351],[-5.2583,36.3097],[-5.2328,36.3002],[-5.0492,36.2022]]]}},{"type":"Feature","properties":{"code":"ES854","name":"Costa - Sol y Guadalhorce"},"geometry":{"type":"Polygon","coordinates":[[[-4.2853,36.5095],[-4.3313,36.4591],[-4.3546,36.4419],[-4.4069,36.4155],[-4.4843,36.3496],[-4.5192,36.3308],[-4.5722,36.3131],[-4.7312,36.2847],[-4.8656,36.294],[-4.8962,36.2794],[-5.0136,36.242],[-5.0492,36.2022],[-5.2328,36.3002],[-5.2583,36.3097],[-5.2373,36.3302],[-5.1775,36.4088],[-5.1416,36.4234],[-4.9983,36.4634],[-4.9259,36.5001],[-4.8597,36.5056],[-4.7444,36.4857],[-4.66,36.502],[-4.6354,36.5121],[-4.6041,36.5574],[-4.5283,36.5904],[-4.5037,36.606],[-4.4352,36.6944],[-4.4083,36.716],[-4.3469,36.7134],[-4.3108,36.7168],[-4.2943,36.6622],[-4.2853,36.5095]]]}},{"type":"Feature","properties":{"code":"ES855","name":"Costa - AxarquGa"},"geometry":{"type":"Polygon","coordinates":[[[-3.7785,36.7475],[-3.789,36.7195],[-3.7792,36.5816],[-3.769,36.535],[-3.845,36.5424],[-3.9403,36.5261],[-4.0466,36.5309],[-4.2853,36.5095],[-4.2943,36.6622],[-4.3108,36.7168],[-4.2742,36.7146],[-4.1426,36.7229],[-4.1017,36.728],[-4.0767,36.7422],[-4.0464,36.7438],[-3.9653,36.7274],[-3.8414,36.7511],[-3.7785,36.7475]]]}},{"type":"Feature","properties":{"code":"ES856","name":"Costa - Costa granadina"},"geometry":{"type":"Polygon","coordinates":[[[-3.117,36.7479],[-3.1238,36.6941],[-3.1204,36.5965],[-3.1267,36.5484],[-3.2378,36.5492],[-3.3316,36.5063],[-3.4139,36.4931],[-3.4924,36.5004],[-3.6446,36.5278],[-3.769,36.535],[-3.7792,36.5816],[-3.789,36.7195],[-3.7785,36.7475],[-3.7463,36.7347],[-3.6965,36.7307],[-3.6115,36.7419],[-3.5455,36.7144],[-3.4446,36.6972],[-3.4049,36.7017],[-3.3485,36.7321],[-3.2422,36.7537],[-3.117,36.7479]]]}},{"type":"Feature","properties":{"code":"ES857","name":"Costa - Poniente y Almerea Capital"},"geometry":{"type":"Polygon","coordinates":[[[-2.2299,36.7675],[-2.208,36.7378],[-2.1982,36.7047],[-2.1761,36.5673],[-2.1746,36.5297],[-2.241,36.5319],[-2.2818,36.54],[-2.3557,36.5722],[-2.4135,36.6096],[-2.495,36.5429],[-2.5305,36.5246],[-2.5845,36.5077],[-2.7363,36.4822],[-2.8196,36.4837],[-2.9275,36.5055],[-2.9998,36.5335],[-3.0291,36.5402],[-3.1267,36.5484],[-3.1204,36.5965],[-3.1238,36.6941],[-3.117,36.7479],[-2.9698,36.7389],[-2.9413,36.745],[-2.9125,36.7435],[-2.8477,36.6963],[-2.7645,36.6817],[-2.6698,36.6978],[-2.6408,36.709],[-2.5778,36.7945],[-2.5509,36.8184],[-2.5066,36.8286],[-2.4649,36.8312],[-2.4341,36.813],[-2.3722,36.8354],[-2.334,36.8259],[-2.2797,36.8021],[-2.2557,36.7892],[-2.2299,36.7675]]]}},{"type":"Feature","properties":{"code":"ES858","name":"Costa - Levante almeriense"},"geometry":{"type":"Polygon","coordinates":[[[-1.4797,37.2226],[-1.5006,37.1905],[-1.5723,37.1227],[-1.6106,37.0088],[-1.6823,36.89],[-1.8111,36.7511],[-1.9233,36.6133],[-1.9503,36.5881],[-1.9828,36.5665],[-2.0193,36.5496],[-2.0588,36.5379],[-2.1016,36.5318],[-2.1746,36.5297],[-2.1761,36.5673],[-2.1982,36.7047],[-2.208,36.7378],[-2.173,36.7302],[-2.1321,36.7333],[-2.0979,36.7639],[-2.0111,36.8715],[-1.9131,36.9743],[-1.8558,37.0576],[-1.7902,37.2339],[-1.6703,37.3391],[-1.643,37.377],[-1.5048,37.2518],[-1.4797,37.2226]]]}},{"type":"Feature","properties":{"code":"ES859","name":"Costa - Valle del Guadalentyn, Lorca y iguilas"},"geometry":{"type":"Polygon","coordinates":[[[-1.2465,37.3674],[-1.2719,37.3372],[-1.3613,37.2751],[-1.4411,37.2329],[-1.4797,37.2226],[-1.5048,37.2518],[-1.643,37.377],[-1.5884,37.3957],[-1.5119,37.4358],[-1.4038,37.5073],[-1.385,37.483],[-1.2465,37.3674]]]}},{"type":"Feature","properties":{"code":"ES860","name":"Costa - Campo de Cartagena y Mazarran"},"geometry":{"type":"Polygon","coordinates":[[[-0.506,37.8088],[-0.5118,37.773],[-0.5279,37.7229],[-0.4978,37.6747],[-0.4856,37.6421],[-0.4804,37.6085],[-0.4824,37.5746],[-0.4916,37.5414],[-0.5077,37.51],[-0.5303,37.4812],[-0.5586,37.4558],[-0.5918,37.4346],[-0.629,37.4182],[-0.8574,37.3599],[-0.8986,37.3544],[-0.9359,37.354],[-1.035,37.3652],[-1.116,37.3515],[-1.1585,37.3529],[-1.2465,37.3674],[-1.385,37.483],[-1.4038,37.5073],[-1.3696,37.5336],[-1.3176,37.5624],[-1.1922,37.5702],[-1.1203,37.5555],[-1.0935,37.5714],[-1.0638,37.5815],[-0.9485,37.5594],[-0.9021,37.5583],[-0.7383,37.6023],[-0.8519,37.7132],[-0.8409,37.7386],[-0.7645,37.8101],[-0.7538,37.8642],[-0.7203,37.849],[-0.5294,37.8186],[-0.506,37.8088]]]}},{"type":"Feature","properties":{"code":"ES861","name":"Costa - Litoral sur de Alicante"},"geometry":{"type":"Polygon","coordinates":[[[0.1196,38.4365],[0.0444,38.3949],[-0.1608,38.3088],[-0.2458,38.2358],[-0.2625,38.1577],[-0.2754,38.1254],[-0.295,38.0952],[-0.3208,38.0681],[-0.3861,38.0266],[-0.3992,37.9933],[-0.4136,37.9254],[-0.4298,37.894],[-0.506,37.8088],[-0.5294,37.8186],[-0.7203,37.849],[-0.7538,37.8642],[-0.7445,37.903],[-0.6777,37.9642],[-0.6551,37.9934],[-0.6293,38.1474],[-0.6098,38.1701],[-0.5845,38.1889],[-0.5099,38.2012],[-0.5013,38.3313],[-0.4318,38.3724],[-0.3101,38.4764],[-0.0898,38.5658],[-0.0586,38.5897],[-0.0464,38.5568],[0.0879,38.4508],[0.1196,38.4365]]]}},{"type":"Feature","properties":{"code":"ES862","name":"Costa - Litoral norte de Alicante"},"geometry":{"type":"Polygon","coordinates":[[[0.1196,38.4365],[0.0879,38.4508],[-0.0464,38.5568],[-0.0586,38.5897],[-0.0233,38.6188],[0.0791,38.6436],[0.1731,38.7114],[0.1937,38.739],[0.1822,38.7812],[0.1585,38.8205],[0.1036,38.8487],[0.0362,38.8677],[0.0132,38.8845],[0.0491,38.8929],[0.3808,38.922],[0.4081,38.8925],[0.4215,38.862],[0.4483,38.7628],[0.4518,38.7339],[0.4493,38.7],[0.4395,38.667],[0.4227,38.6357],[0.3753,38.5855],[0.2358,38.4851],[0.202,38.4662],[0.1196,38.4365]]]}},{"type":"Feature","properties":{"code":"ES863","name":"Costa - Litoral sur de Valencia"},"geometry":{"type":"Polygon","coordinates":[[[0.3808,38.922],[0.0491,38.8929],[0.0132,38.8845],[-0.0334,38.8863],[-0.1175,38.9544],[-0.1453,38.9857],[-0.2298,39.1253],[-0.2254,39.1935],[-0.2797,39.2842],[-0.2469,39.2795],[-0.043,39.2908],[-0.0093,39.3023],[0.0179,39.2599],[0.0298,39.228],[0.0376,39.1563],[0.0712,39.0972],[0.1031,39.0651],[0.2234,39.0261],[0.3218,38.976],[0.3532,38.9552],[0.3808,38.922]]]}},{"type":"Feature","properties":{"code":"ES864","name":"Costa - Litoral norte de Valencia"},"geometry":{"type":"Polygon","coordinates":[[[0.0282,39.6165],[0.0249,39.5781],[0.0077,39.5493],[-0.06,39.4635],[-0.0642,39.4265],[-0.0093,39.3023],[-0.043,39.2908],[-0.2469,39.2795],[-0.2797,39.2842],[-0.3337,39.423],[-0.3054,39.5364],[-0.222,39.642],[-0.1921,39.7068],[-0.1549,39.6991],[0.0282,39.6165]]]}},{"type":"Feature","properties":{"code":"ES865","name":"Costa - Litoral sur de Castellln"},"geometry":{"type":"Polygon","coordinates":[[[0.5367,40.177],[0.524,40.145],[0.4717,40.0869],[0.4053,40.0364],[0.3728,39.9818],[0.3475,39.954],[0.2601,39.8944],[0.2335,39.8378],[0.2133,39.808],[0.1868,39.7812],[0.1337,39.7403],[0.0282,39.6165],[-0.1549,39.6991],[-0.1921,39.7068],[-0.171,39.7431],[-0.0761,39.8609],[-0.0109,39.9138],[0.053,40.0343],[0.1287,40.0725],[0.152,40.0917],[0.1694,40.1306],[0.1979,40.1689],[0.2758,40.2209],[0.3206,40.2672],[0.358,40.2584],[0.5006,40.1974],[0.5367,40.177]]]}},{"type":"Feature","properties":{"code":"ES866","name":"Costa - Litoral norte de Castell"},"geometry":{"type":"Polygon","coordinates":[[[0.7466,40.4263],[0.5678,40.1984],[0.5367,40.177],[0.5006,40.1974],[0.358,40.2584],[0.3206,40.2672],[0.5092,40.5113],[0.5475,40.5025],[0.7156,40.4246],[0.7466,40.4263]]]}},{"type":"Feature","properties":{"code":"ES867","name":"Costa - Litoral sur de Tarragona"},"geometry":{"type":"Polygon","coordinates":[[[1.2299,40.8949],[1.122,40.856],[1.0954,40.8272],[1.1263,40.7625],[1.1364,40.7295],[1.139,40.6957],[1.1341,40.662],[1.1218,40.6294],[1.1024,40.5989],[1.0766,40.5713],[1.0291,40.5379],[0.8777,40.4626],[0.8384,40.4484],[0.7466,40.4263],[0.7156,40.4246],[0.5475,40.5025],[0.5092,40.5113],[0.5972,40.6151],[0.6295,40.6239],[0.737,40.6345],[0.8357,40.6802],[0.8671,40.7009],[0.8467,40.7235],[0.7989,40.7601],[0.7708,40.7775],[0.7096,40.8025],[0.7286,40.8227],[0.7978,40.8709],[0.9501,41.0125],[0.9759,41.0305],[1.0894,41.0646],[1.125,41.0671],[1.2232,40.9232],[1.2299,40.8949]]]}},{"type":"Feature","properties":{"code":"ES868","name":"Costa - Litoral norte de Tarragona"},"geometry":{"type":"Polygon","coordinates":[[[1.7709,41.0162],[1.7343,41.0055],[1.5905,40.9837],[1.4466,40.9392],[1.3595,40.9267],[1.2299,40.8949],[1.2232,40.9232],[1.125,41.0671],[1.1549,41.0842],[1.2774,41.1206],[1.3097,41.1272],[1.3476,41.1272],[1.534,41.181],[1.6674,41.1978],[1.677,41.1654],[1.7582,41.0422],[1.7709,41.0162]]]}},{"type":"Feature","properties":{"code":"ES869","name":"Costa - Litoral de Barcelona"},"geometry":{"type":"Polygon","coordinates":[[[2.9161,41.4799],[2.8728,41.4613],[2.6843,41.4025],[2.4337,41.2872],[2.3325,41.173],[2.3031,41.1477],[2.2684,41.1263],[2.1881,41.0985],[2.0004,41.0655],[1.9275,41.0418],[1.8032,41.0184],[1.7709,41.0162],[1.7582,41.0422],[1.677,41.1654],[1.6674,41.1978],[1.8324,41.2297],[1.9341,41.2613],[2.0824,41.2853],[2.1236,41.2962],[2.2401,41.4326],[2.2603,41.4501],[2.3928,41.5014],[2.5623,41.5807],[2.7575,41.6415],[2.7869,41.6438],[2.9056,41.5092],[2.9161,41.4799]]]}},{"type":"Feature","properties":{"code":"ES870","name":"Costa - Litoral sur de Girona"},"geometry":{"type":"Polygon","coordinates":[[[3.2585,41.6779],[3.1162,41.5683],[3.0826,41.5485],[3.0431,41.5322],[2.9763,41.5131],[2.9161,41.4799],[2.9056,41.5092],[2.7869,41.6438],[2.8139,41.6722],[2.8442,41.6928],[2.9146,41.7106],[2.9478,41.724],[3.077,41.8168],[3.1034,41.7926],[3.2585,41.6779]]]}},{"type":"Feature","properties":{"code":"ES871","name":"Costa - Ceuta"},"geometry":{"type":"Polygon","coordinates":[[[-5.3452,35.8626],[-5.3266,35.8886],[-5.3682,35.9139],[-5.4042,35.9161],[-5.4519,35.9115],[-5.4625,35.9435],[-5.4536,35.9784],[-5.1057,36.0316],[-5.0744,36.0146],[-5.0556,35.9891],[-5.04,35.9576],[-5.0313,35.9244],[-5.0304,35.8822],[-5.0382,35.8428],[-5.0521,35.8108],[-5.0724,35.7812],[-5.0986,35.7547],[-5.1593,35.7169],[-5.2474,35.6832],[-5.2858,35.6734],[-5.3076,35.6889],[-5.3228,35.7199],[-5.3347,35.76],[-5.3462,35.8311],[-5.3452,35.8626]]]}},{"type":"Feature","properties":{"code":"ES872","name":"Costa - Melilla"},"geometry":{"type":"Polygon","coordinates":[[[-2.9147,35.2659],[-2.935,35.3016],[-2.9541,35.3202],[-2.9582,35.3528],[-2.9829,35.4006],[-3.0107,35.3719],[-3.0542,35.3084],[-3.0801,35.2832],[-3.1789,35.2443],[-3.2059,35.2386],[-3.2112,35.3234],[-3.187,35.3898],[-3.1633,35.4262],[-3.1222,35.4645],[-3.0728,35.494],[-3.015,35.513],[-2.9532,35.5194],[-2.9118,35.5165],[-2.8618,35.5049],[-2.8159,35.4849],[-2.7842,35.4645],[-2.7101,35.387],[-2.6899,35.3478],[-2.6796,35.2976],[-2.6892,35.2311],[-2.7119,35.1791],[-2.7468,35.1369],[-2.7782,35.1174],[-2.8116,35.1215],[-2.8434,35.1316],[-2.8717,35.1435],[-2.8941,35.1659],[-2.9085,35.1962],[-2.9147,35.2659]]]}},{"type":"Feature","properties":{"code":"ES873","name":"Costa - Ibiza y Formentera"},"geometry":{"type":"Polygon","coordinates":[[[1.7371,39.239],[1.8307,39.1319],[1.857,39.0871],[1.8666,39.0541],[1.8689,39.0203],[1.8638,38.9866],[1.8515,38.9541],[1.8104,38.8991],[1.7475,38.8386],[1.7347,38.8112],[1.7967,38.7453],[1.8241,38.6815],[1.8238,38.6175],[1.8122,38.5838],[1.797,38.558],[1.7809,38.536],[1.7298,38.4941],[1.6646,38.4651],[1.6363,38.4598],[1.5565,38.4522],[1.4765,38.4665],[1.4073,38.4642],[1.3431,38.4703],[1.316,38.4758],[1.2496,38.5034],[1.1965,38.545],[1.1703,38.5802],[1.155,38.6141],[1.1382,38.6726],[1.1209,38.6951],[1.0829,38.711],[1.0487,38.7317],[1.0195,38.7567],[0.9961,38.7853],[0.9791,38.8165],[0.9691,38.8495],[0.9695,38.9112],[0.9873,38.9825],[1.0008,39.0138],[1.0417,39.0694],[1.0545,39.1021],[1.0733,39.1327],[1.0985,39.1603],[1.1283,39.1836],[1.245,39.25],[1.4652,39.3104],[1.5514,39.317],[1.5945,39.3117],[1.6741,39.2846],[1.7083,39.2636],[1.7371,39.239]],[[1.2284,38.8889],[1.2598,38.876],[1.3201,38.8719],[1.3601,38.8773],[1.5334,38.9497],[1.6025,39.0216],[1.588,39.055],[1.5406,39.1091],[1.5014,39.1093],[1.3749,39.0757],[1.3028,39.0362],[1.2941,38.9645],[1.2343,38.9278],[1.2284,38.8889]],[[1.5073,38.684],[1.5396,38.6615],[1.5797,38.6607],[1.574,38.6908],[1.539,38.6927],[1.5073,38.684],[1.4631,38.7407],[1.44,38.7562],[1.3951,38.7212],[1.4003,38.6757],[1.5073,38.684]]]}},{"type":"Feature","properties":{"code":"ES874","name":"Costa - Sur de Mallorca"},"geometry":{"type":"Polygon","coordinates":[[[2.4358,39.6518],[2.4195,39.632],[2.3734,39.604],[2.355,39.5797],[2.3905,39.5434],[2.4549,39.5292],[2.468,39.4993],[2.4922,39.4853],[2.6213,39.5613],[2.6589,39.5567],[2.7035,39.5403],[2.725,39.5036],[2.7391,39.4121],[2.7814,39.3686],[2.8086,39.3623],[2.9251,39.3621],[2.9615,39.3575],[3.0159,39.3027],[3.0283,39.2787],[2.9732,39.1191],[2.9549,39.0934],[2.868,39.134],[2.8378,39.1563],[2.8089,39.1626],[2.7333,39.1673],[2.6528,39.1924],[2.6178,39.2125],[2.567,39.2575],[2.533,39.2798],[2.4568,39.2779],[2.4139,39.2835],[2.3346,39.3111],[2.3005,39.3322],[2.2708,39.3581],[2.2072,39.3964],[2.179,39.4207],[2.125,39.4817],[2.0984,39.527],[2.0889,39.56],[2.0867,39.5938],[2.092,39.6275],[2.1045,39.6599],[2.124,39.6903],[2.1767,39.7384],[2.2907,39.8062],[2.3215,39.7858],[2.4358,39.6518]]]}},{"type":"Feature","properties":{"code":"ES875","name":"Costa - Sierra Tramontana"},"geometry":{"type":"Polygon","coordinates":[[[2.9145,39.8986],[2.7717,39.8501],[2.5487,39.6962],[2.4646,39.6559],[2.4358,39.6518],[2.3215,39.7858],[2.2907,39.8062],[2.393,39.8568],[2.6427,40.0251],[2.7702,40.0672],[2.8224,40.0775],[2.8351,40.04],[2.9069,39.9276],[2.9145,39.8986]]]}},{"type":"Feature","properties":{"code":"ES876","name":"Costa - Norte y nordeste de Mallorca"},"geometry":{"type":"Polygon","coordinates":[[[3.5413,39.9388],[3.5955,39.8821],[3.7108,39.7443],[3.7098,39.7079],[3.6899,39.5969],[3.6786,39.5655],[3.6607,39.5355],[3.6347,39.5078],[3.6139,39.5365],[3.4571,39.6283],[3.4294,39.629],[3.4468,39.6911],[3.4459,39.726],[3.3676,39.7761],[3.3421,39.7849],[3.26,39.7357],[3.2228,39.7408],[3.1626,39.7634],[3.1381,39.7959],[3.078,39.9118],[3.0505,39.9278],[3.0215,39.9321],[2.9145,39.8986],[2.9069,39.9276],[2.8351,40.04],[2.8224,40.0775],[2.8558,40.0943],[2.9743,40.1294],[3.018,40.1336],[3.1045,40.1249],[3.1729,40.1056],[3.2454,40.0704],[3.2757,40.0458],[3.3278,39.9901],[3.4257,39.9788],[3.5028,39.9485],[3.5413,39.9388]]]}},{"type":"Feature","properties":{"code":"ES877","name":"Costa - Levante mallorquín"},"geometry":{"type":"Polygon","coordinates":[[[3.6347,39.5078],[3.586,39.4444],[3.5387,39.4036],[3.5126,39.3396],[3.4407,39.2449],[3.4137,39.2194],[3.3809,39.1973],[3.2969,39.159],[3.2159,39.1022],[3.1369,39.0747],[3.094,39.0691],[3.0291,39.0713],[2.9974,39.0774],[2.9549,39.0934],[2.9732,39.1191],[3.0283,39.2787],[3.0673,39.2736],[3.1038,39.2923],[3.1374,39.3189],[3.2352,39.3655],[3.2776,39.4257],[3.2883,39.4676],[3.3111,39.5102],[3.3864,39.5727],[3.4294,39.629],[3.4571,39.6283],[3.6139,39.5365],[3.6347,39.5078]]]}},{"type":"Feature","properties":{"code":"ES878","name":"Costa - Menorca"},"geometry":{"type":"Polygon","coordinates":[[[3.7108,39.7443],[3.5955,39.8821],[3.5413,39.9388],[3.5333,40.0131],[3.5356,40.0469],[3.5453,40.0799],[3.5622,40.1111],[3.5857,40.1398],[3.6151,40.1649],[3.651,40.1864],[3.7548,40.2314],[3.8308,40.2528],[3.8755,40.2566],[4.1753,40.2561],[4.2554,40.2436],[4.2952,40.2291],[4.4212,40.1489],[4.4747,40.1025],[4.4962,40.0712],[4.5441,39.9756],[4.5677,39.9144],[4.5704,39.8807],[4.5658,39.8471],[4.5522,39.8114],[4.5017,39.7215],[4.4803,39.6936],[4.4522,39.6678],[4.4188,39.6459],[4.3404,39.6168],[4.2538,39.6092],[4.2213,39.6125],[4.1807,39.6211],[4.0835,39.6524],[3.942,39.7198],[3.7739,39.7287],[3.7108,39.7443]],[[4.3063,39.8809],[4.2949,39.9189],[4.2515,39.9981],[4.182,40.0452],[4.1558,40.057],[3.9085,40.0574],[3.8708,40.0526],[3.8317,40.036],[3.8024,40.0114],[3.8256,39.9765],[3.8343,39.9304],[4.0297,39.9159],[4.1782,39.8406],[4.2413,39.8173],[4.2773,39.8226],[4.3063,39.8809]]]}},{"type":"Feature","properties":{"code":"ES879","name":"Costa - El Hierro"},"geometry":{"type":"Polygon","coordinates":[[[-18.2792,27.9189],[-18.1429,27.9779],[-18.0138,28.0421],[-17.9863,28.0435],[-17.8293,28.0229],[-17.7946,28.0117],[-17.6948,27.8773],[-17.6905,27.8361],[-17.7276,27.6763],[-17.7403,27.6392],[-17.8292,27.4969],[-17.8576,27.474],[-17.9593,27.435],[-17.9958,27.4278],[-18.2804,27.5406],[-18.2985,27.5616],[-18.3714,27.7255],[-18.3019,27.8948],[-18.2792,27.9189]],[[-18.1267,27.7654],[-18.157,27.7244],[-18.1371,27.7056],[-18.0383,27.6727],[-18.0127,27.6575],[-17.9823,27.6502],[-17.9424,27.735],[-17.8936,27.7902],[-17.9039,27.835],[-17.9293,27.8481],[-17.9832,27.8198],[-18.043,27.7672],[-18.1267,27.7654]]]}},{"type":"Feature","properties":{"code":"ES880","name":"Costa - Oeste de La Palma"},"geometry":{"type":"Polygon","coordinates":[[[-17.7929,29.0488],[-17.8098,28.8764],[-17.8073,28.844],[-17.9098,28.8478],[-17.9915,28.7879],[-18.0033,28.7564],[-17.8798,28.5021],[-17.8566,28.4691],[-17.8023,28.518],[-17.6438,28.4415],[-17.6243,28.4189],[-17.6904,28.3264],[-17.801,28.2626],[-17.8325,28.2503],[-17.9197,28.2609],[-17.9475,28.2685],[-18.02,28.328],[-18.0434,28.3535],[-18.1991,28.6676],[-18.2096,28.722],[-18.2146,28.7989],[-18.2127,28.8437],[-18.14,28.9419],[-17.9752,29.0504],[-17.9451,29.0551],[-17.7929,29.0488]]]}},{"type":"Feature","properties":{"code":"ES881","name":"Costa - Este de La Palma"},"geometry":{"type":"Polygon","coordinates":[[[-17.6243,28.4189],[-17.6438,28.4415],[-17.8023,28.518],[-17.7749,28.5522],[-17.7304,28.7508],[-17.7755,28.8317],[-17.8073,28.844],[-17.8098,28.8764],[-17.7929,29.0488],[-17.7621,29.0475],[-17.7321,29.0392],[-17.6531,29.0076],[-17.6291,28.9795],[-17.5455,28.8576],[-17.5296,28.8072],[-17.5131,28.7018],[-17.5565,28.5205],[-17.569,28.4862],[-17.6243,28.4189]]]}},{"type":"Feature","properties":{"code":"ES882","name":"Costa - La Gomera"},"geometry":{"type":"Polygon","coordinates":[[[-17.1376,28.3878],[-16.9408,27.9726],[-16.9723,27.9531],[-17.0654,27.8668],[-17.0999,27.8499],[-17.2203,27.8217],[-17.263,27.8178],[-17.381,27.8632],[-17.4172,27.8813],[-17.4974,27.9634],[-17.52,27.9963],[-17.5509,28.1448],[-17.553,28.1918],[-17.4861,28.3109],[-17.4621,28.345],[-17.376,28.3969],[-17.3444,28.4093],[-17.1735,28.3994],[-17.1376,28.3878]],[[-17.1151,28.1142],[-17.141,28.1522],[-17.1692,28.1755],[-17.228,28.2003],[-17.3054,28.2038],[-17.3427,28.1491],[-17.3376,28.1133],[-17.3272,28.0853],[-17.3089,28.0614],[-17.2465,28.0326],[-17.2012,28.0354],[-17.1634,28.0497],[-17.1358,28.0779],[-17.1151,28.1142]]]}},{"type":"Feature","properties":{"code":"ES883","name":"Costa - Norte de Tenerife"},"geometry":{"type":"Polygon","coordinates":[[[-16.4267,28.4917],[-16.5084,28.4279],[-16.6506,28.3929],[-16.8085,28.3868],[-16.8936,28.3638],[-16.9184,28.3513],[-16.8709,28.2737],[-17.0174,28.2002],[-17.0437,28.1948],[-17.1376,28.3878],[-17.1291,28.4163],[-17.0825,28.4931],[-17.0525,28.5118],[-16.9122,28.5783],[-16.8877,28.5871],[-16.6632,28.6061],[-16.5989,28.6276],[-16.5669,28.6509],[-16.5328,28.6258],[-16.4267,28.4917]]]}},{"type":"Feature","properties":{"code":"ES884","name":"Costa - Nrea metropolitana de Tenerife"},"geometry":{"type":"Polygon","coordinates":[[[-16.1742,28.2606],[-16.3678,28.3621],[-16.3494,28.3863],[-16.14,28.5373],[-16.1481,28.57],[-16.1694,28.5848],[-16.2406,28.5671],[-16.2756,28.574],[-16.3113,28.5669],[-16.405,28.5294],[-16.4267,28.4917],[-16.5328,28.6258],[-16.5669,28.6509],[-16.525,28.6971],[-16.4859,28.7242],[-16.3338,28.7798],[-16.1647,28.7963],[-16.1328,28.7932],[-16.0203,28.735],[-15.9875,28.712],[-15.9171,28.5853],[-15.9253,28.4928],[-15.9352,28.4519],[-15.9748,28.397],[-16.005,28.3684],[-16.1463,28.2686],[-16.1742,28.2606]]]}},{"type":"Feature","properties":{"code":"ES885","name":"Costa - Este, sur y oeste de Tenerife"},"geometry":{"type":"Polygon","coordinates":[[[-16.1742,28.2606],[-16.1759,28.227],[-16.2418,28.0747],[-16.3294,27.9559],[-16.3594,27.9239],[-16.504,27.8339],[-16.5407,27.8226],[-16.7336,27.8104],[-16.8439,27.8707],[-16.9408,27.9726],[-17.0437,28.1948],[-17.0174,28.2002],[-16.8709,28.2737],[-16.847,28.245],[-16.8244,28.189],[-16.7896,28.1338],[-16.7327,28.0614],[-16.7072,28.0344],[-16.6808,28.0179],[-16.6454,28.0117],[-16.5652,28.0342],[-16.4952,28.0866],[-16.4682,28.1146],[-16.4331,28.1694],[-16.3926,28.2542],[-16.3665,28.3246],[-16.3678,28.3621],[-16.1742,28.2606]]]}},{"type":"Feature","properties":{"code":"ES886","name":"Costa - Este, sur y oeste de Gran Canaria"},"geometry":{"type":"Polygon","coordinates":[[[-15.7176,28.0755],[-15.7665,28.0385],[-15.8,28.0204],[-15.8172,27.9862],[-15.8296,27.9294],[-15.8172,27.8886],[-15.7736,27.8217],[-15.7515,27.8027],[-15.6949,27.7673],[-15.6049,27.7399],[-15.5687,27.7451],[-15.5389,27.7675],[-15.4547,27.7938],[-15.4296,27.8058],[-15.4073,27.8362],[-15.3731,27.9593],[-15.3676,27.9935],[-15.3894,28.0173],[-15.3745,28.0396],[-15.205,28.1853],[-15.1919,28.153],[-15.1519,27.9789],[-15.1836,27.8493],[-15.2291,27.719],[-15.3249,27.6207],[-15.3607,27.6008],[-15.4781,27.5473],[-15.6279,27.5288],[-15.7735,27.5701],[-15.9135,27.6614],[-15.9329,27.6868],[-16.0329,27.8687],[-16.0336,27.9002],[-16.0182,28.038],[-16.0086,28.0828],[-15.924,28.1976],[-15.904,28.2137],[-15.7524,28.092],[-15.7176,28.0755]]]}},{"type":"Feature","properties":{"code":"ES887","name":"Costa - Norte de Gran Canaria"},"geometry":{"type":"Polygon","coordinates":[[[-15.205,28.1853],[-15.3745,28.0396],[-15.3894,28.0173],[-15.4141,28.0505],[-15.4154,28.0856],[-15.4074,28.1206],[-15.4183,28.1634],[-15.4646,28.1309],[-15.5187,28.1466],[-15.5938,28.1475],[-15.6838,28.1601],[-15.7176,28.0755],[-15.7524,28.092],[-15.904,28.2137],[-15.8897,28.2482],[-15.8541,28.3005],[-15.8315,28.3237],[-15.7197,28.3675],[-15.6839,28.3771],[-15.5903,28.3619],[-15.5486,28.3606],[-15.4027,28.3812],[-15.3647,28.3807],[-15.2738,28.3244],[-15.2479,28.3028],[-15.21,28.2129],[-15.205,28.1853]]]}},{"type":"Feature","properties":{"code":"ES888","name":"Costa - Fuerteventura"},"geometry":{"type":"Polygon","coordinates":[[[-13.5759,28.7103],[-13.6446,28.4086],[-13.6944,28.2231],[-13.7084,28.1898],[-13.8437,28.0571],[-14.0895,27.9767],[-14.1782,27.8945],[-14.3372,27.8402],[-14.3751,27.8383],[-14.5819,27.8696],[-14.6145,27.8957],[-14.7043,27.9843],[-14.71,28.0345],[-14.6988,28.1691],[-14.6429,28.2508],[-14.6211,28.2743],[-14.4164,28.3488],[-14.3391,28.5221],[-14.1813,28.8365],[-14.1076,28.9004],[-14.0811,28.9133],[-13.5998,28.7285],[-13.5759,28.7103]],[[-13.8741,28.3505],[-13.8461,28.5098],[-13.8301,28.5556],[-13.8289,28.6092],[-13.833,28.6605],[-13.8515,28.7308],[-13.8738,28.7467],[-13.905,28.7475],[-13.9643,28.7326],[-14.0015,28.7158],[-14.019,28.682],[-14.0657,28.5477],[-14.0946,28.4882],[-14.1446,28.4275],[-14.1753,28.3577],[-14.2054,28.3056],[-14.2165,28.2249],[-14.2615,28.1835],[-14.3507,28.127],[-14.4099,28.1078],[-14.4826,28.1063],[-14.505,28.0748],[-14.4716,28.0625],[-14.3346,28.0486],[-14.3013,28.072],[-14.2084,28.1611],[-13.961,28.2331],[-13.9017,28.2731],[-13.8741,28.3505]]]}},{"type":"Feature","properties":{"code":"ES889","name":"Costa - Lanzarote"},"geometry":{"type":"Polygon","coordinates":[[[-13.5759,28.7103],[-13.5998,28.7285],[-14.0811,28.9133],[-14.0764,28.951],[-14.004,29.1323],[-13.9792,29.158],[-13.8786,29.2383],[-13.7605,29.3066],[-13.7481,29.415],[-13.7198,29.497],[-13.6986,29.5269],[-13.5717,29.6112],[-13.5398,29.614],[-13.4163,29.5951],[-13.376,29.5815],[-13.2866,29.4675],[-13.2734,29.4262],[-13.2597,29.3329],[-13.2151,29.2439],[-13.2061,29.2118],[-13.2393,29.056],[-13.2743,28.9271],[-13.3695,28.8243],[-13.5446,28.7346],[-13.5759,28.7103]],[[-13.4945,29.2213],[-13.5303,29.1408],[-13.5584,29.1209],[-13.586,29.1332],[-13.6468,29.1235],[-13.6812,29.108],[-13.813,29.0286],[-13.8312,28.9566],[-13.8686,28.8998],[-13.8704,28.8653],[-13.7941,28.8501],[-13.7635,28.8586],[-13.7326,28.8915],[-13.7053,28.9127],[-13.6426,28.9212],[-13.4869,28.9991],[-13.4679,29.0298],[-13.4569,29.0635],[-13.4478,29.1455],[-13.4318,29.173],[-13.426,29.1989],[-13.4597,29.2274],[-13.4945,29.2213],[-13.4899,29.2478],[-13.4758,29.2699],[-13.5119,29.2776],[-13.5351,29.2249],[-13.4945,29.2213]]]}},{"type":"Feature","properties":{"code":"ES890","name":"Costa - Ampurdan"},"geometry":{"type":"Polygon","coordinates":[[[3.2585,41.6779],[3.1034,41.7926],[3.077,41.8168],[3.1038,41.8364],[3.1954,41.8867],[3.2138,41.9187],[3.2263,41.9575],[3.2056,41.999],[3.2081,42.0647],[3.1325,42.121],[3.1206,42.1745],[3.1227,42.2269],[3.1533,42.2554],[3.1831,42.2513],[3.2118,42.2355],[3.2423,42.2396],[3.2735,42.2504],[3.2926,42.2769],[3.3076,42.3086],[3.2821,42.3281],[3.1471,42.3843],[3.1214,42.4099],[3.1547,42.4251],[3.3182,42.5341],[3.3576,42.5244],[3.4472,42.4888],[3.5154,42.4465],[3.542,42.419],[3.562,42.3887],[3.5748,42.3562],[3.5799,42.3226],[3.5774,42.2888],[3.5679,42.2574],[3.5288,42.1762],[3.4822,42.1148],[3.4828,42.036],[3.4938,42.0048],[3.499,41.9712],[3.4965,41.9374],[3.4556,41.8266],[3.4399,41.7994],[3.4158,41.7708],[3.3856,41.7456],[3.2824,41.6869],[3.2585,41.6779]]]}}]}