{"type":"FeatureCollection","features":[{"type":"Feature","properties":{"code":"LT001","name":"Alytaus apskritis"},"geometry":{"type":"Polygon","coordinates":[[[24.7758,53.9801],[24.7474,53.9667],[24.4551,53.8989],[23.7637,53.9184],[23.5937,53.9332],[23.5337,53.9574],[23.5026,53.9648],[23.5083,53.9947],[23.5207,54.0259],[23.5259,54.063],[23.5155,54.1],[23.4781,54.1621],[23.3781,54.2306],[23.3174,54.265],[23.3404,54.2948],[23.491,54.4454],[23.5189,54.4648],[24.0101,54.4959],[24.3306,54.5257],[24.3459,54.5002],[24.4347,54.4334],[24.473,54.4249],[24.9615,54.4353],[24.9952,54.4252],[24.9791,54.3855],[24.7758,53.9801]]]}},{"type":"Feature","properties":{"code":"LT002","name":"Kauno apskritis"},"geometry":{"type":"Polygon","coordinates":[[[23.8853,55.5553],[24.4352,55.3852],[24.7122,54.8467],[24.7226,54.8152],[24.6961,54.7923],[24.3623,54.5536],[24.3306,54.5257],[24.0101,54.4959],[23.7905,54.4849],[23.7766,54.5149],[23.4172,55.065],[23.429,55.0954],[23.4743,55.1555],[23.4899,55.191],[23.4534,55.2014],[22.9001,55.2937],[22.8644,55.3039],[22.7095,55.4406],[22.6857,55.4686],[23.3235,55.5185],[23.8853,55.5553]]]}},{"type":"Feature","properties":{"code":"LT003","name":"Klaipedos apskritis"},"geometry":{"type":"Polygon","coordinates":[[[21.8453,55.5497],[21.9732,55.4448],[21.9893,55.4193],[21.6797,55.1455],[21.6531,55.1487],[21.2704,55.2474],[21.2895,55.2696],[21.2931,55.3156],[21.2537,55.4602],[21.2402,55.5005],[21.2201,55.5331],[21.1435,55.6369],[21.1324,55.6137],[21.1128,55.4484],[21.1027,55.4105],[21.0675,55.3624],[20.9843,55.2796],[20.9597,55.2912],[21.0083,55.3466],[21.0589,55.4327],[21.0908,55.5146],[21.0984,55.5484],[21.1043,55.6162],[21.1005,55.6848],[21.072,55.7866],[21.051,55.9138],[21.063,56.036],[21.0541,56.0674],[21.0918,56.0807],[21.3339,56.2126],[21.5022,56.2924],[21.6369,56.3293],[21.9384,56.4002],[21.9458,56.3669],[21.9257,56.1525],[21.9127,56.1096],[21.544,55.8325],[21.5197,55.809],[21.5371,55.7889],[21.8453,55.5497]]]}},{"type":"Feature","properties":{"code":"LT004","name":"Marijampoles apskritis"},"geometry":{"type":"Polygon","coordinates":[[[23.4172,55.065],[23.7766,54.5149],[23.7905,54.4849],[23.5189,54.4648],[23.491,54.4454],[23.3404,54.2948],[23.3174,54.265],[23.2832,54.2739],[23.2139,54.3019],[23.1694,54.3094],[23.1507,54.3274],[23.0116,54.3833],[22.974,54.3906],[22.8633,54.4021],[22.8267,54.3947],[22.7729,54.3639],[22.7533,54.4021],[22.6986,54.4689],[22.6898,54.5488],[22.6973,54.5932],[22.7533,54.6878],[22.8594,54.7823],[22.8784,54.8279],[22.8466,54.889],[22.6183,55.0412],[22.5871,55.0671],[23.3859,55.0728],[23.4172,55.065]]]}},{"type":"Feature","properties":{"code":"LT005","name":"Panevežio apskritis"},"geometry":{"type":"Polygon","coordinates":[[[25.8337,56.0486],[26.012,55.9685],[26.1123,55.9107],[26.1426,55.8866],[24.742,55.6712],[24.7054,55.6558],[24.66,55.4916],[24.6394,55.4578],[24.4634,55.4013],[24.4352,55.3852],[23.8853,55.5553],[23.8915,55.5839],[24.157,56.114],[24.1482,56.1419],[24.0414,56.2938],[24.0272,56.3223],[24.0677,56.3293],[24.6491,56.3758],[24.87,56.4412],[24.9152,56.4333],[25.0573,56.2599],[25.069,56.2323],[25.1066,56.217],[25.8337,56.0486]]]}},{"type":"Feature","properties":{"code":"LT006","name":"Šiauliu apskritis"},"geometry":{"type":"Polygon","coordinates":[[[24.0272,56.3223],[24.0414,56.2938],[24.1482,56.1419],[24.157,56.114],[23.8915,55.5839],[23.8853,55.5553],[23.3235,55.5185],[22.6857,55.4686],[22.6582,55.487],[22.4907,55.6501],[22.5071,55.6775],[22.6767,55.8847],[22.6791,55.9244],[22.6239,56.3744],[22.6263,56.4063],[22.723,56.4024],[22.7554,56.4097],[22.9003,56.3948],[23.414,56.3691],[24.0272,56.3223]]]}},{"type":"Feature","properties":{"code":"LT007","name":"Taurages apskritis"},"geometry":{"type":"Polygon","coordinates":[[[22.6857,55.4686],[22.7095,55.4406],[22.8644,55.3039],[22.9001,55.2937],[23.4534,55.2014],[23.4899,55.191],[23.4743,55.1555],[23.429,55.0954],[23.4172,55.065],[23.3859,55.0728],[22.5528,55.0676],[22.3275,55.0632],[22.0592,55.0457],[22.0214,55.0477],[21.7077,55.1338],[21.6797,55.1455],[21.9893,55.4193],[21.9732,55.4448],[21.8453,55.5497],[21.8813,55.5658],[22.4907,55.6501],[22.6582,55.487],[22.6857,55.4686]]]}},{"type":"Feature","properties":{"code":"LT008","name":"Telšiu apskritis"},"geometry":{"type":"Polygon","coordinates":[[[22.6263,56.4063],[22.6239,56.3744],[22.6791,55.9244],[22.6767,55.8847],[22.5071,55.6775],[22.4907,55.6501],[21.8813,55.5658],[21.8453,55.5497],[21.5371,55.7889],[21.5197,55.809],[21.544,55.8325],[21.9127,56.1096],[21.9257,56.1525],[21.9458,56.3669],[21.9384,56.4002],[21.9991,56.4143],[22.1431,56.4255],[22.6263,56.4063]]]}},{"type":"Feature","properties":{"code":"LT009","name":"Utenos apskritis"},"geometry":{"type":"Polygon","coordinates":[[[26.6401,55.6683],[26.4994,55.3425],[26.528,55.3311],[26.7788,55.3107],[26.8168,55.296],[26.7796,55.2543],[26.7497,55.2288],[25.7485,55.3052],[25.7374,55.1827],[25.7383,55.0593],[25.3558,55.0328],[25.3148,55.0421],[24.691,55.4837],[24.66,55.4916],[24.7054,55.6558],[24.742,55.6712],[26.1426,55.8866],[26.174,55.8745],[26.2232,55.8406],[26.2506,55.7903],[26.2723,55.7648],[26.3728,55.7129],[26.6401,55.6683]]]}},{"type":"Feature","properties":{"code":"LT010","name":"Vilniaus apskritis"},"geometry":{"type":"Polygon","coordinates":[[[26.7497,55.2288],[26.705,55.1784],[26.669,55.164],[26.4433,55.1416],[26.4174,55.134],[25.8915,54.9325],[25.8488,54.9071],[25.7617,54.8248],[25.7406,54.793],[25.6572,54.6193],[25.5471,54.3875],[25.5384,54.355],[25.5667,54.3444],[25.6673,54.3252],[25.6969,54.3065],[25.7777,54.2347],[25.7553,54.2101],[25.6544,54.135],[25.6309,54.1589],[25.5703,54.2607],[25.529,54.2778],[25.4811,54.2888],[25.4391,54.2776],[24.8437,53.9969],[24.8096,53.9851],[24.7758,53.9801],[24.9791,54.3855],[24.9952,54.4252],[24.9615,54.4353],[24.473,54.4249],[24.4347,54.4334],[24.3459,54.5002],[24.3306,54.5257],[24.3623,54.5536],[24.7226,54.8152],[24.7122,54.8467],[24.4352,55.3852],[24.4634,55.4013],[24.6394,55.4578],[24.66,55.4916],[24.691,55.4837],[25.3148,55.0421],[25.3558,55.0328],[25.7383,55.0593],[25.7374,55.1827],[25.7485,55.3052],[26.7497,55.2288]]]}},{"type":"Feature","properties":{"code":"LT011","name":"Alytaus m. sav."},"geometry":{"type":"Polygon","coordinates":[[[24.0117,54.4427],[24.0415,54.4333],[24.0494,54.4385],[24.0729,54.4407],[24.0659,54.4337],[24.045,54.4282],[24.0401,54.4201],[24.0616,54.4219],[24.073,54.4151],[24.0686,54.4108],[24.0756,54.4051],[24.0849,54.4072],[24.1023,54.397],[24.0806,54.3927],[24.0898,54.3861],[24.0916,54.3681],[24.0733,54.376],[24.0636,54.3636],[24.0318,54.3774],[24.0171,54.3787],[24.0008,54.3689],[23.9852,54.3711],[23.9948,54.3832],[24.0034,54.3855],[23.9984,54.3924],[23.9586,54.3938],[24.0016,54.4103],[24.0056,54.419],[24.0018,54.4297],[24.0117,54.4427]]]}},{"type":"Feature","properties":{"code":"LT012","name":"Birštono sav."},"geometry":{"type":"Polygon","coordinates":[[[23.9838,54.6486],[23.9975,54.6439],[24.0153,54.6185],[24.0222,54.6239],[24.0337,54.6198],[24.0656,54.6225],[24.0646,54.6127],[24.0884,54.6084],[24.0914,54.5959],[24.1035,54.5963],[24.0987,54.5887],[24.1077,54.5853],[24.109,54.5883],[24.113,54.5889],[24.1123,54.5833],[24.128,54.5833],[24.144,54.5754],[24.154,54.577],[24.1452,54.5664],[24.1519,54.5648],[24.1409,54.554],[24.1468,54.5514],[24.1437,54.5478],[24.152,54.5508],[24.1723,54.5407],[24.1698,54.5368],[24.1289,54.5386],[24.1017,54.5262],[24.099,54.5404],[24.0818,54.5518],[24.0625,54.5546],[24.0297,54.5508],[24.0106,54.5441],[23.9921,54.5164],[24.011,54.5115],[24.0105,54.5025],[23.9828,54.4906],[23.9528,54.4986],[23.9263,54.5169],[23.8865,54.5322],[23.8938,54.5429],[23.9327,54.5579],[23.9542,54.5602],[23.9762,54.5717],[23.987,54.5881],[24.0104,54.5865],[24.0157,54.5906],[24.0154,54.5966],[24.0072,54.6032],[23.9775,54.6066],[23.9579,54.624],[23.9653,54.6309],[23.9593,54.636],[23.9666,54.6423],[23.9633,54.6447],[23.9838,54.6486]]]}},{"type":"Feature","properties":{"code":"LT013","name":"Vilniaus m. sav."},"geometry":{"type":"Polygon","coordinates":[[[25.3151,54.8318],[25.32,54.8257],[25.3344,54.8236],[25.3215,54.8182],[25.3315,54.8095],[25.3502,54.8084],[25.3494,54.8141],[25.3509,54.8144],[25.3594,54.8063],[25.3565,54.8189],[25.3662,54.826],[25.359,54.82],[25.3607,54.8164],[25.3774,54.8158],[25.3772,54.8058],[25.4096,54.8054],[25.416,54.8037],[25.4157,54.7992],[25.455,54.8017],[25.4515,54.7409],[25.4405,54.7441],[25.4271,54.739],[25.4256,54.7299],[25.412,54.7282],[25.4083,54.7179],[25.412,54.7184],[25.4136,54.7121],[25.4271,54.7091],[25.4275,54.7158],[25.4519,54.7056],[25.4644,54.7084],[25.4602,54.6968],[25.4796,54.697],[25.4803,54.686],[25.4494,54.6853],[25.4456,54.6817],[25.4511,54.6783],[25.437,54.6737],[25.4094,54.6807],[25.4042,54.6698],[25.3826,54.664],[25.3628,54.6397],[25.3237,54.6486],[25.3198,54.6456],[25.3206,54.6313],[25.3278,54.6265],[25.3207,54.6255],[25.3215,54.6177],[25.3309,54.6097],[25.3137,54.6027],[25.3141,54.5994],[25.2876,54.5928],[25.2403,54.5927],[25.2365,54.5837],[25.2494,54.5769],[25.2407,54.5748],[25.2333,54.5766],[25.2338,54.5822],[25.2251,54.5878],[25.2115,54.5879],[25.2007,54.6007],[25.1733,54.6067],[25.1628,54.5996],[25.1775,54.5979],[25.1851,54.5914],[25.1864,54.5695],[25.1571,54.5709],[25.1381,54.5791],[25.1287,54.5788],[25.1316,54.5737],[25.1213,54.5697],[25.1154,54.5787],[25.0926,54.5898],[25.1144,54.5923],[25.1154,54.6011],[25.1111,54.6038],[25.0993,54.609],[25.084,54.6052],[25.0785,54.599],[25.0661,54.6196],[25.0246,54.6232],[25.0764,54.6395],[25.0682,54.6428],[25.0744,54.6439],[25.0742,54.6556],[25.1101,54.6559],[25.1036,54.6604],[25.1113,54.6638],[25.0795,54.6646],[25.0719,54.674],[25.0682,54.6903],[25.1111,54.6736],[25.1423,54.6814],[25.1598,54.6804],[25.166,54.6726],[25.1792,54.6733],[25.1918,54.6831],[25.1801,54.7012],[25.1348,54.6954],[25.101,54.7022],[25.1132,54.709],[25.1348,54.7061],[25.1489,54.7114],[25.1526,54.715],[25.1476,54.7247],[25.1543,54.7297],[25.1873,54.7216],[25.1884,54.7154],[25.1992,54.7131],[25.2008,54.726],[25.2057,54.7282],[25.205,54.7453],[25.1933,54.7415],[25.195,54.7359],[25.1903,54.7359],[25.1765,54.7437],[25.181,54.7445],[25.1737,54.7476],[25.1747,54.7534],[25.1825,54.7489],[25.203,54.7595],[25.2141,54.7502],[25.2183,54.7562],[25.2408,54.7574],[25.2479,54.7667],[25.2682,54.7727],[25.265,54.777],[25.2848,54.7744],[25.2845,54.7785],[25.2741,54.7783],[25.2757,54.7942],[25.2884,54.7954],[25.2891,54.8084],[25.294,54.8096],[25.2852,54.8136],[25.2876,54.8207],[25.284,54.8224],[25.3151,54.8318]]]}},{"type":"Feature","properties":{"code":"LT015","name":"Druskininkų sav."},"geometry":{"type":"Polygon","coordinates":[[[23.8889,54.1807],[23.9047,54.1728],[23.9247,54.1793],[23.945,54.1737],[23.9777,54.1746],[24.0021,54.1613],[23.9948,54.1574],[23.9908,54.1371],[23.9993,54.132],[23.9668,54.1295],[23.9856,54.122],[23.969,54.1224],[23.9608,54.117],[23.9639,54.1057],[23.99,54.1091],[23.9951,54.1163],[24.0172,54.109],[24.0171,54.1024],[24.0272,54.1008],[24.0261,54.0954],[24.0308,54.0928],[24.0181,54.0927],[24.0072,54.0787],[24.0303,54.0702],[24.0361,54.078],[24.0493,54.0803],[24.0752,54.0712],[24.1311,54.063],[24.1612,54.0722],[24.1766,54.0643],[24.1989,54.0652],[24.2048,53.9995],[24.1903,53.9985],[24.2016,53.97],[24.1542,53.9611],[24.1422,53.9538],[24.1145,53.958],[24.1035,53.9507],[24.1031,53.9405],[23.9829,53.924],[23.9683,53.9267],[23.9655,53.9349],[23.9717,53.9332],[23.9705,53.9415],[23.9614,53.9545],[23.9354,53.9584],[23.913,53.9697],[23.9072,53.966],[23.9067,53.9526],[23.8853,53.9435],[23.874,53.9443],[23.8593,53.9539],[23.834,53.953],[23.8284,53.9622],[23.8012,53.9812],[23.8334,53.9968],[23.846,54.0116],[23.8625,54.021],[23.8596,54.0301],[23.8467,54.018],[23.8344,54.0281],[23.841,54.0418],[23.851,54.0482],[23.8372,54.0628],[23.8412,54.0726],[23.8512,54.0775],[23.8537,54.0891],[23.7989,54.1062],[23.8055,54.1186],[23.7992,54.128],[23.8082,54.135],[23.802,54.1438],[23.8303,54.1473],[23.8292,54.1522],[23.8573,54.1575],[23.8745,54.1553],[23.889,54.1688],[23.8889,54.1807]]]}},{"type":"Feature","properties":{"code":"LT018","name":"Marijampolės sav."},"geometry":{"type":"Polygon","coordinates":[[[23.4614,54.7069],[23.4869,54.7042],[23.4829,54.6958],[23.4913,54.6738],[23.5157,54.6717],[23.5172,54.6681],[23.5106,54.6668],[23.5137,54.6585],[23.5219,54.659],[23.5442,54.639],[23.5403,54.6352],[23.5447,54.6313],[23.5571,54.6444],[23.5633,54.6425],[23.5806,54.6494],[23.5868,54.6463],[23.6176,54.6502],[23.6339,54.6437],[23.6523,54.6462],[23.6724,54.6401],[23.6252,54.6288],[23.6294,54.6214],[23.6471,54.6243],[23.6368,54.6134],[23.6752,54.6163],[23.6992,54.5936],[23.6583,54.5826],[23.6807,54.5596],[23.6944,54.5562],[23.7028,54.5414],[23.7497,54.5498],[23.7566,54.5419],[23.7594,54.5265],[23.7938,54.5031],[23.7823,54.4973],[23.7844,54.4907],[23.7585,54.4788],[23.7515,54.4657],[23.7252,54.4728],[23.7139,54.4839],[23.684,54.4742],[23.6755,54.4838],[23.669,54.5026],[23.6568,54.5119],[23.6434,54.5136],[23.624,54.5082],[23.613,54.4868],[23.5983,54.4868],[23.5311,54.4662],[23.5106,54.4662],[23.512,54.4143],[23.4881,54.4148],[23.4541,54.3987],[23.433,54.4014],[23.4434,54.3924],[23.4382,54.3896],[23.4417,54.3867],[23.4386,54.3779],[23.4447,54.3658],[23.3998,54.3679],[23.3915,54.3957],[23.3952,54.3961],[23.315,54.4202],[23.3134,54.427],[23.345,54.4253],[23.35,54.431],[23.3421,54.438],[23.3143,54.4425],[23.3155,54.4541],[23.3307,54.4627],[23.3333,54.4739],[23.2728,54.4778],[23.2595,54.4603],[23.1534,54.4881],[23.16,54.5034],[23.1695,54.506],[23.1683,54.5116],[23.1939,54.5094],[23.1911,54.5139],[23.2097,54.5412],[23.1825,54.5531],[23.1877,54.577],[23.2268,54.5822],[23.2567,54.5715],[23.2631,54.5758],[23.2639,54.5841],[23.2966,54.6145],[23.2919,54.6158],[23.3152,54.6675],[23.3335,54.6656],[23.3442,54.6728],[23.3453,54.6919],[23.3533,54.6908],[23.3571,54.7002],[23.3808,54.7028],[23.4011,54.6911],[23.4284,54.7013],[23.4344,54.701],[23.4366,54.696],[23.4563,54.6946],[23.4614,54.7069]]]}},{"type":"Feature","properties":{"code":"LT019","name":"Kauno m. sav."},"geometry":{"type":"Polygon","coordinates":[[[23.9135,54.9596],[23.9551,54.9585],[23.9539,54.9518],[23.96,54.9489],[23.9573,54.9472],[23.9692,54.9455],[23.9784,54.9369],[23.9947,54.9388],[23.9759,54.9344],[23.9769,54.9301],[24.0457,54.9275],[24.049,54.923],[24.0686,54.9258],[24.1003,54.9126],[24.0773,54.9138],[24.0493,54.899],[24.0141,54.8569],[24.0332,54.8517],[24.0417,54.8441],[24.0268,54.8352],[24.0108,54.8427],[23.9873,54.8341],[23.9762,54.8359],[23.9689,54.8438],[23.9583,54.8363],[23.9223,54.8207],[23.936,54.831],[23.9277,54.8511],[23.8843,54.8569],[23.8803,54.8463],[23.8641,54.8484],[23.8674,54.8537],[23.8565,54.8576],[23.8426,54.8507],[23.8297,54.8682],[23.8698,54.8765],[23.8699,54.8878],[23.8641,54.8976],[23.8209,54.903],[23.8231,54.9059],[23.8069,54.9083],[23.7533,54.9309],[23.793,54.9282],[23.8043,54.9571],[23.8121,54.9452],[23.8287,54.948],[23.8292,54.9415],[23.8564,54.9408],[23.8786,54.9474],[23.8807,54.9531],[23.9014,54.9512],[23.9135,54.9596]]]}},{"type":"Feature","properties":{"code":"LT021","name":"Klaipėdos m. sav."},"geometry":{"type":"Polygon","coordinates":[[[21.1379,55.7963],[21.1355,55.7715],[21.1539,55.7669],[21.1706,55.7529],[21.2209,55.6778],[21.2346,55.6831],[21.237,55.68],[21.223,55.6748],[21.2398,55.6501],[21.2307,55.6486],[21.2336,55.6451],[21.1758,55.6429],[21.1959,55.6139],[21.1894,55.6128],[21.172,55.6348],[21.1345,55.6324],[21.1309,55.6644],[21.1346,55.6728],[21.1032,55.667],[21.0941,55.7223],[21.0759,55.7267],[21.0859,55.7333],[21.0768,55.7769],[21.0949,55.7791],[21.0983,55.7739],[21.118,55.7807],[21.1379,55.7963]]]}},{"type":"Feature","properties":{"code":"LT023","name":"Neringos sav."},"geometry":{"type":"Polygon","coordinates":[[[21.134,55.673],[21.1309,55.6644],[21.1338,55.6335],[21.1415,55.6328],[21.1513,55.5964],[21.1452,55.5662],[21.1235,55.5245],[21.1301,55.4878],[21.1049,55.4398],[21.1215,55.4213],[21.1136,55.3983],[21.0685,55.3278],[21.033,55.3053],[21.0187,55.2712],[20.954,55.2808],[21.0264,55.3716],[21.0646,55.4393],[21.0992,55.5438],[21.1063,55.6092],[21.1032,55.667],[21.134,55.673]]]}},{"type":"Feature","properties":{"code":"LT025","name":"Palangos m. sav."},"geometry":{"type":"Polygon","coordinates":[[[21.1227,56.0772],[21.1186,56.0465],[21.1389,56.0449],[21.1357,56.0329],[21.1193,56.0327],[21.1123,56.0116],[21.1226,56.0123],[21.1279,55.9978],[21.1256,55.9772],[21.1212,55.9728],[21.1257,55.9634],[21.1221,55.9591],[21.13,55.9548],[21.1228,55.9534],[21.117,55.9448],[21.1239,55.9444],[21.1271,55.9374],[21.1064,55.9097],[21.0998,55.9094],[21.1052,55.9054],[21.0898,55.8698],[21.0935,55.8612],[21.0811,55.864],[21.084,55.8577],[21.0583,55.8552],[21.0483,55.9191],[21.0595,55.9366],[21.0704,55.973],[21.0723,56.0405],[21.0647,56.0692],[21.1227,56.0772]]]}},{"type":"Feature","properties":{"code":"LT027","name":"Panevėžio m. sav."},"geometry":{"type":"Polygon","coordinates":[[[24.3789,55.7719],[24.3839,55.7682],[24.3836,55.754],[24.3876,55.751],[24.3942,55.7491],[24.397,55.7532],[24.4102,55.746],[24.4209,55.7501],[24.4324,55.7457],[24.4217,55.7419],[24.4288,55.7344],[24.4166,55.7412],[24.404,55.7413],[24.3946,55.7296],[24.3978,55.719],[24.3895,55.7177],[24.3922,55.7083],[24.4114,55.711],[24.4225,55.7049],[24.3904,55.695],[24.3911,55.7032],[24.3862,55.7066],[24.3759,55.6909],[24.3675,55.6891],[24.3587,55.7019],[24.3512,55.7006],[24.3539,55.6977],[24.3095,55.6956],[24.3068,55.6978],[24.3138,55.7041],[24.3074,55.7044],[24.315,55.7078],[24.3129,55.7164],[24.2905,55.7168],[24.2783,55.7396],[24.2356,55.7352],[24.2402,55.7413],[24.2509,55.7429],[24.2572,55.7381],[24.2678,55.7448],[24.2901,55.7455],[24.2868,55.7481],[24.2931,55.7579],[24.348,55.7584],[24.3789,55.7719]]]}},{"type":"Feature","properties":{"code":"LT029","name":"Šiaulių m. sav."},"geometry":{"type":"Polygon","coordinates":[[[23.327,55.9704],[23.3238,55.9664],[23.335,55.9674],[23.3467,55.961],[23.3548,55.9696],[23.3592,55.968],[23.3421,55.9558],[23.3461,55.9551],[23.3435,55.946],[23.3489,55.9437],[23.3499,55.9326],[23.3671,55.9311],[23.3685,55.9233],[23.3594,55.9232],[23.3605,55.9176],[23.3729,55.9128],[23.3908,55.9147],[23.413,55.8976],[23.4186,55.8982],[23.429,55.8861],[23.4178,55.8756],[23.4211,55.873],[23.398,55.8774],[23.3856,55.8723],[23.3708,55.8825],[23.3645,55.8805],[23.3613,55.8751],[23.3649,55.8691],[23.3433,55.8702],[23.3379,55.8528],[23.3345,55.8534],[23.3278,55.8408],[23.2657,55.8635],[23.2694,55.872],[23.3072,55.8826],[23.3177,55.891],[23.2954,55.9036],[23.2944,55.8985],[23.2696,55.8893],[23.2725,55.8874],[23.2655,55.8822],[23.2531,55.8958],[23.228,55.9076],[23.2393,55.9137],[23.2379,55.9171],[23.2844,55.9281],[23.2767,55.9396],[23.2855,55.9478],[23.2719,55.9546],[23.2803,55.9608],[23.2903,55.957],[23.2945,55.9641],[23.3018,55.9611],[23.3074,55.9656],[23.3042,55.9668],[23.327,55.9704]]]}},{"type":"Feature","properties":{"code":"LT030","name":"Visagino sav."},"geometry":{"type":"Polygon","coordinates":[[[26.5843,55.62],[26.5903,55.6143],[26.581,55.6115],[26.5813,55.6079],[26.6133,55.605],[26.6268,55.5947],[26.6242,55.587],[26.6175,55.5847],[26.6198,55.5921],[26.6139,55.5934],[26.6114,55.5892],[26.6077,55.5948],[26.6109,55.5993],[26.6009,55.5988],[26.5845,55.5867],[26.5546,55.5778],[26.5302,55.5625],[26.4509,55.5619],[26.4152,55.5505],[26.4109,55.5594],[26.4049,55.5596],[26.4122,55.569],[26.3911,55.5747],[26.3867,55.5805],[26.3916,55.5813],[26.3908,55.5884],[26.4084,55.6016],[26.4196,55.6181],[26.4685,55.5967],[26.4933,55.6092],[26.5303,55.6044],[26.5464,55.6102],[26.5713,55.6109],[26.5843,55.62]]]}},{"type":"Feature","properties":{"code":"LT032","name":"Akmenės r. sav."},"geometry":{"type":"Polygon","coordinates":[[[22.9415,56.4149],[22.9692,56.4139],[22.9776,56.4057],[23.0023,56.4064],[23.0189,56.3706],[23.0051,56.3685],[23.0269,56.3312],[23.0452,56.32],[23.0704,56.3244],[23.0851,56.3174],[23.0957,56.3016],[23.086,56.2996],[23.0953,56.2865],[23.0883,56.2852],[23.1001,56.2642],[23.0764,56.2617],[23.0791,56.2567],[23.0728,56.2559],[23.0787,56.2427],[23.0917,56.2352],[23.1083,56.2402],[23.1279,56.203],[23.1043,56.1954],[23.0996,56.1992],[23.0915,56.191],[23.0842,56.1999],[23.0893,56.2039],[23.0627,56.202],[23.0422,56.1964],[23.0363,56.1859],[23.0295,56.1848],[23.0191,56.1907],[22.9849,56.184],[22.9669,56.1889],[22.9629,56.1816],[22.9671,56.18],[22.9624,56.1786],[22.9835,56.1675],[22.9657,56.1616],[22.9654,56.1552],[22.9553,56.1581],[22.9546,56.1522],[22.9496,56.1521],[22.9488,56.1475],[22.9647,56.1412],[22.9363,56.1361],[22.9322,56.1313],[22.9357,56.1258],[22.9193,56.1176],[22.8942,56.117],[22.8989,56.1018],[22.8825,56.1045],[22.8791,56.1106],[22.8577,56.11],[22.8395,56.1017],[22.8385,56.0961],[22.848,56.0899],[22.854,56.0732],[22.8422,56.0714],[22.8309,56.0793],[22.8111,56.084],[22.7382,56.0693],[22.7149,56.0843],[22.7154,56.1039],[22.7254,56.1085],[22.703,56.1174],[22.6481,56.1031],[22.6447,56.1081],[22.6413,56.1033],[22.6367,56.107],[22.6318,56.102],[22.6372,56.0989],[22.6329,56.0926],[22.6167,56.095],[22.6127,56.0859],[22.579,56.0907],[22.5799,56.095],[22.5929,56.1002],[22.5795,56.1051],[22.5853,56.115],[22.5922,56.1166],[22.58,56.1218],[22.5773,56.1302],[22.5809,56.1341],[22.5543,56.1436],[22.5485,56.1516],[22.53,56.1534],[22.5366,56.1636],[22.5564,56.1621],[22.5806,56.171],[22.6211,56.1725],[22.616,56.1962],[22.6305,56.2054],[22.6219,56.2083],[22.6298,56.2146],[22.6141,56.2179],[22.6183,56.2238],[22.647,56.2224],[22.6386,56.2497],[22.625,56.2475],[22.6143,56.2561],[22.6021,56.2523],[22.5947,56.2577],[22.5923,56.2755],[22.584,56.2775],[22.5801,56.2879],[22.6018,56.2884],[22.6035,56.2935],[22.5936,56.293],[22.5709,56.3051],[22.5829,56.3048],[22.5997,56.3352],[22.5783,56.3408],[22.5802,56.3446],[22.5677,56.3615],[22.6137,56.3586],[22.6211,56.3656],[22.6356,56.3681],[22.642,56.3634],[22.662,56.3618],[22.6812,56.3516],[22.6975,56.3532],[22.7301,56.3731],[22.7607,56.3673],[22.8572,56.366],[22.857,56.3694],[22.9192,56.379],[22.9286,56.3881],[22.9205,56.3991],[22.9365,56.4026],[22.9357,56.4107],[22.9415,56.4149]]]}},{"type":"Feature","properties":{"code":"LT033","name":"Alytaus r. sav."},"geometry":{"type":"Polygon","coordinates":[[[24.2614,54.5625],[24.2769,54.5604],[24.2646,54.5566],[24.2733,54.5295],[24.319,54.5219],[24.3442,54.5276],[24.361,54.5206],[24.368,54.5247],[24.371,54.5212],[24.3758,54.5251],[24.4014,54.5239],[24.4003,54.5329],[24.4069,54.5363],[24.4143,54.5333],[24.4053,54.5248],[24.4135,54.521],[24.4044,54.5192],[24.4241,54.5134],[24.4087,54.5114],[24.4094,54.505],[24.4167,54.505],[24.4189,54.4901],[24.3937,54.4837],[24.4014,54.4738],[24.4175,54.4738],[24.4342,54.4641],[24.4333,54.4553],[24.4386,54.4519],[24.4167,54.4359],[24.4159,54.4266],[24.4329,54.4279],[24.4302,54.4311],[24.4358,54.4336],[24.4419,54.4208],[24.4322,54.4175],[24.4338,54.4101],[24.4597,54.3981],[24.4601,54.3896],[24.4522,54.3852],[24.4557,54.3775],[24.4768,54.3668],[24.4751,54.3572],[24.4677,54.3527],[24.4541,54.3563],[24.4483,54.3531],[24.4299,54.3664],[24.4337,54.3678],[24.4267,54.3736],[24.4133,54.3718],[24.4079,54.3764],[24.3973,54.3726],[24.4019,54.3605],[24.3827,54.3534],[24.3957,54.3539],[24.4046,54.3498],[24.3939,54.3513],[24.3891,54.3479],[24.3922,54.341],[24.3751,54.3331],[24.3902,54.3248],[24.4009,54.3333],[24.405,54.3318],[24.387,54.3104],[24.3942,54.3079],[24.392,54.2987],[24.3707,54.3043],[24.3481,54.3004],[24.3452,54.3062],[24.33,54.2998],[24.3319,54.2894],[24.24,54.2663],[24.2156,54.2786],[24.2117,54.2763],[24.2163,54.273],[24.2026,54.2701],[24.1887,54.2807],[24.1536,54.2787],[24.1341,54.2675],[24.1314,54.2613],[24.1402,54.2551],[24.137,54.2507],[24.1427,54.2435],[24.1265,54.2421],[24.1302,54.2336],[24.124,54.2273],[24.106,54.2253],[24.1061,54.2074],[24.0784,54.2065],[24.0782,54.184],[24.0637,54.1847],[24.0453,54.1747],[24.0153,54.1825],[24.0098,54.1771],[24.0106,54.1703],[24.0037,54.1662],[23.9881,54.1664],[23.9791,54.1742],[23.9634,54.1767],[23.9492,54.1919],[23.9602,54.2055],[23.9641,54.2357],[23.9711,54.2495],[23.9835,54.255],[23.9586,54.2645],[23.9445,54.2549],[23.9427,54.2607],[23.9329,54.261],[23.9119,54.2868],[23.8732,54.283],[23.8444,54.2868],[23.8368,54.2774],[23.8317,54.2775],[23.824,54.2835],[23.8231,54.292],[23.7982,54.2932],[23.7822,54.3072],[23.7619,54.3166],[23.7489,54.331],[23.7242,54.3379],[23.6788,54.3245],[23.6601,54.3461],[23.6369,54.3448],[23.6346,54.3528],[23.6027,54.3394],[23.5628,54.3398],[23.5628,54.3699],[23.5872,54.3698],[23.5818,54.3951],[23.5994,54.3962],[23.5971,54.4068],[23.5649,54.4058],[23.5671,54.4237],[23.5402,54.4132],[23.512,54.4143],[23.5106,54.4662],[23.5311,54.4662],[23.5983,54.4868],[23.613,54.4868],[23.624,54.5082],[23.6404,54.5132],[23.6624,54.5087],[23.684,54.4742],[23.7139,54.4839],[23.7252,54.4728],[23.7515,54.4657],[23.7631,54.468],[23.7749,54.4595],[23.7831,54.4646],[23.7925,54.4602],[23.797,54.468],[23.793,54.4704],[23.7992,54.4738],[23.8056,54.4698],[23.8713,54.4674],[23.87,54.4611],[23.8585,54.4616],[23.8596,54.4547],[23.9084,54.4652],[23.8981,54.4769],[23.9008,54.483],[23.967,54.486],[23.9713,54.4933],[23.9857,54.4909],[24.0069,54.4986],[24.0116,54.5109],[23.9921,54.5164],[24.0106,54.5441],[24.0297,54.5508],[24.0625,54.5546],[24.0818,54.5518],[24.099,54.5404],[24.1017,54.5262],[24.1289,54.5386],[24.1981,54.5375],[24.206,54.5545],[24.2409,54.5546],[24.2614,54.5625]],[[24.0113,54.4423],[24.0018,54.4297],[24.0056,54.419],[24.0016,54.4103],[23.9586,54.3938],[23.9984,54.3924],[24.0034,54.3855],[23.9948,54.3832],[23.9852,54.3711],[24.0008,54.3689],[24.0171,54.3787],[24.0318,54.3774],[24.0636,54.3636],[24.0733,54.376],[24.0916,54.3681],[24.0898,54.3861],[24.0806,54.3927],[24.1023,54.397],[24.0849,54.4072],[24.0756,54.4051],[24.0686,54.4108],[24.073,54.4151],[24.0616,54.4219],[24.0401,54.4201],[24.045,54.4282],[24.0659,54.4337],[24.0729,54.4407],[24.0494,54.4385],[24.0415,54.4333],[24.0113,54.4423]]]}},{"type":"Feature","properties":{"code":"LT034","name":"Anykščių r. sav."},"geometry":{"type":"Polygon","coordinates":[[[25.3899,55.7644],[25.395,55.7582],[25.4042,55.7618],[25.4032,55.7582],[25.4241,55.7514],[25.4406,55.7392],[25.4647,55.7314],[25.4736,55.7427],[25.5031,55.7357],[25.4956,55.7261],[25.5192,55.721],[25.492,55.701],[25.4992,55.7004],[25.4978,55.6942],[25.4878,55.6865],[25.4992,55.6831],[25.4841,55.6654],[25.491,55.6634],[25.4859,55.658],[25.4754,55.6605],[25.4527,55.6441],[25.4573,55.6393],[25.494,55.632],[25.4999,55.626],[25.4847,55.6204],[25.4844,55.6164],[25.4926,55.6153],[25.4931,55.6102],[25.4806,55.6021],[25.4774,55.6072],[25.4613,55.6117],[25.4551,55.6024],[25.4294,55.5969],[25.418,55.5883],[25.4154,55.5824],[25.4275,55.558],[25.4059,55.5514],[25.421,55.531],[25.4073,55.5187],[25.4232,55.5113],[25.4173,55.5061],[25.3976,55.5067],[25.3924,55.4944],[25.3595,55.4817],[25.3694,55.4726],[25.3894,55.468],[25.3857,55.4582],[25.3719,55.4508],[25.3692,55.4351],[25.3621,55.4364],[25.358,55.427],[25.3645,55.4227],[25.3987,55.4214],[25.3922,55.4111],[25.3751,55.4085],[25.3683,55.3887],[25.3285,55.3946],[25.2636,55.3849],[25.2397,55.3902],[25.2277,55.4028],[25.2185,55.4042],[25.2143,55.3991],[25.1928,55.4069],[25.1702,55.3947],[25.1669,55.3901],[25.1728,55.3847],[25.1674,55.3815],[25.1705,55.3788],[25.1536,55.3695],[25.1146,55.3754],[25.0799,55.3588],[25.0773,55.3541],[25.0923,55.3437],[25.1042,55.3458],[25.1131,55.3421],[25.1158,55.3353],[25.1309,55.3252],[25.1262,55.3208],[25.1039,55.3156],[25.0767,55.3175],[25.0583,55.3068],[25.0511,55.3077],[25.0517,55.3143],[25.0372,55.3101],[25.0151,55.3162],[24.9982,55.3058],[24.9838,55.3125],[24.9747,55.3482],[24.9677,55.3568],[24.9048,55.3399],[24.8908,55.3449],[24.8997,55.3527],[24.8986,55.3592],[24.8752,55.3598],[24.851,55.3526],[24.8423,55.3591],[24.8275,55.3574],[24.8294,55.3613],[24.7888,55.3725],[24.7842,55.3808],[24.7928,55.4054],[24.7828,55.4096],[24.7964,55.4256],[24.812,55.419],[24.8171,55.4229],[24.8197,55.4382],[24.8134,55.4445],[24.7842,55.4522],[24.7802,55.4684],[24.7741,55.4674],[24.7674,55.4835],[24.7435,55.4787],[24.7335,55.4928],[24.723,55.4909],[24.7199,55.499],[24.6968,55.5061],[24.6839,55.4984],[24.6755,55.5034],[24.6626,55.4972],[24.6575,55.5012],[24.6565,55.5224],[24.653,55.5239],[24.6726,55.5426],[24.6743,55.5519],[24.6629,55.5601],[24.6748,55.5678],[24.6685,55.5827],[24.6775,55.6007],[24.7262,55.6091],[24.7211,55.6329],[24.7039,55.6507],[24.693,55.6545],[24.6662,55.6427],[24.6589,55.6476],[24.6623,55.6542],[24.6564,55.6544],[24.6548,55.6651],[24.6895,55.6653],[24.6928,55.6702],[24.7083,55.6715],[24.7018,55.6641],[24.7259,55.6555],[24.7338,55.6585],[24.7423,55.6707],[24.7493,55.6713],[24.7393,55.6802],[24.7133,55.6842],[24.7204,55.6903],[24.7237,55.7058],[24.7156,55.7207],[24.7227,55.7253],[24.7484,55.7126],[24.7623,55.7175],[24.7756,55.7109],[24.7911,55.7104],[24.8282,55.7237],[24.8417,55.7164],[24.8486,55.7053],[24.8612,55.7093],[24.8652,55.7055],[24.869,55.7125],[24.8661,55.7199],[24.8888,55.7224],[24.8885,55.7268],[24.9367,55.7189],[24.9777,55.7358],[24.9942,55.7321],[24.9986,55.7262],[25.0101,55.7316],[25.0643,55.7156],[25.0938,55.7165],[25.0855,55.7089],[25.0864,55.7044],[25.0926,55.7068],[25.0944,55.7035],[25.0874,55.6998],[25.0995,55.6823],[25.2662,55.7173],[25.3005,55.7018],[25.3111,55.7142],[25.2983,55.717],[25.2959,55.7331],[25.3208,55.7373],[25.3341,55.7322],[25.366,55.7571],[25.3636,55.761],[25.3899,55.7644]]]}},{"type":"Feature","properties":{"code":"LT036","name":"Biržų r. sav."},"geometry":{"type":"Polygon","coordinates":[[[24.8855,56.4504],[24.9182,56.4409],[24.9191,56.4346],[24.9024,56.4205],[24.9056,56.4128],[24.9138,56.4037],[24.9251,56.4027],[24.9423,56.3751],[24.9501,56.3772],[24.9557,56.3697],[24.9696,56.3652],[24.9726,56.3521],[24.9667,56.3434],[24.9708,56.337],[24.9674,56.3354],[24.9718,56.3333],[24.9681,56.3272],[24.9734,56.3102],[24.9874,56.3056],[24.9927,56.2984],[25.0161,56.2917],[25.0137,56.2846],[25.0192,56.2823],[25.0189,56.277],[25.0419,56.2741],[25.042,56.2686],[25.0565,56.2657],[25.0561,56.2549],[25.0637,56.2498],[25.0568,56.2447],[25.0691,56.2385],[25.063,56.2266],[25.0752,56.2183],[25.0703,56.2104],[25.0755,56.2054],[25.076,56.1953],[25.0855,56.1969],[25.0972,56.1843],[25.1224,56.1848],[25.1503,56.1745],[25.1714,56.1742],[25.172,56.1626],[25.1639,56.1606],[25.1668,56.1562],[25.1947,56.1389],[25.2016,56.1246],[25.2097,56.1288],[25.2198,56.1212],[25.2226,56.1132],[25.2164,56.1072],[25.1854,56.104],[25.1775,56.0979],[25.1403,56.1054],[25.1257,56.0994],[25.1273,56.095],[25.1067,56.0983],[25.1074,56.0933],[25.1168,56.0936],[25.1144,56.0877],[25.1242,56.0843],[25.1229,56.0708],[25.0838,56.0612],[25.0993,56.0467],[25.1149,56.0416],[25.1172,56.0318],[25.0994,56.0262],[25.0989,56.0199],[25.0909,56.0148],[25.0567,56.0146],[25.0514,56.0077],[25.0345,56.0108],[25.0312,56.018],[25.051,56.0326],[25.032,56.0486],[25.0154,56.0513],[24.982,56.0303],[24.9529,56.0222],[24.9201,56.0206],[24.9118,56.0149],[24.9117,56.0077],[24.8857,56.0065],[24.8777,55.9897],[24.884,55.9755],[24.8931,55.9747],[24.8891,55.9476],[24.8502,55.9501],[24.8458,55.942],[24.8262,55.949],[24.8058,55.9343],[24.778,55.9348],[24.7683,55.9294],[24.7605,55.9332],[24.7564,55.9228],[24.7016,55.9246],[24.6825,55.936],[24.6595,55.9159],[24.6421,55.9102],[24.6397,55.9019],[24.6294,55.9004],[24.6243,55.9046],[24.6283,55.9111],[24.6258,55.923],[24.6034,55.9287],[24.6186,55.952],[24.6036,55.9604],[24.6087,55.9678],[24.6009,55.9712],[24.6034,55.9746],[24.617,55.9734],[24.6207,55.99],[24.6008,55.9946],[24.6007,56.0127],[24.6072,56.0175],[24.6086,56.0256],[24.6288,56.0337],[24.6284,56.0535],[24.6822,56.055],[24.6731,56.0938],[24.6497,56.0928],[24.6381,56.1348],[24.6232,56.1341],[24.5965,56.1051],[24.5437,56.125],[24.5614,56.1393],[24.5616,56.1479],[24.5423,56.1557],[24.5608,56.1636],[24.5531,56.1631],[24.5414,56.1707],[24.521,56.1672],[24.5081,56.1825],[24.4979,56.1831],[24.4913,56.2084],[24.473,56.213],[24.4682,56.2216],[24.4832,56.2231],[24.493,56.2394],[24.5153,56.2462],[24.5021,56.2513],[24.5039,56.2762],[24.5648,56.2892],[24.5796,56.2883],[24.5833,56.3056],[24.5756,56.3156],[24.5767,56.3232],[24.5888,56.3329],[24.6062,56.3355],[24.6134,56.3441],[24.6236,56.3459],[24.6281,56.3547],[24.624,56.3621],[24.6312,56.3677],[24.6287,56.3755],[24.69,56.3771],[24.7046,56.3875],[24.6988,56.3967],[24.702,56.4038],[24.741,56.4004],[24.7623,56.4045],[24.7755,56.3995],[24.8035,56.4117],[24.8054,56.4161],[24.7997,56.4188],[24.8069,56.4219],[24.8221,56.4181],[24.8244,56.4106],[24.8615,56.4157],[24.8618,56.4219],[24.8518,56.4273],[24.8513,56.436],[24.8645,56.4408],[24.8724,56.4496],[24.8855,56.4504]]]}},{"type":"Feature","properties":{"code":"LT038","name":"Varėnos r. sav."},"geometry":{"type":"Polygon","coordinates":[[[24.6683,54.4476],[24.6892,54.4328],[24.7205,54.4293],[24.7212,54.4126],[24.7066,54.4087],[24.71,54.3971],[24.7214,54.3884],[24.7302,54.3934],[24.7368,54.4054],[24.747,54.397],[24.803,54.4056],[24.8042,54.3984],[24.8463,54.3979],[24.843,54.4063],[24.8547,54.4083],[24.8532,54.4134],[24.8681,54.4111],[24.8734,54.4154],[24.9027,54.4187],[24.9068,54.4102],[24.9116,54.4097],[24.9221,54.4252],[24.9393,54.4304],[24.9619,54.4344],[24.9756,54.4314],[24.9875,54.4374],[25.0058,54.4366],[25.0191,54.4416],[25.0248,54.425],[25.0086,54.4231],[25.0165,54.3985],[24.9936,54.3961],[24.9972,54.3829],[24.9249,54.3751],[24.9286,54.3628],[24.9126,54.3611],[24.9183,54.3421],[24.9122,54.3415],[24.9279,54.3362],[24.9217,54.3257],[24.9339,54.2949],[24.8812,54.2936],[24.8734,54.2888],[24.8752,54.284],[24.8893,54.2752],[24.8566,54.269],[24.8565,54.2563],[24.8427,54.2568],[24.8348,54.252],[24.8239,54.2547],[24.823,54.2461],[24.8114,54.2492],[24.8137,54.2335],[24.7868,54.2346],[24.7817,54.2275],[24.7722,54.2298],[24.7563,54.2241],[24.7647,54.2213],[24.7592,54.2197],[24.759,54.2003],[24.7681,54.2003],[24.7685,54.1914],[24.7839,54.1954],[24.8014,54.1923],[24.8093,54.1859],[24.8168,54.1871],[24.8185,54.1743],[24.826,54.1733],[24.8175,54.1677],[24.8358,54.149],[24.8134,54.1449],[24.8312,54.1325],[24.7938,54.1155],[24.7737,54.1177],[24.7766,54.1039],[24.7976,54.0919],[24.8196,54.0689],[24.8256,54.0549],[24.8226,54.0434],[24.8412,54.0337],[24.8639,54.0394],[24.8713,54.0349],[24.8618,54.027],[24.8578,54.0306],[24.8319,54.0272],[24.8392,54.021],[24.8324,54.0124],[24.8235,54.0133],[24.8081,54.0048],[24.8196,53.9977],[24.8085,53.9949],[24.7939,54.0002],[24.7692,53.99],[24.7571,54.0002],[24.7503,53.9944],[24.7588,53.9901],[24.7318,53.9733],[24.7408,53.9689],[24.7388,53.966],[24.6846,53.9621],[24.6937,53.9742],[24.6939,53.9912],[24.7056,54.0098],[24.6979,54.0171],[24.6725,54.017],[24.66,54.0056],[24.6313,54.0057],[24.6259,54.0105],[24.6009,53.9988],[24.6031,53.9935],[24.574,53.9881],[24.5435,53.9716],[24.5171,53.9664],[24.5076,53.9604],[24.5098,53.9542],[24.5037,53.9453],[24.4826,53.9318],[24.4748,53.932],[24.4479,53.9042],[24.435,53.9009],[24.434,53.9044],[24.3897,53.9035],[24.3521,53.8968],[24.3055,53.9137],[24.303,53.9192],[24.3082,53.9272],[24.2868,53.922],[24.2734,53.9353],[24.2634,53.9361],[24.2573,53.9426],[24.2597,53.9491],[24.2504,53.9529],[24.2332,53.9448],[24.2103,53.9498],[24.216,53.9573],[24.2016,53.97],[24.1903,53.9985],[24.2048,53.9995],[24.1989,54.0652],[24.1766,54.0643],[24.1612,54.0722],[24.1304,54.063],[24.0752,54.0712],[24.0477,54.0804],[24.0359,54.0779],[24.0303,54.0702],[24.0072,54.0787],[24.0181,54.0927],[24.0308,54.0928],[24.0243,54.103],[24.0171,54.1024],[24.0172,54.109],[23.9951,54.1163],[23.99,54.1091],[23.9639,54.1057],[23.9608,54.117],[23.969,54.1224],[23.9856,54.122],[23.9668,54.1295],[23.9993,54.132],[23.9908,54.1371],[23.9948,54.1574],[24.0021,54.1613],[23.9929,54.1669],[24.0085,54.1683],[24.0101,54.1778],[24.0165,54.1828],[24.0453,54.1747],[24.0637,54.1847],[24.0782,54.184],[24.0784,54.2065],[24.1061,54.2074],[24.106,54.2253],[24.124,54.2273],[24.1302,54.2336],[24.1265,54.2421],[24.1427,54.2435],[24.137,54.2507],[24.1402,54.2551],[24.1314,54.2613],[24.1341,54.2675],[24.1536,54.2787],[24.1887,54.2807],[24.2026,54.2701],[24.2163,54.273],[24.2117,54.2763],[24.2156,54.2786],[24.24,54.2663],[24.3319,54.2894],[24.33,54.2998],[24.3452,54.3062],[24.3481,54.3004],[24.3707,54.3043],[24.392,54.2987],[24.3942,54.3079],[24.387,54.3104],[24.405,54.3318],[24.4009,54.3333],[24.3902,54.3248],[24.3751,54.3331],[24.3922,54.341],[24.3891,54.3479],[24.3939,54.3513],[24.4046,54.3498],[24.3827,54.3534],[24.4019,54.3605],[24.3973,54.3726],[24.4079,54.3764],[24.4133,54.3718],[24.4267,54.3736],[24.4337,54.3678],[24.4299,54.3664],[24.4483,54.3531],[24.4541,54.3563],[24.4677,54.3527],[24.4751,54.3572],[24.4768,54.3668],[24.4557,54.3775],[24.4522,54.3852],[24.4601,54.3896],[24.4597,54.3981],[24.4338,54.4101],[24.4322,54.4175],[24.4414,54.4184],[24.4381,54.4278],[24.4871,54.4223],[24.5014,54.4237],[24.503,54.428],[24.5457,54.4299],[24.5393,54.4233],[24.5401,54.4175],[24.5595,54.4121],[24.5584,54.4187],[24.572,54.4179],[24.5741,54.4113],[24.5843,54.4134],[24.5861,54.4316],[24.5968,54.428],[24.6138,54.4326],[24.6165,54.4359],[24.6131,54.4373],[24.6194,54.4414],[24.6553,54.4394],[24.6577,54.4464],[24.6683,54.4476]]]}},{"type":"Feature","properties":{"code":"LT039","name":"Vilkaviškio r. sav."},"geometry":{"type":"Polygon","coordinates":[[[22.9589,54.7876],[23.0114,54.7906],[23.0167,54.7631],[23.0568,54.7604],[23.0589,54.7559],[23.088,54.7455],[23.1102,54.75],[23.1241,54.7416],[23.15,54.7405],[23.1552,54.7373],[23.1559,54.7246],[23.1665,54.7291],[23.1785,54.7253],[23.2005,54.7288],[23.2029,54.7334],[23.2305,54.7407],[23.242,54.7387],[23.2663,54.7522],[23.2849,54.7545],[23.2827,54.7272],[23.2779,54.7271],[23.2777,54.7168],[23.2811,54.7165],[23.2752,54.704],[23.294,54.6962],[23.3042,54.6994],[23.3369,54.6914],[23.3473,54.6865],[23.3442,54.6728],[23.3335,54.6656],[23.3152,54.6675],[23.2919,54.6158],[23.2966,54.6145],[23.2639,54.5841],[23.2631,54.5758],[23.2567,54.5715],[23.2268,54.5822],[23.1877,54.577],[23.1825,54.5531],[23.2097,54.5412],[23.1911,54.5139],[23.1939,54.5094],[23.1683,54.5116],[23.1695,54.506],[23.16,54.5034],[23.1536,54.488],[23.1433,54.4857],[23.1426,54.4819],[23.1147,54.485],[23.1069,54.482],[23.1094,54.4698],[23.0869,54.4506],[23.035,54.4512],[23.0342,54.4451],[22.9938,54.445],[22.9896,54.4236],[22.9965,54.4231],[22.9937,54.409],[23.0205,54.4043],[23.0201,54.4008],[23.0052,54.4012],[23.002,54.3837],[22.9848,54.3845],[22.9838,54.3896],[22.8875,54.3999],[22.888,54.4091],[22.8547,54.4104],[22.8363,54.4065],[22.8114,54.371],[22.792,54.3633],[22.7671,54.3848],[22.7364,54.4429],[22.7012,54.4536],[22.7042,54.4682],[22.6968,54.49],[22.696,54.5051],[22.6994,54.5073],[22.6816,54.5245],[22.6815,54.5357],[22.7133,54.5639],[22.7009,54.5692],[22.7,54.5761],[22.6859,54.5798],[22.6855,54.5902],[22.7201,54.6066],[22.7205,54.6166],[22.7267,54.623],[22.7456,54.6273],[22.7504,54.6387],[22.7417,54.6427],[22.7573,54.6523],[22.7291,54.6684],[22.7405,54.6741],[22.7378,54.6797],[22.7287,54.6789],[22.7244,54.6899],[22.7296,54.6924],[22.7293,54.698],[22.7397,54.6991],[22.737,54.703],[22.7489,54.7064],[22.7483,54.712],[22.7387,54.7169],[22.7459,54.7255],[22.7416,54.7281],[22.7436,54.7315],[22.7669,54.738],[22.7768,54.7487],[22.7741,54.7512],[22.7825,54.7491],[22.7904,54.7544],[22.7999,54.7533],[22.7968,54.7516],[22.7997,54.7475],[22.8072,54.748],[22.8063,54.7526],[22.8158,54.7556],[22.805,54.7544],[22.813,54.7665],[22.8265,54.764],[22.8307,54.769],[22.8435,54.7666],[22.8509,54.7717],[22.8629,54.7669],[22.8592,54.7617],[22.8709,54.7613],[22.8938,54.7764],[22.8891,54.7778],[22.8931,54.7823],[22.9045,54.785],[22.9468,54.7775],[22.9589,54.7876]]]}},{"type":"Feature","properties":{"code":"LT041","name":"Vilniaus r. sav."},"geometry":{"type":"Polygon","coordinates":[[[25.2256,55.0424],[25.3023,55.0452],[25.3095,55.0373],[25.3315,55.0315],[25.3815,55.0309],[25.3974,55.04],[25.4216,55.0332],[25.4839,55.0382],[25.4964,55.0431],[25.5262,55.0407],[25.5606,55.015],[25.5862,55.0099],[25.5964,54.9941],[25.6336,54.9877],[25.6277,54.9821],[25.6336,54.9783],[25.6666,54.9786],[25.6695,54.9641],[25.6875,54.9653],[25.6934,54.9541],[25.6653,54.9474],[25.6591,54.9372],[25.6543,54.9395],[25.6417,54.9296],[25.6503,54.9265],[25.6392,54.9174],[25.6411,54.8998],[25.6631,54.8938],[25.6927,54.896],[25.6942,54.8855],[25.703,54.8784],[25.7023,54.8639],[25.7109,54.8588],[25.7456,54.8644],[25.7427,54.8315],[25.7517,54.8237],[25.7337,54.8003],[25.74,54.7785],[25.7495,54.7645],[25.7454,54.7532],[25.7461,54.7229],[25.7353,54.7016],[25.7398,54.6861],[25.7303,54.6828],[25.7486,54.6385],[25.7437,54.6322],[25.7486,54.629],[25.746,54.6267],[25.7568,54.6194],[25.7527,54.6102],[25.7626,54.5769],[25.7467,54.5625],[25.6804,54.5349],[25.6569,54.5086],[25.6494,54.4888],[25.6368,54.4751],[25.6283,54.4775],[25.625,54.4898],[25.609,54.4925],[25.6027,54.4823],[25.5761,54.4778],[25.5729,54.4704],[25.5789,54.47],[25.5765,54.464],[25.5575,54.4686],[25.5555,54.4755],[25.5447,54.476],[25.5434,54.4701],[25.5319,54.4665],[25.5239,54.4774],[25.5155,54.4761],[25.5192,54.4829],[25.4908,54.4807],[25.4445,54.5035],[25.4384,54.5021],[25.4408,54.4936],[25.4289,54.4941],[25.4197,54.489],[25.4162,54.4919],[25.4192,54.4954],[25.408,54.4991],[25.3566,54.4977],[25.3554,54.501],[25.3433,54.495],[25.334,54.4978],[25.3189,54.4936],[25.3194,54.4716],[25.3096,54.4663],[25.2611,54.4664],[25.2534,54.4626],[25.2212,54.4751],[25.2302,54.4921],[25.2132,54.5071],[25.1962,54.4981],[25.1864,54.4855],[25.1685,54.4812],[25.1477,54.4663],[25.1466,54.4731],[25.1386,54.4737],[25.1425,54.4824],[25.1374,54.4844],[25.1486,54.4993],[25.1507,54.5103],[25.1452,54.5181],[25.1679,54.5242],[25.1694,54.5348],[25.1645,54.5408],[25.1422,54.5389],[25.143,54.546],[25.1319,54.5482],[25.1275,54.5435],[25.1179,54.5449],[25.1062,54.5512],[25.1138,54.5566],[25.0937,54.5646],[25.0833,54.5505],[25.0284,54.5553],[25.084,54.6052],[25.0993,54.609],[25.1154,54.6011],[25.1144,54.5923],[25.0926,54.5898],[25.1154,54.5787],[25.1213,54.5697],[25.1316,54.5737],[25.1287,54.5788],[25.1381,54.5791],[25.1571,54.5709],[25.1864,54.5695],[25.1851,54.5914],[25.1775,54.5979],[25.1628,54.5996],[25.1733,54.6067],[25.2007,54.6007],[25.2115,54.5879],[25.2308,54.5847],[25.2364,54.5749],[25.2491,54.5765],[25.2365,54.5837],[25.2403,54.5927],[25.2876,54.5928],[25.3141,54.5994],[25.3137,54.6027],[25.3309,54.6097],[25.3215,54.6177],[25.3207,54.6255],[25.3278,54.6265],[25.3206,54.6313],[25.3198,54.6456],[25.3237,54.6486],[25.3628,54.6397],[25.3826,54.664],[25.4042,54.6698],[25.4094,54.6807],[25.437,54.6737],[25.4511,54.6783],[25.4456,54.6817],[25.4494,54.6853],[25.4814,54.6877],[25.4796,54.697],[25.4602,54.6968],[25.4644,54.7084],[25.4519,54.7056],[25.4275,54.7158],[25.4271,54.7091],[25.4136,54.7121],[25.412,54.7184],[25.4083,54.7179],[25.412,54.7282],[25.4256,54.7299],[25.4271,54.739],[25.4405,54.7441],[25.4515,54.7409],[25.455,54.8017],[25.4157,54.7992],[25.416,54.8037],[25.4096,54.8054],[25.3772,54.8058],[25.3774,54.8158],[25.3607,54.8164],[25.359,54.82],[25.3662,54.826],[25.3565,54.8189],[25.3594,54.8063],[25.3509,54.8144],[25.3502,54.8084],[25.3315,54.8095],[25.3215,54.8182],[25.3344,54.8236],[25.32,54.8257],[25.3144,54.8323],[25.284,54.8224],[25.2876,54.8207],[25.2852,54.8136],[25.294,54.8096],[25.2891,54.8084],[25.2884,54.7954],[25.2757,54.7942],[25.2741,54.7783],[25.2845,54.7785],[25.2848,54.7744],[25.265,54.777],[25.2682,54.7727],[25.2479,54.7667],[25.2408,54.7574],[25.2183,54.7562],[25.2141,54.7502],[25.203,54.7595],[25.1825,54.7489],[25.1747,54.7534],[25.1737,54.7476],[25.181,54.7445],[25.1765,54.7437],[25.1903,54.7359],[25.195,54.7359],[25.1933,54.7415],[25.205,54.7453],[25.2057,54.7282],[25.2008,54.726],[25.1992,54.7131],[25.1884,54.7154],[25.1873,54.7216],[25.1543,54.7297],[25.1476,54.7247],[25.1526,54.715],[25.1489,54.7114],[25.1348,54.7061],[25.1132,54.709],[25.101,54.7022],[25.1348,54.6954],[25.1801,54.7012],[25.1895,54.6809],[25.1729,54.6723],[25.166,54.6726],[25.1598,54.6804],[25.1423,54.6814],[25.1188,54.6732],[25.1067,54.6747],[25.0721,54.689],[25.075,54.707],[25.0632,54.7164],[25.0388,54.7235],[25.0258,54.7204],[25.0116,54.7238],[25.0128,54.7289],[25.0235,54.7335],[25.0219,54.7373],[24.9946,54.733],[24.9752,54.7365],[24.9777,54.7433],[24.9964,54.7481],[24.9767,54.7556],[24.9667,54.7676],[24.9477,54.7683],[24.9383,54.7762],[24.9589,54.7922],[24.9734,54.7957],[24.9769,54.8],[24.9721,54.8045],[24.9254,54.8157],[24.9193,54.812],[24.9202,54.7967],[24.9132,54.7879],[24.8896,54.7921],[24.8874,54.7984],[24.8912,54.804],[24.8852,54.8197],[24.8928,54.8329],[24.9037,54.8333],[24.9052,54.8386],[24.8898,54.846],[24.8664,54.8438],[24.8606,54.8475],[24.8615,54.8564],[24.8526,54.8595],[24.8514,54.8669],[24.8571,54.8738],[24.8763,54.8755],[24.885,54.8712],[24.9073,54.8819],[24.9159,54.8759],[24.934,54.8763],[24.9416,54.8729],[24.9425,54.8672],[24.9515,54.8708],[24.9673,54.8633],[24.9777,54.8692],[24.9723,54.8812],[24.9816,54.8857],[24.991,54.8818],[25.0111,54.8904],[25.0151,54.8818],[25.0458,54.8823],[25.0536,54.8917],[25.1024,54.8817],[25.1242,54.8836],[25.1279,54.8888],[25.1121,54.8981],[25.1177,54.9028],[25.1443,54.8957],[25.1579,54.8987],[25.1477,54.908],[25.1362,54.9358],[25.1458,54.9391],[25.159,54.9662],[25.1952,54.9575],[25.2058,54.966],[25.2071,54.9701],[25.1873,54.974],[25.1975,54.9798],[25.1924,54.9858],[25.2014,54.9953],[25.1966,55.0223],[25.1875,55.033],[25.2256,55.0424]]]}},{"type":"Feature","properties":{"code":"LT042","name":"Elektrėnų sav."},"geometry":{"type":"Polygon","coordinates":[[[24.8098,54.8872],[24.8212,54.8821],[24.8299,54.8859],[24.8344,54.8801],[24.8456,54.8785],[24.8453,54.8622],[24.8614,54.8565],[24.8637,54.845],[24.8906,54.8459],[24.9048,54.8392],[24.9037,54.8333],[24.8926,54.8327],[24.8852,54.8197],[24.8907,54.7914],[24.9132,54.7879],[24.9202,54.7967],[24.9193,54.812],[24.9254,54.8157],[24.9501,54.8127],[24.9741,54.8033],[24.9769,54.7998],[24.9734,54.7957],[24.9589,54.7922],[24.9384,54.7757],[24.9477,54.7683],[24.9667,54.7676],[24.9767,54.7556],[24.9964,54.7475],[24.9775,54.7432],[24.9443,54.7174],[24.8934,54.7299],[24.8855,54.7237],[24.8649,54.7268],[24.8459,54.706],[24.8319,54.7006],[24.825,54.6916],[24.8158,54.6903],[24.8021,54.6736],[24.8123,54.667],[24.7755,54.6398],[24.7486,54.6396],[24.7073,54.6536],[24.6745,54.6433],[24.6444,54.6518],[24.6235,54.6524],[24.5806,54.645],[24.5584,54.6525],[24.53,54.654],[24.519,54.6604],[24.4984,54.6474],[24.4705,54.6416],[24.4652,54.6623],[24.4715,54.6655],[24.4641,54.6832],[24.4755,54.6958],[24.4807,54.6934],[24.4842,54.7],[24.4972,54.7014],[24.4896,54.7044],[24.4906,54.7162],[24.5013,54.712],[24.5039,54.7291],[24.5473,54.7322],[24.546,54.736],[24.5519,54.7369],[24.549,54.7401],[24.5597,54.7417],[24.5562,54.7515],[24.5588,54.7577],[24.5685,54.7582],[24.566,54.767],[24.5805,54.7659],[24.571,54.7743],[24.5819,54.7803],[24.5759,54.7856],[24.5845,54.7861],[24.5854,54.7951],[24.53,54.7988],[24.5438,54.8029],[24.5412,54.8201],[24.5637,54.812],[24.5772,54.8148],[24.5916,54.8102],[24.607,54.8139],[24.6192,54.83],[24.7089,54.8165],[24.7293,54.8157],[24.7319,54.8235],[24.7426,54.8237],[24.7462,54.8193],[24.7474,54.8256],[24.7551,54.8286],[24.755,54.8237],[24.7639,54.8247],[24.7519,54.8715],[24.7599,54.8717],[24.7524,54.8768],[24.7804,54.8764],[24.7758,54.8803],[24.7824,54.8843],[24.7832,54.8783],[24.7897,54.8831],[24.7902,54.8779],[24.795,54.8778],[24.8098,54.8872]]]}},{"type":"Feature","properties":{"code":"LT043","name":"Zarasų r. sav."},"geometry":{"type":"Polygon","coordinates":[[[26.0462,55.9441],[26.09,55.9009],[26.1203,55.8795],[26.1511,55.8768],[26.1732,55.8654],[26.1839,55.8685],[26.2037,55.8589],[26.2294,55.8382],[26.2356,55.8198],[26.2312,55.8124],[26.2686,55.7677],[26.3133,55.7429],[26.35,55.7424],[26.3655,55.7316],[26.3756,55.7094],[26.3858,55.7045],[26.4054,55.7115],[26.4571,55.7063],[26.491,55.696],[26.4929,55.688],[26.5123,55.6873],[26.5193,55.6792],[26.5313,55.6768],[26.5724,55.6801],[26.5755,55.6759],[26.5975,55.6747],[26.6304,55.6807],[26.6309,55.6589],[26.6377,55.6541],[26.6324,55.6087],[26.6156,55.6008],[26.6098,55.6061],[26.588,55.6058],[26.5805,55.6099],[26.5903,55.6143],[26.5833,55.6204],[26.5708,55.6108],[26.5464,55.6102],[26.5299,55.6044],[26.509,55.6044],[26.4967,55.6097],[26.4628,55.5967],[26.4196,55.6181],[26.4084,55.6016],[26.3146,55.6018],[26.2774,55.6116],[26.2627,55.6004],[26.2485,55.5989],[26.2522,55.5964],[26.246,55.5914],[26.2478,55.5857],[26.2403,55.5816],[26.2494,55.5748],[26.2216,55.5713],[26.2222,55.5634],[26.2472,55.556],[26.2438,55.5531],[26.2235,55.5602],[26.2281,55.5403],[26.1818,55.5314],[26.1504,55.5361],[26.1076,55.5337],[26.1113,55.5213],[26.0151,55.5159],[26.0171,55.5239],[26.0138,55.526],[25.9827,55.5241],[25.9829,55.5347],[25.9769,55.5345],[25.9761,55.5467],[25.9567,55.5577],[25.9453,55.5558],[25.9437,55.5634],[25.922,55.5789],[25.9465,55.5901],[25.914,55.6069],[25.8964,55.5982],[25.8811,55.597],[25.8573,55.6149],[25.8258,55.6283],[25.8011,55.6304],[25.8029,55.6252],[25.7967,55.6163],[25.7865,55.6151],[25.7816,55.6183],[25.7839,55.6219],[25.7763,55.622],[25.7732,55.6374],[25.7692,55.6374],[25.7676,55.6662],[25.7601,55.6712],[25.7585,55.6872],[25.7311,55.6873],[25.7141,55.6989],[25.6915,55.6981],[25.6828,55.7019],[25.6818,55.7097],[25.7018,55.7056],[25.7014,55.711],[25.6862,55.7149],[25.7126,55.7311],[25.7171,55.7414],[25.7276,55.7416],[25.7298,55.756],[25.7204,55.7575],[25.7301,55.7607],[25.734,55.7736],[25.7313,55.7776],[25.7425,55.7761],[25.7525,55.7865],[25.8007,55.7714],[25.8228,55.7731],[25.8286,55.7891],[25.8336,55.7891],[25.8307,55.7917],[25.8386,55.7969],[25.8313,55.8041],[25.8345,55.8072],[25.8248,55.8147],[25.8409,55.8125],[25.8359,55.8143],[25.8426,55.8214],[25.8404,55.8351],[25.8685,55.8284],[25.8661,55.8218],[25.8965,55.8196],[25.9068,55.824],[25.9032,55.8623],[25.9662,55.8654],[25.9672,55.8708],[25.9742,55.87],[25.9662,55.8714],[25.9646,55.8761],[25.988,55.8896],[25.9678,55.9091],[25.9726,55.922],[26.0,55.9352],[26.0059,55.9427],[26.0462,55.9441]]]}},{"type":"Feature","properties":{"code":"LT045","name":"Ignalinos r. sav."},"geometry":{"type":"Polygon","coordinates":[[[26.6324,55.6087],[26.6362,55.5975],[26.6279,55.5723],[26.6206,55.569],[26.6221,55.5641],[26.6079,55.5623],[26.5989,55.5517],[26.5864,55.5462],[26.5872,55.5389],[26.5814,55.5355],[26.5661,55.5341],[26.5507,55.5253],[26.5341,55.5249],[26.5242,55.5099],[26.5396,55.4938],[26.5388,55.4844],[26.5503,55.4773],[26.557,55.4634],[26.5419,55.4507],[26.5603,55.4381],[26.5443,55.4425],[26.5387,55.4395],[26.5594,55.4111],[26.548,55.4079],[26.5541,55.3888],[26.511,55.3795],[26.5034,55.3698],[26.4879,55.373],[26.4748,55.3701],[26.472,55.3567],[26.4399,55.3479],[26.4531,55.3397],[26.4754,55.3415],[26.5156,55.33],[26.5486,55.329],[26.5637,55.3193],[26.5836,55.3264],[26.5885,55.3191],[26.5939,55.3224],[26.6072,55.3196],[26.618,55.3268],[26.6143,55.3319],[26.6268,55.3349],[26.631,55.3331],[26.6248,55.3266],[26.6324,55.3219],[26.6407,55.3247],[26.6439,55.3344],[26.6643,55.3389],[26.6834,55.3314],[26.7086,55.3291],[26.7201,55.3218],[26.792,55.3212],[26.8142,55.3153],[26.8149,55.3091],[26.8321,55.3069],[26.8355,55.2856],[26.8288,55.2761],[26.7982,55.2736],[26.7987,55.266],[26.7858,55.2674],[26.7804,55.2599],[26.7611,55.2582],[26.7487,55.2515],[26.7398,55.2565],[26.7587,55.2643],[26.6637,55.2609],[26.6596,55.2556],[26.6495,55.2586],[26.6532,55.2631],[26.6463,55.2649],[26.6329,55.2592],[26.6244,55.2617],[26.6125,55.2536],[26.6283,55.2502],[26.6266,55.2463],[26.6125,55.247],[26.6171,55.2411],[26.5967,55.2287],[26.5677,55.2283],[26.554,55.2193],[26.5399,55.2256],[26.5238,55.2251],[26.5185,55.2142],[26.4942,55.2171],[26.4851,55.2126],[26.4578,55.2187],[26.4486,55.2091],[26.4199,55.2179],[26.4001,55.2162],[26.3805,55.2243],[26.3418,55.2188],[26.3364,55.2272],[26.3304,55.219],[26.2954,55.2249],[26.2839,55.2287],[26.2845,55.2322],[26.2641,55.2233],[26.2295,55.2456],[26.2218,55.2378],[26.2125,55.2362],[26.1991,55.2357],[26.1959,55.2403],[26.1862,55.222],[26.1537,55.225],[26.153,55.2297],[26.1678,55.2458],[26.1832,55.2516],[26.148,55.2628],[26.1494,55.2757],[26.1398,55.2788],[26.1474,55.2822],[26.1467,55.286],[26.1311,55.2873],[26.1218,55.2936],[26.1009,55.2872],[26.0902,55.2928],[26.0609,55.2962],[26.0625,55.3076],[26.0591,55.3097],[26.0559,55.2939],[26.064,55.2941],[26.061,55.2912],[26.0464,55.2988],[26.0195,55.2866],[26.0436,55.2884],[26.0294,55.2755],[26.0011,55.2776],[25.9865,55.2717],[25.9606,55.2829],[25.9401,55.2801],[25.9396,55.2868],[25.9296,55.2866],[25.9301,55.2758],[25.9146,55.2828],[25.9133,55.276],[25.9071,55.2743],[25.8924,55.2794],[25.8974,55.2814],[25.8961,55.2891],[25.8571,55.3047],[25.8721,55.3179],[25.86,55.3331],[25.874,55.3372],[25.87,55.3384],[25.8788,55.344],[25.8876,55.3648],[25.9262,55.3476],[25.9461,55.3446],[25.9724,55.3575],[25.9742,55.3684],[25.9518,55.3742],[25.9521,55.3804],[25.9429,55.3778],[25.9454,55.3868],[25.9377,55.398],[25.9449,55.4002],[25.9316,55.401],[25.9129,55.4112],[25.9305,55.4194],[25.9375,55.422],[25.9499,55.4147],[25.9758,55.4095],[26.0059,55.4208],[26.0255,55.4127],[26.0392,55.3981],[26.0525,55.3999],[26.0639,55.3935],[26.0625,55.4097],[26.0456,55.4092],[26.0431,55.4377],[26.0218,55.4405],[26.0258,55.4636],[26.0429,55.4631],[26.0455,55.4699],[25.9951,55.4709],[25.9955,55.4884],[25.9826,55.4885],[25.9825,55.5078],[25.9647,55.5079],[25.9648,55.5184],[25.9826,55.5182],[25.9827,55.5241],[26.0059,55.526],[26.0163,55.5248],[26.0151,55.5159],[26.1095,55.5211],[26.1076,55.5337],[26.1504,55.5361],[26.1818,55.5314],[26.2281,55.5403],[26.2235,55.5602],[26.2438,55.5531],[26.2472,55.556],[26.2222,55.5634],[26.2216,55.5713],[26.2494,55.5748],[26.2403,55.5816],[26.2478,55.5857],[26.246,55.5914],[26.2522,55.5964],[26.2485,55.5989],[26.2627,55.6004],[26.2774,55.6116],[26.3146,55.6018],[26.4084,55.6016],[26.3867,55.5805],[26.3911,55.5747],[26.4122,55.569],[26.4049,55.5596],[26.4109,55.5594],[26.4152,55.5505],[26.4509,55.5619],[26.5302,55.5625],[26.5546,55.5778],[26.5845,55.5867],[26.6009,55.5988],[26.6109,55.5993],[26.6093,55.5908],[26.6198,55.5921],[26.6193,55.5847],[26.6268,55.5947],[26.6157,55.6008],[26.6324,55.6087]]]}},{"type":"Feature","properties":{"code":"LT046","name":"Jonavos r. sav."},"geometry":{"type":"Polygon","coordinates":[[[24.3727,55.297],[24.3882,55.2918],[24.3913,55.2969],[24.4207,55.2881],[24.4143,55.2841],[24.4215,55.2796],[24.4176,55.276],[24.427,55.2746],[24.4202,55.2613],[24.4264,55.2598],[24.4111,55.2346],[24.4264,55.2312],[24.4252,55.2272],[24.4386,55.2272],[24.4456,55.2329],[24.5054,55.2225],[24.4811,55.2001],[24.4822,55.1941],[24.4904,55.1915],[24.4847,55.1862],[24.4986,55.1719],[24.5013,55.1607],[24.5411,55.1542],[24.5338,55.1454],[24.5169,55.1405],[24.5283,55.1304],[24.5347,55.1333],[24.5411,55.1284],[24.537,55.1267],[24.5473,55.1241],[24.5444,55.1187],[24.5546,55.1141],[24.5563,55.107],[24.5701,55.1106],[24.5685,55.1137],[24.5811,55.1116],[24.5781,55.1078],[24.5843,55.1058],[24.5798,55.103],[24.5854,55.0998],[24.5815,55.0954],[24.5921,55.0897],[24.5857,55.0809],[24.5969,55.0815],[24.5919,55.0747],[24.6154,55.0745],[24.6326,55.061],[24.6335,55.0575],[24.6279,55.0563],[24.6321,55.0513],[24.6465,55.0491],[24.6145,55.0392],[24.6242,55.0368],[24.6224,55.0304],[24.5861,55.0281],[24.5891,55.0127],[24.5606,55.0043],[24.5605,54.9919],[24.5553,54.9902],[24.5257,55.0127],[24.49,55.0121],[24.4636,55.017],[24.4484,55.0254],[24.4469,55.0146],[24.4357,55.0112],[24.4381,55.0085],[24.4282,55.0031],[24.4344,54.9983],[24.4324,54.9935],[24.4427,54.9866],[24.4388,54.9854],[24.44,54.9793],[24.4294,54.9842],[24.407,54.9765],[24.3155,54.9685],[24.319,54.9639],[24.2285,54.9405],[24.2134,54.9588],[24.201,54.955],[24.2008,54.9467],[24.1933,54.9474],[24.194,54.9517],[24.1376,54.9361],[24.116,54.9499],[24.1099,54.9458],[24.1258,54.9642],[24.1136,54.9659],[24.1296,54.9747],[24.1259,54.979],[24.0945,54.9782],[24.0859,54.9846],[24.0983,54.9942],[24.1011,55.0084],[24.1105,55.0155],[24.0638,55.0304],[24.064,55.0466],[24.0847,55.0481],[24.0823,55.0504],[24.0942,55.0566],[24.1002,55.0525],[24.1079,55.0542],[24.0606,55.0718],[24.0815,55.0874],[24.0897,55.1075],[24.0773,55.1123],[24.0565,55.1088],[24.055,55.1155],[24.0453,55.1163],[24.0237,55.1055],[24.0148,55.116],[24.0325,55.1325],[24.0341,55.1381],[24.0259,55.139],[24.031,55.1472],[24.056,55.1539],[24.0495,55.1749],[24.1071,55.2028],[24.1158,55.1967],[24.1189,55.201],[24.1393,55.2023],[24.1552,55.2169],[24.1558,55.23],[24.1614,55.2329],[24.1588,55.2375],[24.169,55.2376],[24.1752,55.2434],[24.1851,55.2388],[24.1883,55.2417],[24.1781,55.2461],[24.1879,55.2573],[24.2055,55.2586],[24.2018,55.2676],[24.3163,55.2698],[24.3187,55.2754],[24.3523,55.2843],[24.3727,55.297]]]}},{"type":"Feature","properties":{"code":"LT047","name":"Joniškio r. sav."},"geometry":{"type":"Polygon","coordinates":[[[23.3064,56.383],[23.388,56.3789],[23.4185,56.3705],[23.4389,56.3518],[23.4814,56.3477],[23.5106,56.3358],[23.5449,56.3321],[23.6301,56.3599],[23.7648,56.3733],[23.7805,56.3677],[23.7802,56.3606],[23.7621,56.3366],[23.7678,56.3328],[23.7668,56.3237],[23.7815,56.3205],[23.7953,56.3391],[23.8036,56.3422],[23.8289,56.3381],[23.9126,56.3387],[23.9152,56.3311],[23.9617,56.3304],[23.9608,56.3096],[23.9289,56.3086],[23.922,56.2939],[23.9253,56.2842],[23.912,56.2843],[23.9058,56.2657],[23.8926,56.2481],[23.8861,56.2506],[23.8646,56.2444],[23.8717,56.243],[23.871,56.2375],[23.8632,56.2375],[23.8587,56.2317],[23.8532,56.214],[23.8409,56.2134],[23.8333,56.203],[23.8286,56.196],[23.8393,56.1924],[23.8305,56.1807],[23.8021,56.1775],[23.7528,56.1798],[23.7486,56.1838],[23.7137,56.1661],[23.706,56.1702],[23.6992,56.1662],[23.708,56.1612],[23.6676,56.1386],[23.686,56.1283],[23.6287,56.096],[23.6348,56.0945],[23.6088,56.0754],[23.5792,56.0879],[23.5662,56.0779],[23.573,56.0678],[23.559,56.0696],[23.5477,56.0617],[23.4836,56.0866],[23.4779,56.0821],[23.4393,56.0929],[23.4444,56.0969],[23.4411,56.1043],[23.4173,56.1151],[23.4092,56.1088],[23.3854,56.1186],[23.3628,56.1295],[23.3715,56.1361],[23.3503,56.1448],[23.3121,56.1408],[23.3333,56.132],[23.3278,56.1278],[23.2766,56.1478],[23.2909,56.1497],[23.3192,56.1747],[23.3028,56.1816],[23.2936,56.1746],[23.2733,56.1855],[23.2685,56.1825],[23.2561,56.1876],[23.2321,56.1694],[23.2212,56.1709],[23.2001,56.1797],[23.2046,56.1832],[23.201,56.1899],[23.1894,56.1933],[23.183,56.201],[23.1928,56.2041],[23.1687,56.2092],[23.1632,56.2145],[23.1305,56.2091],[23.1356,56.2044],[23.1279,56.203],[23.1083,56.2402],[23.0917,56.2352],[23.0787,56.2427],[23.0728,56.2559],[23.0791,56.2567],[23.0764,56.2617],[23.1001,56.2642],[23.0883,56.2852],[23.0953,56.2865],[23.0861,56.2997],[23.1152,56.3081],[23.1124,56.3129],[23.146,56.3268],[23.1841,56.3374],[23.1724,56.3545],[23.1813,56.3584],[23.1704,56.3669],[23.2829,56.3719],[23.3043,56.3785],[23.309,56.3812],[23.3064,56.383]]]}},{"type":"Feature","properties":{"code":"LT048","name":"Kalvarijos sav."},"geometry":{"type":"Polygon","coordinates":[[[23.1561,54.4885],[23.2595,54.4603],[23.2728,54.4778],[23.3333,54.4739],[23.3307,54.4627],[23.3155,54.4541],[23.3143,54.4425],[23.3421,54.438],[23.35,54.431],[23.345,54.4253],[23.3134,54.427],[23.315,54.4202],[23.396,54.3955],[23.3915,54.3957],[23.4011,54.3692],[23.3932,54.3626],[23.3655,54.3592],[23.3685,54.3512],[23.3586,54.3447],[23.3475,54.3469],[23.3463,54.3319],[23.3368,54.3271],[23.3448,54.3104],[23.3124,54.2971],[23.3314,54.2778],[23.3311,54.2698],[23.3229,54.2699],[23.3213,54.2533],[23.2818,54.2607],[23.2489,54.2568],[23.2339,54.2609],[23.2024,54.2886],[23.1542,54.297],[23.1598,54.3096],[23.1488,54.3144],[23.1404,54.3159],[23.0922,54.2985],[23.0421,54.316],[23.0509,54.3335],[23.0632,54.341],[23.0581,54.3453],[22.9939,54.3619],[23.0102,54.3828],[23.002,54.3837],[23.0052,54.4012],[23.0201,54.4008],[23.0205,54.4043],[22.9937,54.409],[22.9965,54.4231],[22.9896,54.4236],[22.9938,54.445],[23.0342,54.4451],[23.035,54.4512],[23.0869,54.4506],[23.1094,54.4698],[23.1069,54.482],[23.1147,54.485],[23.1426,54.4819],[23.1433,54.4857],[23.1561,54.4885]]]}},{"type":"Feature","properties":{"code":"LT049","name":"Kaišiadorių r. sav."},"geometry":{"type":"Polygon","coordinates":[[[24.4531,55.0254],[24.4628,55.0173],[24.4895,55.0122],[24.5262,55.0125],[24.5446,54.9952],[24.5679,54.9853],[24.5799,54.9733],[24.62,54.9742],[24.638,54.9562],[24.6816,54.9444],[24.6909,54.9269],[24.7173,54.9325],[24.7533,54.9299],[24.7651,54.9188],[24.8105,54.9038],[24.8096,54.8875],[24.795,54.8778],[24.7902,54.8779],[24.7897,54.8831],[24.7832,54.8783],[24.7824,54.8843],[24.7758,54.8803],[24.7804,54.8764],[24.7524,54.8768],[24.7599,54.8717],[24.7519,54.8715],[24.7639,54.8247],[24.755,54.8237],[24.7551,54.8286],[24.7474,54.8256],[24.7462,54.8193],[24.7426,54.8237],[24.7319,54.8235],[24.7293,54.8157],[24.7089,54.8165],[24.6192,54.83],[24.607,54.8139],[24.5916,54.8102],[24.5772,54.8148],[24.5637,54.812],[24.5412,54.8201],[24.5438,54.8029],[24.53,54.7988],[24.5854,54.7951],[24.5845,54.7861],[24.5759,54.7856],[24.5819,54.7803],[24.571,54.7743],[24.5805,54.7659],[24.566,54.767],[24.5685,54.7582],[24.5588,54.7577],[24.5562,54.7515],[24.5597,54.7417],[24.549,54.7401],[24.5519,54.7369],[24.546,54.736],[24.5473,54.7322],[24.5039,54.7291],[24.5013,54.712],[24.4906,54.7162],[24.4896,54.7044],[24.4972,54.7014],[24.4842,54.7],[24.4807,54.6934],[24.4755,54.6958],[24.4641,54.6832],[24.4715,54.6655],[24.4652,54.6623],[24.4729,54.636],[24.4496,54.6285],[24.4161,54.6443],[24.3778,54.6498],[24.3809,54.6666],[24.3335,54.6734],[24.3316,54.6802],[24.3166,54.6798],[24.3133,54.6678],[24.2929,54.6677],[24.2913,54.6761],[24.2822,54.6691],[24.2692,54.6754],[24.2477,54.6749],[24.2411,54.6654],[24.2155,54.6718],[24.2185,54.6819],[24.2109,54.6852],[24.1619,54.698],[24.1551,54.6953],[24.1516,54.685],[24.1281,54.6747],[24.0861,54.6869],[24.0836,54.7004],[24.1008,54.7264],[24.1333,54.7494],[24.138,54.761],[24.1499,54.7693],[24.1482,54.7783],[24.1353,54.7893],[24.1364,54.812],[24.1653,54.8158],[24.2154,54.7998],[24.239,54.8043],[24.2474,54.8173],[24.232,54.8298],[24.1997,54.8403],[24.1823,54.8608],[24.1402,54.8727],[24.127,54.8906],[24.1034,54.8964],[24.1034,54.9045],[24.0963,54.9112],[24.1205,54.9207],[24.1356,54.9181],[24.1312,54.9234],[24.1496,54.9321],[24.1376,54.9361],[24.194,54.9517],[24.1933,54.9474],[24.2008,54.9467],[24.201,54.955],[24.2134,54.9588],[24.2285,54.9405],[24.319,54.9639],[24.3155,54.9685],[24.407,54.9765],[24.4294,54.9842],[24.4354,54.9833],[24.4394,54.9795],[24.4419,54.9798],[24.4384,54.9822],[24.4427,54.9866],[24.4406,54.9906],[24.4324,54.9935],[24.4344,54.9983],[24.4282,55.0031],[24.4381,55.0085],[24.4357,55.0112],[24.4469,55.0146],[24.4466,55.0233],[24.4531,55.0254]]]}},{"type":"Feature","properties":{"code":"LT052","name":"Kauno r. sav."},"geometry":{"type":"Polygon","coordinates":[[[23.5173,55.2019],[23.5325,55.1969],[23.5267,55.1793],[23.5618,55.1762],[23.5504,55.1705],[23.5612,55.163],[23.5589,55.158],[23.5871,55.1487],[23.6124,55.1508],[23.6121,55.1561],[23.6969,55.1552],[23.7007,55.1599],[23.7316,55.164],[23.7326,55.1576],[23.7889,55.16],[23.8133,55.1564],[23.8102,55.1585],[23.8161,55.1629],[23.8137,55.1675],[23.8639,55.1855],[23.8859,55.1672],[23.8829,55.1617],[23.9017,55.1478],[23.9073,55.1527],[23.9427,55.1391],[23.9932,55.1306],[23.9973,55.1224],[23.9892,55.1149],[23.9985,55.1121],[24.0004,55.1143],[24.0152,55.1161],[24.0237,55.1055],[24.0453,55.1163],[24.055,55.1155],[24.0565,55.1088],[24.0773,55.1123],[24.0897,55.1076],[24.0815,55.0874],[24.0606,55.0718],[24.1079,55.0542],[24.1002,55.0525],[24.0942,55.0566],[24.0823,55.0504],[24.0847,55.0481],[24.064,55.0466],[24.064,55.0296],[24.1092,55.0177],[24.1096,55.0128],[24.1009,55.0082],[24.0987,54.9948],[24.0859,54.9846],[24.0945,54.9782],[24.1259,54.979],[24.1295,54.9748],[24.1136,54.9659],[24.1258,54.9642],[24.1099,54.9458],[24.116,54.9499],[24.1496,54.9321],[24.1312,54.9234],[24.1356,54.9181],[24.1205,54.9207],[24.1,54.9127],[24.0686,54.9258],[24.049,54.923],[24.0457,54.9275],[23.9769,54.9301],[23.9759,54.9344],[23.9947,54.9388],[23.9784,54.9369],[23.9692,54.9455],[23.9573,54.9472],[23.96,54.9489],[23.9515,54.9593],[23.927,54.9564],[23.9135,54.9596],[23.9014,54.9512],[23.8966,54.9539],[23.8899,54.9504],[23.8868,54.9544],[23.8804,54.9529],[23.8786,54.9474],[23.8564,54.9408],[23.8292,54.9415],[23.8287,54.948],[23.8121,54.9452],[23.8043,54.9571],[23.793,54.9282],[23.7533,54.9309],[23.8069,54.9083],[23.8231,54.9059],[23.8209,54.903],[23.8641,54.8976],[23.8699,54.8878],[23.8698,54.8765],[23.8297,54.8682],[23.8426,54.8507],[23.8565,54.8576],[23.8674,54.8537],[23.8641,54.8484],[23.8803,54.8463],[23.8843,54.8569],[23.9277,54.8511],[23.936,54.831],[23.9223,54.8207],[23.9689,54.8438],[23.9762,54.8359],[23.9873,54.8341],[24.0108,54.8427],[24.0268,54.8352],[24.0417,54.8441],[24.0151,54.8584],[24.0493,54.899],[24.0647,54.9093],[24.0872,54.9144],[24.0984,54.9116],[24.1036,54.8963],[24.1284,54.8897],[24.1402,54.8727],[24.1805,54.8617],[24.2005,54.8398],[24.2413,54.8242],[24.2473,54.818],[24.2457,54.8117],[24.2375,54.8036],[24.213,54.7997],[24.1653,54.8158],[24.1392,54.8138],[24.1346,54.8083],[24.1353,54.7893],[24.1505,54.7715],[24.1241,54.7434],[24.1085,54.7542],[24.0832,54.746],[24.0613,54.7661],[24.0368,54.7707],[24.0172,54.7807],[24.0064,54.7616],[23.9531,54.7522],[23.9455,54.7473],[23.9381,54.7542],[23.9155,54.7566],[23.9192,54.7513],[23.8991,54.747],[23.8934,54.7386],[23.8609,54.7402],[23.8549,54.7269],[23.8427,54.7303],[23.8317,54.7251],[23.8305,54.7202],[23.8258,54.7188],[23.8293,54.7213],[23.8236,54.7287],[23.8265,54.738],[23.8177,54.7357],[23.8112,54.7413],[23.8279,54.7472],[23.8057,54.7598],[23.7787,54.7637],[23.771,54.7735],[23.7761,54.7773],[23.7699,54.7821],[23.7749,54.7865],[23.7675,54.7856],[23.763,54.8007],[23.7176,54.8013],[23.7101,54.808],[23.6882,54.8118],[23.6735,54.8111],[23.6533,54.7977],[23.6076,54.8236],[23.6253,54.8402],[23.5977,54.8527],[23.5895,54.8441],[23.5805,54.8453],[23.5803,54.855],[23.5742,54.8536],[23.5454,54.8673],[23.551,54.8727],[23.5757,54.8691],[23.584,54.8743],[23.5815,54.8767],[23.5415,54.8956],[23.5066,54.8872],[23.5102,54.88],[23.5036,54.8802],[23.5013,54.8856],[23.4824,54.8875],[23.4754,54.9287],[23.3913,54.9493],[23.4022,54.9588],[23.4157,54.9552],[23.4415,54.9771],[23.506,54.9727],[23.5444,55.0026],[23.5749,54.9999],[23.5882,55.0084],[23.5833,55.0151],[23.589,55.0284],[23.5725,55.0391],[23.4795,55.049],[23.4369,55.0687],[23.4119,55.0735],[23.4315,55.0839],[23.44,55.0835],[23.4412,55.0907],[23.4543,55.1044],[23.4719,55.1131],[23.4735,55.1209],[23.4809,55.1251],[23.4795,55.1397],[23.4835,55.1453],[23.4775,55.1484],[23.4818,55.152],[23.4824,55.1691],[23.506,55.1983],[23.5173,55.2019]]]}},{"type":"Feature","properties":{"code":"LT053","name":"Kėdainių r. sav."},"geometry":{"type":"Polygon","coordinates":[[[23.914,55.5637],[23.9118,55.54],[23.9214,55.5355],[23.9469,55.506],[23.9626,55.5053],[23.9874,55.5156],[23.9907,55.5113],[24.0025,55.5143],[24.0398,55.4796],[24.0546,55.4758],[24.0551,55.4654],[24.0384,55.4436],[24.0632,55.4395],[24.0919,55.4442],[24.0957,55.4517],[24.1199,55.4503],[24.1201,55.4383],[24.1319,55.4357],[24.1504,55.4378],[24.1629,55.4452],[24.1643,55.4511],[24.1935,55.4447],[24.2027,55.4597],[24.2005,55.4753],[24.2432,55.4664],[24.2429,55.4537],[24.3011,55.438],[24.3079,55.456],[24.3165,55.4544],[24.3176,55.4463],[24.3547,55.4378],[24.3635,55.4407],[24.3654,55.4354],[24.3857,55.4355],[24.3932,55.4265],[24.386,55.4245],[24.3848,55.4141],[24.4028,55.4088],[24.3966,55.4047],[24.4003,55.3931],[24.4146,55.3867],[24.4298,55.3908],[24.4345,55.3858],[24.4281,55.3661],[24.4189,55.3645],[24.4206,55.3567],[24.4043,55.3522],[24.4072,55.3496],[24.4012,55.3469],[24.398,55.3329],[24.3867,55.3293],[24.3931,55.2985],[24.3882,55.2918],[24.368,55.2964],[24.3523,55.2843],[24.3187,55.2754],[24.3163,55.2698],[24.2018,55.2676],[24.2055,55.2586],[24.1879,55.2573],[24.1781,55.2461],[24.1883,55.2417],[24.1851,55.2388],[24.1752,55.2434],[24.169,55.2376],[24.1588,55.2375],[24.1614,55.2329],[24.1558,55.23],[24.1552,55.2169],[24.1393,55.2023],[24.1189,55.201],[24.1158,55.1967],[24.1071,55.2028],[24.0495,55.1749],[24.056,55.1539],[24.031,55.1472],[24.0259,55.139],[24.0341,55.1381],[24.0325,55.1325],[24.0157,55.1161],[23.9977,55.1123],[23.9889,55.1151],[23.9973,55.1224],[23.9932,55.1306],[23.9427,55.1391],[23.9073,55.1527],[23.9016,55.1479],[23.8829,55.1617],[23.8859,55.1672],[23.8639,55.1855],[23.8137,55.1675],[23.8161,55.1629],[23.8102,55.1585],[23.8133,55.1564],[23.7889,55.16],[23.7326,55.1576],[23.7316,55.164],[23.7007,55.1599],[23.6969,55.1552],[23.6121,55.1561],[23.6124,55.1508],[23.5994,55.1482],[23.5589,55.158],[23.5612,55.163],[23.5504,55.1705],[23.5824,55.1908],[23.5699,55.2145],[23.5823,55.2153],[23.5979,55.2249],[23.5932,55.2505],[23.5709,55.2488],[23.5759,55.2639],[23.5836,55.269],[23.5812,55.2736],[23.5856,55.2812],[23.5986,55.2829],[23.5959,55.2795],[23.6057,55.2782],[23.6185,55.2831],[23.6057,55.2961],[23.6221,55.3092],[23.6079,55.3171],[23.6183,55.3226],[23.6403,55.3199],[23.6394,55.3244],[23.6202,55.3317],[23.6187,55.3346],[23.626,55.3351],[23.6255,55.3414],[23.6158,55.3497],[23.6062,55.347],[23.6025,55.3536],[23.6112,55.3572],[23.5994,55.3672],[23.5812,55.3971],[23.5623,55.3935],[23.5498,55.402],[23.5452,55.4283],[23.5769,55.4334],[23.5725,55.4407],[23.5601,55.4434],[23.57,55.4491],[23.5835,55.4481],[23.5932,55.4627],[23.5948,55.4726],[23.589,55.4736],[23.6107,55.4759],[23.6177,55.4714],[23.6563,55.4691],[23.6587,55.4764],[23.6646,55.4772],[23.6563,55.4857],[23.6745,55.4926],[23.684,55.5024],[23.735,55.512],[23.7298,55.5194],[23.8127,55.5392],[23.8106,55.5415],[23.8308,55.5476],[23.8528,55.5475],[23.8794,55.5582],[23.893,55.5567],[23.914,55.5637]]]}},{"type":"Feature","properties":{"code":"LT054","name":"Kelmės r. sav."},"geometry":{"type":"Polygon","coordinates":[[[22.7115,55.9066],[22.7142,55.9007],[22.7374,55.9023],[22.7524,55.8815],[22.7912,55.888],[22.8007,55.8842],[22.8,55.8773],[22.8535,55.8669],[22.857,55.853],[22.8747,55.8639],[22.8934,55.8625],[22.902,55.8586],[22.9023,55.8538],[22.9126,55.8557],[22.9194,55.8754],[22.956,55.8726],[22.9595,55.8646],[22.9397,55.8529],[22.9516,55.8449],[22.9507,55.8407],[22.9663,55.8398],[22.9727,55.8233],[23.0125,55.8272],[23.0162,55.8166],[23.0278,55.8133],[23.0264,55.8047],[23.0488,55.7988],[23.0529,55.8004],[23.0479,55.8063],[23.0558,55.8046],[23.0571,55.7978],[23.0514,55.7941],[23.0552,55.7921],[23.0466,55.7739],[23.0671,55.7763],[23.0833,55.769],[23.0675,55.76],[23.1037,55.7568],[23.1128,55.7647],[23.124,55.7592],[23.1408,55.7592],[23.1523,55.7496],[23.1749,55.7606],[23.2361,55.7314],[23.2145,55.7072],[23.2203,55.7062],[23.216,55.702],[23.2344,55.6993],[23.2369,55.6892],[23.247,55.6863],[23.2433,55.6838],[23.2738,55.6868],[23.3018,55.6835],[23.2981,55.6762],[23.3079,55.6704],[23.3021,55.6634],[23.3045,55.6572],[23.3186,55.6514],[23.3184,55.6431],[23.325,55.6355],[23.335,55.6431],[23.3322,55.6289],[23.3454,55.6241],[23.338,55.6124],[23.3301,55.6141],[23.3281,55.6193],[23.3246,55.618],[23.3285,55.6153],[23.3248,55.6085],[23.3281,55.5996],[23.3212,55.5847],[23.3296,55.5691],[23.3618,55.5632],[23.3599,55.555],[23.3392,55.5554],[23.3388,55.5518],[23.2889,55.5357],[23.2802,55.537],[23.2814,55.5426],[23.274,55.5423],[23.2764,55.5332],[23.2579,55.5263],[23.2555,55.5329],[23.2408,55.5349],[23.2339,55.5584],[23.2259,55.5634],[23.2325,55.5725],[23.2294,55.5767],[23.2157,55.5655],[23.2049,55.5662],[23.1874,55.559],[23.1274,55.5559],[23.1302,55.5605],[23.1218,55.5608],[23.119,55.5686],[23.105,55.5672],[23.0974,55.5646],[23.1024,55.5546],[23.0942,55.5538],[23.0961,55.5413],[23.0745,55.5402],[23.0729,55.5339],[23.0791,55.533],[23.0786,55.5223],[23.0829,55.5208],[23.0802,55.5138],[23.0857,55.5116],[23.0784,55.5017],[23.0632,55.5072],[23.0635,55.5136],[23.057,55.5156],[23.0643,55.5003],[23.0497,55.5003],[23.041,55.5107],[23.0366,55.5101],[23.028,55.4991],[23.0129,55.4939],[23.0049,55.4965],[23.0005,55.4889],[22.9884,55.4922],[22.9358,55.4855],[22.8935,55.4644],[22.8904,55.4679],[22.8748,55.463],[22.8765,55.4678],[22.8719,55.4702],[22.8542,55.4712],[22.8487,55.4685],[22.8528,55.4667],[22.8491,55.463],[22.8265,55.4776],[22.8375,55.4767],[22.8493,55.4827],[22.8425,55.4843],[22.8519,55.4937],[22.8472,55.4997],[22.8496,55.5066],[22.8386,55.5089],[22.8312,55.5037],[22.8178,55.5084],[22.7787,55.5033],[22.7552,55.5144],[22.7107,55.4846],[22.6999,55.4897],[22.6761,55.475],[22.6772,55.4713],[22.6246,55.4775],[22.6234,55.4885],[22.6495,55.4947],[22.6478,55.4995],[22.64,55.5],[22.6427,55.5063],[22.6264,55.5112],[22.6204,55.5217],[22.6046,55.5237],[22.606,55.5282],[22.5943,55.5336],[22.5957,55.5382],[22.5859,55.5419],[22.5889,55.543],[22.584,55.5473],[22.5776,55.5469],[22.5857,55.5665],[22.5611,55.568],[22.549,55.5631],[22.5266,55.5854],[22.5024,55.589],[22.4998,55.597],[22.5052,55.5999],[22.5088,55.6068],[22.5046,55.609],[22.515,55.6226],[22.5,55.6335],[22.4762,55.6375],[22.4778,55.6607],[22.4664,55.673],[22.4664,55.6797],[22.4824,55.6915],[22.5167,55.6895],[22.5296,55.6992],[22.5245,55.7047],[22.5301,55.7108],[22.5163,55.7311],[22.5227,55.7397],[22.5093,55.745],[22.5245,55.7527],[22.5237,55.7562],[22.512,55.7601],[22.4862,55.7887],[22.5844,55.811],[22.5813,55.8445],[22.5608,55.8559],[22.5782,55.8631],[22.6323,55.8587],[22.6472,55.8627],[22.6443,55.8707],[22.6596,55.871],[22.6583,55.8764],[22.6637,55.8796],[22.6542,55.9015],[22.6891,55.8929],[22.6863,55.9014],[22.7115,55.9066]]]}},{"type":"Feature","properties":{"code":"LT055","name":"Klaipėdos r. sav."},"geometry":{"type":"Polygon","coordinates":[[[21.1011,55.8923],[21.1171,55.881],[21.1372,55.8745],[21.1361,55.8674],[21.1471,55.8695],[21.1614,55.8643],[21.1682,55.8734],[21.1787,55.8667],[21.2032,55.867],[21.2142,55.8574],[21.2209,55.8605],[21.2286,55.8547],[21.2159,55.8444],[21.2252,55.8263],[21.2446,55.821],[21.2782,55.8369],[21.2953,55.8398],[21.3124,55.8222],[21.3628,55.8077],[21.3685,55.8156],[21.412,55.8062],[21.4226,55.8228],[21.4479,55.8172],[21.4404,55.8067],[21.4683,55.7931],[21.4652,55.7886],[21.4937,55.7854],[21.4998,55.7876],[21.4994,55.7947],[21.512,55.8088],[21.5598,55.7987],[21.5571,55.8019],[21.5617,55.8047],[21.591,55.8039],[21.5961,55.8069],[21.5979,55.8175],[21.6065,55.8051],[21.6004,55.8033],[21.6005,55.7982],[21.6115,55.7918],[21.6064,55.7908],[21.6275,55.7861],[21.6261,55.7739],[21.6399,55.7723],[21.6384,55.768],[21.6277,55.768],[21.6276,55.7526],[21.654,55.7492],[21.6664,55.7614],[21.7132,55.7489],[21.7216,55.7548],[21.7347,55.7501],[21.7415,55.7593],[21.7633,55.7497],[21.7602,55.7374],[21.7686,55.7297],[21.7579,55.7259],[21.7512,55.7124],[21.7669,55.7015],[21.7807,55.7019],[21.7893,55.6912],[21.8025,55.6887],[21.7911,55.6834],[21.794,55.6806],[21.7879,55.6713],[21.7911,55.6699],[21.7815,55.6618],[21.799,55.6472],[21.7823,55.6479],[21.7886,55.6417],[21.8089,55.6359],[21.8155,55.6231],[21.8099,55.6183],[21.844,55.618],[21.8417,55.6125],[21.8803,55.597],[21.8688,55.5876],[21.8829,55.5823],[21.8584,55.5716],[21.8504,55.5742],[21.8428,55.5688],[21.8347,55.5703],[21.8168,55.5556],[21.8006,55.5587],[21.8087,55.5639],[21.7866,55.5684],[21.7754,55.5629],[21.7819,55.5617],[21.7706,55.5566],[21.7699,55.5428],[21.7594,55.5346],[21.753,55.5347],[21.7484,55.5269],[21.7386,55.5226],[21.7196,55.5221],[21.7106,55.5137],[21.6813,55.5277],[21.6802,55.5341],[21.6607,55.5472],[21.6341,55.552],[21.6282,55.5606],[21.6145,55.5668],[21.594,55.5647],[21.5834,55.5686],[21.5906,55.555],[21.5776,55.5509],[21.5827,55.547],[21.5816,55.5408],[21.5696,55.5444],[21.5453,55.5393],[21.5408,55.5367],[21.5423,55.5276],[21.5149,55.5282],[21.5014,55.5184],[21.4953,55.5224],[21.5056,55.533],[21.4917,55.5348],[21.492,55.5408],[21.4747,55.5416],[21.4731,55.5371],[21.4577,55.5335],[21.4532,55.5395],[21.4716,55.5497],[21.4538,55.5584],[21.4258,55.5456],[21.3985,55.5494],[21.3978,55.5371],[21.3858,55.5317],[21.3893,55.5266],[21.3805,55.5234],[21.3814,55.519],[21.3752,55.5222],[21.3696,55.5158],[21.3539,55.5143],[21.3544,55.5084],[21.3471,55.5037],[21.3606,55.4985],[21.3642,55.4797],[21.3379,55.4907],[21.2627,55.4672],[21.1141,55.4589],[21.1301,55.4878],[21.1235,55.5245],[21.1452,55.5662],[21.1513,55.5964],[21.1415,55.6328],[21.172,55.6348],[21.1894,55.6128],[21.1959,55.6139],[21.1945,55.6195],[21.1758,55.6429],[21.2336,55.6451],[21.2307,55.6486],[21.2398,55.6501],[21.223,55.6748],[21.237,55.68],[21.2346,55.6831],[21.2209,55.6778],[21.1706,55.7529],[21.1539,55.7669],[21.1355,55.7715],[21.1379,55.7963],[21.1158,55.7797],[21.0983,55.7739],[21.0949,55.7791],[21.0753,55.7742],[21.067,55.7934],[21.0583,55.8552],[21.084,55.8577],[21.0811,55.864],[21.0935,55.8612],[21.0898,55.8698],[21.1011,55.8923]]]}},{"type":"Feature","properties":{"code":"LT056","name":"Kretingos r. sav."},"geometry":{"type":"Polygon","coordinates":[[[21.3229,56.1521],[21.3891,56.1387],[21.3861,56.1341],[21.3926,56.1329],[21.4083,56.1346],[21.4126,56.1409],[21.4715,56.1307],[21.4643,56.1198],[21.5353,56.1023],[21.5379,56.1063],[21.5763,56.1072],[21.5838,56.1115],[21.6225,56.1019],[21.6179,56.0914],[21.6417,56.0776],[21.6453,56.0816],[21.7001,56.0699],[21.6823,56.0432],[21.6663,56.0392],[21.6378,56.0027],[21.6303,56.0047],[21.6223,55.9958],[21.5862,56.0012],[21.5718,55.9802],[21.6002,55.9742],[21.5815,55.9441],[21.5927,55.9389],[21.5937,55.9166],[21.5747,55.9186],[21.5744,55.9124],[21.579,55.9072],[21.5919,55.9075],[21.596,55.9025],[21.6187,55.8968],[21.6203,55.8902],[21.625,55.8898],[21.6191,55.8809],[21.5992,55.8837],[21.5862,55.8759],[21.5923,55.86],[21.5584,55.8622],[21.5545,55.8473],[21.5407,55.8503],[21.5359,55.8432],[21.539,55.8329],[21.5334,55.8354],[21.5267,55.8315],[21.5234,55.8201],[21.4994,55.7947],[21.4984,55.7868],[21.4652,55.7886],[21.4683,55.7931],[21.4404,55.8067],[21.4479,55.8172],[21.4226,55.8228],[21.412,55.8062],[21.3685,55.8156],[21.3628,55.8077],[21.3124,55.8222],[21.2953,55.8398],[21.2782,55.8369],[21.2446,55.821],[21.2252,55.8263],[21.2159,55.8444],[21.2286,55.8547],[21.2209,55.8605],[21.2142,55.8574],[21.2032,55.867],[21.1787,55.8667],[21.1682,55.8734],[21.1614,55.8643],[21.1471,55.8695],[21.1361,55.8674],[21.1372,55.8745],[21.1171,55.881],[21.1007,55.8924],[21.1052,55.9054],[21.0998,55.9094],[21.1064,55.9097],[21.1271,55.9374],[21.1239,55.9444],[21.117,55.9448],[21.1228,55.9534],[21.13,55.9548],[21.1221,55.9591],[21.1257,55.9634],[21.1212,55.9728],[21.1256,55.9772],[21.1279,55.9978],[21.1226,56.0123],[21.1123,56.0116],[21.1193,56.0327],[21.1357,56.0329],[21.1389,56.0449],[21.1186,56.0465],[21.1227,56.0772],[21.1622,56.0863],[21.1805,56.075],[21.2017,56.0767],[21.2178,56.0995],[21.2154,56.1022],[21.2251,56.1034],[21.2206,56.1088],[21.2355,56.1157],[21.2333,56.1194],[21.2389,56.1229],[21.2369,56.1336],[21.2286,56.1389],[21.233,56.1418],[21.2268,56.146],[21.2422,56.143],[21.2372,56.1367],[21.2592,56.1321],[21.2648,56.1384],[21.3045,56.1297],[21.3229,56.1521]]]}},{"type":"Feature","properties":{"code":"LT057","name":"Kupiškio r. sav."},"geometry":{"type":"Polygon","coordinates":[[[25.0154,56.0513],[25.032,56.0486],[25.051,56.0326],[25.0312,56.018],[25.0345,56.0108],[25.0514,56.0077],[25.0567,56.0146],[25.0798,56.0123],[25.0732,55.999],[25.0645,55.9978],[25.069,55.9775],[25.0634,55.971],[25.0974,55.9673],[25.1219,55.9497],[25.1358,55.9525],[25.14,55.9431],[25.1905,55.9533],[25.2057,55.9458],[25.2257,55.9494],[25.2543,55.9361],[25.272,55.9371],[25.2775,55.9524],[25.2742,55.9565],[25.2882,55.9642],[25.299,55.9629],[25.2977,55.9741],[25.3213,55.9791],[25.3226,55.9581],[25.3118,55.949],[25.3233,55.948],[25.328,55.9406],[25.3231,55.933],[25.3325,55.9005],[25.3295,55.884],[25.32,55.8723],[25.3204,55.8661],[25.3017,55.8553],[25.2969,55.8442],[25.3003,55.8414],[25.2954,55.8405],[25.3,55.8388],[25.2954,55.8367],[25.2987,55.834],[25.2935,55.8285],[25.3087,55.8108],[25.3362,55.7962],[25.3555,55.7777],[25.366,55.7571],[25.3341,55.7322],[25.3208,55.7373],[25.2959,55.7331],[25.2983,55.717],[25.3111,55.7142],[25.3005,55.7018],[25.2662,55.7173],[25.0995,55.6823],[25.0874,55.6998],[25.0944,55.7035],[25.0926,55.7068],[25.0864,55.7044],[25.0855,55.7089],[25.0938,55.7165],[25.0643,55.7156],[25.0101,55.7316],[24.9986,55.7262],[24.9942,55.7321],[24.9777,55.7358],[24.9367,55.7189],[24.8885,55.7268],[24.8888,55.7224],[24.8661,55.7199],[24.869,55.7125],[24.8652,55.7055],[24.8612,55.7093],[24.8486,55.7053],[24.8417,55.7164],[24.8282,55.7237],[24.7911,55.7104],[24.7799,55.7107],[24.7623,55.7175],[24.7484,55.7126],[24.7227,55.7253],[24.7154,55.7207],[24.6993,55.7295],[24.7032,55.7371],[24.7122,55.7376],[24.7041,55.7465],[24.6908,55.7426],[24.6904,55.7599],[24.6781,55.7718],[24.6977,55.7724],[24.7058,55.7788],[24.7025,55.783],[24.7433,55.7873],[24.7421,55.8014],[24.7344,55.8015],[24.7363,55.8058],[24.7588,55.8223],[24.7544,55.8276],[24.7559,55.8388],[24.7386,55.8511],[24.7404,55.8736],[24.7238,55.8731],[24.7209,55.8796],[24.728,55.8853],[24.7188,55.8922],[24.7227,55.8936],[24.715,55.9228],[24.7246,55.9215],[24.73,55.9263],[24.7564,55.9228],[24.7605,55.9332],[24.7683,55.9294],[24.778,55.9348],[24.8058,55.9343],[24.8262,55.949],[24.8458,55.942],[24.8502,55.9501],[24.8891,55.9476],[24.8931,55.9747],[24.884,55.9755],[24.8777,55.9897],[24.8857,56.0065],[24.9117,56.0077],[24.9118,56.0149],[24.9201,56.0206],[24.9529,56.0222],[24.982,56.0303],[25.0154,56.0513]]]}},{"type":"Feature","properties":{"code":"LT058","name":"Kazlų Rūdos sav."},"geometry":{"type":"Polygon","coordinates":[[[23.3914,54.9464],[23.4754,54.9287],[23.4824,54.8875],[23.5013,54.8856],[23.5036,54.8802],[23.5102,54.88],[23.5066,54.8872],[23.5415,54.8956],[23.584,54.8743],[23.5755,54.8691],[23.551,54.8727],[23.5455,54.8672],[23.5742,54.8536],[23.5803,54.855],[23.5805,54.8453],[23.5895,54.8441],[23.5977,54.8527],[23.6253,54.8402],[23.6076,54.8236],[23.6416,54.8044],[23.6316,54.7955],[23.6219,54.7961],[23.6221,54.7907],[23.6328,54.7872],[23.6179,54.7732],[23.6031,54.7663],[23.5865,54.7666],[23.5856,54.7614],[23.6118,54.7609],[23.6451,54.7686],[23.6477,54.7593],[23.6371,54.7463],[23.6631,54.7201],[23.6331,54.7102],[23.662,54.6822],[23.6734,54.6574],[23.6566,54.6531],[23.6597,54.6501],[23.6565,54.6452],[23.5806,54.6494],[23.5633,54.6425],[23.5571,54.6444],[23.5447,54.6313],[23.5403,54.6352],[23.5442,54.639],[23.5219,54.659],[23.5137,54.6585],[23.5106,54.6668],[23.5172,54.6681],[23.5157,54.6717],[23.4913,54.6738],[23.4829,54.6958],[23.4869,54.7042],[23.4614,54.7069],[23.4563,54.6946],[23.4366,54.696],[23.4344,54.701],[23.4284,54.7013],[23.4012,54.6911],[23.3809,54.7028],[23.3632,54.7013],[23.3424,54.6866],[23.3289,54.6941],[23.304,54.6994],[23.294,54.6962],[23.2752,54.704],[23.2811,54.7165],[23.2777,54.7168],[23.2779,54.7271],[23.2827,54.7272],[23.2842,54.7577],[23.2938,54.7633],[23.271,54.7747],[23.2684,54.783],[23.2886,54.8124],[23.2997,54.8133],[23.3053,54.8281],[23.2902,54.8312],[23.2916,54.8428],[23.2804,54.8434],[23.2753,54.8492],[23.2993,54.8746],[23.2874,54.8782],[23.3143,54.8901],[23.334,54.8854],[23.3939,54.9366],[23.3914,54.9464]]]}},{"type":"Feature","properties":{"code":"LT059","name":"Lazdijų r. sav."},"geometry":{"type":"Polygon","coordinates":[[[23.5656,54.4237],[23.5649,54.4058],[23.5971,54.4068],[23.5994,54.3962],[23.5818,54.3951],[23.5865,54.3692],[23.5628,54.3699],[23.5628,54.3398],[23.6027,54.3394],[23.6346,54.3528],[23.6369,54.3448],[23.6601,54.3461],[23.6788,54.3245],[23.7242,54.3379],[23.7489,54.331],[23.7619,54.3166],[23.7822,54.3072],[23.7982,54.2932],[23.8231,54.292],[23.824,54.2835],[23.8317,54.2775],[23.8368,54.2774],[23.8444,54.2868],[23.8732,54.283],[23.9119,54.2868],[23.9329,54.261],[23.9427,54.2607],[23.9445,54.2549],[23.9586,54.2645],[23.9835,54.255],[23.9711,54.2495],[23.9641,54.2357],[23.9602,54.2055],[23.9492,54.1919],[23.9665,54.1759],[23.945,54.1737],[23.9247,54.1793],[23.9047,54.1728],[23.8889,54.1807],[23.889,54.1688],[23.8745,54.1553],[23.8573,54.1575],[23.8292,54.1522],[23.8303,54.1473],[23.802,54.1438],[23.8082,54.135],[23.7992,54.128],[23.8055,54.1186],[23.7989,54.1062],[23.8537,54.0892],[23.8512,54.0775],[23.8412,54.0726],[23.8372,54.0628],[23.851,54.0482],[23.841,54.0418],[23.8344,54.0281],[23.8452,54.018],[23.8596,54.0301],[23.8626,54.022],[23.8334,53.9968],[23.8013,53.9813],[23.8345,53.9548],[23.7976,53.9344],[23.7994,53.9268],[23.815,53.9197],[23.8182,53.9124],[23.7978,53.8999],[23.7745,53.9],[23.7811,53.9111],[23.7734,53.9111],[23.7643,53.9246],[23.7321,53.9299],[23.7098,53.9394],[23.7031,53.9339],[23.6751,53.935],[23.6668,53.931],[23.652,53.935],[23.6104,53.9247],[23.5981,53.9296],[23.6002,53.9362],[23.5846,53.9373],[23.5814,53.9427],[23.5688,53.9446],[23.5607,53.939],[23.5482,53.9445],[23.5371,53.9418],[23.5268,53.956],[23.516,53.9548],[23.5074,53.9661],[23.4969,53.9683],[23.4982,53.9718],[23.486,53.9793],[23.4892,53.9828],[23.4807,53.998],[23.4933,54.0071],[23.5036,54.0065],[23.5162,54.0286],[23.5249,54.0311],[23.5286,54.0658],[23.5184,54.0787],[23.5183,54.0898],[23.507,54.0995],[23.502,54.1129],[23.4926,54.117],[23.4953,54.1326],[23.4858,54.1532],[23.4733,54.1581],[23.4755,54.1634],[23.4612,54.1678],[23.459,54.1755],[23.4245,54.1775],[23.4192,54.1911],[23.4064,54.1963],[23.3813,54.2289],[23.3617,54.231],[23.3375,54.2517],[23.3213,54.2533],[23.3229,54.2699],[23.3311,54.2698],[23.3314,54.2778],[23.3124,54.2971],[23.3448,54.3104],[23.3368,54.3271],[23.3463,54.3319],[23.3475,54.3469],[23.3586,54.3447],[23.3685,54.3512],[23.3655,54.3592],[23.3932,54.3626],[23.3998,54.3679],[23.4447,54.3658],[23.4386,54.3779],[23.4417,54.3867],[23.4382,54.3896],[23.4434,54.3924],[23.433,54.4014],[23.4541,54.3987],[23.4881,54.4148],[23.5402,54.4132],[23.5656,54.4237]]]}},{"type":"Feature","properties":{"code":"LT061","name":"Mažeikių r. sav."},"geometry":{"type":"Polygon","coordinates":[[[22.1255,56.4324],[22.1657,56.4196],[22.2095,56.424],[22.2155,56.4123],[22.2434,56.3998],[22.2786,56.4036],[22.286,56.4103],[22.2972,56.407],[22.3116,56.41],[22.3194,56.4081],[22.3217,56.4021],[22.3491,56.3938],[22.3649,56.402],[22.3911,56.4009],[22.4234,56.41],[22.4478,56.4028],[22.4755,56.4041],[22.4939,56.3963],[22.53,56.3937],[22.5381,56.389],[22.5803,56.3905],[22.5889,56.3843],[22.6162,56.3826],[22.626,56.3764],[22.6356,56.3681],[22.6211,56.3656],[22.6137,56.3586],[22.5677,56.3615],[22.5802,56.3446],[22.5783,56.3408],[22.5998,56.3336],[22.5829,56.3048],[22.5709,56.3051],[22.5936,56.293],[22.6035,56.2935],[22.6018,56.2884],[22.5801,56.2879],[22.584,56.2775],[22.5923,56.2755],[22.5947,56.2577],[22.6021,56.2523],[22.6143,56.2561],[22.625,56.2475],[22.6386,56.2497],[22.647,56.2224],[22.6183,56.2238],[22.6141,56.2179],[22.6298,56.2146],[22.6219,56.2083],[22.6305,56.2054],[22.616,56.1962],[22.6211,56.1725],[22.5806,56.171],[22.5564,56.1621],[22.5366,56.1636],[22.53,56.1535],[22.5485,56.1516],[22.5543,56.1436],[22.5809,56.1341],[22.5773,56.1302],[22.58,56.1218],[22.5922,56.1166],[22.5853,56.115],[22.5795,56.1052],[22.5927,56.1006],[22.5909,56.0968],[22.5796,56.0946],[22.5644,56.1015],[22.5107,56.1048],[22.5167,56.0962],[22.5087,56.0965],[22.5048,56.0879],[22.4727,56.0927],[22.4741,56.0978],[22.4276,56.1016],[22.4287,56.1061],[22.4372,56.1058],[22.4386,56.1106],[22.4478,56.1128],[22.4499,56.1235],[22.4395,56.1238],[22.438,56.1172],[22.4312,56.1153],[22.4197,56.1163],[22.4274,56.1205],[22.4233,56.1222],[22.4252,56.1253],[22.4336,56.1245],[22.4371,56.1414],[22.4159,56.1418],[22.4164,56.1449],[22.4004,56.1464],[22.4021,56.153],[22.3391,56.1638],[22.3348,56.1482],[22.3207,56.1492],[22.325,56.1605],[22.3176,56.1611],[22.3029,56.1569],[22.2794,56.1596],[22.277,56.1546],[22.2495,56.1511],[22.2453,56.1351],[22.2523,56.1338],[22.2432,56.1266],[22.2381,56.1068],[22.1664,56.1126],[22.1695,56.1063],[22.1618,56.0981],[22.1396,56.0993],[22.1389,56.1064],[22.1265,56.1086],[22.1441,56.1313],[22.1381,56.1415],[22.1352,56.1321],[22.1244,56.1372],[22.1228,56.1304],[22.1105,56.1255],[22.1086,56.1177],[22.1135,56.1147],[22.1083,56.1085],[22.073,56.0908],[22.0683,56.0917],[22.0718,56.0986],[22.0949,56.1133],[22.0818,56.1195],[22.0722,56.1173],[22.0393,56.1238],[22.0289,56.1309],[22.0356,56.142],[22.0286,56.1443],[22.0265,56.1519],[22.0157,56.1544],[22.012,56.1462],[22.0007,56.1496],[21.9874,56.1453],[21.9833,56.1548],[21.941,56.159],[21.9454,56.1762],[21.9572,56.1754],[21.9633,56.2],[22.0133,56.1961],[22.018,56.2121],[21.9998,56.2231],[22.0041,56.2286],[21.9973,56.2327],[21.9914,56.2487],[21.982,56.2521],[21.9769,56.2684],[21.9687,56.2687],[21.9803,56.3152],[21.9321,56.3189],[21.9399,56.3509],[21.971,56.3486],[21.978,56.3575],[21.974,56.3584],[21.976,56.3662],[21.9719,56.367],[21.9803,56.3791],[21.9775,56.3936],[21.993,56.406],[21.9917,56.4136],[22.0145,56.4145],[22.0111,56.4206],[22.0153,56.4243],[22.0338,56.4249],[22.0488,56.417],[22.0519,56.4215],[22.0621,56.419],[22.0715,56.4253],[22.0851,56.4228],[22.0888,56.4281],[22.1011,56.4259],[22.1255,56.4324]]]}},{"type":"Feature","properties":{"code":"LT062","name":"Molėtų r. sav."},"geometry":{"type":"Polygon","coordinates":[[[25.3868,55.4259],[25.4175,55.4193],[25.4356,55.4031],[25.4312,55.3921],[25.4528,55.3902],[25.4546,55.3959],[25.4764,55.4034],[25.4788,55.3956],[25.4873,55.3962],[25.4884,55.3886],[25.5046,55.384],[25.5199,55.3925],[25.5269,55.3911],[25.5368,55.3876],[25.5335,55.3792],[25.5401,55.3769],[25.5661,55.3812],[25.5716,55.3866],[25.6056,55.3806],[25.6374,55.3819],[25.6451,55.3751],[25.6377,55.3729],[25.6452,55.3713],[25.6827,55.375],[25.6795,55.3789],[25.6959,55.3808],[25.6929,55.3731],[25.6975,55.3689],[25.7137,55.3748],[25.7155,55.3703],[25.7489,55.358],[25.7477,55.3337],[25.7353,55.3343],[25.743,55.3185],[25.7353,55.3171],[25.7273,55.3224],[25.733,55.315],[25.7236,55.3147],[25.722,55.3073],[25.7162,55.3072],[25.7195,55.3042],[25.73,55.3071],[25.7339,55.3021],[25.7232,55.2959],[25.7294,55.2951],[25.727,55.2904],[25.7104,55.2869],[25.715,55.2802],[25.7041,55.269],[25.7066,55.2631],[25.6792,55.2718],[25.6881,55.2624],[25.6842,55.259],[25.6988,55.2565],[25.694,55.2463],[25.7026,55.2483],[25.7077,55.2405],[25.6791,55.2452],[25.6629,55.2325],[25.6656,55.2267],[25.6585,55.2219],[25.666,55.2201],[25.6607,55.2154],[25.6749,55.215],[25.6603,55.207],[25.6526,55.2088],[25.6477,55.1971],[25.6555,55.1827],[25.6793,55.1794],[25.6855,55.1729],[25.7091,55.1726],[25.7083,55.1433],[25.722,55.1446],[25.7256,55.1372],[25.7414,55.1312],[25.752,55.1335],[25.7633,55.1253],[25.7914,55.1208],[25.7973,55.1266],[25.8005,55.1231],[25.7898,55.1142],[25.782,55.1149],[25.775,55.1032],[25.7644,55.105],[25.7645,55.1095],[25.7618,55.1051],[25.7507,55.1053],[25.754,55.1008],[25.7468,55.0979],[25.7628,55.0977],[25.7677,55.0841],[25.7504,55.0833],[25.748,55.0885],[25.7393,55.0811],[25.7307,55.0829],[25.7324,55.0757],[25.7388,55.0742],[25.7433,55.0798],[25.7569,55.0798],[25.7568,55.0738],[25.7391,55.0599],[25.7481,55.0585],[25.7354,55.0526],[25.745,55.049],[25.7417,55.0397],[25.7593,55.0427],[25.7606,55.0394],[25.7109,55.0358],[25.7051,55.0405],[25.7055,55.0471],[25.6962,55.0423],[25.6654,55.0405],[25.6613,55.0494],[25.6559,55.05],[25.6611,55.0522],[25.6568,55.06],[25.6463,55.0578],[25.6253,55.0652],[25.6102,55.0591],[25.5782,55.0638],[25.5794,55.053],[25.5729,55.048],[25.5373,55.0539],[25.5322,55.0528],[25.5265,55.0406],[25.4964,55.0431],[25.44,55.034],[25.4213,55.0332],[25.3974,55.04],[25.3815,55.0309],[25.3311,55.0315],[25.3095,55.0373],[25.3023,55.0452],[25.2803,55.0463],[25.222,55.0415],[25.2137,55.0539],[25.2278,55.056],[25.2358,55.0629],[25.2259,55.0691],[25.2218,55.0769],[25.2264,55.0811],[25.2216,55.0882],[25.211,55.0899],[25.2089,55.0949],[25.1832,55.0917],[25.1689,55.0968],[25.157,55.0893],[25.1479,55.0957],[25.156,55.1025],[25.1489,55.1115],[25.162,55.1185],[25.1569,55.1301],[25.1644,55.1302],[25.1753,55.1387],[25.1667,55.1434],[25.1671,55.1518],[25.1915,55.1538],[25.2268,55.1652],[25.233,55.1698],[25.2274,55.1793],[25.243,55.1853],[25.2384,55.1879],[25.2518,55.1911],[25.2659,55.1882],[25.2674,55.1915],[25.2563,55.1949],[25.2444,55.1919],[25.2468,55.1958],[25.2416,55.1973],[25.2316,55.1932],[25.2274,55.205],[25.214,55.2128],[25.178,55.2083],[25.1576,55.2215],[25.1783,55.2368],[25.188,55.2674],[25.1507,55.2619],[25.1522,55.2587],[25.1414,55.2516],[25.1402,55.2576],[25.1061,55.2648],[25.1107,55.2798],[25.1002,55.2845],[25.1009,55.2917],[25.0796,55.2929],[25.0843,55.2954],[25.0834,55.3024],[25.0696,55.3145],[25.0842,55.318],[25.1043,55.3157],[25.1309,55.3252],[25.1126,55.3424],[25.0929,55.3435],[25.081,55.3507],[25.0772,55.3542],[25.0799,55.3588],[25.1146,55.3754],[25.1536,55.3695],[25.1705,55.3788],[25.1674,55.3815],[25.1728,55.3847],[25.1669,55.3901],[25.1702,55.3947],[25.1928,55.4069],[25.2143,55.3991],[25.2185,55.4042],[25.2277,55.4028],[25.2397,55.3902],[25.2636,55.3849],[25.3285,55.3946],[25.3683,55.3887],[25.3751,55.4085],[25.3972,55.4149],[25.3987,55.4214],[25.3868,55.4259]]]}},{"type":"Feature","properties":{"code":"LT063","name":"Pagėgių sav."},"geometry":{"type":"Polygon","coordinates":[[[21.886,55.2943],[21.8958,55.2882],[21.8805,55.2759],[21.8838,55.2735],[21.9696,55.2583],[21.9799,55.2505],[22.0402,55.2347],[22.0278,55.2243],[22.0333,55.2211],[22.0529,55.1797],[22.0643,55.1703],[22.0582,55.1525],[22.083,55.1516],[22.1217,55.1671],[22.1518,55.1663],[22.1507,55.1705],[22.1569,55.1751],[22.1698,55.1718],[22.1939,55.1528],[22.2403,55.1532],[22.2452,55.1475],[22.2598,55.1527],[22.2716,55.148],[22.2894,55.1494],[22.2943,55.142],[22.3081,55.1391],[22.3001,55.1355],[22.2897,55.1411],[22.2691,55.141],[22.2776,55.1336],[22.2734,55.1271],[22.2607,55.1225],[22.2596,55.1181],[22.2686,55.1124],[22.2617,55.1091],[22.2773,55.0642],[22.2182,55.0603],[22.1873,55.0535],[22.1572,55.0555],[22.1324,55.0458],[22.1274,55.0331],[22.1187,55.0267],[22.0756,55.0245],[22.0465,55.0336],[22.031,55.0487],[22.0304,55.0569],[22.0409,55.0713],[22.0399,55.0803],[22.0338,55.0839],[21.9918,55.086],[21.965,55.0734],[21.8496,55.0964],[21.8155,55.1193],[21.7764,55.1195],[21.72,55.1339],[21.7109,55.1511],[21.6674,55.1689],[21.6499,55.1822],[21.6688,55.1817],[21.6612,55.1876],[21.6668,55.1997],[21.6815,55.1991],[21.6905,55.2051],[21.6907,55.2117],[21.7303,55.2125],[21.738,55.2167],[21.7301,55.2222],[21.7484,55.2285],[21.766,55.2291],[21.7793,55.2242],[21.7918,55.2296],[21.8195,55.2196],[21.8123,55.2134],[21.8664,55.2032],[21.8772,55.2299],[21.8745,55.2329],[21.8827,55.2383],[21.8616,55.2495],[21.8579,55.2623],[21.8496,55.2699],[21.8722,55.2939],[21.886,55.2943]]]}},{"type":"Feature","properties":{"code":"LT065","name":"Pakruojo r. sav."},"geometry":{"type":"Polygon","coordinates":[[[23.9617,56.3304],[24.0189,56.3298],[24.0226,56.3107],[24.0492,56.2993],[24.046,56.2797],[24.0977,56.2773],[24.0962,56.2711],[24.1189,56.2618],[24.1146,56.2509],[24.1215,56.2489],[24.1515,56.2533],[24.1522,56.2449],[24.1246,56.2406],[24.1236,56.2361],[24.1351,56.2341],[24.135,56.2269],[24.148,56.2247],[24.1474,56.2152],[24.1311,56.213],[24.1327,56.2037],[24.169,56.1954],[24.1512,56.1743],[24.152,56.167],[24.1826,56.1711],[24.1734,56.1459],[24.1791,56.1423],[24.1711,56.1321],[24.1798,56.1282],[24.154,56.1222],[24.1289,56.1233],[24.1286,56.1103],[24.1161,56.1091],[24.1202,56.0952],[24.1027,56.0819],[24.109,56.0766],[24.074,56.069],[24.0755,56.0499],[24.0691,56.0315],[24.0632,56.0254],[24.0551,56.029],[24.0547,56.0337],[24.0408,56.0377],[24.0384,56.0221],[24.0425,56.0132],[24.0231,55.9992],[24.03,55.9929],[24.0133,55.9612],[24.0182,55.9548],[24.037,55.9586],[24.0357,55.9516],[24.0491,55.9541],[24.0566,55.9423],[24.0971,55.9403],[24.0931,55.912],[24.0757,55.8956],[24.0852,55.8764],[24.061,55.8731],[24.06,55.8654],[24.034,55.8633],[24.0355,55.8509],[24.0038,55.8537],[24.0144,55.8382],[23.9613,55.8413],[23.9626,55.8364],[23.9324,55.8276],[23.9311,55.8319],[23.8965,55.8231],[23.8936,55.8159],[23.8764,55.824],[23.8485,55.818],[23.8417,55.8252],[23.8221,55.8264],[23.8256,55.8554],[23.8362,55.857],[23.8297,55.8696],[23.8209,55.8747],[23.7901,55.8691],[23.7863,55.8637],[23.7904,55.8601],[23.7823,55.8547],[23.7767,55.8602],[23.7637,55.8592],[23.755,55.8662],[23.7322,55.8651],[23.7229,55.8811],[23.7064,55.8716],[23.6942,55.8726],[23.6836,55.8677],[23.6469,55.8734],[23.6566,55.8867],[23.6367,55.8998],[23.6287,55.892],[23.5795,55.9068],[23.5752,55.9024],[23.554,55.909],[23.5569,55.9123],[23.552,55.9138],[23.5717,55.9289],[23.5662,55.9436],[23.5734,55.9592],[23.5295,55.9811],[23.5371,55.9865],[23.544,55.9835],[23.5649,56.0005],[23.5692,55.9986],[23.5902,56.0179],[23.5795,56.0268],[23.5712,56.0209],[23.5478,56.0311],[23.5421,56.0269],[23.5289,56.0328],[23.5445,56.0436],[23.5597,56.0398],[23.5784,56.0509],[23.5719,56.0498],[23.5733,56.0533],[23.5496,56.0632],[23.559,56.0696],[23.573,56.0678],[23.5662,56.0779],[23.5792,56.0879],[23.6088,56.0754],[23.6348,56.0945],[23.6287,56.096],[23.686,56.1283],[23.6676,56.1386],[23.708,56.1612],[23.6992,56.1662],[23.706,56.1702],[23.7137,56.1661],[23.7486,56.1838],[23.7528,56.1798],[23.8021,56.1775],[23.8305,56.1807],[23.8393,56.1924],[23.8286,56.196],[23.8333,56.203],[23.8409,56.2134],[23.8532,56.214],[23.8587,56.2317],[23.8632,56.2375],[23.871,56.2375],[23.8717,56.243],[23.8646,56.2444],[23.8861,56.2506],[23.8926,56.2481],[23.9058,56.2657],[23.912,56.2843],[23.9253,56.2842],[23.922,56.2939],[23.9289,56.3086],[23.9608,56.3095],[23.9617,56.3304]]]}},{"type":"Feature","properties":{"code":"LT066","name":"Panevėžio r. sav."},"geometry":{"type":"Polygon","coordinates":[[[24.6825,55.936],[24.6937,55.9319],[24.6931,55.9264],[24.715,55.9228],[24.7227,55.8936],[24.7188,55.8922],[24.728,55.8853],[24.7209,55.8796],[24.7238,55.8731],[24.7404,55.8736],[24.7386,55.8511],[24.7559,55.8388],[24.7544,55.8276],[24.7588,55.8222],[24.7389,55.8114],[24.7344,55.8015],[24.7421,55.8014],[24.7433,55.7873],[24.7025,55.783],[24.7058,55.7788],[24.6977,55.7724],[24.6781,55.7718],[24.6904,55.7599],[24.6908,55.7426],[24.7041,55.7465],[24.7122,55.7376],[24.6981,55.7334],[24.7157,55.7207],[24.7237,55.7058],[24.7204,55.6903],[24.7133,55.6842],[24.7393,55.6802],[24.7512,55.6732],[24.7423,55.6707],[24.7338,55.6585],[24.7259,55.6555],[24.7018,55.6641],[24.7083,55.6715],[24.6928,55.6702],[24.6895,55.6653],[24.6548,55.6651],[24.6564,55.6544],[24.6623,55.6542],[24.6589,55.6476],[24.6662,55.6427],[24.693,55.6545],[24.7039,55.6507],[24.7211,55.6329],[24.7262,55.6091],[24.6775,55.6007],[24.6685,55.5827],[24.6748,55.5678],[24.6629,55.5601],[24.6743,55.5519],[24.6726,55.5426],[24.6548,55.5265],[24.6551,55.5177],[24.6428,55.5158],[24.6435,55.5097],[24.6298,55.5097],[24.6476,55.4953],[24.6506,55.4616],[24.6049,55.4496],[24.5671,55.452],[24.5557,55.4595],[24.549,55.4562],[24.5416,55.4609],[24.5349,55.4577],[24.542,55.4531],[24.5363,55.4523],[24.5357,55.446],[24.5411,55.4341],[24.5521,55.426],[24.4877,55.4064],[24.485,55.395],[24.4784,55.395],[24.478,55.4006],[24.4552,55.4017],[24.4503,55.3956],[24.4146,55.3867],[24.399,55.3947],[24.3966,55.4047],[24.4028,55.4088],[24.3848,55.4141],[24.386,55.4245],[24.3932,55.4265],[24.3857,55.4355],[24.3654,55.4354],[24.3635,55.4407],[24.3547,55.4378],[24.3176,55.4463],[24.3165,55.4544],[24.3079,55.456],[24.3011,55.438],[24.2429,55.4537],[24.2432,55.4664],[24.205,55.4748],[24.2003,55.475],[24.2027,55.4597],[24.1935,55.4447],[24.1643,55.4511],[24.1629,55.4452],[24.1504,55.4378],[24.1319,55.4357],[24.1201,55.4383],[24.1199,55.4503],[24.0957,55.4517],[24.0919,55.4442],[24.0632,55.4395],[24.0384,55.4436],[24.0551,55.4654],[24.0546,55.4758],[24.0398,55.4796],[24.0025,55.5143],[23.9907,55.5113],[23.9874,55.5156],[23.9626,55.5053],[23.9469,55.506],[23.9214,55.5355],[23.9118,55.54],[23.9156,55.5633],[23.893,55.5567],[23.8794,55.5582],[23.8945,55.5738],[23.8986,55.5728],[23.9147,55.5972],[23.9149,55.6043],[23.9189,55.6046],[23.9254,55.6264],[23.9738,55.6159],[23.972,55.6232],[23.9814,55.6283],[24.0175,55.6261],[24.0337,55.6318],[24.0381,55.6352],[24.0224,55.6479],[24.0224,55.6664],[24.0129,55.673],[24.0195,55.6822],[24.0267,55.6815],[24.0321,55.6909],[24.0594,55.6886],[24.0677,55.6959],[24.0605,55.6975],[24.0624,55.7042],[24.03,55.7115],[24.0331,55.7242],[24.0424,55.7231],[24.0431,55.7292],[24.0388,55.7319],[24.0465,55.7454],[24.032,55.7445],[24.0322,55.7506],[24.027,55.7537],[24.014,55.754],[24.0132,55.7582],[24.0255,55.7606],[24.0273,55.7672],[24.0159,55.7832],[24.0026,55.7869],[23.9838,55.7824],[23.976,55.7981],[23.9701,55.7978],[23.9585,55.8312],[23.9613,55.8413],[24.0144,55.8382],[24.0038,55.8537],[24.0355,55.8509],[24.034,55.8633],[24.06,55.8654],[24.061,55.8731],[24.0852,55.8764],[24.0846,55.8801],[24.105,55.8807],[24.1089,55.8455],[24.1134,55.8403],[24.1322,55.8405],[24.133,55.8464],[24.1474,55.8448],[24.1452,55.8404],[24.1765,55.8399],[24.1759,55.8507],[24.1915,55.8486],[24.1905,55.8665],[24.2082,55.8648],[24.2098,55.8896],[24.2397,55.8868],[24.2452,55.9038],[24.2761,55.9012],[24.2721,55.9042],[24.2783,55.9066],[24.3567,55.8928],[24.3647,55.9164],[24.3724,55.9206],[24.3934,55.9199],[24.3974,55.8999],[24.4191,55.9027],[24.4234,55.8862],[24.4461,55.8902],[24.4452,55.8778],[24.421,55.8742],[24.4244,55.8629],[24.5511,55.8744],[24.5523,55.8825],[24.5666,55.8898],[24.5334,55.8872],[24.5277,55.8926],[24.543,55.9132],[24.5606,55.9082],[24.5856,55.9159],[24.5809,55.9281],[24.6068,55.9356],[24.6041,55.9281],[24.6258,55.923],[24.6283,55.9111],[24.6243,55.9046],[24.634,55.9006],[24.6825,55.936]],[[24.3789,55.7719],[24.348,55.7584],[24.2931,55.7579],[24.2868,55.7481],[24.2901,55.7455],[24.2678,55.7448],[24.2572,55.7381],[24.2509,55.7429],[24.2402,55.7413],[24.2356,55.7352],[24.2783,55.7396],[24.2905,55.7168],[24.3129,55.7164],[24.315,55.7078],[24.3074,55.7044],[24.3138,55.7041],[24.3068,55.6978],[24.3095,55.6956],[24.3539,55.6977],[24.3512,55.7006],[24.3587,55.7019],[24.3675,55.6891],[24.3759,55.6909],[24.3862,55.7066],[24.3911,55.7032],[24.3904,55.695],[24.4225,55.7049],[24.4114,55.711],[24.3922,55.7083],[24.3895,55.7177],[24.3978,55.719],[24.3946,55.7296],[24.404,55.7413],[24.4166,55.7412],[24.4288,55.7344],[24.4217,55.7419],[24.4324,55.7457],[24.4209,55.7501],[24.4102,55.746],[24.397,55.7532],[24.3942,55.7491],[24.3876,55.751],[24.3836,55.754],[24.3839,55.7682],[24.3789,55.7719]]]}},{"type":"Feature","properties":{"code":"LT067","name":"Pasvalio r. sav."},"geometry":{"type":"Polygon","coordinates":[[[24.316,56.3011],[24.3446,56.2934],[24.3577,56.2723],[24.3921,56.2784],[24.4232,56.261],[24.4541,56.2582],[24.4617,56.2663],[24.5039,56.2762],[24.5021,56.2513],[24.5153,56.2462],[24.493,56.2394],[24.4832,56.2231],[24.4682,56.2216],[24.473,56.213],[24.4913,56.2084],[24.4979,56.1831],[24.5081,56.1825],[24.521,56.1672],[24.5414,56.1707],[24.5531,56.1631],[24.5608,56.1636],[24.5423,56.1557],[24.5616,56.1479],[24.5614,56.1393],[24.5437,56.125],[24.5965,56.1051],[24.6232,56.1341],[24.6381,56.1348],[24.6497,56.0928],[24.6731,56.0938],[24.6822,56.055],[24.6284,56.0535],[24.6288,56.0337],[24.6081,56.0252],[24.5993,55.9994],[24.6008,55.9946],[24.6083,55.9954],[24.6061,55.9904],[24.6207,55.99],[24.617,55.9734],[24.6034,55.9746],[24.6009,55.9712],[24.6087,55.9678],[24.6036,55.9604],[24.6186,55.952],[24.6079,55.9352],[24.5958,55.9354],[24.5809,55.9281],[24.5856,55.9159],[24.5606,55.9082],[24.543,55.9132],[24.5277,55.8926],[24.5334,55.8872],[24.5666,55.8898],[24.5523,55.8825],[24.5513,55.8745],[24.4244,55.8629],[24.421,55.8742],[24.4452,55.8778],[24.4461,55.8902],[24.4234,55.8862],[24.4191,55.9027],[24.3974,55.8999],[24.3934,55.9199],[24.3724,55.9206],[24.3647,55.9164],[24.3567,55.8928],[24.2803,55.9065],[24.2722,55.9044],[24.2761,55.9012],[24.2452,55.9038],[24.2397,55.8868],[24.2075,55.8881],[24.2082,55.8648],[24.1905,55.8665],[24.1915,55.8486],[24.1759,55.8507],[24.1765,55.8399],[24.1452,55.8404],[24.1474,55.8448],[24.133,55.8464],[24.1322,55.8405],[24.1134,55.8403],[24.1089,55.8455],[24.105,55.8807],[24.0846,55.8801],[24.0769,55.8879],[24.076,55.8964],[24.0931,55.912],[24.0954,55.9427],[24.0566,55.9423],[24.0491,55.9541],[24.0357,55.9516],[24.037,55.9586],[24.0189,55.9545],[24.0133,55.9612],[24.0272,55.9821],[24.03,55.9931],[24.0231,55.9992],[24.0425,56.0132],[24.0384,56.0221],[24.0408,56.0377],[24.0653,56.0274],[24.0755,56.0499],[24.074,56.069],[24.1069,56.0745],[24.1027,56.0819],[24.1202,56.0952],[24.1161,56.1091],[24.1286,56.1103],[24.1289,56.1233],[24.154,56.1222],[24.1798,56.1282],[24.1711,56.1321],[24.1791,56.1423],[24.1734,56.1459],[24.1826,56.1711],[24.152,56.167],[24.1512,56.1743],[24.169,56.1954],[24.1327,56.2037],[24.1311,56.213],[24.1474,56.2152],[24.148,56.2247],[24.135,56.2269],[24.1351,56.2341],[24.1236,56.2361],[24.1246,56.2406],[24.1522,56.2449],[24.1515,56.2533],[24.1768,56.2509],[24.201,56.2671],[24.2404,56.278],[24.2576,56.2769],[24.2901,56.2856],[24.2857,56.3006],[24.316,56.3011]]]}},{"type":"Feature","properties":{"code":"LT068","name":"Plungės r. sav."},"geometry":{"type":"Polygon","coordinates":[[[21.941,56.159],[21.9833,56.1548],[21.9874,56.1453],[22.0007,56.1496],[22.012,56.1462],[22.0184,56.1548],[22.0356,56.142],[22.0289,56.1309],[22.0393,56.1238],[22.0722,56.1173],[22.0818,56.1195],[22.0949,56.1133],[22.0712,56.0977],[22.0683,56.0917],[22.0752,56.0893],[22.0711,56.0814],[22.0751,56.0745],[22.0696,56.0698],[22.0844,56.0594],[22.0835,56.0552],[22.0737,56.0527],[22.0752,56.0392],[22.109,56.0361],[22.1073,56.0259],[22.0957,56.0196],[22.0956,56.0053],[22.0783,56.0043],[22.0771,55.9978],[22.065,55.9969],[22.0715,55.9829],[22.0784,55.9816],[22.0618,55.9738],[22.0836,55.9656],[22.0853,55.9584],[22.0771,55.95],[22.0839,55.9473],[22.0841,55.9422],[22.092,55.943],[22.0931,55.9481],[22.0871,55.9481],[22.102,55.954],[22.1021,55.9468],[22.1118,55.9414],[22.1072,55.9377],[22.1163,55.9388],[22.1135,55.9416],[22.1278,55.9363],[22.129,55.9311],[22.1233,55.9276],[22.1293,55.9285],[22.1297,55.9226],[22.1214,55.92],[22.1305,55.9126],[22.1374,55.8974],[22.1664,55.8934],[22.1664,55.8758],[22.1627,55.8737],[22.1711,55.8658],[22.1496,55.8642],[22.1416,55.8724],[22.1269,55.8664],[22.1243,55.8592],[22.134,55.8526],[22.1323,55.849],[22.1062,55.8444],[22.0725,55.8203],[22.0523,55.8251],[22.0483,55.8195],[22.0323,55.8275],[22.0154,55.8291],[22.0163,55.8432],[21.9977,55.8405],[21.9904,55.8429],[21.9968,55.8487],[21.9835,55.8507],[21.9609,55.8273],[21.9524,55.8298],[21.9499,55.824],[21.9413,55.8261],[21.9411,55.821],[21.9304,55.8254],[21.9205,55.8196],[21.9117,55.821],[21.9157,55.8157],[21.9075,55.8148],[21.9022,55.8038],[21.9048,55.8001],[21.8929,55.7948],[21.9016,55.7893],[21.8981,55.7871],[21.8778,55.7875],[21.8717,55.7931],[21.8617,55.7881],[21.8606,55.7801],[21.7982,55.7939],[21.7848,55.7757],[21.7857,55.7619],[21.746,55.7659],[21.7347,55.7501],[21.7216,55.7548],[21.7132,55.7489],[21.6664,55.7614],[21.654,55.7492],[21.6276,55.7526],[21.6277,55.768],[21.6384,55.768],[21.6399,55.7723],[21.6261,55.7739],[21.6275,55.7861],[21.6064,55.7908],[21.6115,55.7918],[21.6005,55.7982],[21.6004,55.8033],[21.6065,55.8051],[21.5979,55.8175],[21.5961,55.8069],[21.591,55.8039],[21.5617,55.8047],[21.5571,55.8019],[21.5598,55.7987],[21.512,55.8088],[21.5234,55.8201],[21.5267,55.8315],[21.5334,55.8354],[21.539,55.8329],[21.5359,55.8432],[21.5407,55.8503],[21.5545,55.8473],[21.5584,55.8622],[21.5923,55.86],[21.5862,55.8759],[21.5992,55.8837],[21.6191,55.8809],[21.625,55.8898],[21.6203,55.8902],[21.6187,55.8968],[21.596,55.9025],[21.5919,55.9075],[21.579,55.9072],[21.5744,55.9124],[21.5747,55.9186],[21.5937,55.9166],[21.5927,55.9389],[21.5815,55.9441],[21.6002,55.9742],[21.5718,55.9802],[21.5866,56.0017],[21.6223,55.9958],[21.6303,56.0047],[21.6378,56.0027],[21.6663,56.0392],[21.6823,56.0432],[21.704,56.0772],[21.7229,56.0731],[21.7467,56.1076],[21.771,56.1051],[21.7737,56.1088],[21.8276,56.0981],[21.83,56.1226],[21.8232,56.1271],[21.8272,56.1312],[21.8474,56.1309],[21.845,56.1237],[21.8995,56.1196],[21.9036,56.1107],[21.9138,56.1127],[21.9254,56.1177],[21.9185,56.1213],[21.9261,56.132],[21.9345,56.1327],[21.941,56.159]]]}},{"type":"Feature","properties":{"code":"LT069","name":"Prienų r. sav."},"geometry":{"type":"Polygon","coordinates":[[[23.6735,54.8111],[23.7101,54.808],[23.7176,54.8013],[23.763,54.8007],[23.7675,54.7856],[23.7749,54.7865],[23.7699,54.7821],[23.7761,54.7773],[23.771,54.7735],[23.7787,54.7637],[23.8057,54.7598],[23.8279,54.7472],[23.8112,54.7413],[23.8177,54.7357],[23.8265,54.738],[23.8236,54.7287],[23.8293,54.7213],[23.8258,54.7188],[23.8427,54.7303],[23.8549,54.7269],[23.8609,54.7402],[23.8934,54.7386],[23.8991,54.747],[23.9192,54.7513],[23.9155,54.7566],[23.9381,54.7542],[23.9455,54.7473],[23.9531,54.7522],[24.0064,54.7616],[24.0172,54.7807],[24.0368,54.7707],[24.0613,54.7661],[24.0832,54.746],[24.1085,54.7542],[24.1241,54.7434],[24.1024,54.7282],[24.0841,54.7016],[24.0836,54.6905],[24.0954,54.6815],[24.1349,54.6757],[24.1516,54.685],[24.1551,54.6953],[24.1618,54.698],[24.2109,54.6852],[24.2185,54.6819],[24.2155,54.6718],[24.2411,54.6654],[24.2477,54.6749],[24.2692,54.6754],[24.2822,54.6691],[24.2913,54.6761],[24.2929,54.6677],[24.3133,54.6678],[24.3166,54.6798],[24.3316,54.6802],[24.3335,54.6734],[24.3809,54.6666],[24.3778,54.6498],[24.4161,54.6443],[24.4496,54.6285],[24.4727,54.6301],[24.4803,54.6203],[24.4737,54.618],[24.4883,54.6076],[24.4812,54.603],[24.4651,54.6075],[24.4568,54.5952],[24.4726,54.5904],[24.4642,54.5875],[24.4431,54.5911],[24.4514,54.5948],[24.447,54.5972],[24.4387,54.5944],[24.4399,54.5889],[24.4326,54.5971],[24.4239,54.5958],[24.4275,54.5932],[24.4234,54.5878],[24.4248,54.578],[24.4158,54.5687],[24.4219,54.5608],[24.4218,54.5429],[24.4155,54.5328],[24.4069,54.5363],[24.4003,54.5329],[24.4014,54.5239],[24.3758,54.5251],[24.371,54.5212],[24.368,54.5247],[24.361,54.5206],[24.3442,54.5276],[24.319,54.5219],[24.2733,54.5295],[24.2646,54.5566],[24.2769,54.5604],[24.2739,54.5623],[24.2596,54.5635],[24.2409,54.5546],[24.206,54.5545],[24.1981,54.5375],[24.1698,54.5368],[24.1724,54.5409],[24.152,54.5508],[24.1451,54.5465],[24.1468,54.5514],[24.1409,54.554],[24.1519,54.5648],[24.1452,54.5664],[24.154,54.577],[24.144,54.5754],[24.128,54.5833],[24.1123,54.5833],[24.113,54.5889],[24.1077,54.5853],[24.0987,54.5887],[24.1035,54.5963],[24.0914,54.5959],[24.0884,54.6084],[24.0646,54.6127],[24.0656,54.6225],[24.0337,54.6198],[24.0222,54.6239],[24.0153,54.6185],[23.9948,54.6462],[23.9725,54.6472],[23.9633,54.6447],[23.9666,54.6423],[23.9594,54.636],[23.9653,54.6309],[23.9579,54.624],[23.9606,54.6201],[23.9835,54.6041],[24.0072,54.6032],[24.0154,54.5966],[24.0157,54.5906],[24.0104,54.5865],[23.987,54.5881],[23.9762,54.5717],[23.9542,54.5602],[23.9327,54.5579],[23.8938,54.5429],[23.8857,54.5334],[23.9263,54.5169],[23.9528,54.4986],[23.9705,54.4938],[23.9671,54.4861],[23.9008,54.483],[23.8981,54.4769],[23.9084,54.4652],[23.8596,54.4547],[23.8585,54.4616],[23.87,54.4611],[23.8713,54.4674],[23.8056,54.4698],[23.7992,54.4738],[23.793,54.4704],[23.797,54.468],[23.7925,54.4602],[23.7831,54.4646],[23.7695,54.4605],[23.7637,54.4677],[23.7524,54.4701],[23.7585,54.4788],[23.7844,54.4907],[23.7823,54.4973],[23.7938,54.5031],[23.7594,54.5265],[23.7566,54.5419],[23.7497,54.5498],[23.7018,54.5417],[23.6944,54.5562],[23.6807,54.5596],[23.6583,54.5826],[23.6992,54.5936],[23.6752,54.6163],[23.6368,54.6134],[23.6471,54.6243],[23.6294,54.6214],[23.6252,54.6288],[23.6734,54.639],[23.6565,54.6451],[23.6597,54.6501],[23.6566,54.6531],[23.6734,54.6574],[23.6733,54.6618],[23.6678,54.6627],[23.6602,54.6844],[23.6331,54.7102],[23.6631,54.7201],[23.6371,54.7463],[23.6477,54.7593],[23.6451,54.7686],[23.6118,54.7609],[23.5856,54.7614],[23.5865,54.7666],[23.6031,54.7663],[23.6179,54.7732],[23.6328,54.7872],[23.6221,54.7907],[23.6219,54.7961],[23.6316,54.7955],[23.6416,54.8044],[23.6533,54.7977],[23.6735,54.8111]]]}},{"type":"Feature","properties":{"code":"LT071","name":"Radviliškio r. sav."},"geometry":{"type":"Polygon","coordinates":[[[23.5343,55.9193],[23.5752,55.9024],[23.5795,55.9068],[23.6287,55.892],[23.6367,55.8998],[23.6566,55.8867],[23.6469,55.8734],[23.6836,55.8677],[23.6942,55.8726],[23.7064,55.8716],[23.7229,55.8811],[23.7322,55.8651],[23.755,55.8662],[23.7637,55.8592],[23.7767,55.8602],[23.7823,55.8547],[23.7904,55.8601],[23.7863,55.8637],[23.7901,55.8691],[23.8209,55.8747],[23.8297,55.8696],[23.8362,55.857],[23.8256,55.8554],[23.8221,55.8264],[23.8417,55.8252],[23.8485,55.818],[23.8764,55.824],[23.8936,55.8159],[23.8978,55.8235],[23.96,55.8356],[23.967,55.8017],[23.976,55.7981],[23.9838,55.7824],[24.0114,55.786],[24.0273,55.7672],[24.0255,55.7606],[24.0132,55.7582],[24.0141,55.7538],[24.027,55.7537],[24.0322,55.7506],[24.032,55.7445],[24.0465,55.7454],[24.0388,55.7319],[24.0431,55.7292],[24.0424,55.7231],[24.0331,55.7242],[24.03,55.7115],[24.0624,55.7042],[24.0605,55.6975],[24.0677,55.6959],[24.0594,55.6886],[24.0321,55.6909],[24.0267,55.6815],[24.0195,55.6822],[24.0129,55.673],[24.0226,55.6662],[24.0224,55.6479],[24.0381,55.6352],[24.0175,55.6261],[23.9814,55.6283],[23.972,55.6232],[23.9738,55.6159],[23.9254,55.6264],[23.9189,55.6046],[23.9149,55.6043],[23.9147,55.5972],[23.8986,55.5728],[23.8945,55.5738],[23.8873,55.5628],[23.8758,55.556],[23.7296,55.5193],[23.735,55.512],[23.684,55.5024],[23.6745,55.4926],[23.6563,55.4857],[23.6646,55.4772],[23.6587,55.4764],[23.6563,55.4691],[23.6177,55.4714],[23.6107,55.4759],[23.5716,55.473],[23.5611,55.4885],[23.573,55.5081],[23.5566,55.5148],[23.5442,55.5133],[23.5369,55.5231],[23.4783,55.52],[23.4851,55.498],[23.4751,55.4958],[23.4766,55.4895],[23.4668,55.4873],[23.4551,55.4922],[23.4598,55.4971],[23.4008,55.5114],[23.4015,55.5209],[23.3908,55.5283],[23.3334,55.5482],[23.3392,55.5554],[23.3599,55.555],[23.3618,55.5632],[23.3296,55.5691],[23.3211,55.5851],[23.3281,55.5996],[23.3248,55.6085],[23.3285,55.6153],[23.3246,55.618],[23.338,55.6124],[23.3454,55.6241],[23.3322,55.6289],[23.3373,55.6406],[23.335,55.6431],[23.325,55.6355],[23.3184,55.6431],[23.3186,55.6514],[23.3045,55.6572],[23.3021,55.6634],[23.3079,55.6704],[23.2981,55.6762],[23.3018,55.6835],[23.2738,55.6868],[23.2433,55.6838],[23.247,55.6863],[23.2369,55.6892],[23.2344,55.6993],[23.216,55.702],[23.2203,55.7062],[23.2145,55.7072],[23.2247,55.7219],[23.2682,55.7592],[23.3016,55.7786],[23.3289,55.8146],[23.3602,55.807],[23.357,55.8028],[23.368,55.7992],[23.3925,55.8198],[23.3946,55.8296],[23.3764,55.8383],[23.3897,55.8488],[23.4113,55.8444],[23.4495,55.8829],[23.4777,55.8825],[23.4755,55.8872],[23.4814,55.8898],[23.4894,55.8873],[23.503,55.8979],[23.5111,55.8956],[23.5343,55.9193]]]}},{"type":"Feature","properties":{"code":"LT072","name":"Raseinių r. sav."},"geometry":{"type":"Polygon","coordinates":[[[23.2294,55.5767],[23.2325,55.5725],[23.2259,55.5634],[23.2339,55.5584],[23.2408,55.5349],[23.2555,55.5329],[23.2579,55.5263],[23.2764,55.5332],[23.2726,55.5419],[23.2814,55.5426],[23.2802,55.537],[23.2889,55.5357],[23.3298,55.5507],[23.3908,55.5283],[23.4015,55.5209],[23.4008,55.5114],[23.4598,55.4971],[23.4551,55.4922],[23.4668,55.4873],[23.4766,55.4895],[23.4751,55.4958],[23.4851,55.498],[23.4783,55.52],[23.537,55.5231],[23.5442,55.5133],[23.5566,55.5148],[23.573,55.5081],[23.5611,55.4885],[23.564,55.4816],[23.5716,55.473],[23.5948,55.4726],[23.5932,55.4627],[23.5835,55.4481],[23.57,55.4491],[23.5601,55.4434],[23.5725,55.4407],[23.5769,55.4334],[23.5452,55.4283],[23.547,55.4059],[23.5623,55.3935],[23.5812,55.3971],[23.5994,55.3672],[23.6112,55.3572],[23.6025,55.3536],[23.6062,55.347],[23.6158,55.3497],[23.6255,55.3414],[23.626,55.3351],[23.6187,55.3346],[23.6202,55.3317],[23.6394,55.3244],[23.6403,55.3199],[23.6183,55.3226],[23.6079,55.3171],[23.6221,55.3092],[23.6057,55.2961],[23.6185,55.2831],[23.6057,55.2782],[23.5959,55.2795],[23.5986,55.2829],[23.5855,55.2811],[23.5812,55.2736],[23.5836,55.269],[23.5749,55.2619],[23.5709,55.2488],[23.5932,55.2505],[23.5979,55.225],[23.5823,55.2153],[23.5699,55.2145],[23.5824,55.1908],[23.5618,55.1762],[23.5384,55.1776],[23.5267,55.1793],[23.5325,55.1969],[23.5173,55.2019],[23.5092,55.2011],[23.5043,55.1933],[23.4414,55.2084],[23.4391,55.2151],[23.4075,55.2051],[23.3947,55.2148],[23.3765,55.2098],[23.3606,55.2148],[23.3646,55.2238],[23.3569,55.2391],[23.2981,55.2381],[23.294,55.2302],[23.2827,55.2296],[23.2383,55.2341],[23.2113,55.23],[23.2097,55.2366],[23.1819,55.2325],[23.1804,55.2419],[23.1849,55.2457],[23.1799,55.269],[23.1688,55.2651],[23.1545,55.2685],[23.1423,55.2612],[23.1027,55.2555],[23.0985,55.2601],[23.0715,55.2627],[23.0651,55.2496],[22.9966,55.2533],[23.0235,55.2751],[22.9733,55.2874],[22.981,55.3141],[22.945,55.3126],[22.9369,55.3228],[22.9296,55.3204],[22.9352,55.3116],[22.9021,55.3096],[22.9009,55.2997],[22.8795,55.299],[22.8747,55.2948],[22.8773,55.2887],[22.864,55.2862],[22.873,55.3019],[22.8653,55.2983],[22.8686,55.302],[22.8576,55.3087],[22.8602,55.3122],[22.8429,55.3145],[22.8419,55.3248],[22.8194,55.3217],[22.8096,55.3252],[22.8103,55.3299],[22.7901,55.3303],[22.7949,55.3428],[22.8035,55.3421],[22.8126,55.3484],[22.8076,55.3538],[22.8122,55.357],[22.8083,55.3597],[22.8142,55.3624],[22.8134,55.3678],[22.8034,55.3711],[22.8031,55.3781],[22.7901,55.3813],[22.7625,55.3758],[22.7529,55.3898],[22.7342,55.3887],[22.7292,55.399],[22.7425,55.4097],[22.7416,55.422],[22.7238,55.4258],[22.7194,55.4202],[22.6957,55.4152],[22.6869,55.4478],[22.67,55.4577],[22.684,55.4674],[22.6755,55.4709],[22.6761,55.475],[22.6999,55.4897],[22.7107,55.4846],[22.7552,55.5144],[22.7787,55.5033],[22.8178,55.5084],[22.8361,55.5041],[22.8386,55.5089],[22.8522,55.5053],[22.8472,55.4997],[22.8518,55.4934],[22.8429,55.4886],[22.8426,55.4842],[22.8493,55.4827],[22.8375,55.4767],[22.8265,55.4776],[22.8491,55.463],[22.8528,55.4667],[22.8487,55.4685],[22.8542,55.4712],[22.8719,55.4702],[22.8765,55.4678],[22.8748,55.463],[22.8904,55.4679],[22.8935,55.4644],[22.9358,55.4855],[22.9884,55.4922],[23.0005,55.4889],[23.0049,55.4965],[23.0129,55.4939],[23.028,55.4991],[23.0366,55.5101],[23.041,55.5107],[23.0497,55.5003],[23.0643,55.5003],[23.057,55.5156],[23.0635,55.5136],[23.0632,55.5072],[23.0781,55.5016],[23.0857,55.5116],[23.0802,55.5138],[23.0829,55.5208],[23.0786,55.5223],[23.0791,55.533],[23.0729,55.5356],[23.0748,55.5408],[23.0961,55.5413],[23.0942,55.5538],[23.1024,55.5546],[23.0975,55.5647],[23.119,55.5686],[23.1218,55.5608],[23.1302,55.5605],[23.1274,55.5559],[23.1874,55.559],[23.2049,55.5662],[23.2157,55.5655],[23.2294,55.5767]]]}},{"type":"Feature","properties":{"code":"LT073","name":"Rokiškio r. sav."},"geometry":{"type":"Polygon","coordinates":[[[25.2337,56.1922],[25.2487,56.1849],[25.2546,56.1731],[25.2701,56.1706],[25.2797,56.1583],[25.3149,56.1449],[25.3373,56.1542],[25.4041,56.1582],[25.4025,56.1485],[25.4208,56.145],[25.4316,56.1544],[25.455,56.1527],[25.454,56.1471],[25.4798,56.1428],[25.5047,56.1445],[25.5096,56.1591],[25.5361,56.1654],[25.5513,56.162],[25.5654,56.1399],[25.602,56.1344],[25.651,56.1349],[25.6729,56.1495],[25.6844,56.144],[25.6764,56.1301],[25.6996,56.1195],[25.693,56.1039],[25.6992,56.1011],[25.6955,56.0949],[25.6871,56.093],[25.6877,56.0866],[25.7366,56.0768],[25.7607,56.0637],[25.82,56.0547],[25.8352,56.0326],[25.8504,56.0305],[25.8587,56.0225],[25.8597,56.0148],[25.8489,56.0082],[25.8603,55.9997],[25.8929,56.0008],[25.946,55.9846],[25.9744,55.9816],[26.0,55.9628],[26.0104,55.967],[26.046,55.9542],[26.0462,55.9441],[26.0059,55.9427],[26.0,55.9352],[25.9726,55.922],[25.9678,55.9091],[25.988,55.8896],[25.9646,55.8761],[25.9737,55.8696],[25.9672,55.8708],[25.966,55.8653],[25.9032,55.8623],[25.9068,55.824],[25.8965,55.8196],[25.8661,55.8218],[25.8685,55.8284],[25.8404,55.8351],[25.8426,55.8214],[25.8359,55.8143],[25.8409,55.8125],[25.8248,55.8147],[25.8345,55.8072],[25.8313,55.8041],[25.8386,55.7969],[25.8307,55.7917],[25.8336,55.7891],[25.8286,55.7891],[25.8228,55.7731],[25.8007,55.7714],[25.7525,55.7865],[25.7425,55.7761],[25.7313,55.7776],[25.734,55.7736],[25.7301,55.7607],[25.7204,55.7575],[25.7298,55.756],[25.7276,55.7416],[25.7171,55.7414],[25.7126,55.7311],[25.6862,55.7149],[25.6805,55.7409],[25.6604,55.7392],[25.645,55.7303],[25.6185,55.7375],[25.6116,55.7344],[25.6043,55.7391],[25.6069,55.7431],[25.6002,55.7428],[25.5826,55.7216],[25.543,55.731],[25.5371,55.7188],[25.5256,55.7191],[25.4956,55.7261],[25.5031,55.7357],[25.4987,55.7369],[25.4736,55.7427],[25.4647,55.7314],[25.4406,55.7392],[25.4241,55.7514],[25.4032,55.7582],[25.4042,55.7618],[25.3955,55.758],[25.3899,55.7644],[25.3653,55.7617],[25.3613,55.7718],[25.3363,55.7962],[25.3087,55.8108],[25.2935,55.8285],[25.2987,55.834],[25.2954,55.8367],[25.3,55.8388],[25.2954,55.8405],[25.3003,55.8414],[25.2969,55.8442],[25.3017,55.8553],[25.3204,55.8661],[25.32,55.8723],[25.3295,55.884],[25.3325,55.9005],[25.3231,55.933],[25.328,55.9406],[25.3233,55.948],[25.3118,55.949],[25.3226,55.9581],[25.3213,55.9791],[25.2977,55.9741],[25.299,55.9629],[25.2882,55.9642],[25.2742,55.9565],[25.2775,55.9524],[25.272,55.9371],[25.2543,55.9361],[25.2257,55.9494],[25.2062,55.9457],[25.1905,55.9533],[25.14,55.9431],[25.1358,55.9525],[25.1219,55.9497],[25.0974,55.9673],[25.0634,55.971],[25.069,55.9775],[25.0645,55.9978],[25.0732,55.999],[25.0796,56.0123],[25.0988,56.0199],[25.0994,56.0262],[25.1172,56.0318],[25.1149,56.0416],[25.0993,56.0467],[25.0838,56.0612],[25.1229,56.0708],[25.1242,56.0843],[25.1144,56.0877],[25.1168,56.0936],[25.1074,56.0933],[25.1067,56.0983],[25.1273,56.095],[25.1257,56.0994],[25.1403,56.1054],[25.1775,56.0979],[25.1854,56.104],[25.2164,56.1072],[25.2226,56.1132],[25.2198,56.1212],[25.2097,56.1288],[25.1995,56.126],[25.1947,56.1389],[25.1639,56.1606],[25.172,56.1626],[25.1714,56.1742],[25.1999,56.1763],[25.2147,56.1872],[25.2337,56.1922]]]}},{"type":"Feature","properties":{"code":"LT074","name":"Rietavo sav."},"geometry":{"type":"Polygon","coordinates":[[[21.9856,55.8509],[21.9968,55.8487],[21.9904,55.8429],[21.9977,55.8405],[22.0158,55.8435],[22.0186,55.8393],[22.0128,55.8306],[22.0483,55.8195],[22.0523,55.8251],[22.0761,55.8209],[22.0768,55.8267],[22.0889,55.8291],[22.1064,55.8445],[22.1236,55.8459],[22.1302,55.8373],[22.1484,55.8397],[22.1555,55.8326],[22.1635,55.8332],[22.1568,55.8175],[22.1471,55.8153],[22.1628,55.8113],[22.1525,55.8046],[22.1822,55.8058],[22.1891,55.7977],[22.2406,55.7847],[22.2287,55.7741],[22.2278,55.7705],[22.2383,55.7668],[22.2282,55.7524],[22.2553,55.7321],[22.2489,55.7259],[22.2534,55.7217],[22.2314,55.6918],[22.2525,55.6837],[22.1984,55.6731],[22.1985,55.677],[22.1547,55.6713],[22.1576,55.6663],[22.1304,55.6617],[22.1231,55.6507],[22.0934,55.6599],[22.0723,55.6563],[22.0634,55.6481],[22.0716,55.6381],[22.0619,55.6373],[22.0594,55.63],[22.0443,55.626],[22.0444,55.6134],[22.0266,55.6092],[22.0311,55.6063],[21.9715,55.6124],[21.9564,55.6068],[21.88,55.597],[21.8417,55.6125],[21.844,55.618],[21.8098,55.6184],[21.8155,55.6231],[21.8089,55.6359],[21.7886,55.6417],[21.7823,55.6479],[21.799,55.6472],[21.7815,55.6618],[21.7911,55.6699],[21.7879,55.6713],[21.794,55.6806],[21.7911,55.6834],[21.8025,55.6887],[21.7893,55.6912],[21.7807,55.7019],[21.7669,55.7015],[21.7512,55.7124],[21.7579,55.7259],[21.7686,55.7297],[21.7602,55.7374],[21.7633,55.7497],[21.7415,55.7593],[21.746,55.7659],[21.7857,55.7619],[21.7848,55.7757],[21.7982,55.7939],[21.8606,55.7801],[21.8617,55.7881],[21.8717,55.7931],[21.8778,55.7875],[21.8981,55.7871],[21.9016,55.7893],[21.8929,55.7948],[21.9048,55.8001],[21.9022,55.8038],[21.9075,55.8148],[21.9157,55.8157],[21.9117,55.821],[21.9205,55.8196],[21.9304,55.8254],[21.9411,55.821],[21.9413,55.8261],[21.9499,55.824],[21.9524,55.8298],[21.9609,55.8273],[21.9856,55.8509]]]}},{"type":"Feature","properties":{"code":"LT075","name":"Skuodo r. sav."},"geometry":{"type":"Polygon","coordinates":[[[21.9782,56.3851],[21.9803,56.3791],[21.9719,56.367],[21.976,56.3662],[21.9768,56.3548],[21.9709,56.3486],[21.9399,56.3509],[21.9321,56.3189],[21.9803,56.3152],[21.9687,56.2687],[21.9769,56.2684],[21.982,56.2521],[21.9914,56.2487],[21.9973,56.2327],[22.0041,56.2286],[21.9998,56.2231],[22.018,56.2121],[22.0171,56.2025],[22.0133,56.1961],[21.9633,56.2],[21.9572,56.1754],[21.9454,56.1762],[21.9345,56.1327],[21.9261,56.132],[21.9185,56.1213],[21.9254,56.1177],[21.9163,56.1134],[21.9036,56.1107],[21.8995,56.1196],[21.845,56.1237],[21.8474,56.1309],[21.8272,56.1312],[21.8232,56.1271],[21.83,56.1226],[21.8276,56.0981],[21.7737,56.1088],[21.771,56.1051],[21.7467,56.1076],[21.7229,56.0731],[21.704,56.0772],[21.7001,56.0699],[21.6453,56.0816],[21.6417,56.0776],[21.6179,56.0914],[21.6228,56.0976],[21.6185,56.1039],[21.5807,56.1121],[21.5763,56.1072],[21.5496,56.1083],[21.5353,56.1023],[21.4643,56.1198],[21.4716,56.1306],[21.4294,56.1383],[21.4126,56.1409],[21.4083,56.1346],[21.3926,56.1329],[21.3861,56.1341],[21.3891,56.1387],[21.3229,56.1521],[21.3082,56.1303],[21.3045,56.1297],[21.2648,56.1384],[21.2592,56.1321],[21.2372,56.1367],[21.2422,56.143],[21.2269,56.1464],[21.2299,56.1507],[21.2257,56.1565],[21.2308,56.1623],[21.2793,56.1745],[21.2825,56.1849],[21.2986,56.1918],[21.3285,56.2181],[21.452,56.2485],[21.4652,56.2605],[21.4671,56.2708],[21.4916,56.2911],[21.5026,56.2955],[21.5147,56.2894],[21.5469,56.2977],[21.5574,56.3047],[21.5613,56.3163],[21.5766,56.3146],[21.5868,56.3227],[21.611,56.3252],[21.6597,56.3186],[21.6733,56.3113],[21.7244,56.3136],[21.7404,56.3299],[21.7876,56.3437],[21.8026,56.3526],[21.808,56.3624],[21.8237,56.3632],[21.8357,56.3716],[21.873,56.3615],[21.9181,56.3681],[21.9194,56.372],[21.9449,56.3748],[21.9542,56.3816],[21.9696,56.3766],[21.9782,56.3851]]]}},{"type":"Feature","properties":{"code":"LT077","name":"Tauragės r. sav."},"geometry":{"type":"Polygon","coordinates":[[[22.6262,55.4767],[22.684,55.4674],[22.67,55.4577],[22.6869,55.4478],[22.6957,55.4152],[22.7329,55.4254],[22.7416,55.422],[22.7425,55.4097],[22.7295,55.4004],[22.7342,55.3887],[22.6324,55.369],[22.6438,55.3555],[22.6341,55.3534],[22.6372,55.3475],[22.6208,55.3442],[22.6269,55.3359],[22.6223,55.3303],[22.6327,55.3297],[22.6361,55.3215],[22.6325,55.3185],[22.6445,55.3201],[22.6396,55.3117],[22.5436,55.3136],[22.538,55.3042],[22.5252,55.3043],[22.5345,55.2953],[22.5243,55.2905],[22.5433,55.2822],[22.5375,55.2736],[22.5501,55.2702],[22.5465,55.2644],[22.5793,55.2601],[22.5767,55.2501],[22.5837,55.2471],[22.5815,55.2392],[22.5627,55.234],[22.5736,55.197],[22.579,55.1969],[22.5827,55.1904],[22.5803,55.1848],[22.5715,55.1842],[22.5773,55.18],[22.5747,55.1739],[22.5978,55.1705],[22.5963,55.1666],[22.5802,55.1678],[22.5787,55.1644],[22.5905,55.1573],[22.5799,55.1348],[22.547,55.141],[22.4329,55.1267],[22.4329,55.1402],[22.3865,55.1345],[22.3803,55.1478],[22.3462,55.1432],[22.3436,55.1502],[22.2936,55.1429],[22.2894,55.1494],[22.2716,55.148],[22.2598,55.1527],[22.2452,55.1475],[22.2403,55.1532],[22.1939,55.1528],[22.1698,55.1718],[22.1569,55.1751],[22.1507,55.1705],[22.1518,55.1663],[22.1217,55.1671],[22.083,55.1516],[22.0584,55.1525],[22.0572,55.1587],[22.0655,55.1671],[22.0529,55.1797],[22.0333,55.2211],[22.0278,55.2243],[22.0402,55.2347],[22.0343,55.2388],[21.9912,55.2469],[21.9696,55.2583],[21.8805,55.2759],[21.9348,55.3192],[21.9511,55.3272],[21.9529,55.3393],[21.9757,55.3429],[21.9986,55.3545],[22.0248,55.3936],[22.0359,55.3918],[22.0555,55.398],[22.0594,55.3895],[22.0505,55.3835],[22.0695,55.3819],[22.0763,55.3689],[22.1004,55.3749],[22.1097,55.3589],[22.1336,55.3676],[22.1415,55.3643],[22.1565,55.3829],[22.1758,55.37],[22.2284,55.3953],[22.2603,55.3804],[22.3196,55.4077],[22.3081,55.4153],[22.3102,55.4236],[22.2944,55.4254],[22.2997,55.4296],[22.2747,55.4343],[22.2699,55.4416],[22.3011,55.4472],[22.2904,55.4509],[22.2974,55.4615],[22.3074,55.4609],[22.3071,55.4542],[22.3208,55.4578],[22.3239,55.4514],[22.3402,55.4592],[22.3696,55.4394],[22.3645,55.4332],[22.3707,55.4289],[22.389,55.4247],[22.4031,55.4316],[22.4256,55.4168],[22.429,55.4225],[22.4258,55.4255],[22.4569,55.4373],[22.4808,55.4304],[22.5702,55.4546],[22.5797,55.4452],[22.5959,55.4419],[22.6011,55.4503],[22.6128,55.4515],[22.6132,55.4571],[22.6252,55.4556],[22.6256,55.4636],[22.619,55.4687],[22.6281,55.4683],[22.6312,55.4715],[22.6262,55.4767]]]}},{"type":"Feature","properties":{"code":"LT078","name":"Telšių r. sav."},"geometry":{"type":"Polygon","coordinates":[[[22.3391,56.1638],[22.4021,56.153],[22.4004,56.1464],[22.4164,56.1449],[22.4159,56.1418],[22.4371,56.1414],[22.4336,56.1245],[22.4252,56.1253],[22.4233,56.1222],[22.4274,56.1205],[22.4197,56.1163],[22.4312,56.1153],[22.438,56.1172],[22.4395,56.1238],[22.4499,56.1235],[22.4478,56.1128],[22.4386,56.1106],[22.4372,56.1058],[22.4287,56.1061],[22.4276,56.1016],[22.4741,56.0978],[22.4727,56.0927],[22.505,56.0879],[22.5087,56.0965],[22.5167,56.0962],[22.5107,56.1048],[22.5474,56.1036],[22.5658,56.1011],[22.5796,56.0946],[22.579,56.0907],[22.6127,56.0859],[22.6167,56.095],[22.6329,56.0926],[22.6372,56.0989],[22.6318,56.102],[22.6367,56.107],[22.6413,56.1033],[22.6447,56.1081],[22.6481,56.1031],[22.703,56.1174],[22.7254,56.1085],[22.7154,56.1039],[22.7149,56.0843],[22.7382,56.0693],[22.706,56.0642],[22.7114,56.0505],[22.7033,56.0475],[22.6661,56.0535],[22.6436,56.0473],[22.6404,56.0348],[22.6214,56.0426],[22.6232,56.0315],[22.6367,56.0274],[22.6217,56.0193],[22.63,56.0165],[22.6151,56.0071],[22.6205,56.0006],[22.6114,55.9957],[22.6142,55.9883],[22.6034,55.9885],[22.5843,55.9795],[22.5963,55.9697],[22.6075,55.9677],[22.6027,55.953],[22.6183,55.9487],[22.6583,55.951],[22.6492,55.9712],[22.6682,55.9706],[22.683,55.9392],[22.691,55.9404],[22.6978,55.932],[22.7114,55.9303],[22.6781,55.9218],[22.6855,55.9112],[22.6928,55.9124],[22.6957,55.9084],[22.6863,55.9014],[22.6893,55.8929],[22.6541,55.9015],[22.6637,55.8796],[22.6583,55.8764],[22.6596,55.871],[22.6443,55.8707],[22.6472,55.8627],[22.6323,55.8587],[22.5782,55.8631],[22.5608,55.8559],[22.5813,55.8445],[22.5844,55.811],[22.4862,55.7887],[22.512,55.7601],[22.5237,55.7562],[22.5245,55.7527],[22.5093,55.745],[22.5227,55.7397],[22.5163,55.7311],[22.5301,55.7108],[22.5245,55.7047],[22.5296,55.6992],[22.5167,55.6895],[22.4824,55.6915],[22.4664,55.6797],[22.4663,55.6729],[22.4468,55.6641],[22.4148,55.6706],[22.3883,55.6674],[22.3729,55.6593],[22.3528,55.666],[22.354,55.6707],[22.311,55.6787],[22.3007,55.6669],[22.2599,55.6883],[22.2525,55.6837],[22.2322,55.6911],[22.2425,55.7114],[22.2534,55.7217],[22.2489,55.7259],[22.2553,55.7321],[22.2282,55.7524],[22.2383,55.7668],[22.2278,55.7705],[22.2287,55.7741],[22.2406,55.7847],[22.1891,55.7977],[22.1822,55.8058],[22.1525,55.8046],[22.1628,55.8113],[22.1471,55.8153],[22.1568,55.8175],[22.1635,55.8332],[22.1555,55.8326],[22.1484,55.8397],[22.1302,55.8373],[22.1231,55.8449],[22.134,55.8526],[22.1242,55.86],[22.1269,55.8664],[22.1416,55.8724],[22.1496,55.8642],[22.1711,55.8658],[22.1627,55.8737],[22.1664,55.8758],[22.1664,55.8934],[22.1374,55.8974],[22.1211,55.9213],[22.1297,55.9226],[22.1293,55.9285],[22.1233,55.9276],[22.129,55.9311],[22.1278,55.9363],[22.1135,55.9416],[22.1163,55.9388],[22.1072,55.9377],[22.1118,55.9414],[22.1021,55.9468],[22.102,55.954],[22.0871,55.9481],[22.0931,55.9481],[22.092,55.943],[22.0841,55.9422],[22.0839,55.9473],[22.0771,55.95],[22.0853,55.9584],[22.0836,55.9656],[22.0618,55.9738],[22.0784,55.9816],[22.0715,55.9829],[22.065,55.9969],[22.0771,55.9978],[22.0783,56.0043],[22.0956,56.0053],[22.0957,56.0196],[22.1073,56.0259],[22.109,56.0361],[22.0752,56.0392],[22.0737,56.0527],[22.0835,56.0552],[22.0844,56.0594],[22.0696,56.0697],[22.0751,56.0745],[22.0711,56.0814],[22.0756,56.0841],[22.073,56.0908],[22.1083,56.1085],[22.1135,56.1147],[22.1087,56.1231],[22.1228,56.1304],[22.1244,56.1372],[22.133,56.1315],[22.1407,56.1407],[22.1441,56.1313],[22.1265,56.1104],[22.1389,56.1064],[22.1396,56.0993],[22.1619,56.0982],[22.1695,56.1063],[22.1666,56.1126],[22.2381,56.1068],[22.2432,56.1266],[22.2523,56.1338],[22.2453,56.1351],[22.2494,56.1511],[22.277,56.1546],[22.2794,56.1596],[22.3029,56.1569],[22.3176,56.1611],[22.325,56.1605],[22.3207,56.1492],[22.3348,56.1482],[22.3391,56.1638]]]}},{"type":"Feature","properties":{"code":"LT079","name":"Trakų r. sav."},"geometry":{"type":"Polygon","coordinates":[[[25.0174,54.7394],[25.0236,54.7337],[25.0128,54.7289],[25.0121,54.7234],[25.0502,54.7217],[25.0748,54.7074],[25.0682,54.6903],[25.0719,54.674],[25.0795,54.6646],[25.0866,54.6618],[25.0949,54.6618],[25.11,54.6641],[25.1113,54.6638],[25.1036,54.6604],[25.1101,54.6559],[25.0742,54.6556],[25.0744,54.6439],[25.0682,54.6428],[25.0764,54.6395],[25.0246,54.6232],[25.0661,54.6196],[25.0785,54.599],[25.0284,54.5553],[25.0833,54.5505],[25.0937,54.5646],[25.1138,54.5566],[25.1062,54.5512],[25.1179,54.5449],[25.1375,54.5471],[25.143,54.546],[25.1422,54.5389],[25.1645,54.5408],[25.1694,54.5348],[25.1674,54.5233],[25.1452,54.5181],[25.1507,54.5103],[25.1423,54.4892],[25.1149,54.4827],[25.1088,54.486],[25.091,54.475],[25.0715,54.472],[25.0706,54.4513],[25.0191,54.4442],[25.006,54.4367],[24.9875,54.4374],[24.9756,54.4314],[24.9619,54.4344],[24.9453,54.4285],[24.9405,54.4308],[24.9221,54.4252],[24.9116,54.4097],[24.9068,54.4102],[24.9027,54.4187],[24.8734,54.4154],[24.8681,54.4111],[24.8532,54.4134],[24.8547,54.4083],[24.843,54.4063],[24.8463,54.3979],[24.8042,54.3984],[24.803,54.4056],[24.747,54.397],[24.7368,54.4054],[24.7302,54.3934],[24.7214,54.3884],[24.71,54.3971],[24.7066,54.4087],[24.7212,54.4126],[24.7205,54.4293],[24.6892,54.4328],[24.6682,54.4478],[24.6577,54.4464],[24.6553,54.4394],[24.6194,54.4414],[24.6131,54.4373],[24.6165,54.4359],[24.6138,54.4326],[24.5968,54.428],[24.5861,54.4316],[24.5843,54.4134],[24.5741,54.4113],[24.572,54.4179],[24.5584,54.4187],[24.5595,54.4121],[24.5401,54.4175],[24.5393,54.4233],[24.5457,54.4299],[24.503,54.428],[24.5014,54.4237],[24.4847,54.4223],[24.4376,54.4254],[24.4344,54.434],[24.4355,54.4304],[24.4302,54.4311],[24.4329,54.4279],[24.4159,54.4266],[24.4167,54.4359],[24.4386,54.4519],[24.4333,54.4553],[24.4342,54.4641],[24.4175,54.4738],[24.4014,54.4738],[24.3937,54.4837],[24.4189,54.4901],[24.4167,54.505],[24.4094,54.505],[24.4087,54.5114],[24.4241,54.5134],[24.4044,54.5192],[24.4135,54.521],[24.4053,54.5248],[24.4218,54.5429],[24.4219,54.5608],[24.4158,54.5687],[24.4248,54.578],[24.4234,54.5878],[24.4275,54.5932],[24.4239,54.5958],[24.4326,54.5971],[24.4399,54.5889],[24.4387,54.5944],[24.447,54.5972],[24.4514,54.5948],[24.4431,54.5911],[24.4642,54.5875],[24.4726,54.5904],[24.4568,54.5952],[24.4651,54.6075],[24.4812,54.603],[24.4883,54.6076],[24.4737,54.618],[24.4803,54.6203],[24.4727,54.6301],[24.4574,54.6313],[24.4729,54.636],[24.4705,54.6416],[24.4984,54.6474],[24.519,54.6604],[24.53,54.654],[24.5584,54.6525],[24.5806,54.645],[24.6235,54.6524],[24.6444,54.6518],[24.6745,54.6433],[24.7073,54.6536],[24.7486,54.6396],[24.7755,54.6398],[24.8123,54.667],[24.8021,54.6736],[24.8158,54.6903],[24.825,54.6916],[24.8319,54.7006],[24.8459,54.706],[24.8649,54.7268],[24.8855,54.7237],[24.8934,54.7299],[24.9443,54.7174],[24.948,54.724],[24.9746,54.7374],[24.9946,54.733],[25.0174,54.7394]]]}},{"type":"Feature","properties":{"code":"LT081","name":"Ukmergės r. sav."},"geometry":{"type":"Polygon","coordinates":[[[24.6552,55.5174],[24.6575,55.5012],[24.6626,55.4972],[24.6754,55.5034],[24.6839,55.4984],[24.6968,55.5061],[24.7199,55.499],[24.723,55.4909],[24.7335,55.4928],[24.7435,55.4787],[24.7674,55.4835],[24.7741,55.4674],[24.7802,55.4684],[24.7842,55.4522],[24.8134,55.4445],[24.8197,55.4382],[24.8171,55.4229],[24.812,55.419],[24.7964,55.4256],[24.7828,55.4096],[24.7928,55.4054],[24.7842,55.3808],[24.7888,55.3725],[24.8294,55.3613],[24.8275,55.3574],[24.8423,55.3591],[24.851,55.3526],[24.8752,55.3598],[24.8986,55.3592],[24.8997,55.3527],[24.8908,55.3449],[24.9048,55.3399],[24.9677,55.3568],[24.9747,55.3482],[24.9838,55.3125],[24.9982,55.3058],[25.0151,55.3162],[25.0372,55.3101],[25.0517,55.3143],[25.0511,55.3077],[25.0583,55.3068],[25.0736,55.3132],[25.0838,55.3015],[25.0843,55.2954],[25.0796,55.2929],[25.1009,55.2917],[25.1002,55.2845],[25.1107,55.2798],[25.1061,55.2648],[25.1402,55.2576],[25.1406,55.2517],[25.1522,55.2587],[25.1507,55.2619],[25.188,55.2674],[25.1783,55.2368],[25.1576,55.2215],[25.178,55.2083],[25.214,55.2128],[25.2274,55.205],[25.2316,55.1932],[25.2416,55.1973],[25.2468,55.1958],[25.2444,55.1919],[25.2563,55.1949],[25.2674,55.1906],[25.2397,55.1887],[25.243,55.1853],[25.2274,55.1793],[25.233,55.1698],[25.2268,55.1652],[25.1915,55.1538],[25.1651,55.154],[25.1629,55.1487],[25.1547,55.1491],[25.1516,55.139],[25.1376,55.1408],[25.107,55.1266],[25.0858,55.1385],[25.0792,55.1362],[25.0554,55.1509],[25.0319,55.1537],[25.0246,55.1598],[25.0167,55.1558],[25.0147,55.1446],[25.0003,55.1483],[24.9453,55.1298],[24.9481,55.1185],[24.8824,55.1091],[24.8835,55.1032],[24.8403,55.1029],[24.821,55.115],[24.8047,55.1106],[24.7316,55.1148],[24.7246,55.1048],[24.7033,55.0919],[24.678,55.0998],[24.6732,55.0904],[24.6466,55.1109],[24.6135,55.0904],[24.5925,55.086],[24.5815,55.0954],[24.5854,55.0998],[24.5798,55.103],[24.5843,55.1058],[24.5781,55.1078],[24.5811,55.1116],[24.5685,55.1137],[24.5701,55.1106],[24.5563,55.107],[24.5546,55.1141],[24.5444,55.1187],[24.5473,55.1241],[24.537,55.1267],[24.5411,55.1284],[24.5347,55.1333],[24.5283,55.1304],[24.5169,55.1405],[24.5338,55.1454],[24.5401,55.1554],[24.5059,55.1579],[24.4847,55.1862],[24.4904,55.1915],[24.4822,55.1941],[24.4811,55.2001],[24.5054,55.2225],[24.4456,55.2329],[24.4386,55.2272],[24.4252,55.2272],[24.4264,55.2312],[24.4111,55.2346],[24.4264,55.2598],[24.4202,55.2613],[24.427,55.2746],[24.4176,55.276],[24.4215,55.2796],[24.4143,55.2841],[24.4207,55.2881],[24.3913,55.2968],[24.3867,55.3293],[24.398,55.3329],[24.4012,55.3469],[24.4072,55.3496],[24.4043,55.3522],[24.4206,55.3567],[24.4189,55.3645],[24.4281,55.3661],[24.4345,55.3858],[24.4298,55.3908],[24.4503,55.3956],[24.4552,55.4017],[24.478,55.4006],[24.4784,55.395],[24.485,55.395],[24.4877,55.4064],[24.5521,55.426],[24.541,55.4342],[24.5357,55.446],[24.5363,55.4523],[24.542,55.4531],[24.5349,55.4577],[24.5557,55.4595],[24.5671,55.452],[24.6049,55.4496],[24.6506,55.4616],[24.6476,55.4953],[24.6298,55.5097],[24.6435,55.5097],[24.6428,55.5158],[24.6552,55.5174]]]}},{"type":"Feature","properties":{"code":"LT082","name":"Utenos r. sav."},"geometry":{"type":"Polygon","coordinates":[[[25.6048,55.7433],[25.6116,55.7344],[25.6185,55.7375],[25.645,55.7303],[25.6604,55.7392],[25.6805,55.7409],[25.6834,55.7188],[25.7024,55.7076],[25.7004,55.7047],[25.681,55.7095],[25.6831,55.7017],[25.7141,55.6989],[25.7311,55.6873],[25.7585,55.6872],[25.7601,55.6712],[25.7676,55.6662],[25.7692,55.6374],[25.7732,55.6374],[25.7763,55.622],[25.7839,55.6219],[25.7816,55.6183],[25.7864,55.6151],[25.7967,55.6163],[25.8029,55.6252],[25.8011,55.6304],[25.8258,55.6283],[25.8573,55.6149],[25.8811,55.597],[25.8964,55.5982],[25.914,55.6069],[25.9465,55.5901],[25.922,55.5789],[25.9437,55.5634],[25.9453,55.5558],[25.9567,55.5577],[25.9761,55.5467],[25.9769,55.5345],[25.9829,55.5347],[25.9826,55.5182],[25.9648,55.5184],[25.9647,55.5079],[25.9825,55.5078],[25.9826,55.4885],[25.9955,55.4884],[25.9951,55.4709],[26.0455,55.4699],[26.0429,55.4631],[26.0258,55.4636],[26.0218,55.4405],[26.0431,55.4377],[26.0456,55.4092],[26.0625,55.4097],[26.0639,55.3935],[26.0525,55.3999],[26.0392,55.3981],[26.0255,55.4127],[26.0059,55.4208],[25.9758,55.4095],[25.9499,55.4147],[25.9375,55.422],[25.924,55.4166],[25.9129,55.4112],[25.9316,55.401],[25.9449,55.4002],[25.9377,55.398],[25.9454,55.3868],[25.9429,55.3778],[25.9521,55.3804],[25.9518,55.3742],[25.9742,55.3684],[25.9724,55.3575],[25.9461,55.3446],[25.9262,55.3476],[25.8876,55.3648],[25.8788,55.344],[25.87,55.3384],[25.874,55.3372],[25.86,55.3331],[25.8721,55.3179],[25.8571,55.3047],[25.866,55.3022],[25.8406,55.2986],[25.846,55.29],[25.8416,55.2871],[25.8423,55.2789],[25.8084,55.2779],[25.8061,55.3065],[25.794,55.3008],[25.7713,55.3176],[25.7367,55.2991],[25.7429,55.3073],[25.7173,55.3054],[25.7236,55.3147],[25.733,55.315],[25.7273,55.3224],[25.7426,55.3179],[25.7353,55.3343],[25.7477,55.3337],[25.7489,55.358],[25.7155,55.3703],[25.7137,55.3748],[25.6975,55.3689],[25.6929,55.3731],[25.6959,55.3808],[25.6795,55.3789],[25.6827,55.375],[25.6452,55.3713],[25.6377,55.3729],[25.6451,55.3751],[25.6374,55.3819],[25.6056,55.3806],[25.5716,55.3866],[25.5661,55.3812],[25.5401,55.3769],[25.5335,55.3792],[25.5368,55.3876],[25.5269,55.3911],[25.5199,55.3925],[25.5046,55.384],[25.4884,55.3886],[25.4873,55.3962],[25.4788,55.3956],[25.4764,55.4034],[25.4546,55.3959],[25.4528,55.3902],[25.4312,55.3921],[25.4356,55.4031],[25.4175,55.4193],[25.3868,55.4259],[25.3885,55.4224],[25.3622,55.4236],[25.358,55.427],[25.361,55.435],[25.3692,55.4351],[25.3719,55.4508],[25.3857,55.4582],[25.3894,55.468],[25.3694,55.4726],[25.3597,55.482],[25.3924,55.4944],[25.3976,55.5067],[25.4173,55.5061],[25.4232,55.5113],[25.4073,55.5187],[25.421,55.531],[25.4059,55.5514],[25.4275,55.558],[25.4154,55.5824],[25.418,55.5883],[25.4294,55.5969],[25.4551,55.6024],[25.4613,55.6117],[25.4774,55.6072],[25.4806,55.6021],[25.4931,55.6102],[25.4926,55.6153],[25.4844,55.6164],[25.4847,55.6204],[25.4999,55.626],[25.494,55.632],[25.4573,55.6393],[25.4527,55.6441],[25.4754,55.6605],[25.4859,55.658],[25.491,55.6634],[25.4841,55.6654],[25.4992,55.6831],[25.4878,55.6865],[25.4978,55.6942],[25.4992,55.7004],[25.492,55.701],[25.5192,55.721],[25.5371,55.7188],[25.543,55.731],[25.5826,55.7216],[25.5933,55.739],[25.6048,55.7433]]]}},{"type":"Feature","properties":{"code":"LT084","name":"Šakių r. sav."},"geometry":{"type":"Polygon","coordinates":[[[23.0509,55.1049],[23.1296,55.0904],[23.1865,55.0884],[23.3265,55.0669],[23.3824,55.0747],[23.4238,55.0723],[23.4795,55.049],[23.5725,55.0391],[23.589,55.0284],[23.5833,55.0151],[23.5882,55.0084],[23.5749,54.9999],[23.5444,55.0026],[23.506,54.9727],[23.4879,54.9715],[23.4505,54.9786],[23.4415,54.9771],[23.4157,54.9552],[23.4022,54.9588],[23.3913,54.9493],[23.3939,54.9366],[23.334,54.8854],[23.3143,54.8901],[23.2874,54.8782],[23.2993,54.8746],[23.2753,54.8492],[23.2804,54.8434],[23.2916,54.8428],[23.2902,54.8312],[23.3053,54.8281],[23.2997,54.8133],[23.2886,54.8124],[23.2684,54.783],[23.271,54.7747],[23.2938,54.7633],[23.2848,54.7544],[23.2663,54.7522],[23.242,54.7387],[23.2305,54.7407],[23.2029,54.7334],[23.2005,54.7288],[23.1785,54.7253],[23.1665,54.7291],[23.1559,54.7246],[23.1552,54.7373],[23.15,54.7405],[23.1241,54.7416],[23.1102,54.75],[23.088,54.7455],[23.0589,54.7559],[23.0568,54.7604],[23.0166,54.7631],[23.0114,54.7906],[22.9589,54.7876],[22.9468,54.7775],[22.9045,54.785],[22.8931,54.7823],[22.8891,54.7778],[22.8938,54.7764],[22.8783,54.7642],[22.8592,54.7617],[22.8629,54.7669],[22.848,54.7733],[22.8596,54.7777],[22.8482,54.7854],[22.8547,54.7898],[22.8778,54.7908],[22.8719,54.7972],[22.8735,54.8056],[22.8867,54.8137],[22.871,54.8201],[22.88,54.8254],[22.8763,54.8339],[22.8586,54.839],[22.8691,54.8531],[22.8398,54.8642],[22.8551,54.888],[22.8208,54.9119],[22.7935,54.9036],[22.788,54.9079],[22.7889,54.9195],[22.7834,54.9248],[22.7688,54.9235],[22.7619,54.917],[22.7543,54.9187],[22.7495,54.9251],[22.7666,54.9355],[22.7421,54.9395],[22.7309,54.95],[22.726,54.9633],[22.7074,54.9735],[22.69,54.9716],[22.6876,54.9808],[22.6786,54.9873],[22.6592,54.9817],[22.6683,54.9692],[22.664,54.9647],[22.6489,54.9666],[22.6416,54.9723],[22.6432,54.9839],[22.6367,54.9847],[22.6265,54.9956],[22.625,55.0042],[22.6141,55.0128],[22.6033,55.0138],[22.5946,55.0341],[22.5975,55.046],[22.5903,55.0541],[22.5892,55.0701],[22.643,55.0502],[22.6629,55.0493],[22.7412,55.0592],[22.7783,55.0757],[22.8134,55.0758],[22.8534,55.0887],[22.9351,55.0826],[23.0118,55.1005],[23.0509,55.1049]]]}},{"type":"Feature","properties":{"code":"LT085","name":"Šalčininkų r. sav."},"geometry":{"type":"Polygon","coordinates":[[[25.2132,54.5071],[25.231,54.488],[25.2212,54.4751],[25.2534,54.4626],[25.2611,54.4664],[25.3096,54.4663],[25.3194,54.4716],[25.3189,54.4936],[25.334,54.4978],[25.3433,54.495],[25.3554,54.501],[25.3566,54.4977],[25.408,54.4991],[25.4192,54.4954],[25.4162,54.4919],[25.4197,54.489],[25.4289,54.4941],[25.4408,54.4936],[25.4384,54.5021],[25.4445,54.5035],[25.4908,54.4807],[25.5192,54.4829],[25.5155,54.4761],[25.5239,54.4774],[25.5319,54.4665],[25.5434,54.4701],[25.5447,54.476],[25.5555,54.4755],[25.5575,54.4686],[25.5765,54.464],[25.5789,54.47],[25.5729,54.4704],[25.5761,54.4778],[25.6027,54.4823],[25.609,54.4925],[25.625,54.4898],[25.6283,54.4775],[25.6409,54.476],[25.6389,54.4726],[25.6023,54.4609],[25.6061,54.4564],[25.6172,54.459],[25.6277,54.4552],[25.6197,54.4506],[25.6328,54.4234],[25.6289,54.4171],[25.6051,54.3964],[25.5905,54.4014],[25.5857,54.3914],[25.5937,54.3754],[25.5622,54.3658],[25.5559,54.3424],[25.5319,54.3418],[25.532,54.3383],[25.536,54.3317],[25.5484,54.3317],[25.5516,54.3261],[25.5465,54.3238],[25.5523,54.315],[25.5872,54.3223],[25.5893,54.3159],[25.6202,54.3104],[25.6304,54.3182],[25.6425,54.3108],[25.6619,54.3222],[25.6772,54.3238],[25.6843,54.3192],[25.7106,54.2969],[25.6998,54.2906],[25.7078,54.2855],[25.6987,54.2805],[25.7128,54.2715],[25.7214,54.2763],[25.7438,54.2732],[25.7509,54.2681],[25.7466,54.266],[25.7569,54.2517],[25.7745,54.2375],[25.7847,54.238],[25.7857,54.2336],[25.7501,54.2219],[25.7583,54.2093],[25.7778,54.1996],[25.7805,54.1936],[25.7705,54.1832],[25.7788,54.1777],[25.7791,54.1678],[25.7886,54.1652],[25.7859,54.1551],[25.7797,54.1545],[25.7823,54.1603],[25.7741,54.1619],[25.7408,54.1611],[25.7394,54.1562],[25.7346,54.157],[25.7358,54.1616],[25.7036,54.1689],[25.7073,54.1636],[25.6874,54.1549],[25.6894,54.1482],[25.6849,54.1407],[25.6641,54.1407],[25.65,54.1284],[25.6403,54.1309],[25.639,54.1277],[25.6286,54.1308],[25.6297,54.1356],[25.6229,54.1391],[25.627,54.1422],[25.6228,54.1434],[25.6077,54.1416],[25.5641,54.1511],[25.5551,54.1462],[25.5485,54.153],[25.5339,54.156],[25.5303,54.1659],[25.5215,54.1666],[25.511,54.175],[25.5163,54.1863],[25.5623,54.1992],[25.564,54.2137],[25.5462,54.2212],[25.5474,54.2277],[25.5642,54.2325],[25.5762,54.2247],[25.5893,54.225],[25.5901,54.2321],[25.5706,54.2457],[25.5684,54.2575],[25.5522,54.2657],[25.5655,54.2704],[25.5631,54.2749],[25.5202,54.2809],[25.5111,54.3013],[25.5136,54.3079],[25.5031,54.3101],[25.4966,54.3093],[25.4998,54.3002],[25.481,54.3024],[25.4797,54.2951],[25.4679,54.2902],[25.4534,54.2914],[25.4552,54.298],[25.434,54.2956],[25.4096,54.2873],[25.4055,54.2793],[25.3954,54.2742],[25.381,54.2781],[25.3536,54.264],[25.3369,54.2665],[25.2911,54.2617],[25.2701,54.2753],[25.2516,54.2511],[25.2344,54.2634],[25.2178,54.2575],[25.214,54.2419],[25.2053,54.2371],[25.2043,54.2244],[25.1973,54.2144],[25.1613,54.1996],[25.1628,54.1916],[25.1392,54.1833],[25.0914,54.146],[25.077,54.1427],[25.0706,54.1336],[25.0158,54.1375],[24.9932,54.1441],[24.9844,54.149],[24.9754,54.1661],[24.9574,54.1721],[24.8658,54.147],[24.8382,54.1468],[24.8175,54.1677],[24.826,54.1733],[24.8185,54.1743],[24.8168,54.1871],[24.8093,54.1859],[24.8014,54.1923],[24.7839,54.1954],[24.7685,54.1914],[24.7681,54.2003],[24.759,54.2003],[24.7592,54.2197],[24.7647,54.2213],[24.7563,54.2241],[24.7722,54.2298],[24.7817,54.2275],[24.7868,54.2346],[24.8137,54.2335],[24.8114,54.2492],[24.823,54.2461],[24.8239,54.2547],[24.8348,54.252],[24.8427,54.2568],[24.8565,54.2563],[24.8566,54.269],[24.8893,54.2752],[24.8752,54.284],[24.8734,54.2888],[24.8812,54.2936],[24.9339,54.2949],[24.9217,54.3257],[24.9279,54.3362],[24.9122,54.3415],[24.9183,54.3421],[24.9126,54.3611],[24.9286,54.3628],[24.9249,54.3751],[24.9972,54.3829],[24.9936,54.3961],[25.0165,54.3985],[25.0086,54.4231],[25.0248,54.425],[25.0191,54.4442],[25.0705,54.4513],[25.0715,54.472],[25.091,54.475],[25.1088,54.486],[25.1149,54.4827],[25.145,54.4919],[25.1374,54.4844],[25.1425,54.4824],[25.1386,54.4737],[25.1466,54.4731],[25.1477,54.4663],[25.1685,54.4812],[25.1864,54.4855],[25.1978,54.4991],[25.2132,54.5071]]]}},{"type":"Feature","properties":{"code":"LT086","name":"Švenčionių r. sav."},"geometry":{"type":"Polygon","coordinates":[[[25.7713,55.3176],[25.794,55.3008],[25.8061,55.3065],[25.8084,55.2779],[25.8423,55.2789],[25.8416,55.2871],[25.846,55.29],[25.8406,55.2986],[25.85,55.297],[25.8649,55.3028],[25.8961,55.2891],[25.8974,55.2814],[25.8924,55.2794],[25.9071,55.2743],[25.9133,55.276],[25.9146,55.2828],[25.9301,55.2758],[25.9296,55.2866],[25.9396,55.2868],[25.9401,55.2801],[25.9606,55.2829],[25.9865,55.2717],[26.0011,55.2776],[26.0294,55.2755],[26.0436,55.2884],[26.0195,55.2866],[26.0464,55.2988],[26.0511,55.2938],[26.061,55.2912],[26.064,55.2941],[26.0559,55.2939],[26.0591,55.3097],[26.0625,55.3076],[26.0609,55.2962],[26.0902,55.2928],[26.0979,55.2875],[26.1218,55.2936],[26.1311,55.2873],[26.1448,55.2876],[26.1474,55.2822],[26.1398,55.2788],[26.1494,55.2757],[26.148,55.2628],[26.1832,55.2516],[26.1678,55.2458],[26.153,55.2297],[26.1537,55.225],[26.1844,55.222],[26.1959,55.2403],[26.1991,55.2357],[26.2125,55.2362],[26.2218,55.2378],[26.2295,55.2456],[26.2641,55.2233],[26.2845,55.2322],[26.2839,55.2287],[26.2954,55.2249],[26.3304,55.219],[26.3364,55.2272],[26.3418,55.2188],[26.3805,55.2243],[26.4001,55.2162],[26.4199,55.2179],[26.4487,55.2091],[26.4578,55.2187],[26.4851,55.2126],[26.4942,55.2171],[26.5185,55.2142],[26.5238,55.2251],[26.5399,55.2256],[26.554,55.2193],[26.5677,55.2283],[26.5967,55.2287],[26.6171,55.2411],[26.6125,55.247],[26.6266,55.2463],[26.6283,55.2502],[26.6125,55.2536],[26.6244,55.2617],[26.6329,55.2592],[26.6463,55.2649],[26.6532,55.2631],[26.6495,55.2586],[26.6596,55.2556],[26.6616,55.2604],[26.68,55.2622],[26.7594,55.263],[26.7398,55.2565],[26.7434,55.2519],[26.7259,55.2381],[26.7297,55.2156],[26.7007,55.2005],[26.6936,55.2056],[26.6749,55.1974],[26.6766,55.1888],[26.6871,55.1777],[26.7004,55.1785],[26.7059,55.172],[26.6942,55.1668],[26.6779,55.1704],[26.6767,55.159],[26.6687,55.156],[26.6535,55.161],[26.6179,55.1467],[26.5904,55.1539],[26.54,55.1432],[26.5169,55.1609],[26.4804,55.1487],[26.4775,55.1377],[26.4611,55.1286],[26.4574,55.1365],[26.4508,55.133],[26.4237,55.1406],[26.3962,55.1339],[26.3917,55.1363],[26.3927,55.1428],[26.3547,55.1506],[26.35,55.1465],[26.3235,55.1449],[26.3292,55.1368],[26.3022,55.1335],[26.3119,55.1291],[26.3019,55.1252],[26.2608,55.1214],[26.2293,55.1056],[26.2714,55.0776],[26.2615,55.0741],[26.2658,55.0703],[26.2633,55.0663],[26.2462,55.0701],[26.237,55.0646],[26.2359,55.0587],[26.2452,55.0565],[26.245,55.0519],[26.2378,55.051],[26.2418,55.0404],[26.2168,55.014],[26.2088,55.0124],[26.2085,54.9974],[26.1847,54.9904],[26.1562,54.9924],[26.1391,54.9854],[26.1159,54.9886],[26.1187,54.98],[26.1098,54.9719],[26.0762,54.9701],[26.0727,54.963],[26.0808,54.9547],[26.0527,54.9475],[26.0619,54.9416],[26.0233,54.9431],[25.9903,54.9517],[25.9904,54.9579],[25.984,54.9578],[25.9438,54.9475],[25.9084,54.9314],[25.8836,54.9367],[25.8779,54.9298],[25.8578,54.9276],[25.8532,54.9192],[25.8604,54.9185],[25.8539,54.9115],[25.8592,54.9057],[25.8531,54.8966],[25.8136,54.8774],[25.8165,54.873],[25.8096,54.8721],[25.8097,54.8678],[25.7826,54.8574],[25.7782,54.8507],[25.7843,54.8396],[25.7779,54.8277],[25.7719,54.8226],[25.7557,54.822],[25.7436,54.8277],[25.745,54.8651],[25.7211,54.8576],[25.7109,54.8588],[25.7023,54.8639],[25.703,54.8784],[25.6942,54.8855],[25.6927,54.896],[25.6631,54.8938],[25.6411,54.8998],[25.6392,54.9174],[25.6503,54.9265],[25.6417,54.9296],[25.6543,54.9395],[25.6591,54.9372],[25.6653,54.9474],[25.6934,54.9541],[25.6875,54.9653],[25.6695,54.9641],[25.6666,54.9786],[25.6336,54.9783],[25.6277,54.9821],[25.6336,54.9877],[25.5964,54.9941],[25.5865,55.0097],[25.5606,55.015],[25.5421,55.0258],[25.5422,55.0319],[25.5294,55.0351],[25.5263,55.0419],[25.533,55.0532],[25.5515,55.0541],[25.5729,55.048],[25.5794,55.053],[25.5782,55.0638],[25.6102,55.0591],[25.6253,55.0652],[25.6463,55.0578],[25.6568,55.06],[25.6611,55.0522],[25.6559,55.05],[25.6613,55.0494],[25.6654,55.0405],[25.6962,55.0423],[25.7055,55.0471],[25.7051,55.0405],[25.7109,55.0358],[25.7607,55.0395],[25.7591,55.0427],[25.7417,55.0397],[25.745,55.049],[25.7354,55.0526],[25.7481,55.0585],[25.7391,55.0599],[25.7568,55.0738],[25.7569,55.0798],[25.7433,55.0798],[25.7388,55.0742],[25.7324,55.0757],[25.7307,55.0829],[25.7393,55.0811],[25.748,55.0885],[25.7504,55.0833],[25.7677,55.0841],[25.7628,55.0977],[25.7468,55.0979],[25.754,55.1008],[25.7507,55.1053],[25.7618,55.1051],[25.7645,55.1095],[25.7644,55.105],[25.775,55.1032],[25.782,55.1149],[25.7898,55.1142],[25.8005,55.1231],[25.7973,55.1266],[25.7914,55.1208],[25.7633,55.1253],[25.752,55.1335],[25.7414,55.1312],[25.7256,55.1372],[25.722,55.1446],[25.7083,55.1433],[25.7091,55.1726],[25.6855,55.1729],[25.6793,55.1794],[25.6555,55.1827],[25.6477,55.1971],[25.6526,55.2088],[25.6603,55.207],[25.6749,55.215],[25.6607,55.2154],[25.666,55.2201],[25.6585,55.2219],[25.6656,55.2267],[25.6629,55.2325],[25.6791,55.2452],[25.7077,55.2405],[25.7026,55.2483],[25.694,55.2463],[25.6988,55.2565],[25.6842,55.259],[25.6881,55.2624],[25.6792,55.2718],[25.7066,55.2631],[25.7041,55.269],[25.715,55.2802],[25.7104,55.2869],[25.7272,55.2906],[25.7294,55.2951],[25.7232,55.2959],[25.734,55.3055],[25.7434,55.3066],[25.7372,55.2993],[25.7713,55.3176]]]}},{"type":"Feature","properties":{"code":"LT087","name":"Šilalės r. sav."},"geometry":{"type":"Polygon","coordinates":[[[22.262,55.6873],[22.3007,55.6669],[22.311,55.6787],[22.354,55.6707],[22.3528,55.666],[22.3729,55.6593],[22.3883,55.6674],[22.4148,55.6706],[22.4468,55.6641],[22.4664,55.673],[22.4778,55.6607],[22.4766,55.6369],[22.5,55.6335],[22.515,55.6226],[22.5046,55.609],[22.5088,55.6068],[22.5052,55.5999],[22.4998,55.597],[22.5024,55.589],[22.5266,55.5854],[22.549,55.5631],[22.5611,55.568],[22.5857,55.5665],[22.5776,55.5469],[22.584,55.5473],[22.5889,55.543],[22.5859,55.5419],[22.5957,55.5382],[22.5943,55.5336],[22.606,55.5282],[22.6046,55.5237],[22.6204,55.5217],[22.6264,55.5112],[22.6367,55.5109],[22.6356,55.5079],[22.6431,55.5059],[22.64,55.5],[22.6478,55.4995],[22.6495,55.4947],[22.6234,55.4885],[22.6219,55.485],[22.6264,55.4836],[22.6225,55.4795],[22.6312,55.4715],[22.619,55.4687],[22.6256,55.4636],[22.6254,55.4558],[22.6132,55.4571],[22.6128,55.4515],[22.6011,55.4503],[22.5959,55.4419],[22.5797,55.4452],[22.5702,55.4546],[22.4808,55.4304],[22.4569,55.4373],[22.4258,55.4255],[22.429,55.4225],[22.4256,55.4168],[22.4031,55.4316],[22.389,55.4247],[22.3707,55.4289],[22.3645,55.4332],[22.3696,55.4394],[22.3402,55.4592],[22.3239,55.4514],[22.3208,55.4578],[22.3071,55.4542],[22.3074,55.4609],[22.2974,55.4615],[22.2904,55.4509],[22.3011,55.4472],[22.2699,55.4416],[22.2747,55.4343],[22.2997,55.4296],[22.2944,55.4254],[22.3102,55.4236],[22.3081,55.4153],[22.3196,55.4077],[22.2603,55.3804],[22.2284,55.3953],[22.1758,55.37],[22.1565,55.3829],[22.1415,55.3643],[22.1336,55.3676],[22.1089,55.3588],[22.1004,55.3749],[22.0763,55.3689],[22.0695,55.3819],[22.0505,55.3835],[22.0594,55.3895],[22.0555,55.398],[22.0341,55.3916],[22.0107,55.3977],[22.0196,55.4017],[22.0223,55.4094],[22.0152,55.413],[22.0031,55.4073],[22.0003,55.4244],[21.9714,55.4228],[21.9196,55.4361],[21.8719,55.4231],[21.867,55.4659],[21.8505,55.4994],[21.8366,55.4947],[21.8272,55.5176],[21.8216,55.5183],[21.8301,55.5281],[21.8248,55.5329],[21.8267,55.5377],[21.8354,55.5458],[21.8253,55.55],[21.8081,55.5488],[21.8347,55.5703],[21.8428,55.5688],[21.8504,55.5742],[21.8584,55.5716],[21.8829,55.5823],[21.8688,55.5876],[21.8803,55.597],[21.9564,55.6068],[21.9715,55.6124],[22.0311,55.6063],[22.0266,55.6092],[22.0444,55.6134],[22.0443,55.626],[22.0594,55.63],[22.0619,55.6373],[22.0716,55.6381],[22.0634,55.6481],[22.0723,55.6563],[22.0934,55.6599],[22.1231,55.6507],[22.1304,55.6617],[22.1576,55.6663],[22.1547,55.6713],[22.1985,55.677],[22.1984,55.6731],[22.2476,55.6805],[22.262,55.6873]]]}},{"type":"Feature","properties":{"code":"LT088","name":"Šilutės r. sav."},"geometry":{"type":"Polygon","coordinates":[[[21.5858,55.5691],[21.5939,55.5647],[21.6145,55.5668],[21.6282,55.5606],[21.6341,55.552],[21.6536,55.5509],[21.6799,55.5344],[21.6813,55.5277],[21.7082,55.5137],[21.7179,55.5167],[21.7146,55.5177],[21.7196,55.5221],[21.7386,55.5226],[21.7484,55.5269],[21.753,55.5347],[21.7594,55.5346],[21.7699,55.5428],[21.7706,55.5566],[21.7819,55.5617],[21.7765,55.5639],[21.7928,55.5685],[21.8087,55.5639],[21.8006,55.5587],[21.8168,55.5556],[21.8081,55.5488],[21.8253,55.55],[21.8354,55.5458],[21.8267,55.5377],[21.8248,55.5329],[21.8301,55.5281],[21.8216,55.5183],[21.8272,55.5176],[21.8366,55.4947],[21.8505,55.4994],[21.867,55.4659],[21.8719,55.4231],[21.9196,55.4361],[21.9714,55.4228],[22.0003,55.4244],[22.0031,55.4073],[22.0152,55.413],[22.0223,55.4094],[22.0196,55.4017],[22.0103,55.3981],[22.0248,55.3936],[21.9986,55.3545],[21.9757,55.3429],[21.9529,55.3393],[21.9511,55.3272],[21.8962,55.2881],[21.8844,55.2965],[21.8724,55.294],[21.8543,55.2774],[21.8496,55.2699],[21.8579,55.2623],[21.8615,55.2497],[21.8827,55.2383],[21.8745,55.2329],[21.8772,55.2299],[21.8664,55.2032],[21.8123,55.2134],[21.8195,55.2196],[21.7918,55.2296],[21.7793,55.2242],[21.766,55.2291],[21.7484,55.2285],[21.7301,55.2222],[21.738,55.2167],[21.7303,55.2125],[21.6907,55.2117],[21.6905,55.2051],[21.6815,55.1991],[21.6668,55.1997],[21.6612,55.1876],[21.6664,55.187],[21.6668,55.1813],[21.5939,55.1879],[21.5683,55.1984],[21.5372,55.1957],[21.5176,55.1853],[21.5059,55.185],[21.4943,55.1912],[21.4835,55.2049],[21.452,55.2188],[21.4301,55.2523],[21.4147,55.2645],[21.4044,55.2807],[21.3835,55.2944],[21.3736,55.2867],[21.3548,55.2851],[21.3289,55.2734],[21.2954,55.2519],[21.271,55.2449],[21.0984,55.2564],[21.0187,55.2712],[21.033,55.3053],[21.0685,55.3278],[21.1136,55.3983],[21.1215,55.4213],[21.1049,55.4398],[21.1141,55.4589],[21.2627,55.4672],[21.3379,55.4907],[21.3642,55.4797],[21.3606,55.4985],[21.3472,55.5041],[21.357,55.5158],[21.3696,55.5158],[21.3752,55.5222],[21.3804,55.5185],[21.3807,55.5236],[21.3884,55.5246],[21.3849,55.5301],[21.3978,55.5371],[21.3985,55.5494],[21.4258,55.5456],[21.454,55.5584],[21.4716,55.5497],[21.4532,55.5395],[21.4577,55.5335],[21.4731,55.5371],[21.4747,55.5416],[21.492,55.5408],[21.4917,55.5348],[21.5056,55.533],[21.4953,55.5224],[21.5014,55.5184],[21.5149,55.5282],[21.5423,55.5276],[21.5408,55.5367],[21.5453,55.5393],[21.5696,55.5444],[21.5816,55.5408],[21.5827,55.547],[21.5776,55.5509],[21.5906,55.555],[21.5858,55.5691]]]}},{"type":"Feature","properties":{"code":"LT089","name":"Širvintų r. sav."},"geometry":{"type":"Polygon","coordinates":[[[25.0248,55.1597],[25.0319,55.1537],[25.0554,55.1509],[25.0792,55.1362],[25.0858,55.1385],[25.107,55.1266],[25.1376,55.1408],[25.1516,55.139],[25.1547,55.1491],[25.1623,55.1484],[25.1679,55.1543],[25.1667,55.1434],[25.1753,55.1387],[25.1644,55.1302],[25.1569,55.1301],[25.162,55.1185],[25.1489,55.1115],[25.156,55.1025],[25.1479,55.0957],[25.157,55.0893],[25.1634,55.0968],[25.1832,55.0917],[25.2089,55.0949],[25.211,55.0899],[25.2216,55.0882],[25.2264,55.0811],[25.2218,55.0769],[25.2259,55.0691],[25.2353,55.0647],[25.2278,55.056],[25.2137,55.0539],[25.222,55.0415],[25.1875,55.033],[25.1966,55.0223],[25.2014,54.9953],[25.1924,54.9858],[25.1975,54.9798],[25.1873,54.974],[25.2071,54.9701],[25.2058,54.9659],[25.1952,54.9575],[25.159,54.9662],[25.1458,54.9391],[25.1362,54.9358],[25.1477,54.908],[25.1579,54.8987],[25.1443,54.8957],[25.1177,54.9028],[25.1121,54.8981],[25.1279,54.8888],[25.1167,54.8804],[25.0536,54.8917],[25.0458,54.8823],[25.0151,54.8818],[25.0111,54.8904],[24.991,54.8818],[24.9816,54.8857],[24.9711,54.8805],[24.9778,54.871],[24.9728,54.8641],[24.9515,54.8708],[24.9425,54.8672],[24.9416,54.8729],[24.934,54.8763],[24.9159,54.8759],[24.9073,54.8819],[24.885,54.8712],[24.8763,54.8755],[24.8571,54.8738],[24.8516,54.8596],[24.8453,54.8622],[24.8463,54.8779],[24.8344,54.8801],[24.8299,54.8859],[24.8212,54.8821],[24.8105,54.8864],[24.8113,54.9032],[24.7977,54.9111],[24.7651,54.9188],[24.7598,54.9266],[24.7457,54.9322],[24.7169,54.9325],[24.6909,54.9269],[24.6816,54.9444],[24.638,54.9562],[24.62,54.9742],[24.5799,54.9733],[24.5679,54.9853],[24.5536,54.9899],[24.5605,54.9919],[24.5606,55.0043],[24.5891,55.0127],[24.5861,55.0281],[24.6224,55.0304],[24.6242,55.0368],[24.6145,55.0392],[24.6465,55.0491],[24.6321,55.0513],[24.6279,55.0563],[24.6335,55.0575],[24.6326,55.061],[24.6156,55.0744],[24.5927,55.0742],[24.5967,55.0816],[24.5855,55.0815],[24.5901,55.0866],[24.6135,55.0904],[24.6466,55.1109],[24.6732,55.0904],[24.678,55.0998],[24.7033,55.0919],[24.7246,55.1048],[24.7316,55.1148],[24.8047,55.1106],[24.821,55.115],[24.8403,55.1029],[24.8835,55.1032],[24.8824,55.1091],[24.9481,55.1185],[24.9453,55.1298],[25.0003,55.1483],[25.0147,55.1446],[25.0167,55.1558],[25.0248,55.1597]]]}},{"type":"Feature","properties":{"code":"LT091","name":"Šiaulių r. sav."},"geometry":{"type":"Polygon","coordinates":[[[23.1632,56.2145],[23.1687,56.2092],[23.1928,56.2041],[23.183,56.201],[23.1894,56.1933],[23.201,56.1899],[23.2046,56.1832],[23.2001,56.1797],[23.2212,56.1709],[23.2321,56.1694],[23.2561,56.1876],[23.2685,56.1825],[23.2733,56.1855],[23.2936,56.1746],[23.3028,56.1816],[23.3192,56.1747],[23.2912,56.1498],[23.2843,56.1514],[23.2766,56.1478],[23.2793,56.1464],[23.3278,56.1278],[23.3333,56.132],[23.3121,56.1408],[23.3503,56.1448],[23.3715,56.1361],[23.3628,56.1295],[23.3854,56.1186],[23.4092,56.1088],[23.4173,56.1151],[23.4411,56.1043],[23.4444,56.0969],[23.4393,56.0929],[23.4779,56.0821],[23.4836,56.0866],[23.5668,56.0561],[23.5728,56.0495],[23.5784,56.0509],[23.5597,56.0398],[23.5445,56.0436],[23.5289,56.0328],[23.5421,56.0269],[23.5478,56.0311],[23.5712,56.0209],[23.5795,56.0268],[23.589,56.0227],[23.5853,56.02],[23.5902,56.0179],[23.5772,56.008],[23.5806,56.006],[23.5692,55.9986],[23.5649,56.0005],[23.544,55.9835],[23.5371,55.9865],[23.5295,55.9811],[23.5734,55.9592],[23.5662,55.9436],[23.5717,55.9289],[23.5522,55.9139],[23.5343,55.9193],[23.5111,55.8956],[23.503,55.8979],[23.4894,55.8873],[23.4814,55.8898],[23.4755,55.8872],[23.4777,55.8825],[23.4495,55.8829],[23.4113,55.8444],[23.3909,55.8496],[23.3764,55.8383],[23.3946,55.8296],[23.3925,55.8198],[23.368,55.7992],[23.357,55.8028],[23.3602,55.807],[23.3289,55.8146],[23.3016,55.7786],[23.2684,55.7593],[23.2361,55.7314],[23.1749,55.7606],[23.1523,55.7496],[23.1408,55.7592],[23.124,55.7592],[23.1128,55.7647],[23.1037,55.7568],[23.0675,55.76],[23.0833,55.769],[23.0671,55.7763],[23.0466,55.7739],[23.0552,55.7921],[23.0514,55.7941],[23.0571,55.7978],[23.0558,55.8046],[23.0479,55.8063],[23.0529,55.8004],[23.0488,55.7988],[23.0264,55.8047],[23.0278,55.8133],[23.0162,55.8166],[23.0125,55.8272],[22.9727,55.8233],[22.9663,55.8398],[22.9507,55.8407],[22.9516,55.8449],[22.9397,55.8529],[22.9595,55.8646],[22.956,55.8726],[22.9194,55.8754],[22.9126,55.8557],[22.9023,55.8538],[22.902,55.8586],[22.8934,55.8625],[22.8747,55.8639],[22.857,55.853],[22.8532,55.8558],[22.8548,55.8661],[22.8,55.8773],[22.8024,55.8814],[22.7965,55.8867],[22.7524,55.8815],[22.7374,55.9023],[22.7142,55.9007],[22.7115,55.9066],[22.6898,55.9033],[22.6889,55.9066],[22.6957,55.9085],[22.6928,55.9124],[22.6855,55.9112],[22.6781,55.9218],[22.7114,55.9303],[22.6978,55.932],[22.691,55.9404],[22.683,55.9392],[22.6682,55.9706],[22.6492,55.9712],[22.6583,55.951],[22.6182,55.9487],[22.6027,55.953],[22.6075,55.9677],[22.5963,55.9697],[22.5843,55.9795],[22.6034,55.9885],[22.6142,55.9883],[22.6114,55.9957],[22.6205,56.0006],[22.6151,56.0071],[22.63,56.0165],[22.6217,56.0193],[22.6367,56.0274],[22.6204,56.035],[22.6241,56.0436],[22.6404,56.0348],[22.6436,56.0473],[22.6661,56.0535],[22.7033,56.0475],[22.7114,56.0505],[22.706,56.0642],[22.8111,56.084],[22.8309,56.0793],[22.8422,56.0714],[22.854,56.0732],[22.848,56.0899],[22.8385,56.0961],[22.8395,56.1017],[22.8577,56.11],[22.8791,56.1106],[22.8825,56.1045],[22.8989,56.1018],[22.8942,56.117],[22.9193,56.1176],[22.9357,56.1258],[22.9322,56.1313],[22.9363,56.1361],[22.9647,56.1412],[22.9488,56.1475],[22.9496,56.1521],[22.9546,56.1522],[22.9553,56.1581],[22.9654,56.1552],[22.9657,56.1616],[22.9835,56.1675],[22.9624,56.1786],[22.9671,56.18],[22.9629,56.1816],[22.9669,56.1889],[22.9849,56.184],[23.0191,56.1907],[23.0318,56.185],[23.0422,56.1964],[23.0893,56.2039],[23.0842,56.1999],[23.0924,56.1911],[23.0996,56.1992],[23.1043,56.1954],[23.1356,56.2044],[23.1305,56.2091],[23.1632,56.2145]],[[23.3251,55.9713],[23.3131,55.9701],[23.3018,55.9611],[23.2945,55.9641],[23.2903,55.957],[23.2803,55.9608],[23.2719,55.9546],[23.2855,55.9478],[23.2767,55.9396],[23.2844,55.9281],[23.2379,55.9171],[23.2393,55.9137],[23.228,55.9076],[23.2531,55.8958],[23.2655,55.8822],[23.2725,55.8874],[23.2696,55.8893],[23.2944,55.8985],[23.2954,55.9036],[23.3177,55.891],[23.3072,55.8826],[23.2694,55.872],[23.2655,55.8674],[23.2683,55.861],[23.3278,55.8408],[23.3345,55.8534],[23.3379,55.8528],[23.3433,55.8702],[23.3649,55.8691],[23.3613,55.8751],[23.3645,55.8805],[23.3708,55.8825],[23.3856,55.8723],[23.398,55.8774],[23.4211,55.873],[23.4178,55.8756],[23.429,55.8861],[23.4186,55.8982],[23.413,55.8976],[23.3908,55.9147],[23.3729,55.9128],[23.3605,55.9176],[23.3594,55.9232],[23.3685,55.9233],[23.3671,55.9311],[23.3499,55.9326],[23.3489,55.9437],[23.3435,55.946],[23.3461,55.9551],[23.3421,55.9558],[23.3592,55.968],[23.3548,55.9696],[23.3467,55.961],[23.335,55.9674],[23.3238,55.9664],[23.3251,55.9713]]]}},{"type":"Feature","properties":{"code":"LT094","name":"Jurbarko r. sav."},"geometry":{"type":"Polygon","coordinates":[[[22.7529,55.3898],[22.7625,55.3758],[22.7901,55.3813],[22.8031,55.3781],[22.8034,55.3711],[22.8134,55.3678],[22.8142,55.3624],[22.8083,55.3597],[22.8122,55.357],[22.8076,55.3538],[22.8126,55.3484],[22.8035,55.3421],[22.8014,55.3446],[22.7949,55.3428],[22.7901,55.3303],[22.8103,55.3299],[22.8096,55.3252],[22.8194,55.3217],[22.8419,55.3248],[22.8429,55.3145],[22.8602,55.3122],[22.8576,55.3087],[22.8686,55.302],[22.8653,55.2983],[22.873,55.3019],[22.864,55.2862],[22.8773,55.2887],[22.8747,55.2948],[22.8795,55.299],[22.9009,55.2997],[22.9021,55.3096],[22.9352,55.3116],[22.9296,55.3204],[22.9369,55.3228],[22.945,55.3126],[22.981,55.3141],[22.9733,55.2874],[23.0235,55.2751],[22.9966,55.2533],[23.0651,55.2496],[23.0715,55.2627],[23.0985,55.2601],[23.1027,55.2555],[23.1423,55.2612],[23.1545,55.2685],[23.1688,55.2651],[23.1799,55.269],[23.1849,55.2457],[23.1804,55.2419],[23.1819,55.2325],[23.2097,55.2366],[23.2113,55.23],[23.2383,55.2341],[23.2827,55.2296],[23.294,55.2302],[23.2981,55.2381],[23.3569,55.2391],[23.3646,55.2238],[23.3606,55.2148],[23.3711,55.2113],[23.3947,55.2148],[23.4075,55.2051],[23.4391,55.2151],[23.4414,55.2084],[23.5043,55.1933],[23.4824,55.1691],[23.4818,55.152],[23.4775,55.1484],[23.4835,55.1453],[23.4795,55.1397],[23.4809,55.1251],[23.4735,55.1209],[23.4719,55.1131],[23.4543,55.1044],[23.4412,55.0907],[23.44,55.0835],[23.4315,55.0839],[23.4119,55.0735],[23.3824,55.0747],[23.3265,55.0669],[23.1865,55.0884],[23.1296,55.0904],[23.0509,55.1049],[23.0118,55.1005],[22.9351,55.0826],[22.8534,55.0887],[22.8134,55.0758],[22.7783,55.0757],[22.7412,55.0592],[22.6583,55.049],[22.6354,55.0524],[22.5849,55.0709],[22.5483,55.066],[22.4916,55.0476],[22.4656,55.0443],[22.4274,55.0538],[22.2773,55.0642],[22.2617,55.1091],[22.2686,55.1124],[22.2596,55.1181],[22.2776,55.1336],[22.2691,55.141],[22.2897,55.1411],[22.306,55.1353],[22.3081,55.1391],[22.2977,55.1408],[22.2943,55.142],[22.2934,55.1429],[22.3436,55.1502],[22.3462,55.1432],[22.3803,55.1478],[22.3865,55.1345],[22.4329,55.1402],[22.4329,55.1267],[22.547,55.141],[22.5799,55.1348],[22.5905,55.1573],[22.5787,55.1644],[22.5802,55.1678],[22.5963,55.1666],[22.5978,55.1705],[22.5747,55.1739],[22.5773,55.18],[22.5715,55.1842],[22.5803,55.1848],[22.5827,55.1904],[22.579,55.1969],[22.5736,55.197],[22.5627,55.234],[22.5815,55.2392],[22.5837,55.2471],[22.5767,55.2501],[22.5793,55.2601],[22.5465,55.2644],[22.5501,55.2702],[22.5375,55.2736],[22.5433,55.2822],[22.5243,55.2905],[22.5345,55.2953],[22.5254,55.3045],[22.538,55.3042],[22.5436,55.3136],[22.6396,55.3117],[22.6445,55.3201],[22.6325,55.3185],[22.6361,55.3215],[22.6327,55.3297],[22.6223,55.3303],[22.6269,55.3359],[22.6208,55.3442],[22.6372,55.3475],[22.6341,55.3534],[22.6438,55.3555],[22.6324,55.369],[22.7529,55.3898]]]}},{"type":"Feature","properties":{"code":"LT801","name":"Baltijos priekrante"},"geometry":{"type":"MultiPolygon","coordinates":[[[[21.2704,55.2474],[21.0343,55.2888],[21.0113,55.3035],[21.0675,55.3624],[21.1027,55.4105],[21.1128,55.4484],[21.1324,55.6137],[21.1435,55.6369],[21.2201,55.5331],[21.2402,55.5005],[21.2537,55.4602],[21.2931,55.3156],[21.2895,55.2696],[21.2704,55.2474]]],[[[20.9597,55.2912],[20.9265,55.3118],[20.3729,55.4181],[20.4058,55.6399],[20.3541,55.8354],[20.3595,56.0328],[20.3937,56.0306],[21.0541,56.0674],[21.063,56.036],[21.051,55.9138],[21.072,55.7866],[21.1005,55.6848],[21.1043,55.6162],[21.0984,55.5484],[21.0908,55.5146],[21.0589,55.4327],[21.0083,55.3466],[20.9597,55.2912]]]]}}]}