{"type":"FeatureCollection","features":[{"type":"Feature","properties":{"code":"LV001","name":"Vidzeme"},"geometry":{"type":"Polygon","coordinates":[[[25.5606,57.9511],[26.224,57.6459],[26.2672,57.6386],[26.4305,57.6391],[26.4605,57.6471],[26.485,57.6392],[26.9043,57.6367],[27.3443,57.523],[27.6426,57.3944],[27.6848,57.3703],[27.4111,57.2577],[26.91,56.9406],[26.9038,56.905],[26.907,56.8436],[26.9025,56.8045],[26.7256,56.5565],[26.6931,56.5425],[26.61,56.5369],[26.5986,56.5842],[26.5664,56.6007],[25.727,56.7842],[25.5878,56.8088],[25.5056,56.8153],[25.1445,56.7278],[25.114,56.7044],[25.0389,56.6221],[25.0053,56.6154],[24.595,56.6173],[24.1587,56.6662],[24.1197,56.6721],[23.9259,56.729],[23.5257,56.8844],[23.502,56.8967],[23.4843,56.9192],[23.4893,56.9642],[23.5429,56.9826],[23.6194,56.9648],[23.6551,56.9618],[23.8974,56.9762],[23.9401,56.9902],[24.0115,57.0528],[24.1389,57.092],[24.1941,57.115],[24.3212,57.1833],[24.391,57.2359],[24.4093,57.2701],[24.4075,57.3127],[24.4006,57.3816],[24.3892,57.4154],[24.3941,57.4445],[24.3505,57.8777],[24.3816,57.8689],[24.4212,57.8691],[24.9862,58.0066],[25.0279,58.025],[25.0862,58.066],[25.1269,58.0786],[25.2101,58.0741],[25.3403,58.0391],[25.3828,58.0262],[25.5606,57.9511]]]}},{"type":"Feature","properties":{"code":"LV002","name":"Latgale"},"geometry":{"type":"Polygon","coordinates":[[[26.6401,55.6683],[26.3728,55.7129],[26.2723,55.7648],[26.2506,55.7903],[26.2232,55.8406],[26.1994,55.8595],[26.1426,55.8866],[26.1123,55.9107],[26.012,55.9685],[25.8337,56.0486],[25.866,56.0607],[26.2611,56.1482],[26.2997,56.166],[26.3787,56.4231],[26.3946,56.4534],[26.61,56.5369],[26.6931,56.5425],[26.7256,56.5565],[26.9025,56.8045],[26.907,56.8436],[26.9038,56.905],[26.91,56.9406],[27.3783,57.2391],[27.4111,57.2577],[27.6848,57.3703],[27.7533,57.3547],[27.8663,57.3056],[27.8721,57.2521],[27.844,57.193],[27.8336,57.156],[27.8427,57.1198],[27.9449,56.7949],[27.9656,56.7586],[28.1047,56.5888],[28.1832,56.4226],[28.2249,56.3185],[28.2332,56.275],[28.1917,56.2124],[28.161,56.1775],[28.131,56.1596],[27.9604,56.1021],[27.1668,55.8498],[27.0073,55.831],[26.7103,55.7049],[26.6401,55.6683]]]}},{"type":"Feature","properties":{"code":"LV003","name":"Zemgale"},"geometry":{"type":"Polygon","coordinates":[[[23.5429,56.9826],[23.4893,56.9642],[23.4843,56.9192],[23.502,56.8967],[23.5257,56.8844],[23.9259,56.729],[24.1197,56.6721],[24.1587,56.6662],[24.595,56.6173],[25.0053,56.6154],[25.0389,56.6221],[25.114,56.7044],[25.1445,56.7278],[25.5056,56.8153],[25.5878,56.8088],[25.727,56.7842],[26.5664,56.6007],[26.5986,56.5842],[26.61,56.5369],[26.3946,56.4534],[26.3787,56.4231],[26.2997,56.166],[26.2611,56.1482],[25.866,56.0607],[25.8337,56.0486],[25.1066,56.217],[25.069,56.2323],[25.0573,56.2599],[24.9152,56.4333],[24.87,56.4412],[24.6491,56.3758],[24.0677,56.3293],[24.0272,56.3223],[23.414,56.3691],[22.9003,56.3948],[22.7554,56.4097],[22.7248,56.4312],[22.4499,56.928],[22.462,56.9625],[22.4878,56.9919],[22.5104,57.0122],[22.6131,57.0797],[22.6501,57.0991],[22.9474,57.1605],[23.1339,57.302],[23.1628,57.3158],[23.1884,57.2883],[23.5207,57.0072],[23.5429,56.9826]]]}},{"type":"Feature","properties":{"code":"LV004","name":"Kurzeme"},"geometry":{"type":"Polygon","coordinates":[[[23.1628,57.3158],[23.1339,57.302],[22.9474,57.1605],[22.6501,57.0991],[22.6131,57.0797],[22.5104,57.0122],[22.462,56.9625],[22.4499,56.928],[22.7248,56.4312],[22.7554,56.4097],[22.723,56.4024],[22.1431,56.4255],[21.9991,56.4143],[21.6369,56.3293],[21.5022,56.2924],[21.3339,56.2126],[21.0918,56.0807],[21.0541,56.0674],[21.0487,56.0975],[20.9918,56.1992],[20.981,56.2376],[20.9734,56.3806],[20.9925,56.5326],[21.0531,56.8225],[21.0665,56.8468],[21.4147,57.2842],[21.6788,57.5482],[21.7122,57.5713],[21.7551,57.5841],[22.2752,57.6936],[22.5594,57.7522],[22.5926,57.7527],[22.5784,57.6911],[22.5865,57.6533],[22.6035,57.6244],[22.6299,57.5955],[22.6649,57.5699],[22.9273,57.428],[23.1628,57.3158]]]}},{"type":"Feature","properties":{"code":"LV010","name":"Ādažu novads"},"geometry":{"type":"Polygon","coordinates":[[[24.1181,57.0807],[24.1189,57.0862],[24.1933,57.1158],[24.2623,57.1592],[24.339,57.196],[24.3374,57.188],[24.3583,57.1876],[24.3684,57.182],[24.4286,57.1869],[24.4653,57.1829],[24.5091,57.1081],[24.4984,57.1012],[24.508,57.0969],[24.4752,57.0843],[24.4611,57.0739],[24.4249,57.0717],[24.4263,57.068],[24.3935,57.0636],[24.381,57.0574],[24.3631,57.0624],[24.358,57.0549],[24.3429,57.0513],[24.3324,57.0372],[24.322,57.0349],[24.3143,57.0267],[24.2655,57.043],[24.253,57.0416],[24.2432,57.0691],[24.233,57.0665],[24.2262,57.0744],[24.1531,57.0556],[24.1469,57.0572],[24.1517,57.0606],[24.141,57.0648],[24.1427,57.0692],[24.1355,57.0773],[24.1273,57.0754],[24.1181,57.0807]]]}},{"type":"Feature","properties":{"code":"LV011","name":"Aizkraukles novads"},"geometry":{"type":"Polygon","coordinates":[[[25.2042,56.6988],[25.2066,56.7056],[25.2006,56.7123],[25.2428,56.6968],[25.2823,56.6953],[25.2805,56.7011],[25.2929,56.7082],[25.2985,56.7179],[25.2938,56.7266],[25.2828,56.7306],[25.2527,56.73],[25.2455,56.7318],[25.2471,56.7346],[25.2693,56.7405],[25.3073,56.7617],[25.365,56.7524],[25.3582,56.7611],[25.3315,56.7628],[25.3556,56.7645],[25.379,56.7612],[25.3869,56.7558],[25.4107,56.769],[25.4128,56.7746],[25.4334,56.771],[25.4411,56.7773],[25.45,56.7767],[25.5062,56.8153],[25.5533,56.8004],[25.5879,56.8091],[25.6218,56.8044],[25.646,56.7936],[25.6491,56.7871],[25.6734,56.7877],[25.6723,56.7756],[25.6844,56.7698],[25.7367,56.7754],[25.7403,56.7804],[25.7312,56.7909],[25.7539,56.8095],[25.7365,56.8209],[25.7652,56.8294],[25.7664,56.8239],[25.8011,56.8067],[25.8076,56.7966],[25.8216,56.7989],[25.8398,56.7905],[25.8504,56.7642],[25.8232,56.7511],[25.8174,56.7433],[25.8328,56.7333],[25.8338,56.7218],[25.8294,56.7164],[25.8361,56.7095],[25.8863,56.694],[25.9152,56.6977],[25.9246,56.6939],[25.9248,56.6885],[25.9357,56.6892],[25.9485,56.6811],[25.9304,56.6669],[25.9108,56.6665],[25.9123,56.6555],[25.9333,56.6528],[25.9307,56.6373],[25.846,56.6168],[25.8394,56.6114],[25.7883,56.6072],[25.7617,56.6148],[25.7257,56.6143],[25.7042,56.6099],[25.6886,56.6001],[25.6595,56.5973],[25.6358,56.585],[25.557,56.5717],[25.5599,56.5664],[25.6073,56.5713],[25.6096,56.5581],[25.6051,56.551],[25.5977,56.5497],[25.5999,56.5465],[25.5934,56.5403],[25.5612,56.5381],[25.5618,56.5218],[25.553,56.5174],[25.5506,56.5035],[25.5946,56.4845],[25.5973,56.4703],[25.5898,56.4605],[25.5746,56.4596],[25.5566,56.4449],[25.5194,56.4525],[25.499,56.4351],[25.4951,56.4233],[25.4663,56.4123],[25.4364,56.4157],[25.3942,56.4065],[25.3295,56.4221],[25.2933,56.4208],[25.2934,56.4071],[25.3104,56.3904],[25.2957,56.3784],[25.3001,56.3714],[25.2948,56.3632],[25.3074,56.3411],[25.2901,56.3325],[25.2946,56.3287],[25.3274,56.3339],[25.3526,56.3325],[25.3513,56.3382],[25.3573,56.3376],[25.3671,56.3333],[25.3701,56.3204],[25.3177,56.3152],[25.318,56.3091],[25.3045,56.2905],[25.3122,56.2897],[25.312,56.2847],[25.3404,56.2791],[25.3346,56.272],[25.34,56.2733],[25.3592,56.2559],[25.3811,56.2599],[25.3907,56.2446],[25.402,56.2425],[25.4043,56.2256],[25.3929,56.2239],[25.3908,56.2145],[25.3823,56.2139],[25.3924,56.2102],[25.3978,56.1877],[25.416,56.1682],[25.4147,56.1602],[25.3642,56.1603],[25.3656,56.1543],[25.3372,56.1542],[25.3149,56.1449],[25.2797,56.1583],[25.2701,56.1706],[25.2546,56.1732],[25.2486,56.185],[25.2338,56.1922],[25.2147,56.1872],[25.1998,56.1763],[25.1662,56.1739],[25.1502,56.1746],[25.1223,56.1848],[25.0972,56.1843],[25.0853,56.197],[25.076,56.1952],[25.0753,56.2055],[25.0703,56.2099],[25.0751,56.2184],[25.063,56.2266],[25.0682,56.241],[25.0567,56.2448],[25.0636,56.2498],[25.0561,56.2549],[25.0565,56.2657],[25.0422,56.2686],[25.0417,56.2741],[25.019,56.277],[25.0191,56.2824],[25.0137,56.2845],[25.0159,56.2917],[24.9925,56.2985],[24.9874,56.3056],[24.9733,56.3103],[24.9681,56.3273],[24.9719,56.3332],[24.9674,56.3354],[24.9708,56.3372],[24.9667,56.3435],[24.9726,56.3521],[24.9695,56.3653],[24.9556,56.3697],[24.9498,56.3772],[24.9422,56.3751],[24.9268,56.401],[24.9138,56.4037],[24.9056,56.4127],[24.9023,56.4204],[24.9115,56.4254],[24.9187,56.44],[24.8977,56.4489],[24.8918,56.4602],[24.9265,56.4663],[24.9235,56.4816],[24.9383,56.4817],[24.9347,56.4907],[25.0357,56.5023],[25.0181,56.549],[24.9814,56.5523],[24.9698,56.583],[25.0487,56.5922],[25.0535,56.5974],[25.0485,56.611],[25.0313,56.6051],[25.024,56.6089],[25.0375,56.6176],[25.0271,56.6331],[25.0124,56.6361],[25.0146,56.6537],[25.0223,56.6529],[25.0159,56.6626],[25.02,56.6608],[25.0229,56.6788],[25.0151,56.6873],[25.0282,56.6919],[25.0427,56.6891],[25.0533,56.7005],[25.0615,56.702],[25.06,56.7061],[25.0674,56.7063],[25.0458,56.7091],[25.0491,56.7153],[25.0352,56.7163],[25.0432,56.721],[25.0314,56.722],[25.0348,56.725],[25.0308,56.7273],[25.0719,56.7359],[25.0959,56.7331],[25.1046,56.7384],[25.105,56.7335],[25.1249,56.7232],[25.134,56.725],[25.1565,56.7142],[25.1506,56.7084],[25.1536,56.7055],[25.1707,56.7072],[25.2042,56.6988]]]}},{"type":"Feature","properties":{"code":"LV012","name":"Alūksnes novads"},"geometry":{"type":"Polygon","coordinates":[[[26.6789,57.3181],[26.6832,57.3335],[26.6292,57.3431],[26.6484,57.3527],[26.6016,57.37],[26.5948,57.3975],[26.6146,57.4049],[26.6288,57.4199],[26.6498,57.413],[26.6987,57.4191],[26.7211,57.4119],[26.7197,57.4247],[26.7372,57.4452],[26.7327,57.4594],[26.7384,57.4696],[26.7508,57.4737],[26.741,57.4843],[26.7673,57.489],[26.7875,57.5016],[26.8211,57.4974],[26.8358,57.5041],[26.8238,57.5103],[26.8256,57.5196],[26.8426,57.5298],[26.8332,57.5404],[26.8425,57.5431],[26.8402,57.557],[26.817,57.5649],[26.839,57.5767],[26.8354,57.5834],[26.8628,57.5929],[26.8576,57.6009],[26.8643,57.6084],[26.8578,57.611],[26.9069,57.6331],[26.9263,57.6333],[26.9302,57.6235],[26.9505,57.6205],[26.9512,57.6155],[26.9399,57.6091],[26.9456,57.6028],[26.9708,57.6048],[26.9754,57.6126],[26.9927,57.6108],[26.9952,57.6046],[27.0314,57.6045],[27.0446,57.5968],[27.0414,57.5876],[27.0336,57.5852],[27.0469,57.5807],[27.0683,57.5813],[27.0874,57.5768],[27.1021,57.5657],[27.1614,57.5605],[27.1942,57.5506],[27.2255,57.5547],[27.2487,57.5487],[27.258,57.5508],[27.2808,57.5374],[27.2972,57.5397],[27.3257,57.5235],[27.3471,57.5219],[27.3506,57.5177],[27.3749,57.5354],[27.4151,57.5226],[27.4441,57.5318],[27.4713,57.5301],[27.469,57.5346],[27.5006,57.5402],[27.5564,57.5378],[27.5463,57.5193],[27.5554,57.5213],[27.5666,57.5148],[27.5673,57.5092],[27.5557,57.4976],[27.5573,57.487],[27.551,57.466],[27.5406,57.4678],[27.5159,57.4245],[27.5272,57.4259],[27.5605,57.4111],[27.6032,57.4156],[27.6239,57.4017],[27.6699,57.3952],[27.6841,57.3721],[27.6908,57.3705],[27.6931,57.3314],[27.6782,57.3224],[27.6569,57.3221],[27.6326,57.3079],[27.5925,57.3075],[27.5913,57.2793],[27.5614,57.2797],[27.5604,57.2653],[27.5556,57.2606],[27.5473,57.265],[27.5246,57.2648],[27.5167,57.2569],[27.5008,57.2606],[27.496,57.2645],[27.4956,57.2822],[27.4606,57.283],[27.4609,57.2641],[27.4258,57.2638],[27.4204,57.2541],[27.4033,57.2538],[27.3557,57.2866],[27.3261,57.28],[27.3006,57.2662],[27.2933,57.2602],[27.2944,57.2518],[27.2753,57.2477],[27.2641,57.2523],[27.2549,57.2476],[27.2433,57.253],[27.228,57.2352],[27.2308,57.2328],[27.2027,57.2402],[27.1946,57.2305],[27.1709,57.2251],[27.1129,57.2405],[27.0895,57.2405],[27.0872,57.2451],[27.044,57.2517],[27.0489,57.2605],[27.0772,57.2644],[27.081,57.2699],[27.0779,57.2741],[27.0554,57.2737],[27.0445,57.2812],[27.0346,57.2802],[26.9794,57.3065],[26.9001,57.3046],[26.8677,57.2955],[26.8563,57.303],[26.8558,57.3126],[26.8478,57.3177],[26.8344,57.3135],[26.8077,57.3163],[26.7973,57.3109],[26.7799,57.3252],[26.7639,57.3273],[26.7448,57.3233],[26.7509,57.313],[26.7424,57.3079],[26.7131,57.3037],[26.6789,57.3181]]]}},{"type":"Feature","properties":{"code":"LV013","name":"Augšdaugavas novads"},"geometry":{"type":"Polygon","coordinates":[[[25.9379,56.0592],[26.0052,56.0909],[26.0269,56.0819],[26.0354,56.0689],[26.0627,56.0696],[26.069,56.0816],[26.0764,56.0794],[26.0824,56.086],[26.0897,56.0846],[26.0914,56.0998],[26.1075,56.1125],[26.1272,56.0958],[26.1374,56.0973],[26.1483,56.1045],[26.151,56.1122],[26.1479,56.1239],[26.136,56.1301],[26.2148,56.1723],[26.2369,56.1708],[26.238,56.1742],[26.2559,56.1657],[26.251,56.1495],[26.2618,56.1471],[26.2674,56.1566],[26.2752,56.1588],[26.2818,56.155],[26.2924,56.1606],[26.3189,56.1522],[26.3158,56.1452],[26.3253,56.1421],[26.3203,56.13],[26.3162,56.1342],[26.3103,56.1236],[26.3194,56.1238],[26.3221,56.1059],[26.3171,56.1],[26.3254,56.0992],[26.3228,56.0931],[26.3261,56.0932],[26.3253,56.0967],[26.3334,56.0964],[26.3309,56.1246],[26.3369,56.1418],[26.3116,56.1713],[26.2913,56.1812],[26.3168,56.191],[26.3263,56.1873],[26.3666,56.2082],[26.4228,56.1752],[26.4599,56.1922],[26.4976,56.168],[26.5062,56.1296],[26.5546,56.131],[26.5442,56.1481],[26.5447,56.16],[26.5584,56.1681],[26.5777,56.1585],[26.5762,56.1487],[26.5703,56.1455],[26.5889,56.1345],[26.6,56.1374],[26.6252,56.1237],[26.6436,56.1394],[26.6824,56.1344],[26.6918,56.1312],[26.7055,56.1071],[26.7645,56.108],[26.8229,56.1349],[26.8375,56.1298],[26.844,56.1188],[26.8658,56.1297],[26.8803,56.1282],[26.8905,56.1343],[26.8962,56.1253],[26.8881,56.1043],[26.9086,56.0949],[26.9127,56.0784],[26.9318,56.0672],[26.9311,56.059],[26.9734,56.0621],[26.9658,56.0537],[26.9706,56.051],[26.9543,56.05],[26.96,56.0449],[26.9508,56.0465],[26.9477,56.0414],[26.9491,56.0337],[26.965,56.0253],[26.9655,56.0146],[26.9704,56.0112],[26.9474,56.0032],[26.9302,56.0033],[26.9316,55.9988],[26.9421,55.9965],[26.9351,55.9864],[26.9398,55.9822],[26.9361,55.9815],[26.9405,55.9788],[26.9374,55.9754],[26.9423,55.9654],[26.9576,55.9629],[26.9684,55.9536],[26.9339,55.9387],[26.9364,55.9323],[26.959,55.9246],[26.9489,55.9198],[26.9484,55.9128],[26.9331,55.9081],[26.9281,55.8894],[26.9346,55.8825],[26.9302,55.8753],[26.9354,55.871],[26.9843,55.8696],[26.9837,55.8521],[26.9776,55.848],[26.9841,55.8436],[26.9745,55.8329],[26.9834,55.8286],[26.9825,55.823],[26.9785,55.8147],[26.9524,55.7979],[26.9468,55.7875],[26.9202,55.7879],[26.8971,55.7541],[26.9012,55.7516],[26.8753,55.7345],[26.8784,55.7279],[26.8704,55.7138],[26.7998,55.698],[26.784,55.6778],[26.7431,55.6824],[26.7219,55.7008],[26.6529,55.7075],[26.6444,55.7043],[26.6515,55.7001],[26.6418,55.6954],[26.6367,55.6823],[26.5975,55.6747],[26.5755,55.6759],[26.5724,55.6801],[26.5213,55.6786],[26.5123,55.6873],[26.4927,55.6881],[26.491,55.696],[26.4396,55.7095],[26.4034,55.7114],[26.3858,55.7045],[26.3756,55.7094],[26.3655,55.7316],[26.35,55.7424],[26.3134,55.7428],[26.2686,55.7677],[26.2312,55.8124],[26.2356,55.8198],[26.2294,55.8382],[26.2037,55.8589],[26.1839,55.8685],[26.1732,55.8654],[26.1511,55.8768],[26.1203,55.8795],[26.09,55.9009],[26.055,55.9348],[26.0453,55.945],[26.046,55.9542],[26.0104,55.967],[26.0,55.9628],[25.9744,55.9816],[25.946,55.9846],[25.8929,56.0008],[25.8603,55.9997],[25.8489,56.0082],[25.8597,56.0148],[25.8587,56.0225],[25.8503,56.0305],[25.8352,56.0326],[25.8204,56.052],[25.8393,56.054],[25.8339,56.0628],[25.8462,56.0652],[25.8402,56.0745],[25.8782,56.0823],[25.8573,56.089],[25.8586,56.0938],[25.8483,56.1013],[25.8418,56.1006],[25.8395,56.1128],[25.8331,56.1175],[25.837,56.1195],[25.8405,56.1149],[25.8559,56.1139],[25.8976,56.098],[25.9065,56.0878],[25.9314,56.0756],[25.9317,56.0652],[25.9379,56.0592]],[[26.4951,55.8476],[26.4861,55.8375],[26.4948,55.8348],[26.4947,55.8431],[26.5018,55.8507],[26.5471,55.8441],[26.5464,55.8518],[26.5623,55.8544],[26.561,55.8608],[26.6102,55.8618],[26.6362,55.8694],[26.608,55.8815],[26.6149,55.8913],[26.6059,55.8997],[26.6113,55.9254],[26.5931,55.9464],[26.5912,55.9576],[26.5387,55.9051],[26.5189,55.9069],[26.498,55.9162],[26.4882,55.9147],[26.4838,55.9212],[26.4638,55.9255],[26.4496,55.9248],[26.438,55.9133],[26.4888,55.8775],[26.4768,55.8687],[26.4756,55.8612],[26.4951,55.8476]]]}},{"type":"Feature","properties":{"code":"LV014","name":"Balvu novads"},"geometry":{"type":"Polygon","coordinates":[[[27.7286,57.0273],[27.7147,57.0074],[27.7177,57.0025],[27.7696,57.0052],[27.7424,56.9566],[27.7372,56.9201],[27.7047,56.9123],[27.6863,56.9159],[27.672,56.8956],[27.6705,56.8698],[27.6554,56.8531],[27.6594,56.8343],[27.637,56.8323],[27.619,56.8392],[27.615,56.8447],[27.6201,56.8454],[27.6077,56.851],[27.6035,56.8584],[27.5732,56.8561],[27.5686,56.8596],[27.5729,56.8626],[27.5613,56.8681],[27.57,56.8688],[27.5689,56.8766],[27.5338,56.8765],[27.5343,56.8716],[27.55,56.8697],[27.5346,56.8696],[27.5466,56.859],[27.4994,56.8518],[27.4264,56.8529],[27.4242,56.8472],[27.38,56.8312],[27.4161,56.8317],[27.398,56.8268],[27.4074,56.8235],[27.3935,56.8167],[27.3827,56.8164],[27.3824,56.8201],[27.3735,56.8169],[27.3715,56.8206],[27.3806,56.823],[27.3779,56.8276],[27.3655,56.8277],[27.355,56.8191],[27.3507,56.8207],[27.3453,56.8143],[27.3462,56.8084],[27.3531,56.8087],[27.3531,56.8029],[27.346,56.8037],[27.345,56.789],[27.3497,56.7896],[27.3511,56.7832],[27.3335,56.7804],[27.2849,56.7909],[27.1809,56.7918],[27.1771,56.8007],[27.169,56.801],[27.1601,56.8126],[27.1284,56.8035],[27.1203,56.8133],[27.0826,56.8095],[27.0687,56.8128],[27.0694,56.7977],[27.0292,56.7994],[27.0206,56.7998],[27.0294,56.8138],[26.9942,56.8204],[26.9846,56.8194],[26.9677,56.8031],[26.9622,56.8033],[26.9649,56.8153],[26.9255,56.8308],[26.9655,56.853],[26.9779,56.8546],[26.9762,56.8577],[26.9916,56.8674],[26.9868,56.8696],[26.9905,56.8715],[26.9672,56.8877],[26.9715,56.8914],[26.9652,56.8972],[26.9647,56.9203],[26.9439,56.9267],[26.9342,56.925],[26.8991,56.9373],[26.9128,56.9506],[26.9213,56.9736],[26.8972,56.9815],[26.8653,56.9743],[26.8618,56.9809],[26.8713,56.9942],[26.8669,56.9975],[26.8763,56.9991],[26.8749,57.0066],[26.8581,57.0065],[26.8619,57.0091],[26.8564,57.0149],[26.8705,57.0143],[26.8616,57.0171],[26.8597,57.0232],[26.8713,57.0212],[26.8741,57.0293],[26.8856,57.0275],[26.8802,57.0306],[26.891,57.0333],[26.8832,57.0353],[26.8873,57.0386],[26.8978,57.0359],[26.929,57.0418],[26.9652,57.0639],[26.976,57.0901],[27.039,57.1311],[27.0674,57.1651],[27.0878,57.167],[27.1009,57.1735],[27.1002,57.1812],[27.1398,57.2029],[27.1423,57.2107],[27.1631,57.2271],[27.1946,57.2305],[27.2027,57.2402],[27.2308,57.2328],[27.228,57.2352],[27.2433,57.253],[27.2549,57.2476],[27.2641,57.2523],[27.2753,57.2477],[27.2944,57.2518],[27.2933,57.2602],[27.3006,57.2662],[27.3261,57.28],[27.3557,57.2866],[27.4033,57.2538],[27.4204,57.2541],[27.4258,57.2638],[27.4609,57.2641],[27.4606,57.283],[27.4956,57.2822],[27.496,57.2645],[27.5008,57.2606],[27.5167,57.2569],[27.5246,57.2648],[27.5473,57.265],[27.5556,57.2606],[27.5604,57.2653],[27.5614,57.2797],[27.5913,57.2793],[27.5925,57.3075],[27.6326,57.3079],[27.6569,57.3221],[27.6782,57.3224],[27.6927,57.3306],[27.6908,57.3705],[27.7572,57.3545],[27.7566,57.351],[27.7791,57.3434],[27.7798,57.3357],[27.7733,57.3315],[27.7818,57.3203],[27.8145,57.3242],[27.8305,57.3204],[27.847,57.3035],[27.8666,57.2966],[27.8683,57.286],[27.8605,57.263],[27.8663,57.2613],[27.8638,57.2576],[27.8704,57.2483],[27.8587,57.2449],[27.8539,57.2352],[27.8436,57.2303],[27.8379,57.22],[27.8425,57.2122],[27.8297,57.2073],[27.8256,57.2005],[27.8307,57.1992],[27.8257,57.1919],[27.8349,57.182],[27.8262,57.1718],[27.8332,57.1666],[27.8224,57.158],[27.8183,57.1433],[27.7878,57.1327],[27.7814,57.1356],[27.7572,57.131],[27.7516,57.1267],[27.7557,57.1237],[27.7375,57.119],[27.7338,57.113],[27.7531,57.1074],[27.7519,57.0983],[27.7375,57.1031],[27.7219,57.1004],[27.7196,57.1039],[27.7152,57.0976],[27.7517,57.0841],[27.7688,57.0856],[27.743,57.0678],[27.7488,57.0534],[27.7288,57.0382],[27.7286,57.0273]]]}},{"type":"Feature","properties":{"code":"LV015","name":"Bauskas novads"},"geometry":{"type":"Polygon","coordinates":[[[24.0527,56.5075],[24.0599,56.5214],[24.0812,56.5311],[24.0748,56.5427],[24.1022,56.5501],[24.1005,56.5609],[24.123,56.5752],[24.1166,56.5848],[24.047,56.5799],[24.043,56.5928],[24.0201,56.593],[24.0149,56.5975],[24.0202,56.6007],[24.0092,56.6119],[24.0172,56.6138],[24.0339,56.6133],[24.0289,56.6082],[24.032,56.6064],[24.0197,56.6049],[24.0404,56.5985],[24.0491,56.6032],[24.0384,56.6091],[24.0504,56.6115],[24.0485,56.6068],[24.0543,56.6049],[24.0713,56.6094],[24.0714,56.6252],[24.0651,56.6293],[24.0457,56.6284],[24.0489,56.6369],[24.0655,56.6411],[24.0344,56.6414],[24.0346,56.6482],[24.0027,56.6512],[24.0039,56.671],[24.0242,56.6641],[24.0138,56.66],[24.022,56.6556],[24.0516,56.6578],[24.0432,56.6961],[24.0527,56.6911],[24.0599,56.6917],[24.0521,56.6934],[24.0532,56.6963],[24.0649,56.6975],[24.0702,56.6885],[24.0734,56.6943],[24.086,56.6851],[24.1073,56.6934],[24.115,56.6718],[24.145,56.6675],[24.1512,56.6713],[24.1501,56.6758],[24.1575,56.6673],[24.1539,56.6651],[24.1612,56.6639],[24.1628,56.6722],[24.1849,56.6743],[24.1831,56.679],[24.1654,56.684],[24.1778,56.6834],[24.1757,56.689],[24.1829,56.6893],[24.1818,56.6975],[24.1895,56.6961],[24.1871,56.6879],[24.2323,56.6903],[24.2564,56.7014],[24.2484,56.7062],[24.2516,56.7087],[24.2478,56.7127],[24.264,56.7013],[24.2598,56.6944],[24.2681,56.6915],[24.2688,56.6833],[24.3028,56.6825],[24.3136,56.6745],[24.3302,56.6722],[24.3588,56.6595],[24.3839,56.6652],[24.384,56.6692],[24.3702,56.6682],[24.3804,56.676],[24.4369,56.6815],[24.4954,56.7166],[24.5287,56.7181],[24.5299,56.7096],[24.6343,56.7141],[24.6398,56.6759],[24.579,56.673],[24.5822,56.6513],[24.5987,56.6161],[24.6181,56.603],[24.6428,56.5996],[24.6635,56.6032],[24.6704,56.5988],[24.6564,56.5892],[24.6781,56.5923],[24.7002,56.5809],[24.6973,56.5752],[24.6857,56.5725],[24.6657,56.575],[24.6474,56.5605],[24.6612,56.5578],[24.6658,56.5408],[24.6828,56.5408],[24.6986,56.5498],[24.7456,56.543],[24.7721,56.5551],[24.8314,56.57],[24.8743,56.5698],[24.9014,56.578],[24.9025,56.575],[24.9698,56.583],[24.9814,56.5523],[25.0181,56.549],[25.0357,56.5023],[24.9347,56.4907],[24.9383,56.4817],[24.9235,56.4816],[24.9265,56.4663],[24.8918,56.4602],[24.9024,56.4472],[24.8732,56.4499],[24.8513,56.4361],[24.8518,56.4272],[24.8617,56.4219],[24.8618,56.4158],[24.8245,56.4106],[24.8221,56.4181],[24.8065,56.4219],[24.7994,56.4181],[24.8053,56.4161],[24.8035,56.4117],[24.7756,56.3995],[24.7619,56.4045],[24.7412,56.4004],[24.7012,56.4037],[24.6987,56.3967],[24.7046,56.3875],[24.6877,56.3763],[24.6291,56.3758],[24.6312,56.3676],[24.624,56.3619],[24.628,56.3549],[24.6247,56.347],[24.6132,56.344],[24.6057,56.3354],[24.5885,56.3327],[24.5767,56.3232],[24.5756,56.3156],[24.5833,56.3056],[24.5795,56.2883],[24.5192,56.2813],[24.4617,56.2663],[24.4541,56.2582],[24.4231,56.2611],[24.392,56.2784],[24.3578,56.2724],[24.3406,56.2956],[24.3161,56.3011],[24.2857,56.3007],[24.2901,56.2856],[24.201,56.2671],[24.1768,56.2509],[24.1547,56.2538],[24.1215,56.2489],[24.1146,56.2509],[24.1189,56.2618],[24.0962,56.2711],[24.0978,56.2773],[24.046,56.2797],[24.0492,56.2993],[24.0226,56.3107],[24.019,56.3298],[23.9152,56.3311],[23.9126,56.3387],[23.8656,56.3384],[23.8709,56.3465],[23.8687,56.3749],[23.8836,56.3876],[23.828,56.3862],[23.8352,56.4013],[23.8474,56.3999],[23.8493,56.4033],[23.8432,56.4074],[23.8515,56.4139],[23.8464,56.4155],[23.8585,56.4243],[23.8375,56.4259],[23.8404,56.4425],[23.8623,56.4475],[23.8731,56.4707],[23.8812,56.47],[23.8854,56.4626],[23.9045,56.4723],[23.9273,56.474],[23.9254,56.4839],[23.9564,56.4884],[23.9496,56.4905],[23.9572,56.504],[23.9918,56.5056],[23.9901,56.499],[24.0176,56.4973],[24.0182,56.5031],[24.0527,56.5075]]]}},{"type":"Feature","properties":{"code":"LV016","name":"Cēsu novads"},"geometry":{"type":"Polygon","coordinates":[[[25.1209,57.0951],[25.088,57.1286],[25.0595,57.123],[25.0463,57.1309],[25.0352,57.1307],[25.0291,57.125],[24.9929,57.126],[24.9692,57.144],[24.9738,57.1469],[24.9796,57.1428],[24.9828,57.145],[24.978,57.1473],[24.9858,57.1502],[24.9744,57.1614],[24.9826,57.1788],[24.9735,57.1935],[24.9286,57.219],[24.9035,57.2189],[24.9006,57.2233],[24.9258,57.2372],[24.9219,57.2431],[24.9422,57.2514],[24.9398,57.2626],[24.9506,57.2695],[24.9522,57.2783],[24.9298,57.2857],[24.9196,57.2977],[24.9036,57.298],[24.9096,57.3039],[24.8869,57.3128],[24.9041,57.3201],[24.9021,57.3276],[24.9115,57.3339],[24.8794,57.3384],[24.8883,57.3465],[24.8741,57.349],[24.8606,57.3663],[24.8595,57.3761],[24.8468,57.3794],[24.8566,57.3875],[24.8385,57.4005],[24.8408,57.4043],[24.8051,57.4147],[24.7974,57.4105],[24.7887,57.4123],[24.795,57.4178],[24.7851,57.4224],[24.7879,57.429],[24.8058,57.425],[24.815,57.4277],[24.832,57.4162],[24.8373,57.4172],[24.8309,57.4211],[24.8365,57.421],[24.8652,57.4102],[24.8732,57.4208],[24.8946,57.4307],[24.912,57.4294],[24.9632,57.45],[24.9609,57.4526],[24.9926,57.4579],[24.9825,57.4666],[24.9926,57.47],[25.0097,57.4665],[25.0096,57.4772],[25.0231,57.4819],[25.0359,57.4814],[25.0402,57.477],[25.0589,57.4814],[25.0517,57.4844],[25.0691,57.4897],[25.0454,57.4947],[25.0583,57.4968],[25.0612,57.5056],[25.0761,57.5018],[25.0904,57.4887],[25.121,57.4961],[25.1279,57.4886],[25.1418,57.4855],[25.1441,57.4793],[25.1354,57.4675],[25.1372,57.4576],[25.1333,57.4533],[25.171,57.4418],[25.1982,57.4122],[25.2205,57.4122],[25.224,57.4244],[25.2466,57.4141],[25.2547,57.4164],[25.2723,57.3981],[25.2861,57.3997],[25.2891,57.3949],[25.3083,57.3993],[25.3122,57.4039],[25.3092,57.4081],[25.3264,57.4107],[25.331,57.4085],[25.3267,57.4007],[25.3389,57.4011],[25.3546,57.3924],[25.3454,57.3855],[25.3552,57.3835],[25.3608,57.3901],[25.3767,57.3839],[25.38,57.3898],[25.3888,57.3877],[25.3827,57.3996],[25.3921,57.4014],[25.4003,57.4104],[25.3935,57.4147],[25.3873,57.4285],[25.4026,57.4317],[25.4077,57.4392],[25.3953,57.4402],[25.4127,57.4493],[25.4273,57.4434],[25.4316,57.4466],[25.4408,57.4412],[25.4502,57.4423],[25.4544,57.4376],[25.5061,57.454],[25.5147,57.4511],[25.5197,57.4383],[25.5294,57.4306],[25.5519,57.4357],[25.5564,57.4409],[25.5556,57.4521],[25.5966,57.4669],[25.6458,57.4696],[25.6654,57.4663],[25.6553,57.463],[25.6678,57.4509],[25.6639,57.443],[25.6499,57.4413],[25.6412,57.4222],[25.6279,57.411],[25.6326,57.4089],[25.6293,57.4039],[25.6111,57.3996],[25.6068,57.3793],[25.5832,57.3792],[25.5868,57.3854],[25.582,57.3865],[25.569,57.3847],[25.5618,57.3781],[25.5367,57.3789],[25.518,57.3657],[25.5085,57.3653],[25.5119,57.351],[25.5491,57.3344],[25.5486,57.3116],[25.5659,57.3094],[25.5578,57.3034],[25.5758,57.2972],[25.5838,57.299],[25.5939,57.2891],[25.6023,57.29],[25.5898,57.2785],[25.5975,57.2662],[25.6061,57.2735],[25.6164,57.2677],[25.6637,57.2809],[25.6836,57.2798],[25.6876,57.2743],[25.7087,57.2761],[25.7072,57.2683],[25.7203,57.2618],[25.733,57.266],[25.7291,57.268],[25.7338,57.271],[25.7403,57.2683],[25.737,57.2776],[25.7568,57.2746],[25.7627,57.2727],[25.7469,57.253],[25.7557,57.2439],[25.7424,57.2207],[25.7444,57.2098],[25.7555,57.2086],[25.7591,57.2028],[25.8051,57.2139],[25.8224,57.2132],[25.8248,57.2069],[25.8595,57.1868],[25.8722,57.1891],[25.8864,57.1835],[25.901,57.1888],[25.9143,57.1828],[25.9215,57.1909],[25.9297,57.1891],[25.9606,57.1968],[26.0138,57.2182],[26.0651,57.2164],[26.1044,57.204],[26.0994,57.197],[26.1092,57.1938],[26.1137,57.1802],[26.1199,57.1767],[26.1184,57.1713],[26.1461,57.1609],[26.1541,57.1527],[26.1497,57.1499],[26.1526,57.1445],[26.1657,57.1403],[26.1661,57.1291],[26.1385,57.1171],[26.1335,57.1113],[26.1323,57.0946],[26.1063,57.078],[26.0646,57.0951],[26.0477,57.0907],[26.0453,57.0869],[26.0502,57.079],[26.0243,57.0776],[26.0205,57.0821],[26.0022,57.0806],[25.9848,57.0916],[25.9535,57.1021],[25.9215,57.0982],[25.9054,57.0681],[25.9056,57.0608],[25.8947,57.0498],[25.8989,57.0445],[25.8875,57.0307],[25.8904,57.0197],[25.8834,57.0099],[25.8902,57.0068],[25.904,57.0097],[25.9265,57.0019],[25.9235,56.9944],[25.9183,56.9951],[25.9253,56.9859],[25.9261,56.9729],[25.9067,56.9699],[25.9036,56.9651],[25.8819,56.9589],[25.8453,56.9594],[25.8429,56.9683],[25.8246,56.9732],[25.8294,56.976],[25.822,56.9774],[25.8206,56.9841],[25.8093,56.9898],[25.7826,56.9839],[25.7797,56.9757],[25.7564,56.9813],[25.7447,56.9981],[25.7362,56.9952],[25.713,57.0007],[25.7054,56.9837],[25.6312,56.9609],[25.6318,56.967],[25.6249,56.9722],[25.6379,56.9785],[25.629,56.9883],[25.6413,56.9917],[25.6398,56.9993],[25.6045,56.9816],[25.5603,56.9771],[25.5354,56.9914],[25.5254,56.9895],[25.5067,56.9999],[25.4962,57.0002],[25.4699,56.9973],[25.4702,56.9864],[25.4507,56.9909],[25.4343,56.9859],[25.4551,56.9816],[25.4646,56.9719],[25.4431,56.9591],[25.4346,56.9599],[25.4309,56.956],[25.4392,56.9529],[25.4141,56.9392],[25.4152,56.9348],[25.3956,56.9324],[25.387,56.9397],[25.3747,56.9397],[25.3731,56.9539],[25.3634,56.9669],[25.3545,56.9692],[25.3562,56.9755],[25.3459,56.9811],[25.3203,56.982],[25.3017,56.9802],[25.3063,56.9771],[25.3009,56.9763],[25.3035,56.9713],[25.2831,56.9686],[25.2776,56.9645],[25.2821,56.9576],[25.2535,56.9525],[25.2622,56.9482],[25.2449,56.9389],[25.259,56.9361],[25.2534,56.934],[25.2596,56.9303],[25.2562,56.9261],[25.2151,56.939],[25.196,56.9368],[25.1531,56.9441],[25.1462,56.9496],[25.1397,56.9578],[25.1497,56.9717],[25.1294,56.9846],[25.145,56.9901],[25.1363,56.9956],[25.141,56.9977],[25.1315,57.0013],[25.1457,57.0113],[25.1351,57.0138],[25.1437,57.0295],[25.1288,57.0318],[25.1256,57.0348],[25.1364,57.041],[25.1348,57.0445],[25.1216,57.0483],[25.1063,57.0611],[25.1171,57.0721],[25.1298,57.0702],[25.1349,57.078],[25.1571,57.0812],[25.13,57.0939],[25.1348,57.0936],[25.1209,57.0951]]]}},{"type":"Feature","properties":{"code":"LV017","name":"Daugavpils pilsēta"},"geometry":{"type":"Polygon","coordinates":[[[26.4856,55.917],[26.5387,55.9051],[26.5912,55.9576],[26.5931,55.9464],[26.6113,55.9254],[26.6059,55.8997],[26.6149,55.8913],[26.608,55.8815],[26.6362,55.8694],[26.6102,55.8618],[26.561,55.8608],[26.5623,55.8544],[26.5464,55.8518],[26.5471,55.8441],[26.5018,55.8507],[26.4975,55.8436],[26.4947,55.8431],[26.4948,55.8348],[26.489,55.8359],[26.4888,55.8421],[26.4967,55.8456],[26.4756,55.8612],[26.4768,55.8687],[26.4888,55.8775],[26.438,55.9133],[26.4496,55.9248],[26.4819,55.9216],[26.4856,55.917]]]}},{"type":"Feature","properties":{"code":"LV018","name":"Dienvidkurzemes novads"},"geometry":{"type":"Polygon","coordinates":[[[21.4,56.9277],[21.4331,56.9175],[21.4484,56.9227],[21.4499,56.9173],[21.4418,56.9138],[21.4868,56.9119],[21.489,56.9043],[21.496,56.9047],[21.4754,56.8903],[21.4813,56.8862],[21.4725,56.8792],[21.4783,56.8774],[21.4765,56.8733],[21.4396,56.8781],[21.4373,56.8714],[21.443,56.8683],[21.4514,56.8737],[21.5113,56.8654],[21.5058,56.8518],[21.5092,56.8427],[21.5197,56.8377],[21.5378,56.844],[21.5694,56.8396],[21.5985,56.8447],[21.6128,56.8365],[21.6057,56.8265],[21.6446,56.7896],[21.6592,56.7939],[21.6926,56.7913],[21.7232,56.773],[21.7503,56.7644],[21.7656,56.7497],[21.764,56.7418],[21.7687,56.7377],[21.759,56.7354],[21.7565,56.7303],[21.7787,56.7297],[21.7827,56.714],[21.7606,56.7065],[21.7616,56.7017],[21.791,56.6923],[21.796,56.6961],[21.8021,56.6888],[21.8118,56.6864],[21.8265,56.6873],[21.827,56.6813],[21.8187,56.6799],[21.8133,56.6692],[21.8227,56.6672],[21.8193,56.664],[21.8347,56.649],[21.8274,56.6442],[21.8265,56.6353],[21.8101,56.6277],[21.8169,56.6217],[21.8098,56.62],[21.8026,56.6248],[21.7777,56.6183],[21.7762,56.6094],[21.7921,56.601],[21.7998,56.588],[21.7914,56.5806],[21.8005,56.575],[21.7904,56.5726],[21.7953,56.5708],[21.7904,56.5629],[21.7975,56.5595],[21.7882,56.5569],[21.7888,56.5502],[21.8038,56.5529],[21.8137,56.5479],[21.8039,56.5346],[21.8371,56.5233],[21.8705,56.5215],[21.9033,56.5262],[21.9075,56.5078],[21.9694,56.5172],[21.9632,56.5006],[21.953,56.5],[21.9449,56.4931],[21.9494,56.4894],[21.945,56.4847],[21.9591,56.4833],[21.9583,56.476],[21.9516,56.4733],[21.9587,56.4663],[22.0068,56.4504],[22.0116,56.4448],[22.0003,56.44],[22.0078,56.4317],[21.9832,56.4337],[21.9777,56.4288],[21.9321,56.4227],[21.9506,56.4192],[21.9641,56.3981],[21.9804,56.3955],[21.9782,56.3851],[21.9696,56.3767],[21.9542,56.3816],[21.9451,56.3749],[21.9193,56.372],[21.9181,56.3681],[21.873,56.3615],[21.8357,56.3716],[21.8237,56.3632],[21.808,56.3624],[21.8026,56.3527],[21.7876,56.3437],[21.7404,56.3299],[21.7244,56.3136],[21.6732,56.3113],[21.6358,56.3237],[21.6031,56.3245],[21.5868,56.3227],[21.5766,56.3146],[21.5612,56.3162],[21.5574,56.3047],[21.5342,56.2934],[21.5141,56.2894],[21.4994,56.2949],[21.4671,56.2708],[21.4652,56.2605],[21.4523,56.2487],[21.3382,56.2174],[21.3294,56.2185],[21.2987,56.1919],[21.2825,56.1849],[21.2793,56.1745],[21.2307,56.1623],[21.2257,56.1564],[21.2299,56.1507],[21.2268,56.1459],[21.233,56.1419],[21.2286,56.1389],[21.2369,56.1335],[21.2389,56.1229],[21.2333,56.1194],[21.2355,56.1158],[21.2206,56.1088],[21.2251,56.1034],[21.2154,56.1022],[21.2178,56.0996],[21.2117,56.0959],[21.2133,56.0914],[21.2025,56.0771],[21.1805,56.075],[21.1596,56.0862],[21.1433,56.08],[21.0647,56.0692],[21.0359,56.1326],[20.9832,56.2175],[20.9802,56.2473],[20.9854,56.2885],[20.9712,56.3526],[20.974,56.3756],[20.9956,56.4338],[20.9994,56.4653],[21.0096,56.4659],[21.0111,56.4788],[21.0288,56.4758],[21.052,56.4829],[21.0466,56.4984],[21.051,56.5127],[21.0773,56.5312],[21.0756,56.5353],[21.1017,56.5348],[21.0963,56.5466],[21.1041,56.5555],[21.1026,56.5687],[21.0859,56.5685],[21.08,56.5568],[21.0636,56.5677],[21.0662,56.578],[21.0586,56.5902],[21.0677,56.6048],[21.0262,56.6091],[21.0395,56.6363],[21.0577,56.7002],[21.0599,56.7549],[21.052,56.8213],[21.0562,56.8341],[21.0675,56.844],[21.1568,56.8836],[21.1665,56.892],[21.1851,56.8936],[21.2414,56.9166],[21.2663,56.9321],[21.2895,56.9541],[21.3338,56.9756],[21.35,56.9697],[21.3506,56.9643],[21.3691,56.9688],[21.3748,56.9676],[21.369,56.9656],[21.3716,56.9626],[21.3923,56.9565],[21.4026,56.946],[21.3942,56.9377],[21.4,56.9277]]]}},{"type":"Feature","properties":{"code":"LV019","name":"Dobeles novads"},"geometry":{"type":"Polygon","coordinates":[[[23.4128,56.4934],[23.4192,56.4842],[23.4414,56.4815],[23.4177,56.4666],[23.4227,56.4622],[23.4185,56.4576],[23.4447,56.4533],[23.4359,56.4459],[23.4427,56.4282],[23.4397,56.4262],[23.4619,56.4159],[23.4733,56.4046],[23.4482,56.3919],[23.4415,56.3827],[23.4068,56.3828],[23.3925,56.3773],[23.3064,56.3831],[23.309,56.3812],[23.3043,56.3785],[23.2829,56.3719],[23.1768,56.3686],[23.1704,56.3666],[23.1813,56.3584],[23.1724,56.3545],[23.1841,56.3374],[23.1124,56.3129],[23.1152,56.3081],[23.0932,56.3046],[23.0851,56.3174],[23.0704,56.3244],[23.0452,56.32],[23.0269,56.3312],[23.0051,56.3685],[23.0189,56.3706],[23.0023,56.4064],[22.9776,56.4057],[22.9692,56.4139],[22.9411,56.4148],[22.9323,56.4008],[22.8964,56.401],[22.8809,56.3912],[22.8747,56.3968],[22.828,56.4021],[22.8078,56.4142],[22.7825,56.4217],[22.7294,56.4236],[22.7354,56.4383],[22.7305,56.4421],[22.7363,56.446],[22.7306,56.4511],[22.7536,56.4513],[22.7424,56.4607],[22.7554,56.4731],[22.7423,56.4836],[22.7306,56.48],[22.7254,56.4868],[22.7139,56.4832],[22.7106,56.4942],[22.7238,56.4945],[22.7341,56.5089],[22.7276,56.5111],[22.7229,56.5217],[22.7366,56.5244],[22.7411,56.5406],[22.7467,56.545],[22.736,56.5486],[22.7405,56.5544],[22.7369,56.5667],[22.7586,56.5565],[22.7774,56.5647],[22.7882,56.5639],[22.7801,56.5673],[22.7811,56.5727],[22.7905,56.5679],[22.8087,56.5686],[22.8068,56.5746],[22.7916,56.5755],[22.7884,56.5882],[22.7784,56.5877],[22.7753,56.5893],[22.7806,56.5894],[22.7834,56.5985],[22.7755,56.6038],[22.778,56.6118],[22.8171,56.6047],[22.8206,56.606],[22.8156,56.6087],[22.8236,56.609],[22.8228,56.6048],[22.8384,56.6059],[22.8452,56.6093],[22.8407,56.6139],[22.8495,56.6258],[22.8438,56.6278],[22.8454,56.636],[22.8659,56.6421],[22.8551,56.6529],[22.8451,56.6542],[22.8394,56.6756],[22.8336,56.6752],[22.8331,56.6805],[22.7904,56.6794],[22.789,56.6822],[22.8047,56.6835],[22.8039,56.6942],[22.8473,56.6923],[22.8493,56.7032],[22.8698,56.6995],[22.8709,56.7103],[22.8751,56.7121],[22.8896,56.7083],[22.9006,56.7127],[22.9857,56.7122],[22.9909,56.7179],[23.019,56.7145],[23.0317,56.6934],[23.0639,56.696],[23.0905,56.6886],[23.1008,56.6938],[23.1165,56.689],[23.1134,56.6955],[23.1306,56.7001],[23.1764,56.6913],[23.1904,56.6953],[23.1932,56.7007],[23.1839,56.7081],[23.2049,56.7235],[23.2205,56.7174],[23.244,56.7202],[23.2682,56.7137],[23.2753,56.7073],[23.2979,56.7156],[23.315,56.729],[23.3275,56.7316],[23.3369,56.7464],[23.3479,56.7523],[23.3074,56.7743],[23.319,56.7806],[23.3326,56.7795],[23.374,56.8072],[23.3827,56.8089],[23.3887,56.7932],[23.3935,56.7926],[23.4611,56.7992],[23.483,56.8118],[23.5067,56.8183],[23.5296,56.7601],[23.5199,56.7486],[23.4525,56.7371],[23.4192,56.7083],[23.4369,56.6978],[23.4714,56.696],[23.4978,56.6816],[23.4818,56.6776],[23.4664,56.6801],[23.4677,56.6733],[23.4741,56.6736],[23.4861,56.6569],[23.4524,56.6524],[23.438,56.6446],[23.4411,56.6356],[23.4362,56.6227],[23.4049,56.6194],[23.4086,56.6074],[23.4027,56.6036],[23.4648,56.5953],[23.4849,56.5972],[23.4892,56.5857],[23.4295,56.5792],[23.4289,56.5709],[23.433,56.5689],[23.4282,56.5647],[23.4738,56.5507],[23.4657,56.5475],[23.4674,56.5443],[23.459,56.537],[23.4621,56.5325],[23.4563,56.5188],[23.449,56.5183],[23.4484,56.5126],[23.4584,56.5073],[23.447,56.4999],[23.4128,56.4934]]]}},{"type":"Feature","properties":{"code":"LV020","name":"Gulbenes novads"},"geometry":{"type":"Polygon","coordinates":[[[26.4134,57.0499],[26.3695,57.043],[26.349,57.0578],[26.3482,57.0638],[26.3279,57.0729],[26.3187,57.0856],[26.3206,57.0944],[26.319,57.0955],[26.3001,57.0833],[26.2848,57.081],[26.2011,57.0918],[26.1918,57.0914],[26.1891,57.0798],[26.1706,57.0856],[26.1367,57.0816],[26.1273,57.0758],[26.1085,57.077],[26.1323,57.0946],[26.1335,57.1113],[26.1385,57.1171],[26.1661,57.1291],[26.1657,57.1403],[26.1526,57.1445],[26.1497,57.1499],[26.1541,57.1527],[26.1391,57.1656],[26.1184,57.1713],[26.1199,57.1767],[26.1137,57.1802],[26.1092,57.1938],[26.0998,57.196],[26.103,57.2049],[26.0651,57.2164],[26.0106,57.2159],[26.0131,57.2203],[26.0017,57.223],[25.9962,57.2444],[26.0043,57.2503],[26.0333,57.2526],[26.0427,57.2451],[26.0578,57.2481],[26.0621,57.2514],[26.0502,57.2664],[26.0847,57.2822],[26.1088,57.279],[26.1222,57.2708],[26.128,57.2754],[26.1385,57.2728],[26.1408,57.2778],[26.1552,57.2751],[26.1596,57.2798],[26.2683,57.2813],[26.2507,57.3043],[26.2582,57.3093],[26.2785,57.3043],[26.2866,57.3088],[26.2905,57.3172],[26.2851,57.3215],[26.2765,57.3202],[26.2719,57.3263],[26.275,57.3294],[26.3536,57.316],[26.4409,57.3298],[26.4247,57.3503],[26.4099,57.3408],[26.3956,57.3395],[26.3871,57.354],[26.4155,57.3562],[26.4204,57.3512],[26.432,57.3509],[26.4337,57.3538],[26.4277,57.3566],[26.4302,57.3693],[26.4883,57.3732],[26.4745,57.3814],[26.4758,57.3869],[26.4679,57.3901],[26.4726,57.3936],[26.4627,57.3967],[26.4719,57.3959],[26.4686,57.4044],[26.4814,57.4072],[26.4803,57.4023],[26.496,57.3993],[26.5075,57.4052],[26.5178,57.4026],[26.5244,57.4089],[26.5281,57.4075],[26.5239,57.4013],[26.5335,57.3912],[26.5412,57.3952],[26.5498,57.3904],[26.5739,57.4028],[26.5976,57.3893],[26.6016,57.37],[26.6484,57.3527],[26.6292,57.3431],[26.6832,57.3335],[26.6789,57.3181],[26.7131,57.3037],[26.7424,57.3079],[26.7509,57.313],[26.7448,57.3233],[26.7639,57.3273],[26.7799,57.3252],[26.7973,57.3109],[26.8077,57.3163],[26.8344,57.3135],[26.8478,57.3177],[26.8558,57.3126],[26.8563,57.303],[26.8677,57.2955],[26.9001,57.3046],[26.9794,57.3065],[27.0346,57.2802],[27.0445,57.2812],[27.0554,57.2737],[27.0779,57.2741],[27.081,57.2699],[27.0772,57.2644],[27.0489,57.2605],[27.044,57.2517],[27.1631,57.2271],[27.1423,57.2107],[27.1398,57.2029],[27.1002,57.1812],[27.1009,57.1735],[27.0878,57.167],[27.0674,57.1651],[27.039,57.1311],[26.976,57.0901],[26.9652,57.0639],[26.9378,57.045],[26.8978,57.0359],[26.8874,57.0387],[26.8832,57.0353],[26.891,57.0333],[26.8802,57.0306],[26.8856,57.0275],[26.8741,57.0293],[26.8713,57.0212],[26.8597,57.0232],[26.8616,57.0171],[26.8707,57.0146],[26.8623,57.0127],[26.8574,57.0163],[26.8619,57.0091],[26.8579,57.0067],[26.8733,57.0087],[26.8764,56.9993],[26.8669,56.9975],[26.8713,56.9942],[26.8633,56.9836],[26.7885,56.9876],[26.7815,56.9971],[26.7699,56.9924],[26.7546,56.9943],[26.7374,56.9902],[26.7315,56.9825],[26.7094,56.9712],[26.6896,56.977],[26.6842,56.9716],[26.6448,56.969],[26.6092,56.9583],[26.5823,56.9439],[26.5679,56.9467],[26.5694,56.9595],[26.5592,56.9741],[26.563,56.9764],[26.5557,56.9815],[26.5445,57.0066],[26.5478,57.0078],[26.5459,57.0214],[26.5147,57.0443],[26.499,57.0478],[26.497,57.0555],[26.4786,57.0531],[26.465,57.0626],[26.4417,57.0639],[26.4134,57.0499]]]}},{"type":"Feature","properties":{"code":"LV021","name":"Jēkabpils novads"},"geometry":{"type":"MultiPolygon","coordinates":[[[[26.0824,56.4086],[26.1291,56.3941],[26.1522,56.3804],[26.1811,56.2924],[26.1895,56.2786],[26.202,56.2725],[26.1938,56.254],[26.1801,56.2452],[26.1769,56.2368],[26.1965,56.222],[26.2334,56.2162],[26.2726,56.2018],[26.2814,56.187],[26.3116,56.1713],[26.3369,56.1418],[26.3309,56.1246],[26.3334,56.0964],[26.3171,56.1],[26.3221,56.1059],[26.3194,56.1238],[26.3103,56.1236],[26.3162,56.1342],[26.3203,56.13],[26.3253,56.1421],[26.3158,56.1452],[26.3189,56.1522],[26.2924,56.1606],[26.2818,56.155],[26.2752,56.1588],[26.2674,56.1566],[26.2618,56.1471],[26.251,56.1495],[26.2559,56.1657],[26.238,56.1742],[26.2369,56.1708],[26.2148,56.1723],[26.136,56.1301],[26.1479,56.1239],[26.151,56.1122],[26.1483,56.1045],[26.1374,56.0973],[26.1272,56.0958],[26.1075,56.1125],[26.0914,56.0998],[26.0897,56.0846],[26.0824,56.086],[26.0764,56.0794],[26.069,56.0816],[26.0627,56.0696],[26.0354,56.0689],[26.0269,56.0819],[26.0052,56.0909],[25.9598,56.0694],[25.9593,56.0652],[25.9379,56.0592],[25.9317,56.0652],[25.9314,56.0756],[25.9065,56.0878],[25.8976,56.098],[25.8559,56.1139],[25.8405,56.1149],[25.837,56.1195],[25.8331,56.1175],[25.8395,56.1128],[25.8418,56.1006],[25.8483,56.1013],[25.8586,56.0938],[25.8573,56.089],[25.8782,56.0823],[25.8402,56.0745],[25.8462,56.0652],[25.8339,56.0628],[25.8393,56.054],[25.8287,56.0521],[25.7607,56.0637],[25.7367,56.0768],[25.6878,56.0865],[25.6871,56.0929],[25.6956,56.0949],[25.6992,56.1011],[25.693,56.1039],[25.6996,56.1195],[25.6764,56.1301],[25.6844,56.144],[25.6729,56.1495],[25.651,56.1349],[25.602,56.1344],[25.5654,56.1399],[25.5513,56.162],[25.5361,56.1654],[25.5096,56.1591],[25.5047,56.1445],[25.4802,56.1428],[25.454,56.1471],[25.455,56.1527],[25.4316,56.1544],[25.4208,56.145],[25.4025,56.1485],[25.4041,56.1582],[25.3656,56.1543],[25.3642,56.1603],[25.4147,56.1602],[25.4155,56.1726],[25.3991,56.1855],[25.3924,56.2102],[25.3823,56.2139],[25.3908,56.2145],[25.3929,56.2239],[25.4043,56.2256],[25.402,56.2425],[25.3907,56.2446],[25.3811,56.2599],[25.3592,56.2559],[25.34,56.2733],[25.3346,56.272],[25.3404,56.2791],[25.312,56.2847],[25.3122,56.2897],[25.3043,56.2924],[25.318,56.3091],[25.3177,56.3152],[25.3701,56.3204],[25.3671,56.3333],[25.3513,56.3382],[25.3526,56.3325],[25.3274,56.3339],[25.2946,56.3287],[25.2901,56.3325],[25.3074,56.3411],[25.2948,56.3632],[25.3001,56.3714],[25.2957,56.3784],[25.3104,56.3904],[25.2934,56.4071],[25.2933,56.4208],[25.3295,56.4221],[25.3942,56.4065],[25.4364,56.4157],[25.4698,56.4127],[25.4951,56.4233],[25.499,56.4351],[25.5194,56.4525],[25.5566,56.4449],[25.5746,56.4596],[25.5906,56.4612],[25.5973,56.4703],[25.5946,56.4845],[25.5506,56.5035],[25.5515,56.51],[25.553,56.5174],[25.5618,56.5218],[25.5612,56.5381],[25.5977,56.5427],[25.5977,56.5497],[25.6051,56.551],[25.6096,56.5581],[25.6073,56.5713],[25.5599,56.5664],[25.557,56.5717],[25.6358,56.585],[25.6595,56.5973],[25.6886,56.6001],[25.7042,56.6099],[25.7257,56.6143],[25.7617,56.6148],[25.7883,56.6072],[25.839,56.6113],[25.846,56.6168],[25.9294,56.6368],[25.9561,56.6481],[25.9577,56.6584],[25.9821,56.6654],[25.9936,56.6416],[26.0171,56.6392],[26.021,56.6347],[26.0138,56.629],[26.0263,56.6183],[26.0648,56.6307],[26.0734,56.6398],[26.1357,56.6573],[26.159,56.6388],[26.1647,56.6452],[26.196,56.6476],[26.2121,56.6323],[26.1979,56.6283],[26.2046,56.6153],[26.219,56.6045],[26.2436,56.6151],[26.2505,56.6115],[26.2738,56.619],[26.2841,56.6099],[26.2746,56.6035],[26.2851,56.602],[26.2831,56.5853],[26.3478,56.6048],[26.3779,56.6415],[26.3909,56.641],[26.4019,56.6327],[26.4891,56.5997],[26.5939,56.595],[26.5985,56.5928],[26.5913,56.5903],[26.5943,56.5795],[26.5768,56.5597],[26.5841,56.5535],[26.5807,56.5506],[26.5843,56.5462],[26.6074,56.5579],[26.6182,56.5398],[26.6249,56.5401],[26.6244,56.5345],[26.5949,56.5019],[26.5955,56.4947],[26.6002,56.4937],[26.61,56.499],[26.6165,56.4866],[26.5492,56.484],[26.5478,56.4951],[26.4688,56.495],[26.4601,56.4865],[26.4453,56.4839],[26.439,56.475],[26.3878,56.4595],[26.387,56.4538],[26.3708,56.452],[26.3651,56.452],[26.3688,56.4619],[26.3654,56.4729],[26.3127,56.5017],[26.3202,56.505],[26.3188,56.5131],[26.2971,56.5203],[26.2869,56.5167],[26.2841,56.5212],[26.2638,56.5218],[26.2638,56.511],[26.2528,56.5029],[26.2249,56.5028],[26.2211,56.4855],[26.2107,56.4821],[26.2065,56.4716],[26.1924,56.4684],[26.1953,56.4626],[26.1533,56.4269],[26.0824,56.4086]]],[[[26.324,56.0965],[26.3261,56.0932],[26.323,56.0923],[26.324,56.0965]]]]}},{"type":"Feature","properties":{"code":"LV022","name":"Jelgavas pilsēta"},"geometry":{"type":"Polygon","coordinates":[[[23.6446,56.679],[23.6863,56.6755],[23.7039,56.6831],[23.6982,56.6871],[23.71,56.6859],[23.7281,56.6918],[23.7318,56.6849],[23.763,56.6874],[23.7877,56.6822],[23.7888,56.6717],[23.7808,56.6649],[23.7996,56.6561],[23.7858,56.6463],[23.7608,56.6432],[23.7801,56.6358],[23.7831,56.6307],[23.7752,56.6245],[23.7397,56.6268],[23.7389,56.6198],[23.7242,56.6179],[23.7164,56.5976],[23.6888,56.5976],[23.6751,56.6012],[23.6823,56.6104],[23.6788,56.6152],[23.6879,56.6195],[23.6822,56.6245],[23.685,56.6282],[23.6746,56.6354],[23.6726,56.6452],[23.6406,56.6507],[23.6237,56.6743],[23.633,56.682],[23.6427,56.6755],[23.6446,56.679]]]}},{"type":"Feature","properties":{"code":"LV023","name":"Jelgavas novads"},"geometry":{"type":"Polygon","coordinates":[[[23.4128,56.4934],[23.447,56.4999],[23.4584,56.5073],[23.4484,56.5126],[23.449,56.5183],[23.4563,56.5188],[23.4621,56.5325],[23.459,56.537],[23.4674,56.5443],[23.4657,56.5475],[23.4738,56.5507],[23.4282,56.5647],[23.433,56.5689],[23.4289,56.5709],[23.4295,56.5792],[23.4892,56.5857],[23.4849,56.5972],[23.4648,56.5953],[23.4027,56.6036],[23.4086,56.6074],[23.4049,56.6194],[23.4362,56.6227],[23.4411,56.6356],[23.438,56.6446],[23.4524,56.6524],[23.4861,56.6569],[23.4741,56.6736],[23.4677,56.6733],[23.4664,56.6801],[23.4818,56.6776],[23.4978,56.6816],[23.4714,56.696],[23.4369,56.6978],[23.4192,56.7083],[23.4523,56.737],[23.5199,56.7486],[23.5303,56.7627],[23.5067,56.8183],[23.4893,56.8135],[23.4674,56.8849],[23.4857,56.8905],[23.5397,56.8957],[23.5444,56.8924],[23.5949,56.8938],[23.5992,56.8921],[23.597,56.8865],[23.6068,56.8836],[23.6272,56.8933],[23.6451,56.878],[23.6511,56.8794],[23.7122,56.8559],[23.7193,56.8322],[23.7271,56.8327],[23.7311,56.8211],[23.7422,56.8215],[23.7426,56.815],[23.7552,56.8162],[23.7585,56.8068],[23.7686,56.8079],[23.7647,56.8008],[23.7734,56.8016],[23.7561,56.771],[23.7661,56.7712],[23.7533,56.7516],[23.7557,56.7456],[23.7478,56.7409],[23.7715,56.7393],[23.7757,56.7326],[23.7893,56.7327],[23.8012,56.7234],[23.8139,56.7277],[23.8242,56.7408],[23.8276,56.7377],[23.8187,56.7313],[23.8317,56.7364],[23.8305,56.7276],[23.8382,56.7261],[23.8441,56.7333],[23.8374,56.7371],[23.8421,56.7392],[23.8681,56.7466],[23.8691,56.742],[23.8814,56.7454],[23.9072,56.7429],[23.9218,56.7518],[23.9272,56.7511],[23.9232,56.7423],[23.9336,56.7267],[23.9998,56.7312],[23.9959,56.7264],[23.9983,56.7217],[24.0147,56.7121],[24.0069,56.7044],[24.0119,56.6983],[24.0426,56.6903],[24.0516,56.6578],[24.022,56.6556],[24.0138,56.66],[24.0242,56.6641],[24.0039,56.671],[24.0027,56.6512],[24.0346,56.6482],[24.0344,56.6414],[24.0655,56.6411],[24.0489,56.6369],[24.0457,56.6284],[24.0651,56.6293],[24.0722,56.6246],[24.0713,56.6094],[24.0543,56.6049],[24.0485,56.6068],[24.0504,56.6115],[24.0384,56.6091],[24.0488,56.6047],[24.0427,56.5986],[24.0197,56.6049],[24.032,56.6064],[24.0289,56.6082],[24.0326,56.6138],[24.0092,56.6119],[24.0202,56.6007],[24.0149,56.5975],[24.0201,56.593],[24.043,56.5928],[24.047,56.5799],[24.1166,56.5848],[24.123,56.5752],[24.1005,56.5609],[24.1022,56.5501],[24.0748,56.5427],[24.0812,56.5311],[24.0599,56.5214],[24.0541,56.5073],[24.0182,56.5031],[24.0176,56.4973],[23.9901,56.499],[23.9918,56.5056],[23.9572,56.504],[23.9496,56.4905],[23.9564,56.4884],[23.9254,56.4839],[23.9273,56.474],[23.9045,56.4723],[23.8854,56.4626],[23.8812,56.47],[23.8731,56.4707],[23.8623,56.4475],[23.8404,56.4425],[23.8375,56.4259],[23.8585,56.4243],[23.8464,56.4155],[23.8515,56.4139],[23.8432,56.4074],[23.8493,56.4033],[23.8474,56.3999],[23.8352,56.4013],[23.8279,56.3878],[23.8836,56.3876],[23.8687,56.3749],[23.8683,56.3402],[23.8289,56.3381],[23.8036,56.3422],[23.7953,56.3391],[23.7815,56.3205],[23.7666,56.3238],[23.7678,56.3328],[23.7622,56.3333],[23.7725,56.3545],[23.7803,56.3607],[23.7805,56.3677],[23.7648,56.3733],[23.6301,56.3599],[23.5449,56.3321],[23.5106,56.3358],[23.4814,56.3477],[23.4389,56.3518],[23.4185,56.3705],[23.3925,56.3794],[23.4415,56.3827],[23.4482,56.3919],[23.4733,56.4046],[23.4619,56.4159],[23.4397,56.4262],[23.4427,56.4282],[23.4359,56.4459],[23.4447,56.4533],[23.4185,56.4576],[23.4227,56.4622],[23.4177,56.4666],[23.4414,56.4815],[23.4192,56.4842],[23.4128,56.4934]],[[23.7293,56.6917],[23.6982,56.6871],[23.7039,56.6831],[23.6863,56.6755],[23.6452,56.6801],[23.6427,56.6755],[23.633,56.682],[23.6237,56.6743],[23.6403,56.6509],[23.6726,56.6452],[23.6746,56.6354],[23.685,56.6282],[23.6822,56.6245],[23.6879,56.6194],[23.6788,56.6152],[23.6823,56.6104],[23.6751,56.6012],[23.7164,56.5976],[23.7242,56.6179],[23.7389,56.6198],[23.7379,56.6262],[23.7635,56.6259],[23.7691,56.6219],[23.7781,56.6261],[23.7833,56.6311],[23.7801,56.6358],[23.7608,56.6432],[23.7858,56.6463],[23.7996,56.6561],[23.7808,56.6649],[23.7888,56.6717],[23.7877,56.6822],[23.763,56.6874],[23.7318,56.6849],[23.7293,56.6917]]]}},{"type":"Feature","properties":{"code":"LV024","name":"Jūrmalas pilsēta"},"geometry":{"type":"Polygon","coordinates":[[[23.4812,56.933],[23.4734,56.9465],[23.4826,56.9498],[23.4806,56.9648],[23.5529,56.9799],[23.6368,56.9635],[23.7023,56.9648],[23.8379,56.9844],[23.9336,57.0099],[23.9375,56.9967],[23.9484,56.9975],[23.971,56.9865],[23.9127,56.9626],[23.891,56.9687],[23.8178,56.9523],[23.8084,56.9574],[23.8094,56.9635],[23.8036,56.9679],[23.7817,56.9703],[23.7762,56.9676],[23.7765,56.9624],[23.7862,56.9551],[23.7774,56.9486],[23.7495,56.9478],[23.7313,56.9404],[23.6973,56.9406],[23.6802,56.9317],[23.6498,56.9314],[23.6405,56.94],[23.6271,56.942],[23.6055,56.9248],[23.5503,56.9253],[23.4944,56.9325],[23.4749,56.927],[23.4812,56.933]]]}},{"type":"Feature","properties":{"code":"LV025","name":"Ķekavas novads"},"geometry":{"type":"Polygon","coordinates":[[[24.0582,56.7257],[24.0575,56.7312],[24.0648,56.7315],[24.0629,56.7451],[24.0456,56.7407],[24.0457,56.7372],[24.0617,56.7342],[24.046,56.7326],[24.0389,56.7364],[24.039,56.742],[24.0148,56.7435],[24.016,56.7477],[24.0338,56.753],[24.032,56.7621],[24.0076,56.7564],[24.0081,56.76],[24.0455,56.766],[24.0435,56.7728],[24.0988,56.7683],[24.1038,56.7804],[24.0993,56.7838],[24.136,56.8116],[24.1398,56.8101],[24.1355,56.8185],[24.1405,56.8223],[24.1334,56.8244],[24.1398,56.8338],[24.1087,56.843],[24.0951,56.8574],[24.1013,56.8596],[24.0968,56.8644],[24.1026,56.8658],[24.0997,56.8737],[24.1058,56.878],[24.1005,56.8918],[24.1358,56.8996],[24.1469,56.8963],[24.1462,56.9098],[24.1524,56.905],[24.1693,56.907],[24.1851,56.9005],[24.2073,56.8818],[24.1912,56.8679],[24.2283,56.8457],[24.2372,56.8335],[24.2725,56.8334],[24.2789,56.8246],[24.2909,56.8218],[24.3395,56.8354],[24.3403,56.8416],[24.4057,56.8355],[24.4484,56.8423],[24.4732,56.8321],[24.4773,56.822],[24.5053,56.8081],[24.5219,56.8075],[24.5192,56.8015],[24.5258,56.7965],[24.5341,56.7987],[24.544,56.7934],[24.5356,56.7772],[24.5435,56.7698],[24.5301,56.7554],[24.5338,56.7481],[24.5261,56.7337],[24.5287,56.7181],[24.4954,56.7166],[24.4363,56.6813],[24.3804,56.676],[24.3702,56.6682],[24.384,56.6692],[24.3839,56.6652],[24.3652,56.66],[24.3136,56.6745],[24.3028,56.6825],[24.2688,56.6833],[24.2681,56.6915],[24.2598,56.6944],[24.2621,56.7035],[24.2452,56.7154],[24.2213,56.7218],[24.1975,56.7176],[24.1771,56.7208],[24.1795,56.7281],[24.0582,56.7257]]]}},{"type":"Feature","properties":{"code":"LV026","name":"Krāslavas novads"},"geometry":{"type":"Polygon","coordinates":[[[26.9704,56.0112],[26.9655,56.0146],[26.965,56.0253],[26.9491,56.0337],[26.9477,56.0414],[26.9508,56.0465],[26.96,56.0449],[26.9543,56.05],[26.9706,56.051],[26.9658,56.0537],[26.9734,56.0621],[26.998,56.0627],[26.999,56.0711],[27.0196,56.0707],[27.0528,56.0825],[27.0709,56.0961],[27.0776,56.094],[27.0765,56.0975],[27.0988,56.0951],[27.0915,56.0987],[27.0936,56.1018],[27.1207,56.0948],[27.1421,56.0971],[27.1441,56.1003],[27.1263,56.1121],[27.1273,56.1303],[27.1188,56.1365],[27.1298,56.1445],[27.1062,56.1599],[27.0991,56.1709],[27.1097,56.1749],[27.1016,56.1871],[27.0949,56.1889],[27.108,56.1924],[27.1164,56.1848],[27.1161,56.1953],[27.1457,56.1948],[27.1482,56.2093],[27.1646,56.2148],[27.1761,56.2049],[27.2198,56.2056],[27.2387,56.2105],[27.2702,56.1995],[27.2943,56.2062],[27.3002,56.2015],[27.3259,56.2103],[27.347,56.2079],[27.3471,56.2117],[27.3792,56.2113],[27.3854,56.2067],[27.3929,56.2081],[27.3854,56.2044],[27.3923,56.2024],[27.4133,56.2071],[27.4215,56.2023],[27.4268,56.2053],[27.4156,56.208],[27.4296,56.2073],[27.4275,56.2108],[27.4322,56.2123],[27.4463,56.2088],[27.4595,56.2211],[27.4374,56.2242],[27.4391,56.2352],[27.4892,56.232],[27.5342,56.2465],[27.5347,56.2617],[27.5484,56.2562],[27.5449,56.2492],[27.5509,56.2439],[27.5723,56.2473],[27.584,56.2394],[27.6304,56.2442],[27.6547,56.2532],[27.682,56.2341],[27.6793,56.2318],[27.6835,56.2259],[27.6981,56.2254],[27.7251,56.2001],[27.7388,56.2022],[27.7488,56.1952],[27.7753,56.2006],[27.7855,56.1959],[27.8062,56.198],[27.8191,56.1946],[27.8221,56.1859],[27.834,56.1836],[27.8404,56.1871],[27.8487,56.1773],[27.8848,56.1959],[27.8959,56.1917],[27.8935,56.1848],[27.906,56.179],[27.916,56.1828],[27.9162,56.1911],[27.94,56.1987],[27.9597,56.1946],[27.9822,56.1969],[27.9878,56.2018],[28.0027,56.2032],[28.0059,56.2105],[28.0416,56.219],[28.0474,56.2123],[28.0593,56.2182],[28.0618,56.2144],[28.0518,56.2096],[28.0556,56.2032],[28.0731,56.2066],[28.0689,56.2117],[28.0745,56.2146],[28.0959,56.2062],[28.0692,56.1896],[28.07,56.1791],[28.0541,56.1727],[28.0585,56.1691],[28.0362,56.1612],[28.0616,56.1481],[28.0592,56.1407],[28.0644,56.1366],[28.0449,56.129],[28.0446,56.1187],[28.026,56.1193],[28.0222,56.1243],[28.0086,56.1267],[27.9719,56.1203],[27.9697,56.1103],[27.9499,56.103],[27.9493,56.097],[27.9392,56.0917],[27.9357,56.0737],[27.9187,56.0586],[27.9107,56.0593],[27.9023,56.0508],[27.905,56.0487],[27.8749,56.0534],[27.8607,56.0437],[27.8065,56.0354],[27.8333,56.0217],[27.816,56.0113],[27.8172,56.0079],[27.8052,56.0082],[27.8126,55.9978],[27.8082,55.996],[27.8111,55.99],[27.7996,55.9868],[27.8017,55.9813],[27.7941,55.9832],[27.7836,55.9752],[27.7495,55.979],[27.7509,55.9759],[27.7444,55.9722],[27.653,55.9295],[27.6532,55.9132],[27.6247,55.8923],[27.6397,55.8481],[27.6188,55.7916],[27.6129,55.7865],[27.5511,55.7844],[27.4325,55.7942],[27.3733,55.8087],[27.3667,55.815],[27.3544,55.8111],[27.3495,55.8019],[27.2874,55.7852],[27.2495,55.7942],[27.2425,55.8058],[27.2136,55.8211],[27.1997,55.8342],[27.1716,55.8374],[27.1683,55.8451],[27.1521,55.8522],[27.1088,55.8472],[27.1019,55.8437],[27.1009,55.834],[27.0935,55.8273],[27.0514,55.8307],[27.035,55.8274],[27.0324,55.8227],[27.0152,55.8288],[26.9785,55.8147],[26.9835,55.8284],[26.9745,55.8329],[26.9841,55.8436],[26.9776,55.848],[26.9837,55.8521],[26.9843,55.8696],[26.9354,55.871],[26.9302,55.8753],[26.9346,55.8825],[26.9281,55.8894],[26.9331,55.9081],[26.9484,55.9128],[26.9489,55.9198],[26.959,55.9246],[26.9364,55.9323],[26.9339,55.9387],[26.9684,55.9536],[26.9576,55.9629],[26.9423,55.9654],[26.9374,55.9754],[26.9405,55.9788],[26.9361,55.9815],[26.9398,55.9822],[26.9351,55.9864],[26.9421,55.9965],[26.9316,55.9988],[26.9302,56.0033],[26.9474,56.0032],[26.9704,56.0112]]]}},{"type":"Feature","properties":{"code":"LV027","name":"Kuldīgas novads"},"geometry":{"type":"Polygon","coordinates":[[[22.469,56.9821],[22.4582,56.9547],[22.4646,56.9512],[22.4643,56.9459],[22.4433,56.9388],[22.4432,56.9312],[22.4533,56.9298],[22.4558,56.9152],[22.4354,56.9069],[22.4364,56.8868],[22.4029,56.8889],[22.3981,56.8754],[22.3828,56.8892],[22.3748,56.889],[22.3751,56.8945],[22.3639,56.8978],[22.3534,56.8949],[22.3432,56.9082],[22.3435,56.9187],[22.2956,56.9279],[22.2841,56.9248],[22.2806,56.9185],[22.2974,56.9154],[22.294,56.9069],[22.2624,56.9013],[22.269,56.8968],[22.266,56.8881],[22.2864,56.8837],[22.3043,56.8881],[22.3119,56.8837],[22.3289,56.8855],[22.3342,56.8789],[22.331,56.8746],[22.3342,56.8729],[22.3298,56.872],[22.352,56.8627],[22.3454,56.8519],[22.3384,56.8484],[22.3142,56.8541],[22.3039,56.8399],[22.3054,56.8342],[22.2618,56.8339],[22.2263,56.8216],[22.2226,56.8069],[22.2301,56.8045],[22.2139,56.7946],[22.1659,56.7972],[22.1778,56.7664],[22.174,56.766],[22.1758,56.756],[22.1814,56.7565],[22.1885,56.7373],[22.195,56.7349],[22.1771,56.73],[22.1802,56.7181],[22.1708,56.7117],[22.1693,56.701],[22.1333,56.6931],[22.1331,56.6868],[22.1254,56.6825],[22.122,56.686],[22.1061,56.684],[22.0961,56.6906],[22.088,56.687],[22.0932,56.6855],[22.0944,56.6789],[22.1057,56.6751],[22.0989,56.6723],[22.1084,56.6473],[22.1128,56.6469],[22.1058,56.6374],[22.1218,56.6309],[22.106,56.6222],[22.1093,56.6125],[22.1182,56.6129],[22.1226,56.6081],[22.1148,56.5947],[22.1365,56.5735],[22.1228,56.5656],[22.0505,56.5573],[22.0483,56.5633],[22.0129,56.555],[22.009,56.5456],[22.0145,56.5393],[22.0265,56.5337],[22.0515,56.5335],[22.0632,56.5269],[22.0658,56.5223],[22.0599,56.508],[22.0471,56.5048],[22.0477,56.4976],[22.0317,56.5012],[22.0152,56.5142],[21.9915,56.5054],[21.9651,56.5078],[21.9698,56.5165],[21.9634,56.5183],[21.9265,56.5081],[21.9075,56.5078],[21.9033,56.5262],[21.8421,56.5227],[21.8039,56.5346],[21.8138,56.5478],[21.8038,56.5529],[21.7885,56.5507],[21.7882,56.5569],[21.7975,56.5595],[21.7904,56.5629],[21.7953,56.5708],[21.7904,56.5726],[21.8004,56.5746],[21.7914,56.5805],[21.7998,56.588],[21.7921,56.601],[21.7762,56.6094],[21.7775,56.6178],[21.8026,56.6248],[21.8098,56.62],[21.8169,56.6217],[21.8101,56.6277],[21.8265,56.6353],[21.8274,56.6442],[21.8347,56.649],[21.8193,56.664],[21.8227,56.6672],[21.8133,56.6692],[21.8187,56.6799],[21.827,56.6813],[21.8265,56.6873],[21.8118,56.6864],[21.8021,56.6888],[21.796,56.6961],[21.791,56.6923],[21.7616,56.7017],[21.7606,56.7065],[21.7827,56.714],[21.7787,56.7297],[21.7565,56.7303],[21.759,56.7354],[21.7687,56.7377],[21.764,56.7418],[21.7656,56.7497],[21.7495,56.7651],[21.6992,56.7843],[21.6979,56.7897],[21.6592,56.7939],[21.6446,56.7896],[21.6057,56.8265],[21.6128,56.8365],[21.5985,56.8447],[21.5694,56.8396],[21.5378,56.844],[21.5197,56.8377],[21.5092,56.8427],[21.5058,56.8518],[21.5113,56.8654],[21.4514,56.8737],[21.443,56.8683],[21.4373,56.8714],[21.4396,56.8781],[21.4765,56.8733],[21.4783,56.8774],[21.4725,56.8792],[21.4813,56.8862],[21.4754,56.8903],[21.496,56.9047],[21.489,56.9043],[21.4868,56.9119],[21.4418,56.9138],[21.4499,56.9173],[21.4484,56.9227],[21.4331,56.9175],[21.4164,56.9201],[21.4021,56.9258],[21.3942,56.9377],[21.4609,56.9456],[21.4557,56.9614],[21.4843,56.9643],[21.4654,57.021],[21.4945,57.0242],[21.4831,57.0563],[21.5132,57.0593],[21.5079,57.0747],[21.5267,57.0767],[21.5381,57.0691],[21.5749,57.0894],[21.5969,57.0841],[21.6025,57.0936],[21.6304,57.1012],[21.623,57.1129],[21.6586,57.1205],[21.6673,57.1148],[21.6633,57.1121],[21.6943,57.1075],[21.7106,57.1224],[21.7363,57.1077],[21.7904,57.1049],[21.7921,57.097],[21.7978,57.095],[21.7842,57.0892],[21.7924,57.0809],[21.8021,57.0839],[21.7985,57.0888],[21.8273,57.0886],[21.834,57.0923],[21.8347,57.0995],[21.8469,57.1028],[21.8808,57.1001],[21.8941,57.0918],[21.8972,57.094],[21.8924,57.0955],[21.9031,57.0994],[21.905,57.0959],[21.9358,57.0983],[21.9538,57.093],[21.9606,57.1015],[21.9975,57.104],[22.0107,57.1174],[22.0703,57.0996],[22.1014,57.0994],[22.1198,57.1041],[22.1242,57.1013],[22.1287,57.1026],[22.123,57.1104],[22.1843,57.1159],[22.179,57.1193],[22.1939,57.124],[22.1884,57.1254],[22.1972,57.1413],[22.1904,57.1482],[22.2012,57.1531],[22.1991,57.1648],[22.2077,57.1684],[22.2096,57.186],[22.241,57.1707],[22.2521,57.1731],[22.2398,57.1564],[22.2415,57.1488],[22.273,57.1289],[22.2901,57.1273],[22.2986,57.1214],[22.3317,57.1206],[22.3579,57.112],[22.3578,57.0895],[22.367,57.08],[22.3745,57.0805],[22.3801,57.059],[22.3604,57.0566],[22.3557,57.0473],[22.3597,57.0338],[22.3768,57.0353],[22.3865,57.0119],[22.4479,57.0189],[22.4532,57.0143],[22.4682,57.0157],[22.4777,57.0108],[22.483,57.0189],[22.5037,57.0201],[22.5021,57.0057],[22.4853,56.9926],[22.483,56.9792],[22.469,56.9821]]]}},{"type":"Feature","properties":{"code":"LV028","name":"Liepājas pilsēta"},"geometry":{"type":"Polygon","coordinates":[[[21.1057,56.5613],[21.0963,56.5466],[21.1014,56.5343],[21.0756,56.5353],[21.0773,56.5312],[21.051,56.5127],[21.0466,56.4984],[21.052,56.4829],[21.0288,56.4758],[21.0111,56.4788],[21.0095,56.4659],[20.9994,56.4653],[20.9882,56.5094],[20.9825,56.5205],[20.9684,56.5255],[20.9621,56.549],[21.0002,56.5582],[21.0262,56.6091],[21.0677,56.6048],[21.0586,56.5902],[21.0662,56.578],[21.0636,56.5677],[21.08,56.5568],[21.0851,56.568],[21.0997,56.5707],[21.1057,56.5613]]]}},{"type":"Feature","properties":{"code":"LV029","name":"Limbažu novads"},"geometry":{"type":"Polygon","coordinates":[[[24.5602,57.321],[24.5405,57.3199],[24.4725,57.3024],[24.4755,57.2986],[24.4456,57.3009],[24.4389,57.2996],[24.4361,57.2935],[24.4208,57.2938],[24.4296,57.3198],[24.4008,57.3562],[24.399,57.3991],[24.3846,57.4495],[24.3785,57.4911],[24.3801,57.5115],[24.374,57.5295],[24.3625,57.5414],[24.3691,57.5585],[24.3632,57.5771],[24.3723,57.6003],[24.3862,57.6154],[24.3677,57.6481],[24.3694,57.6559],[24.3593,57.6846],[24.3426,57.7025],[24.3463,57.7496],[24.3393,57.7555],[24.3488,57.7566],[24.3459,57.7876],[24.3426,57.7887],[24.3479,57.7904],[24.3332,57.8244],[24.3451,57.8545],[24.3442,57.8646],[24.3515,57.8707],[24.349,57.8767],[24.4093,57.8717],[24.4113,57.8645],[24.4599,57.8801],[24.4524,57.8995],[24.4595,57.9065],[24.4455,57.908],[24.4623,57.925],[24.513,57.9307],[24.5099,57.935],[24.5183,57.9367],[24.5207,57.9435],[24.5431,57.9448],[24.5851,57.9621],[24.6099,57.9512],[24.6167,57.9435],[24.6284,57.9419],[24.6458,57.9528],[24.6414,57.9543],[24.6444,57.9591],[24.6748,57.9592],[24.6921,57.9464],[24.7151,57.9625],[24.7435,57.9649],[24.7421,57.982],[24.8083,57.9905],[24.8341,57.9728],[24.8524,57.9093],[24.8482,57.9059],[24.8667,57.9045],[24.8739,57.8967],[24.8914,57.8945],[24.8777,57.8824],[24.8859,57.8821],[24.8889,57.8766],[24.8853,57.8754],[24.8881,57.8699],[24.8837,57.8685],[24.8938,57.8608],[24.8877,57.8522],[24.8987,57.8515],[24.897,57.8277],[24.929,57.8228],[24.9357,57.8165],[24.9444,57.8185],[24.9422,57.8246],[24.9467,57.8279],[24.9522,57.8245],[24.9493,57.818],[24.9559,57.8158],[24.9474,57.8062],[24.975,57.8113],[24.998,57.8034],[24.9932,57.8003],[25.0075,57.8008],[25.0241,57.7831],[25.0406,57.7874],[25.0546,57.7775],[25.0776,57.7748],[25.0764,57.7571],[25.1,57.738],[25.0858,57.7341],[25.0907,57.7285],[25.077,57.7231],[25.076,57.7171],[25.0672,57.7122],[25.0696,57.7055],[25.0628,57.7017],[25.0757,57.7003],[25.0996,57.6875],[25.077,57.6778],[25.083,57.6724],[25.0773,57.6677],[25.0859,57.6643],[25.084,57.6604],[25.0919,57.6549],[25.0469,57.6543],[25.0887,57.6288],[25.0776,57.6263],[25.0739,57.6325],[25.0623,57.6285],[25.0654,57.6253],[25.0614,57.6229],[25.0419,57.6238],[25.0229,57.6304],[25.022,57.6431],[25.012,57.6389],[24.9787,57.6401],[24.9755,57.6299],[24.9318,57.6093],[24.9291,57.6141],[24.9023,57.6147],[24.9012,57.6076],[24.8963,57.6061],[24.9055,57.5908],[24.894,57.5866],[24.8946,57.5727],[24.8998,57.5669],[24.9127,57.5674],[24.9165,57.5577],[25.008,57.5707],[25.0077,57.563],[25.0298,57.5516],[25.0273,57.5447],[25.0407,57.544],[25.0482,57.5298],[25.0604,57.5294],[25.0522,57.5177],[25.041,57.5183],[25.0474,57.5156],[25.0463,57.5099],[25.0555,57.5101],[25.0549,57.5163],[25.0789,57.5113],[25.0848,57.5146],[25.0907,57.5084],[25.088,57.5],[25.0663,57.5013],[25.069,57.5038],[25.0612,57.5056],[25.0583,57.4968],[25.0454,57.4947],[25.0691,57.4897],[25.0517,57.4844],[25.0589,57.4814],[25.0402,57.477],[25.0359,57.4814],[25.0231,57.4819],[25.0096,57.4772],[25.0097,57.4665],[24.9926,57.47],[24.9825,57.4666],[24.9926,57.4579],[24.9609,57.4526],[24.9632,57.45],[24.912,57.4294],[24.8946,57.4307],[24.8732,57.4208],[24.8652,57.4102],[24.8365,57.421],[24.8309,57.4211],[24.8373,57.4172],[24.832,57.4162],[24.815,57.4277],[24.8058,57.425],[24.7879,57.429],[24.7851,57.4224],[24.795,57.4178],[24.7887,57.4123],[24.7974,57.4105],[24.8051,57.4147],[24.8354,57.4071],[24.8566,57.3875],[24.8513,57.3842],[24.7647,57.3879],[24.7577,57.3935],[24.7647,57.4034],[24.7581,57.4101],[24.7402,57.4024],[24.7407,57.3971],[24.7341,57.3981],[24.7329,57.3929],[24.7007,57.388],[24.7171,57.3477],[24.7018,57.3393],[24.7101,57.3349],[24.6944,57.3333],[24.6962,57.3271],[24.6768,57.3286],[24.6756,57.3188],[24.6483,57.3184],[24.6532,57.3142],[24.6475,57.3082],[24.6563,57.299],[24.6707,57.2949],[24.6843,57.2977],[24.6922,57.2918],[24.6899,57.2884],[24.7086,57.2474],[24.7011,57.2448],[24.7059,57.2415],[24.7033,57.2399],[24.7249,57.2399],[24.7137,57.2278],[24.6891,57.2214],[24.6752,57.2245],[24.668,57.2323],[24.6457,57.2317],[24.6339,57.2414],[24.6304,57.2525],[24.6389,57.2584],[24.6381,57.2668],[24.6045,57.2763],[24.5987,57.2874],[24.5858,57.2945],[24.57,57.293],[24.5801,57.3073],[24.57,57.311],[24.5727,57.3173],[24.5602,57.321]]]}},{"type":"Feature","properties":{"code":"LV030","name":"Līvānu novads"},"geometry":{"type":"Polygon","coordinates":[[[26.5461,56.3772],[26.4929,56.3983],[26.4895,56.3946],[26.4942,56.3905],[26.4761,56.3584],[26.5116,56.3546],[26.5059,56.3486],[26.5118,56.3427],[26.541,56.3405],[26.5452,56.334],[26.5547,56.3351],[26.5702,56.3234],[26.5944,56.3253],[26.5932,56.3038],[26.6065,56.2997],[26.611,56.285],[26.573,56.2767],[26.5692,56.267],[26.5601,56.2662],[26.5197,56.2738],[26.5064,56.2805],[26.4814,56.2826],[26.4668,56.2719],[26.4554,56.2797],[26.4321,56.2779],[26.4159,56.2848],[26.4162,56.2939],[26.3986,56.2991],[26.3998,56.3142],[26.3869,56.3249],[26.3646,56.3161],[26.3716,56.3086],[26.3627,56.3046],[26.3688,56.2976],[26.3598,56.29],[26.3632,56.2808],[26.3394,56.2851],[26.3335,56.282],[26.3131,56.2939],[26.2949,56.2945],[26.3166,56.2309],[26.2908,56.2281],[26.3115,56.2191],[26.3299,56.1999],[26.3325,56.1906],[26.3263,56.1873],[26.3168,56.191],[26.2913,56.1812],[26.2763,56.191],[26.2726,56.2018],[26.2334,56.2162],[26.1965,56.222],[26.1778,56.2354],[26.1789,56.2438],[26.1938,56.254],[26.202,56.2725],[26.1895,56.2786],[26.1811,56.2924],[26.1527,56.3797],[26.1291,56.3941],[26.0821,56.4084],[26.1533,56.4269],[26.1953,56.4626],[26.1924,56.4684],[26.2065,56.4716],[26.2107,56.4821],[26.2211,56.4855],[26.2249,56.5028],[26.2528,56.5029],[26.2638,56.511],[26.2638,56.5218],[26.2841,56.5212],[26.2869,56.5167],[26.2971,56.5203],[26.3188,56.5131],[26.3202,56.505],[26.3127,56.5017],[26.3654,56.4729],[26.3688,56.4619],[26.3651,56.452],[26.387,56.4538],[26.3878,56.4595],[26.439,56.475],[26.4453,56.4839],[26.4601,56.4865],[26.4688,56.495],[26.5478,56.4951],[26.5492,56.484],[26.5596,56.4844],[26.5613,56.4644],[26.5537,56.4483],[26.5641,56.4478],[26.5652,56.4414],[26.5725,56.4388],[26.5946,56.4401],[26.596,56.4359],[26.5835,56.4232],[26.5876,56.4206],[26.5836,56.4103],[26.5711,56.404],[26.5711,56.3967],[26.5622,56.3869],[26.5461,56.3772]]]}},{"type":"Feature","properties":{"code":"LV031","name":"Ludzas novads"},"geometry":{"type":"Polygon","coordinates":[[[27.4983,56.479],[27.5058,56.4885],[27.4862,56.4981],[27.4876,56.5056],[27.5009,56.5111],[27.4872,56.5142],[27.4902,56.5173],[27.4861,56.5202],[27.5054,56.5325],[27.4862,56.5364],[27.5182,56.5369],[27.5407,56.5305],[27.5613,56.5417],[27.5845,56.5473],[27.5787,56.548],[27.5741,56.5559],[27.581,56.5672],[27.5685,56.57],[27.5581,56.5996],[27.5676,56.6039],[27.5679,56.6121],[27.5874,56.6238],[27.5867,56.6293],[27.5537,56.6345],[27.5543,56.6455],[27.5383,56.6535],[27.5085,56.6588],[27.4918,56.6481],[27.48,56.6539],[27.4746,56.6679],[27.4639,56.6738],[27.4913,56.6851],[27.4808,56.6884],[27.4893,56.6946],[27.4915,56.7024],[27.4829,56.7091],[27.49,56.7129],[27.4849,56.7176],[27.4867,56.7311],[27.5113,56.7326],[27.5149,56.7375],[27.5197,56.7499],[27.5155,56.7579],[27.5043,56.7566],[27.5075,56.7638],[27.5047,56.7722],[27.4827,56.7673],[27.4794,56.7758],[27.4887,56.7788],[27.4859,56.7852],[27.4619,56.7802],[27.4143,56.7822],[27.3885,56.7759],[27.3568,56.7815],[27.3511,56.7832],[27.3497,56.7896],[27.345,56.789],[27.346,56.8037],[27.3531,56.8029],[27.3531,56.8087],[27.3462,56.8084],[27.3459,56.8173],[27.3655,56.8277],[27.3779,56.8276],[27.3806,56.823],[27.3715,56.8206],[27.3735,56.8169],[27.3824,56.8201],[27.3827,56.8164],[27.3936,56.8167],[27.4074,56.8235],[27.398,56.8268],[27.4161,56.8317],[27.38,56.8312],[27.4242,56.8472],[27.4264,56.8529],[27.4994,56.8518],[27.5466,56.859],[27.5346,56.8696],[27.55,56.8697],[27.5343,56.8716],[27.5338,56.8765],[27.5689,56.8766],[27.57,56.8688],[27.5613,56.8681],[27.5729,56.8626],[27.5686,56.8596],[27.5732,56.8561],[27.6035,56.8584],[27.6077,56.851],[27.6201,56.8454],[27.615,56.8447],[27.619,56.8392],[27.6422,56.8321],[27.6919,56.8371],[27.7025,56.8415],[27.7037,56.8476],[27.7193,56.8475],[27.7326,56.8572],[27.7432,56.8544],[27.7657,56.8627],[27.8197,56.8668],[27.8486,56.8794],[27.874,56.8774],[27.8705,56.8675],[27.8986,56.8379],[27.9017,56.8206],[27.9591,56.8326],[27.965,56.8377],[27.9713,56.8322],[27.966,56.8269],[27.9763,56.8248],[27.9698,56.8206],[27.9765,56.8116],[27.9433,56.8019],[27.9396,56.7958],[27.9472,56.783],[27.9446,56.7766],[27.9151,56.7733],[27.9006,56.7599],[27.8985,56.7523],[27.9041,56.7504],[27.9024,56.7465],[27.9111,56.7461],[27.9141,56.7504],[27.9117,56.7422],[27.9177,56.7336],[27.9363,56.7281],[27.9453,56.7226],[27.9468,56.7156],[27.9622,56.712],[27.9626,56.7067],[27.9805,56.7071],[27.9786,56.6887],[27.9948,56.6888],[28.0125,56.6725],[28.0114,56.6366],[28.0394,56.6081],[28.043,56.5904],[28.0551,56.5842],[28.1239,56.5828],[28.1436,56.5718],[28.1372,56.5644],[28.1412,56.5517],[28.1055,56.5431],[28.1004,56.5393],[28.1007,56.5313],[28.0924,56.5297],[28.0966,56.5237],[28.0947,56.5111],[28.1097,56.5086],[28.1256,56.5157],[28.1372,56.5081],[28.1253,56.4976],[28.1295,56.4906],[28.1755,56.4541],[28.1926,56.4487],[28.1949,56.4412],[28.1825,56.428],[28.1863,56.4119],[28.1944,56.4055],[28.1872,56.4038],[28.168,56.3802],[28.1632,56.3796],[28.194,56.3579],[28.2062,56.3227],[28.2305,56.2967],[28.2415,56.2787],[28.2397,56.2713],[28.218,56.2484],[28.1982,56.2417],[28.1854,56.2303],[28.1876,56.2194],[28.204,56.2146],[28.1968,56.2085],[28.1744,56.2041],[28.1865,56.2003],[28.1858,56.1942],[28.1759,56.1862],[28.1791,56.1795],[28.1549,56.1699],[28.137,56.1722],[28.1293,56.1658],[28.116,56.1641],[28.0951,56.1504],[28.0932,56.1365],[28.0684,56.1402],[28.0644,56.1366],[28.0592,56.1407],[28.0616,56.1481],[28.0362,56.1612],[28.0585,56.1691],[28.0541,56.1727],[28.07,56.1791],[28.0692,56.1896],[28.0959,56.2062],[28.0745,56.2146],[28.0689,56.2117],[28.0731,56.2066],[28.0556,56.2032],[28.0518,56.2096],[28.0618,56.2144],[28.0593,56.2182],[28.0474,56.2123],[28.0416,56.219],[28.0301,56.214],[28.0239,56.2161],[27.9818,56.1968],[27.9597,56.1946],[27.94,56.1987],[27.9162,56.1911],[27.916,56.1828],[27.906,56.179],[27.8935,56.1848],[27.8959,56.1917],[27.8848,56.1959],[27.8487,56.1773],[27.8404,56.1871],[27.834,56.1836],[27.8221,56.1859],[27.8191,56.1946],[27.8062,56.198],[27.7855,56.1959],[27.7753,56.2006],[27.7488,56.1952],[27.7388,56.2022],[27.7251,56.2001],[27.6981,56.2254],[27.6835,56.2259],[27.6793,56.2318],[27.682,56.2341],[27.6719,56.2415],[27.7076,56.2593],[27.6971,56.2639],[27.6892,56.2614],[27.6812,56.2772],[27.7034,56.2926],[27.7014,56.2974],[27.7122,56.2954],[27.7231,56.3061],[27.7149,56.317],[27.6847,56.3322],[27.6886,56.3379],[27.6829,56.339],[27.6869,56.3433],[27.6831,56.3482],[27.6858,56.357],[27.6963,56.363],[27.6879,56.3674],[27.6906,56.3728],[27.6758,56.3736],[27.6862,56.3774],[27.6483,56.3744],[27.6387,56.3782],[27.6423,56.3833],[27.623,56.3881],[27.6159,56.3978],[27.6215,56.4032],[27.6329,56.4004],[27.6345,56.404],[27.6185,56.4087],[27.6283,56.4216],[27.6071,56.4246],[27.6051,56.4207],[27.5859,56.4192],[27.5846,56.4233],[27.5988,56.4258],[27.5798,56.4328],[27.57,56.4477],[27.549,56.4646],[27.5599,56.4709],[27.5553,56.4803],[27.5416,56.4774],[27.5203,56.4629],[27.5069,56.4629],[27.4983,56.479]]]}},{"type":"Feature","properties":{"code":"LV032","name":"Madonas novads"},"geometry":{"type":"Polygon","coordinates":[[[26.6509,56.9695],[26.6842,56.9716],[26.6896,56.977],[26.7094,56.9712],[26.7315,56.9825],[26.7376,56.9903],[26.7815,56.9971],[26.7885,56.9876],[26.8631,56.9839],[26.8658,56.974],[26.8969,56.9815],[26.9103,56.9747],[26.9177,56.9759],[26.9216,56.973],[26.918,56.9713],[26.9213,56.9684],[26.9184,56.9604],[26.8991,56.9373],[26.9342,56.925],[26.9439,56.9267],[26.9647,56.9203],[26.9652,56.8972],[26.9715,56.8914],[26.9672,56.8877],[26.9916,56.8674],[26.9762,56.8577],[26.9775,56.8544],[26.9655,56.853],[26.9391,56.835],[26.9225,56.8298],[26.7836,56.7183],[26.7779,56.7131],[26.7913,56.7084],[26.7944,56.7004],[26.7831,56.696],[26.7746,56.6822],[26.7771,56.678],[26.7654,56.6762],[26.7085,56.6906],[26.6955,56.6977],[26.6964,56.7146],[26.6761,56.7097],[26.6626,56.7142],[26.6337,56.7112],[26.6217,56.6995],[26.6078,56.6967],[26.606,56.6861],[26.5857,56.6836],[26.5689,56.6895],[26.5151,56.6723],[26.3782,56.673],[26.3779,56.6415],[26.356,56.6113],[26.3369,56.5997],[26.3276,56.6004],[26.2831,56.5853],[26.2851,56.602],[26.2746,56.6035],[26.2841,56.6099],[26.2736,56.6191],[26.2505,56.6115],[26.2436,56.6151],[26.219,56.6045],[26.2046,56.6153],[26.1979,56.6283],[26.2121,56.6323],[26.196,56.6476],[26.1647,56.6452],[26.159,56.6388],[26.1357,56.6573],[26.0734,56.6398],[26.0648,56.6307],[26.0263,56.6183],[26.0138,56.629],[26.021,56.6347],[26.0171,56.6392],[25.9936,56.6416],[25.9821,56.6654],[25.9577,56.6584],[25.9561,56.6481],[25.9329,56.641],[25.9333,56.6528],[25.9123,56.6555],[25.9107,56.6663],[25.9304,56.6669],[25.9485,56.6811],[25.9357,56.6892],[25.9248,56.6885],[25.9246,56.6939],[25.9152,56.6977],[25.8863,56.694],[25.8361,56.7095],[25.8294,56.7164],[25.8338,56.7218],[25.8328,56.7333],[25.8174,56.7433],[25.8232,56.7511],[25.8504,56.7642],[25.8398,56.7905],[25.8216,56.7989],[25.8076,56.7966],[25.8011,56.8067],[25.7664,56.8239],[25.7653,56.8294],[25.7365,56.8209],[25.7539,56.8095],[25.7312,56.7909],[25.7403,56.7804],[25.7367,56.7754],[25.6865,56.7696],[25.6723,56.7756],[25.6734,56.7877],[25.6491,56.7871],[25.646,56.7936],[25.6058,56.8084],[25.5744,56.8083],[25.5533,56.8004],[25.52,56.8095],[25.5172,56.8141],[25.5062,56.8153],[25.5083,56.8267],[25.4994,56.8358],[25.5086,56.8447],[25.4985,56.8441],[25.4797,56.8522],[25.4892,56.8529],[25.4828,56.8638],[25.4888,56.8671],[25.5063,56.8711],[25.5133,56.8663],[25.518,56.8706],[25.5238,56.8678],[25.5245,56.8721],[25.5348,56.8747],[25.5505,56.8709],[25.5357,56.8785],[25.5353,56.8867],[25.5104,56.8939],[25.5148,56.907],[25.537,56.918],[25.5391,56.9311],[25.5199,56.9414],[25.5234,56.9468],[25.5193,56.9576],[25.51,56.9597],[25.5195,56.9706],[25.5085,56.9838],[25.4801,56.9815],[25.4875,56.9863],[25.4887,56.997],[25.4947,56.9976],[25.4914,56.9998],[25.5067,56.9999],[25.5254,56.9895],[25.5354,56.9914],[25.5603,56.9771],[25.6045,56.9816],[25.6398,56.9993],[25.6413,56.9917],[25.629,56.9883],[25.6379,56.9785],[25.6249,56.9722],[25.6318,56.967],[25.6312,56.9609],[25.7054,56.9837],[25.713,57.0007],[25.7362,56.9952],[25.7447,56.9981],[25.7564,56.9813],[25.7807,56.9756],[25.7826,56.9839],[25.8093,56.9898],[25.8206,56.9841],[25.822,56.9774],[25.8294,56.976],[25.8246,56.9732],[25.8429,56.9683],[25.8453,56.9594],[25.8819,56.9589],[25.9036,56.9651],[25.9067,56.9699],[25.9261,56.9729],[25.9253,56.9859],[25.9183,56.9951],[25.9235,56.9944],[25.9265,57.0019],[25.904,57.0097],[25.8902,57.0068],[25.8834,57.0101],[25.8904,57.0197],[25.8875,57.0307],[25.8989,57.0445],[25.8947,57.0498],[25.9056,57.0608],[25.9054,57.0681],[25.9215,57.0982],[25.9492,57.1018],[25.9846,57.0918],[26.0022,57.0806],[26.0502,57.079],[26.0453,57.0869],[26.0477,57.0907],[26.0646,57.0951],[26.1146,57.0751],[26.1706,57.0856],[26.1891,57.0798],[26.1928,57.0916],[26.295,57.082],[26.319,57.0955],[26.3187,57.0856],[26.3279,57.0729],[26.3482,57.0638],[26.349,57.0578],[26.3707,57.0425],[26.4234,57.0526],[26.4417,57.0639],[26.465,57.0626],[26.4786,57.0531],[26.497,57.0555],[26.499,57.0478],[26.5147,57.0443],[26.5459,57.0214],[26.5478,57.0078],[26.5445,57.0066],[26.5557,56.9815],[26.563,56.9764],[26.5592,56.9741],[26.5694,56.9595],[26.5679,56.9467],[26.5823,56.9439],[26.6092,56.9583],[26.6509,56.9695]]]}},{"type":"Feature","properties":{"code":"LV033","name":"Mārupes novads"},"geometry":{"type":"Polygon","coordinates":[[[23.9167,56.9643],[23.965,56.9858],[24.0099,56.9875],[24.0125,56.9852],[24.0073,56.9819],[23.9886,56.9811],[24.0118,56.9717],[23.9947,56.9627],[23.9611,56.9587],[23.9575,56.9561],[23.9704,56.9533],[23.9455,56.9441],[23.9677,56.9333],[23.9778,56.9357],[23.9974,56.9274],[24.0397,56.9266],[24.0454,56.9126],[24.0769,56.909],[24.0821,56.9052],[24.0705,56.879],[24.0575,56.8768],[24.044,56.857],[24.0219,56.8554],[24.0147,56.8489],[23.9755,56.858],[23.9592,56.8486],[23.9443,56.8552],[23.9152,56.8439],[23.889,56.8442],[23.8336,56.806],[23.7935,56.8227],[23.7793,56.8213],[23.7815,56.8111],[23.7873,56.8093],[23.7647,56.8008],[23.7686,56.8079],[23.7585,56.8068],[23.7552,56.8162],[23.7426,56.815],[23.7422,56.8215],[23.7311,56.8211],[23.7271,56.8327],[23.7193,56.8322],[23.7122,56.8559],[23.6511,56.8794],[23.6451,56.878],[23.6272,56.8933],[23.6068,56.8836],[23.597,56.8865],[23.5972,56.8937],[23.5062,56.8925],[23.4942,56.9322],[23.5503,56.9253],[23.6055,56.9248],[23.6276,56.942],[23.6405,56.94],[23.6498,56.9314],[23.685,56.9322],[23.6973,56.9406],[23.7313,56.9404],[23.7495,56.9478],[23.7774,56.9486],[23.7862,56.9551],[23.7765,56.9624],[23.7762,56.9676],[23.7817,56.9703],[23.8036,56.9679],[23.8094,56.9635],[23.8084,56.9574],[23.8178,56.9523],[23.891,56.9687],[23.9167,56.9643]]]}},{"type":"Feature","properties":{"code":"LV034","name":"Ogres novads"},"geometry":{"type":"Polygon","coordinates":[[[24.4934,56.8727],[24.5175,56.8787],[24.5105,56.8818],[24.5179,56.8862],[24.5008,56.8925],[24.5035,56.895],[24.4971,56.8994],[24.4981,56.9038],[24.5126,56.9048],[24.516,56.8993],[24.5274,56.9046],[24.5382,56.9016],[24.5645,56.9069],[24.577,56.891],[24.6099,56.8891],[24.731,56.9002],[24.7279,56.9111],[24.7603,56.9115],[24.7876,56.9284],[24.8144,56.9381],[24.8958,56.9229],[24.8999,56.9302],[24.9248,56.9387],[24.9401,56.9359],[24.9563,56.9476],[24.976,56.9334],[24.993,56.9295],[25.0124,56.9456],[25.054,56.933],[25.0709,56.9426],[25.1134,56.9465],[25.1256,56.9406],[25.1462,56.9496],[25.1531,56.9441],[25.196,56.9368],[25.2151,56.939],[25.2562,56.9261],[25.2596,56.9303],[25.2534,56.934],[25.259,56.9361],[25.2449,56.9389],[25.2622,56.9482],[25.2535,56.9525],[25.2821,56.9576],[25.2776,56.9645],[25.2831,56.9686],[25.3035,56.9713],[25.3009,56.9763],[25.3063,56.9771],[25.3017,56.9802],[25.3203,56.982],[25.3493,56.9799],[25.3578,56.9739],[25.3545,56.9692],[25.3634,56.9669],[25.3731,56.9539],[25.3728,56.9411],[25.387,56.9397],[25.3883,56.9347],[25.3975,56.9325],[25.4152,56.9348],[25.4141,56.9392],[25.4392,56.9529],[25.4309,56.956],[25.4346,56.9599],[25.4431,56.9591],[25.4646,56.9719],[25.4551,56.9816],[25.4343,56.9859],[25.4507,56.9909],[25.4702,56.9864],[25.4699,56.9973],[25.4908,56.9975],[25.4875,56.9863],[25.4801,56.9815],[25.5085,56.9838],[25.5195,56.9706],[25.51,56.9597],[25.5193,56.9576],[25.5234,56.9468],[25.5199,56.9414],[25.5391,56.9311],[25.537,56.918],[25.5148,56.907],[25.5104,56.8939],[25.5353,56.8867],[25.5357,56.8785],[25.5505,56.871],[25.5292,56.8743],[25.5238,56.8678],[25.518,56.8706],[25.5133,56.8663],[25.506,56.8711],[25.4828,56.8638],[25.4892,56.8529],[25.4797,56.8522],[25.4985,56.8441],[25.5086,56.8447],[25.4994,56.8358],[25.507,56.8302],[25.5077,56.8169],[25.4741,56.7944],[25.4745,56.79],[25.45,56.7767],[25.4411,56.7773],[25.4334,56.771],[25.4128,56.7746],[25.4107,56.769],[25.3869,56.7558],[25.3584,56.7643],[25.3315,56.7628],[25.3582,56.7611],[25.365,56.7524],[25.3621,56.7514],[25.3073,56.7617],[25.2693,56.7405],[25.2471,56.7346],[25.2455,56.7318],[25.2527,56.73],[25.2828,56.7306],[25.2938,56.7266],[25.2985,56.7179],[25.2929,56.7082],[25.2805,56.7011],[25.2823,56.6953],[25.2428,56.6968],[25.2009,56.7123],[25.2066,56.7056],[25.2042,56.6988],[25.1707,56.7072],[25.1536,56.7055],[25.1506,56.7084],[25.1565,56.7142],[25.134,56.725],[25.1249,56.7232],[25.105,56.7335],[25.1046,56.7384],[25.0959,56.7331],[25.0719,56.7359],[25.0312,56.7275],[25.0348,56.725],[25.0314,56.722],[25.0432,56.721],[25.0352,56.7163],[25.0491,56.7153],[25.0449,56.7097],[25.0674,56.7063],[25.06,56.7061],[25.0615,56.702],[25.0533,56.7005],[25.0427,56.6891],[25.0282,56.6919],[25.0138,56.685],[25.0229,56.6788],[25.02,56.6608],[25.0159,56.6626],[25.0223,56.6529],[25.0146,56.6537],[25.0124,56.6361],[25.0271,56.6331],[25.0375,56.6176],[25.024,56.6089],[25.0313,56.6051],[25.0516,56.6088],[25.0535,56.5974],[25.0487,56.5922],[24.9025,56.575],[24.9015,56.578],[24.9014,56.578],[24.8743,56.5698],[24.8317,56.5701],[24.7721,56.5551],[24.7509,56.544],[24.725,56.5434],[24.6986,56.5498],[24.6785,56.5403],[24.6658,56.5408],[24.6612,56.5578],[24.6474,56.5605],[24.6657,56.575],[24.6857,56.5725],[24.6973,56.5752],[24.7002,56.5809],[24.6781,56.5923],[24.6564,56.5892],[24.6704,56.5988],[24.6635,56.6032],[24.6428,56.5996],[24.6181,56.603],[24.5987,56.6161],[24.5822,56.6513],[24.579,56.673],[24.6398,56.6759],[24.6343,56.7141],[24.5299,56.7096],[24.5261,56.7337],[24.5338,56.7481],[24.5304,56.756],[24.5367,56.7581],[24.536,56.7655],[24.5435,56.7698],[24.5356,56.7772],[24.544,56.7934],[24.5341,56.7987],[24.5258,56.7965],[24.5192,56.8015],[24.5219,56.8075],[24.5053,56.8081],[24.4773,56.822],[24.4706,56.8337],[24.4423,56.8423],[24.439,56.8542],[24.4565,56.8658],[24.4563,56.8701],[24.4326,56.8917],[24.4409,56.895],[24.4637,56.8923],[24.4756,56.885],[24.4746,56.8901],[24.4847,56.8884],[24.4952,56.8844],[24.4922,56.8784],[24.4964,56.8768],[24.4863,56.8794],[24.4934,56.8727]]]}},{"type":"Feature","properties":{"code":"LV035","name":"Olaines novads"},"geometry":{"type":"Polygon","coordinates":[[[24.0076,56.7564],[24.032,56.7621],[24.0338,56.753],[24.016,56.7477],[24.0148,56.7435],[24.039,56.742],[24.0389,56.7364],[24.046,56.7326],[24.0617,56.7342],[24.0457,56.7372],[24.0456,56.7407],[24.0629,56.7451],[24.0648,56.7315],[24.0575,56.7312],[24.0582,56.7257],[24.0647,56.7233],[24.1795,56.7281],[24.1771,56.7208],[24.1977,56.7176],[24.2213,56.7218],[24.2452,56.7154],[24.2516,56.7087],[24.2484,56.7062],[24.2564,56.7014],[24.2323,56.6903],[24.1969,56.6877],[24.1871,56.6879],[24.1895,56.6961],[24.1818,56.6975],[24.1829,56.6893],[24.1757,56.689],[24.1778,56.6834],[24.1654,56.684],[24.1831,56.679],[24.1849,56.6743],[24.1628,56.6722],[24.1612,56.6639],[24.1539,56.6651],[24.1575,56.6673],[24.1501,56.6758],[24.1512,56.6713],[24.145,56.6675],[24.115,56.6718],[24.1073,56.6934],[24.086,56.6851],[24.0734,56.6943],[24.0702,56.6885],[24.0638,56.6977],[24.0517,56.6951],[24.0599,56.6917],[24.0506,56.691],[24.0514,56.6951],[24.0465,56.697],[24.0432,56.6961],[24.0465,56.6906],[24.0361,56.6897],[24.0347,56.6937],[24.0178,56.6943],[24.018,56.6985],[24.0119,56.6983],[24.0069,56.7044],[24.0147,56.7121],[23.9961,56.7252],[23.9998,56.7312],[23.9336,56.7267],[23.9232,56.7423],[23.9272,56.7511],[23.9028,56.7424],[23.8595,56.7443],[23.8374,56.7371],[23.8441,56.7333],[23.8352,56.7258],[23.8305,56.7276],[23.8317,56.7364],[23.8187,56.7313],[23.8276,56.7377],[23.8242,56.7408],[23.8139,56.7277],[23.8012,56.7234],[23.7893,56.7327],[23.7757,56.7326],[23.7715,56.7393],[23.7478,56.7409],[23.7557,56.7456],[23.7533,56.7516],[23.7661,56.7712],[23.7561,56.771],[23.7766,56.8073],[23.7874,56.8095],[23.7815,56.8111],[23.7793,56.8213],[23.7935,56.8227],[23.8336,56.806],[23.889,56.8442],[23.9152,56.8439],[23.9443,56.8552],[23.9592,56.8486],[23.9755,56.858],[24.0147,56.8489],[24.0219,56.8554],[24.044,56.857],[24.062,56.8787],[24.0705,56.879],[24.069,56.8758],[24.1048,56.8805],[24.0997,56.8737],[24.1026,56.8658],[24.0968,56.8644],[24.1013,56.8596],[24.0951,56.8574],[24.1087,56.843],[24.1398,56.8338],[24.1334,56.8244],[24.1405,56.8223],[24.1355,56.8185],[24.1398,56.8101],[24.136,56.8116],[24.0993,56.7838],[24.1038,56.7804],[24.0988,56.7683],[24.0435,56.7728],[24.0455,56.766],[24.0094,56.7622],[24.0076,56.7564]]]}},{"type":"Feature","properties":{"code":"LV036","name":"Preiļu novads"},"geometry":{"type":"Polygon","coordinates":[[[27.1074,56.1593],[27.1297,56.1447],[27.1188,56.1365],[27.1273,56.1303],[27.1263,56.1121],[27.1441,56.1003],[27.1421,56.0971],[27.1207,56.0948],[27.0949,56.1021],[27.0915,56.0987],[27.0988,56.0951],[27.0709,56.0961],[27.0528,56.0825],[27.0196,56.0707],[26.999,56.0711],[26.998,56.0627],[26.9431,56.0577],[26.9311,56.059],[26.9318,56.0672],[26.9127,56.0784],[26.9086,56.0949],[26.8881,56.1043],[26.8962,56.1253],[26.8905,56.1343],[26.8803,56.1282],[26.8658,56.1297],[26.844,56.1188],[26.8375,56.1298],[26.8229,56.1349],[26.7645,56.108],[26.7055,56.1071],[26.6918,56.1312],[26.6824,56.1344],[26.6436,56.1394],[26.6252,56.1237],[26.6,56.1374],[26.5889,56.1345],[26.5703,56.1455],[26.5762,56.1487],[26.5777,56.1585],[26.5584,56.1681],[26.5447,56.16],[26.5442,56.1481],[26.5546,56.131],[26.5062,56.1296],[26.4976,56.168],[26.4599,56.1922],[26.4228,56.1752],[26.3666,56.2082],[26.3325,56.1906],[26.3299,56.1999],[26.3115,56.2191],[26.2908,56.2281],[26.3166,56.2309],[26.2949,56.2945],[26.3131,56.2939],[26.3335,56.282],[26.3394,56.2851],[26.3632,56.2808],[26.3598,56.29],[26.3688,56.2976],[26.3627,56.3046],[26.3716,56.3086],[26.3646,56.3161],[26.3869,56.3249],[26.3998,56.3142],[26.3986,56.2991],[26.4162,56.2939],[26.4159,56.2848],[26.4321,56.2779],[26.4554,56.2797],[26.4668,56.2719],[26.4814,56.2826],[26.5064,56.2805],[26.5197,56.2738],[26.5601,56.2662],[26.5692,56.267],[26.573,56.2767],[26.5941,56.2808],[26.5947,56.2845],[26.6103,56.2845],[26.6065,56.2997],[26.5932,56.3038],[26.5944,56.3253],[26.5702,56.3234],[26.5547,56.3351],[26.5452,56.334],[26.541,56.3405],[26.5118,56.3427],[26.5059,56.3486],[26.5116,56.3546],[26.4761,56.3584],[26.4942,56.3905],[26.4895,56.3947],[26.4929,56.3983],[26.5055,56.3966],[26.5461,56.3772],[26.5622,56.3869],[26.5711,56.3967],[26.5711,56.404],[26.5836,56.4103],[26.5876,56.4206],[26.5835,56.4232],[26.596,56.4359],[26.5946,56.4401],[26.5725,56.4388],[26.5652,56.4414],[26.5641,56.4478],[26.5537,56.4483],[26.5613,56.4644],[26.5596,56.4844],[26.6165,56.4866],[26.61,56.499],[26.6002,56.4937],[26.5955,56.4947],[26.5949,56.5019],[26.6244,56.5345],[26.6249,56.5401],[26.7138,56.5458],[26.7237,56.5417],[26.7255,56.5356],[26.7355,56.5349],[26.7434,56.5433],[26.7432,56.5605],[26.776,56.5602],[26.7694,56.5562],[26.7934,56.5447],[26.8037,56.5464],[26.8201,56.5403],[26.8191,56.5338],[26.8254,56.5311],[26.8246,56.5253],[26.7981,56.5225],[26.7963,56.517],[26.7749,56.5122],[26.8066,56.5106],[26.8068,56.4973],[26.8192,56.4948],[26.8324,56.4986],[26.8404,56.495],[26.8523,56.4996],[26.8604,56.4969],[26.8543,56.4907],[26.8577,56.4834],[26.8951,56.4792],[26.9161,56.4837],[26.9296,56.4818],[26.9291,56.476],[26.9547,56.4797],[26.9491,56.4673],[26.9576,56.4602],[26.9356,56.4599],[26.9173,56.4432],[26.9206,56.4404],[26.9147,56.4362],[26.915,56.43],[26.9197,56.424],[26.893,56.4151],[26.905,56.4021],[26.936,56.3911],[26.9445,56.3788],[26.9567,56.3756],[26.9583,56.3642],[26.9761,56.3549],[26.9775,56.3419],[26.9972,56.3341],[26.9983,56.329],[26.9839,56.3188],[26.9716,56.3177],[26.963,56.3259],[26.9393,56.322],[26.9498,56.31],[26.9498,56.3056],[26.9446,56.3057],[26.9459,56.2932],[26.9663,56.293],[26.9679,56.2881],[27.0181,56.2599],[26.989,56.2436],[27.0013,56.2416],[26.9905,56.2336],[27.0005,56.2291],[27.0139,56.2336],[27.02,56.229],[27.0138,56.23],[27.0136,56.2255],[27.0244,56.2255],[27.0266,56.2191],[27.0393,56.2154],[27.0268,56.21],[27.047,56.1916],[27.048,56.179],[27.0618,56.1719],[27.099,56.1755],[27.1074,56.1593]]]}},{"type":"Feature","properties":{"code":"LV037","name":"Rēzeknes pilsēta"},"geometry":{"type":"Polygon","coordinates":[[[27.3791,56.5159],[27.3664,56.5115],[27.3671,56.5059],[27.3746,56.5059],[27.3709,56.4994],[27.3533,56.4956],[27.3494,56.4838],[27.3399,56.4778],[27.325,56.4922],[27.3069,56.4919],[27.3032,56.4956],[27.3097,56.4959],[27.308,56.502],[27.3175,56.5078],[27.3084,56.5145],[27.313,56.5256],[27.3085,56.5303],[27.3232,56.5335],[27.3238,56.5296],[27.3318,56.5296],[27.3401,56.538],[27.3491,56.5369],[27.3461,56.5309],[27.3643,56.5274],[27.3646,56.5318],[27.3735,56.5319],[27.3729,56.5257],[27.3768,56.5255],[27.3642,56.5204],[27.3648,56.5168],[27.3791,56.5159]]]}},{"type":"Feature","properties":{"code":"LV038","name":"Rēzeknes novads"},"geometry":{"type":"Polygon","coordinates":[[[26.7432,56.5605],[26.752,56.5618],[26.7228,56.5777],[26.7355,56.5856],[26.7307,56.5895],[26.7379,56.5954],[26.7623,56.5975],[26.7919,56.6087],[26.7731,56.6216],[26.777,56.6251],[26.7716,56.6348],[26.7893,56.6483],[26.7746,56.6568],[26.7781,56.6653],[26.7664,56.6764],[26.7771,56.678],[26.7746,56.6822],[26.7831,56.696],[26.7944,56.7004],[26.7913,56.7084],[26.7779,56.7131],[26.9243,56.8306],[26.9649,56.8153],[26.9624,56.8033],[26.9677,56.8031],[26.9846,56.8194],[26.9944,56.8204],[27.0294,56.8138],[27.0206,56.7998],[27.0694,56.7977],[27.0687,56.8128],[27.0826,56.8095],[27.1203,56.8133],[27.1284,56.8035],[27.1601,56.8126],[27.169,56.801],[27.1771,56.8007],[27.1801,56.792],[27.1991,56.7894],[27.2849,56.7909],[27.3187,56.781],[27.348,56.7842],[27.3885,56.7759],[27.4143,56.7822],[27.4619,56.7802],[27.4859,56.7852],[27.4887,56.7788],[27.4794,56.7758],[27.4827,56.7673],[27.5047,56.7722],[27.5075,56.7638],[27.5043,56.7566],[27.5155,56.7579],[27.5197,56.7499],[27.5113,56.7326],[27.4867,56.7311],[27.4849,56.7176],[27.49,56.7129],[27.4829,56.7091],[27.4915,56.7024],[27.4893,56.6946],[27.4808,56.6884],[27.4913,56.6851],[27.4639,56.6738],[27.4746,56.6679],[27.48,56.6539],[27.4918,56.6481],[27.5085,56.6588],[27.5383,56.6535],[27.5543,56.6455],[27.5537,56.6345],[27.5831,56.6322],[27.5876,56.627],[27.5679,56.6121],[27.5676,56.6039],[27.5581,56.5996],[27.5685,56.57],[27.581,56.5672],[27.5741,56.5559],[27.5787,56.548],[27.5845,56.5473],[27.5613,56.5417],[27.5407,56.5305],[27.5182,56.5369],[27.4862,56.5364],[27.5054,56.5325],[27.4983,56.5254],[27.4876,56.5242],[27.4872,56.5142],[27.5009,56.5111],[27.4876,56.5056],[27.4862,56.4981],[27.5058,56.4885],[27.4971,56.4805],[27.5069,56.4629],[27.5203,56.4629],[27.5416,56.4774],[27.5553,56.4803],[27.5599,56.4709],[27.549,56.4646],[27.57,56.4477],[27.5798,56.4328],[27.5988,56.4258],[27.5846,56.4233],[27.5859,56.4192],[27.6051,56.4207],[27.6071,56.4246],[27.6283,56.4216],[27.6185,56.4087],[27.6345,56.404],[27.6329,56.4004],[27.6215,56.4032],[27.6159,56.3978],[27.6278,56.3847],[27.6423,56.3833],[27.6387,56.3782],[27.6493,56.3743],[27.6863,56.3774],[27.6758,56.3737],[27.6902,56.3733],[27.6879,56.3674],[27.6964,56.3631],[27.6858,56.357],[27.6831,56.3482],[27.6869,56.3433],[27.6829,56.339],[27.6886,56.3379],[27.6847,56.3322],[27.7149,56.317],[27.723,56.3054],[27.7122,56.2954],[27.7014,56.2974],[27.7034,56.2926],[27.6812,56.2772],[27.6892,56.2614],[27.6971,56.2639],[27.7076,56.2593],[27.6719,56.2415],[27.6547,56.2532],[27.6304,56.2442],[27.584,56.2394],[27.5723,56.2473],[27.5509,56.2439],[27.5449,56.2492],[27.5484,56.2562],[27.5347,56.2617],[27.5342,56.2465],[27.4892,56.232],[27.4391,56.2352],[27.4374,56.2242],[27.4595,56.2211],[27.4463,56.2088],[27.4322,56.2123],[27.4275,56.2108],[27.4296,56.2073],[27.4156,56.208],[27.4268,56.2053],[27.4215,56.2023],[27.4133,56.2071],[27.3923,56.2024],[27.3854,56.2044],[27.3929,56.2081],[27.3854,56.2067],[27.3792,56.2113],[27.3471,56.2117],[27.347,56.2079],[27.3259,56.2103],[27.3002,56.2015],[27.2943,56.2062],[27.2702,56.1995],[27.2387,56.2105],[27.2198,56.2056],[27.1761,56.2049],[27.1646,56.2148],[27.1482,56.2093],[27.1457,56.1948],[27.1161,56.1953],[27.117,56.1848],[27.1094,56.1879],[27.1096,56.192],[27.0954,56.1914],[27.1092,56.1722],[27.0907,56.1763],[27.0613,56.172],[27.048,56.179],[27.047,56.1916],[27.0282,56.2053],[27.0269,56.2104],[27.0393,56.2154],[27.0266,56.2191],[27.0244,56.2255],[27.0136,56.2255],[27.0138,56.23],[27.02,56.229],[27.0139,56.2336],[27.0005,56.2291],[26.9905,56.2336],[27.0013,56.2416],[26.989,56.2436],[27.0181,56.2599],[26.9679,56.2881],[26.9663,56.293],[26.9459,56.2932],[26.9446,56.3057],[26.9498,56.3056],[26.9498,56.31],[26.9393,56.322],[26.963,56.3259],[26.9716,56.3177],[26.9839,56.3188],[26.9983,56.329],[26.9972,56.3341],[26.9775,56.3419],[26.9761,56.3549],[26.9583,56.3642],[26.9567,56.3756],[26.9445,56.3788],[26.936,56.3911],[26.905,56.4021],[26.893,56.4151],[26.9197,56.424],[26.915,56.43],[26.9147,56.4362],[26.9206,56.4404],[26.9173,56.4432],[26.9356,56.4599],[26.9576,56.4602],[26.9491,56.4673],[26.9547,56.4797],[26.9291,56.476],[26.9296,56.4818],[26.9161,56.4837],[26.8951,56.4792],[26.8577,56.4834],[26.8543,56.4907],[26.8604,56.4969],[26.8523,56.4996],[26.8404,56.495],[26.8324,56.4986],[26.8091,56.4964],[26.805,56.4993],[26.8066,56.5106],[26.7749,56.5122],[26.7963,56.517],[26.7981,56.5225],[26.8246,56.5253],[26.8201,56.5403],[26.7788,56.5499],[26.7694,56.5562],[26.7762,56.5602],[26.7432,56.5605]],[[27.3791,56.5159],[27.3648,56.5168],[27.3642,56.5204],[27.3768,56.5255],[27.3729,56.5257],[27.3735,56.5319],[27.3646,56.5318],[27.3643,56.5274],[27.3461,56.5309],[27.3491,56.5369],[27.3401,56.538],[27.3318,56.5296],[27.3238,56.5296],[27.3232,56.5335],[27.3085,56.5303],[27.313,56.5256],[27.3084,56.5145],[27.3175,56.5078],[27.308,56.502],[27.3097,56.4959],[27.3032,56.4956],[27.3069,56.4919],[27.325,56.4922],[27.3399,56.4778],[27.3494,56.4838],[27.3533,56.4956],[27.3709,56.4994],[27.3746,56.5059],[27.3671,56.5059],[27.3664,56.5115],[27.3791,56.5159]]]}},{"type":"Feature","properties":{"code":"LV039","name":"Rīgas pilsēta"},"geometry":{"type":"Polygon","coordinates":[[[24.1181,57.0807],[24.1273,57.0754],[24.1355,57.0773],[24.1427,57.0692],[24.141,57.0648],[24.1517,57.0606],[24.1483,57.0561],[24.1871,57.0539],[24.19,57.0445],[24.1968,57.0453],[24.1992,57.0397],[24.1943,57.0391],[24.1988,57.0345],[24.1942,57.034],[24.1978,57.0256],[24.2129,57.0169],[24.2724,57.0102],[24.2834,57.0019],[24.2789,56.9965],[24.3061,56.9871],[24.3085,56.983],[24.3049,56.98],[24.3239,56.9702],[24.2875,56.9551],[24.27,56.9575],[24.2699,56.9507],[24.2634,56.9489],[24.2531,56.9558],[24.2442,56.9433],[24.2334,56.9374],[24.2368,56.9131],[24.23,56.9003],[24.2337,56.8984],[24.228,56.8966],[24.2489,56.8859],[24.245,56.8827],[24.3106,56.8593],[24.262,56.8581],[24.1996,56.8856],[24.1851,56.9005],[24.1693,56.907],[24.1524,56.905],[24.1504,56.9101],[24.1458,56.9093],[24.1469,56.8963],[24.1221,56.8983],[24.1005,56.8918],[24.1049,56.8805],[24.069,56.8758],[24.0821,56.9052],[24.0769,56.909],[24.0454,56.9126],[24.0397,56.9266],[23.9974,56.9274],[23.9778,56.9357],[23.9677,56.9333],[23.9455,56.9441],[23.9704,56.9533],[23.9575,56.9561],[23.9611,56.9587],[23.9947,56.9627],[24.0118,56.9717],[23.9886,56.9811],[24.0125,56.9852],[23.9883,56.9891],[23.971,56.9864],[23.9484,56.9975],[23.9375,56.9967],[23.9336,57.0099],[23.974,57.0247],[24.0037,57.0428],[24.0215,57.059],[24.0101,57.0654],[24.0147,57.0685],[24.0292,57.0644],[24.1189,57.0862],[24.1181,57.0807]]]}},{"type":"Feature","properties":{"code":"LV040","name":"Ropažu novads"},"geometry":{"type":"Polygon","coordinates":[[[24.5198,57.1053],[24.5628,57.096],[24.5418,57.086],[24.5594,57.0856],[24.5611,57.0763],[24.5658,57.075],[24.5558,57.0727],[24.5863,57.0599],[24.6295,57.0633],[24.663,57.025],[24.6567,57.0245],[24.6564,57.0198],[24.6939,57.0076],[24.6998,57.0007],[24.722,56.9942],[24.7706,57.0001],[24.7835,56.993],[24.8179,56.9895],[24.8209,56.9621],[24.8056,56.9446],[24.787,56.9384],[24.8023,56.9332],[24.7603,56.9115],[24.7279,56.9111],[24.731,56.9002],[24.6099,56.8891],[24.577,56.891],[24.5645,56.9069],[24.5382,56.9016],[24.5274,56.9046],[24.516,56.8993],[24.5105,56.9048],[24.4707,56.9],[24.4552,56.9067],[24.462,56.907],[24.4614,56.908],[24.4523,56.9072],[24.4649,56.9153],[24.4511,56.9217],[24.4561,56.9247],[24.3707,56.9174],[24.3631,56.9134],[24.3625,56.9052],[24.3463,56.8981],[24.331,56.9041],[24.346,56.9162],[24.258,56.9204],[24.2627,56.9141],[24.2521,56.9137],[24.254,56.9045],[24.2811,56.8727],[24.2749,56.8702],[24.245,56.8827],[24.2489,56.8859],[24.228,56.8966],[24.2337,56.8984],[24.23,56.9003],[24.2368,56.9131],[24.2334,56.9374],[24.2442,56.9433],[24.2531,56.9558],[24.2634,56.9489],[24.2699,56.9507],[24.27,56.9575],[24.2875,56.9551],[24.324,56.9701],[24.3049,56.98],[24.3085,56.983],[24.3061,56.9871],[24.2789,56.9965],[24.2834,57.0019],[24.2724,57.0102],[24.2129,57.0169],[24.1978,57.0256],[24.1942,57.034],[24.1988,57.0345],[24.1943,57.0391],[24.1992,57.0397],[24.1968,57.0453],[24.19,57.0445],[24.1871,57.0539],[24.1531,57.0556],[24.2262,57.0744],[24.233,57.0665],[24.2432,57.0691],[24.253,57.0416],[24.2655,57.043],[24.3143,57.0267],[24.322,57.0349],[24.3324,57.0372],[24.3429,57.0513],[24.358,57.0549],[24.3631,57.0624],[24.381,57.0574],[24.3935,57.0636],[24.4263,57.068],[24.4249,57.0717],[24.4565,57.0725],[24.4752,57.0843],[24.5155,57.0991],[24.5198,57.1053]]]}},{"type":"Feature","properties":{"code":"LV041","name":"Salaspils novads"},"geometry":{"type":"Polygon","coordinates":[[[24.2771,56.8716],[24.2811,56.8727],[24.254,56.9045],[24.2521,56.9137],[24.2627,56.9141],[24.258,56.9204],[24.346,56.9162],[24.331,56.9041],[24.3463,56.8981],[24.3625,56.9052],[24.3631,56.9134],[24.3707,56.9174],[24.4561,56.9247],[24.4511,56.9217],[24.4649,56.9153],[24.4537,56.9061],[24.4564,56.908],[24.4614,56.908],[24.4552,56.9067],[24.4707,56.9],[24.4984,56.9026],[24.5035,56.895],[24.5008,56.8925],[24.5179,56.8862],[24.5105,56.8818],[24.5175,56.8787],[24.51,56.8727],[24.4958,56.8723],[24.4888,56.8752],[24.4863,56.8794],[24.4964,56.8768],[24.4922,56.8784],[24.4952,56.8844],[24.4847,56.8884],[24.4746,56.8901],[24.4756,56.885],[24.4637,56.8923],[24.4371,56.8942],[24.4326,56.8917],[24.4404,56.8813],[24.4522,56.8773],[24.4565,56.8664],[24.439,56.8542],[24.4423,56.8423],[24.4349,56.838],[24.4057,56.8355],[24.3403,56.8416],[24.3395,56.8354],[24.2909,56.8218],[24.2789,56.8246],[24.2725,56.8334],[24.2339,56.8348],[24.2283,56.8457],[24.1912,56.8679],[24.2073,56.8818],[24.262,56.8581],[24.3106,56.8593],[24.2771,56.8716]]]}},{"type":"Feature","properties":{"code":"LV042","name":"Saldus novads"},"geometry":{"type":"Polygon","coordinates":[[[22.7369,56.5667],[22.7405,56.5544],[22.736,56.5486],[22.7467,56.545],[22.7411,56.5406],[22.7366,56.5244],[22.7229,56.5217],[22.7335,56.5076],[22.7238,56.4945],[22.7106,56.4942],[22.7113,56.4891],[22.7139,56.4832],[22.7254,56.4868],[22.7306,56.48],[22.7446,56.4829],[22.7554,56.4731],[22.7424,56.4607],[22.7536,56.4513],[22.7306,56.4511],[22.7363,56.446],[22.7305,56.4421],[22.7354,56.4383],[22.7294,56.4236],[22.7825,56.4217],[22.8078,56.4142],[22.828,56.4021],[22.8747,56.3968],[22.8809,56.3912],[22.8964,56.401],[22.9176,56.3999],[22.9286,56.3881],[22.9192,56.379],[22.857,56.3693],[22.8572,56.366],[22.7607,56.3673],[22.73,56.3731],[22.6975,56.3532],[22.6801,56.3516],[22.662,56.3618],[22.6396,56.3643],[22.6162,56.3826],[22.5889,56.3843],[22.5802,56.3905],[22.5577,56.3876],[22.5108,56.3928],[22.4755,56.4041],[22.4477,56.4028],[22.4236,56.41],[22.3906,56.4008],[22.3649,56.402],[22.3486,56.3938],[22.3218,56.402],[22.3194,56.4081],[22.3115,56.41],[22.297,56.407],[22.286,56.4103],[22.2786,56.4036],[22.2437,56.3997],[22.2154,56.4124],[22.2091,56.4241],[22.1657,56.4196],[22.1254,56.4323],[22.1011,56.4259],[22.0888,56.4281],[22.0851,56.4228],[22.0715,56.4253],[22.0622,56.4191],[22.0519,56.4215],[22.0488,56.417],[22.0339,56.4248],[22.0154,56.4243],[22.0111,56.4206],[22.0145,56.4145],[21.9918,56.4136],[21.9939,56.4082],[21.988,56.4002],[21.9741,56.3953],[21.9628,56.3994],[21.9506,56.4192],[21.9321,56.4226],[21.9777,56.4288],[21.9832,56.4337],[22.0078,56.4317],[22.0003,56.44],[22.0116,56.4448],[22.0068,56.4504],[21.9673,56.4618],[21.9516,56.4733],[21.9583,56.476],[21.9591,56.4833],[21.9452,56.4845],[21.9494,56.4894],[21.9447,56.4929],[21.953,56.5],[21.9615,56.4991],[21.9633,56.5075],[21.9915,56.5054],[22.0152,56.5142],[22.0317,56.5012],[22.0477,56.4976],[22.0471,56.5048],[22.0599,56.508],[22.0658,56.5223],[22.0631,56.5271],[22.0515,56.5335],[22.0265,56.5337],[22.0145,56.5393],[22.009,56.5456],[22.0129,56.555],[22.0483,56.5633],[22.0505,56.5573],[22.1228,56.5656],[22.1363,56.5731],[22.1148,56.5947],[22.1226,56.6081],[22.1182,56.6129],[22.1093,56.6125],[22.106,56.6222],[22.1218,56.6309],[22.1058,56.6374],[22.1128,56.6469],[22.1084,56.6473],[22.0989,56.6723],[22.1057,56.6751],[22.0944,56.6789],[22.0932,56.6855],[22.088,56.687],[22.0961,56.6906],[22.1061,56.684],[22.122,56.686],[22.1254,56.6825],[22.1331,56.6868],[22.1333,56.6931],[22.1693,56.701],[22.1708,56.7117],[22.1802,56.7181],[22.1771,56.73],[22.195,56.7349],[22.1885,56.7373],[22.1814,56.7565],[22.1758,56.756],[22.174,56.766],[22.1778,56.7664],[22.1659,56.7972],[22.2139,56.7946],[22.2301,56.8045],[22.2226,56.8069],[22.2263,56.8216],[22.2618,56.8339],[22.3054,56.8342],[22.3039,56.8399],[22.3142,56.8541],[22.3384,56.8484],[22.3454,56.8519],[22.352,56.8627],[22.3298,56.872],[22.3342,56.8729],[22.331,56.8746],[22.3342,56.8789],[22.3289,56.8855],[22.3119,56.8837],[22.3043,56.8881],[22.2864,56.8837],[22.2659,56.8883],[22.269,56.8968],[22.2624,56.9013],[22.294,56.9069],[22.2964,56.9167],[22.2804,56.9195],[22.2945,56.9278],[22.3435,56.9187],[22.3432,56.9082],[22.3534,56.8949],[22.3639,56.8978],[22.3751,56.8945],[22.3748,56.889],[22.3828,56.8892],[22.3981,56.8754],[22.4029,56.8889],[22.4364,56.8868],[22.4354,56.9069],[22.4497,56.9096],[22.4555,56.9178],[22.4804,56.9234],[22.4948,56.9195],[22.5287,56.9207],[22.5384,56.9165],[22.5352,56.9091],[22.5252,56.9115],[22.5202,56.9034],[22.5098,56.9019],[22.515,56.8945],[22.5229,56.9007],[22.5269,56.8905],[22.5236,56.8878],[22.5291,56.885],[22.514,56.8847],[22.5231,56.8734],[22.513,56.8747],[22.4942,56.8543],[22.5204,56.842],[22.6021,56.8397],[22.6097,56.8323],[22.6096,56.8231],[22.6313,56.8257],[22.6453,56.8192],[22.647,56.8147],[22.6409,56.8088],[22.682,56.8133],[22.6844,56.8078],[22.6925,56.8088],[22.6957,56.8022],[22.7135,56.7967],[22.7239,56.8031],[22.7557,56.8048],[22.7603,56.8098],[22.778,56.8025],[22.7886,56.8081],[22.7916,56.803],[22.7841,56.7993],[22.8013,56.7936],[22.8039,56.7856],[22.8193,56.7763],[22.82,56.7715],[22.8255,56.7738],[22.8267,56.7553],[22.8205,56.7502],[22.8273,56.7473],[22.8278,56.7382],[22.8238,56.7357],[22.8368,56.7169],[22.8118,56.7166],[22.8101,56.7129],[22.8157,56.7081],[22.8254,56.7085],[22.8233,56.6961],[22.8039,56.6942],[22.8047,56.6835],[22.789,56.6822],[22.7937,56.6776],[22.8331,56.6805],[22.8336,56.6752],[22.8394,56.6756],[22.8451,56.6542],[22.8551,56.6529],[22.866,56.6423],[22.8454,56.636],[22.8438,56.6278],[22.8495,56.6258],[22.8407,56.6139],[22.8452,56.6093],[22.8384,56.6059],[22.8228,56.6048],[22.8236,56.609],[22.8156,56.6087],[22.8206,56.606],[22.8171,56.6047],[22.778,56.6118],[22.7755,56.6038],[22.7834,56.5985],[22.7806,56.5894],[22.7753,56.5893],[22.7884,56.5882],[22.7916,56.5755],[22.8068,56.5746],[22.8087,56.5686],[22.7905,56.5679],[22.7811,56.5727],[22.7801,56.5673],[22.7882,56.5639],[22.7774,56.5647],[22.7586,56.5565],[22.7369,56.5667]]]}},{"type":"Feature","properties":{"code":"LV043","name":"Saulkrastu novads"},"geometry":{"type":"Polygon","coordinates":[[[24.4033,57.3503],[24.4277,57.3265],[24.4297,57.3186],[24.4208,57.2938],[24.4361,57.2935],[24.4389,57.2996],[24.4456,57.3009],[24.4755,57.2986],[24.4725,57.3024],[24.5405,57.3199],[24.5727,57.3173],[24.57,57.311],[24.5801,57.3073],[24.57,57.293],[24.5858,57.2945],[24.5987,57.2874],[24.6045,57.2763],[24.6349,57.2695],[24.6392,57.2613],[24.6304,57.2525],[24.6339,57.2414],[24.6457,57.2317],[24.668,57.2323],[24.6793,57.2234],[24.6791,57.2128],[24.662,57.2126],[24.6616,57.2053],[24.6167,57.206],[24.6282,57.1938],[24.6283,57.1781],[24.6538,57.1814],[24.6829,57.171],[24.6767,57.1602],[24.6829,57.1503],[24.678,57.139],[24.6623,57.1283],[24.6638,57.1249],[24.6358,57.1333],[24.5705,57.1394],[24.5522,57.1233],[24.5091,57.1081],[24.4653,57.1829],[24.4286,57.1869],[24.3684,57.182],[24.3583,57.1876],[24.3372,57.1881],[24.3396,57.1962],[24.3905,57.235],[24.4101,57.2658],[24.4085,57.3119],[24.3995,57.3166],[24.4038,57.3195],[24.4033,57.3503]]]}},{"type":"Feature","properties":{"code":"LV044","name":"Siguldas novads"},"geometry":{"type":"Polygon","coordinates":[[[24.6825,57.1496],[24.6767,57.1602],[24.6829,57.171],[24.6538,57.1814],[24.6283,57.1781],[24.6282,57.1938],[24.6167,57.206],[24.6616,57.2053],[24.662,57.2126],[24.6791,57.2128],[24.6793,57.2234],[24.6891,57.2214],[24.7137,57.2278],[24.7249,57.2399],[24.7033,57.2399],[24.7059,57.2415],[24.7011,57.2448],[24.7086,57.2474],[24.6899,57.2884],[24.6922,57.2918],[24.6843,57.2977],[24.6707,57.2949],[24.6563,57.299],[24.6475,57.3082],[24.6532,57.3142],[24.6474,57.318],[24.6756,57.3188],[24.6768,57.3286],[24.6962,57.3271],[24.6944,57.3333],[24.7101,57.3349],[24.7018,57.3393],[24.7171,57.3477],[24.7007,57.388],[24.7329,57.3929],[24.7341,57.3981],[24.7407,57.3971],[24.7402,57.4024],[24.7581,57.4101],[24.7647,57.4034],[24.7577,57.3935],[24.7647,57.3879],[24.8513,57.3842],[24.8468,57.3794],[24.8595,57.3761],[24.8606,57.3663],[24.8741,57.349],[24.8883,57.3465],[24.8794,57.3384],[24.9122,57.3329],[24.9021,57.3276],[24.9041,57.3201],[24.8869,57.3128],[24.9096,57.3039],[24.9036,57.298],[24.9196,57.2977],[24.9298,57.2857],[24.9522,57.2783],[24.9506,57.2695],[24.9398,57.2626],[24.9422,57.2514],[24.9219,57.2431],[24.9258,57.2372],[24.9006,57.2233],[24.9035,57.2189],[24.9286,57.219],[24.9735,57.1935],[24.9826,57.1788],[24.9744,57.1614],[24.9858,57.1502],[24.978,57.1473],[24.9828,57.145],[24.9796,57.1428],[24.9738,57.1469],[24.9692,57.144],[24.9929,57.126],[25.0291,57.125],[25.0352,57.1307],[25.0463,57.1309],[25.0595,57.123],[25.088,57.1286],[25.0977,57.1131],[25.1209,57.0951],[25.1348,57.0936],[25.13,57.0939],[25.1571,57.0812],[25.1349,57.078],[25.1298,57.0702],[25.1171,57.0721],[25.1063,57.0611],[25.1216,57.0483],[25.1348,57.0445],[25.1364,57.041],[25.1256,57.0348],[25.1288,57.0318],[25.1437,57.0295],[25.1351,57.0138],[25.1457,57.0113],[25.1315,57.0013],[25.141,56.9977],[25.1363,56.9956],[25.145,56.9901],[25.1294,56.9846],[25.1497,56.9717],[25.1397,56.9578],[25.1463,56.9497],[25.1256,56.9406],[25.1134,56.9465],[25.0709,56.9426],[25.054,56.933],[25.0124,56.9456],[24.993,56.9295],[24.976,56.9334],[24.9563,56.9476],[24.9401,56.9359],[24.9248,56.9387],[24.8999,56.9302],[24.8958,56.9229],[24.8144,56.9381],[24.8023,56.9332],[24.7886,56.9359],[24.8056,56.9446],[24.8209,56.9621],[24.8179,56.9895],[24.7835,56.993],[24.7706,57.0001],[24.7139,56.9951],[24.6939,57.0076],[24.6564,57.0198],[24.6567,57.0245],[24.663,57.025],[24.6295,57.0633],[24.5863,57.0599],[24.5552,57.0731],[24.5658,57.075],[24.5611,57.0763],[24.5594,57.0856],[24.5418,57.086],[24.5628,57.096],[24.5344,57.0997],[24.5225,57.1056],[24.5079,57.097],[24.4984,57.1012],[24.5522,57.1233],[24.5705,57.1394],[24.6358,57.1333],[24.6638,57.1249],[24.6623,57.1283],[24.678,57.139],[24.6825,57.1496]]]}},{"type":"Feature","properties":{"code":"LV045","name":"Smiltenes novads"},"geometry":{"type":"Polygon","coordinates":[[[26.3095,57.499],[26.363,57.5061],[26.3715,57.5143],[26.3495,57.5143],[26.3489,57.5206],[26.3434,57.5234],[26.3493,57.5301],[26.3278,57.5348],[26.3438,57.54],[26.334,57.5452],[26.3362,57.5535],[26.3654,57.5715],[26.3322,57.5769],[26.345,57.5841],[26.4016,57.5722],[26.4695,57.5756],[26.491,57.5455],[26.4999,57.5245],[26.5249,57.5162],[26.5574,57.5139],[26.5662,57.5195],[26.5613,57.5282],[26.5792,57.5337],[26.5849,57.5399],[26.5927,57.5201],[26.5886,57.5172],[26.6166,57.5093],[26.6146,57.5293],[26.6428,57.5466],[26.6471,57.554],[26.6715,57.5543],[26.6697,57.563],[26.6973,57.5674],[26.6971,57.5708],[26.7083,57.5664],[26.7238,57.5724],[26.7308,57.5693],[26.7378,57.5759],[26.729,57.5803],[26.7378,57.5877],[26.7527,57.5802],[26.749,57.5777],[26.7734,57.5744],[26.7536,57.5624],[26.7701,57.5604],[26.7766,57.56],[26.7868,57.5753],[26.7785,57.5806],[26.7928,57.5733],[26.7969,57.5818],[26.8097,57.5844],[26.8354,57.5834],[26.8393,57.5778],[26.817,57.5649],[26.8402,57.557],[26.8425,57.5431],[26.8332,57.5404],[26.8426,57.5298],[26.8256,57.5196],[26.8238,57.5103],[26.8358,57.5041],[26.8211,57.4974],[26.7875,57.5016],[26.7673,57.489],[26.741,57.4843],[26.7508,57.4737],[26.7384,57.4696],[26.7327,57.4594],[26.7372,57.4452],[26.7197,57.4247],[26.7211,57.4119],[26.6987,57.4191],[26.6498,57.413],[26.6288,57.4199],[26.6146,57.4049],[26.5948,57.3975],[26.5976,57.3893],[26.5739,57.4028],[26.5498,57.3904],[26.5412,57.3952],[26.5335,57.3912],[26.5239,57.4013],[26.5281,57.4075],[26.5244,57.4089],[26.5178,57.4026],[26.5075,57.4052],[26.496,57.3993],[26.4803,57.4023],[26.4814,57.4072],[26.4686,57.4044],[26.4719,57.3959],[26.4627,57.3967],[26.4726,57.3936],[26.4679,57.3901],[26.4758,57.3869],[26.4745,57.3814],[26.4883,57.3732],[26.4302,57.3693],[26.4277,57.3566],[26.4337,57.3538],[26.432,57.3509],[26.4204,57.3512],[26.4155,57.3562],[26.3871,57.354],[26.3956,57.3395],[26.4099,57.3408],[26.4247,57.3503],[26.4409,57.3298],[26.3536,57.316],[26.275,57.3294],[26.2719,57.3263],[26.2765,57.3202],[26.2851,57.3215],[26.2905,57.3172],[26.2866,57.3088],[26.2785,57.3043],[26.2582,57.3093],[26.2507,57.3043],[26.2683,57.2813],[26.1596,57.2798],[26.1552,57.2751],[26.1408,57.2778],[26.1385,57.2728],[26.128,57.2754],[26.1222,57.2708],[26.0926,57.2824],[26.0702,57.2784],[26.0502,57.2664],[26.0621,57.2514],[26.0578,57.2481],[26.0427,57.2451],[26.0333,57.2526],[26.0043,57.2503],[25.9964,57.2445],[26.0017,57.223],[26.0131,57.2203],[26.0104,57.2163],[25.9999,57.2154],[25.9606,57.1968],[25.9297,57.1891],[25.9215,57.1909],[25.9132,57.1825],[25.901,57.1888],[25.8864,57.1835],[25.8722,57.1891],[25.8595,57.1868],[25.8248,57.2069],[25.8224,57.2132],[25.8051,57.2139],[25.7591,57.2028],[25.7555,57.2086],[25.7444,57.2098],[25.7424,57.2207],[25.7557,57.2439],[25.7469,57.253],[25.7627,57.2727],[25.7568,57.2746],[25.737,57.2776],[25.7403,57.2683],[25.7338,57.271],[25.7291,57.268],[25.733,57.266],[25.7203,57.2618],[25.7072,57.2683],[25.7087,57.2761],[25.6876,57.2743],[25.6836,57.2798],[25.6637,57.2809],[25.6164,57.2677],[25.6061,57.2735],[25.5975,57.2662],[25.5898,57.2785],[25.6023,57.29],[25.5939,57.2891],[25.5838,57.299],[25.5758,57.2972],[25.5578,57.3034],[25.5659,57.3094],[25.5486,57.3116],[25.5491,57.3344],[25.5119,57.351],[25.5123,57.357],[25.5076,57.3581],[25.5085,57.3653],[25.518,57.3657],[25.5367,57.3789],[25.5618,57.3781],[25.569,57.3847],[25.582,57.3865],[25.5868,57.3854],[25.5832,57.3792],[25.6068,57.3793],[25.6111,57.3996],[25.6293,57.4039],[25.6326,57.4089],[25.6279,57.411],[25.6412,57.4222],[25.6499,57.4413],[25.6639,57.443],[25.6678,57.4509],[25.6553,57.463],[25.673,57.4681],[25.6753,57.4713],[25.6679,57.4735],[25.6823,57.4821],[25.6809,57.4859],[25.7194,57.4952],[25.7178,57.4896],[25.7223,57.4867],[25.7386,57.4923],[25.7413,57.4961],[25.7367,57.4998],[25.7463,57.4999],[25.8246,57.4893],[25.8811,57.4926],[25.896,57.4886],[25.8876,57.4942],[25.9055,57.4999],[25.8953,57.4949],[25.906,57.4948],[25.9069,57.4895],[25.8935,57.4814],[25.9145,57.4696],[25.9241,57.4785],[25.9385,57.4776],[25.9486,57.4899],[25.9441,57.4954],[25.9565,57.502],[25.9382,57.5117],[25.9414,57.522],[25.9318,57.5261],[25.9462,57.5297],[25.9456,57.5353],[25.9612,57.5356],[25.9654,57.5452],[25.9763,57.5423],[25.9831,57.5486],[26.0687,57.5556],[26.0935,57.5497],[26.1123,57.5552],[26.1122,57.5597],[26.1279,57.5611],[26.1486,57.5401],[26.1725,57.5373],[26.1828,57.5451],[26.2231,57.5347],[26.2556,57.5389],[26.2342,57.5323],[26.2305,57.5218],[26.2394,57.5148],[26.2445,57.5185],[26.2617,57.5116],[26.2827,57.5237],[26.2945,57.5202],[26.2876,57.5186],[26.2909,57.5167],[26.3063,57.5232],[26.3171,57.522],[26.3215,57.5198],[26.3155,57.5195],[26.3186,57.5135],[26.3048,57.5079],[26.3095,57.499]]]}},{"type":"Feature","properties":{"code":"LV046","name":"Talsu novads"},"geometry":{"type":"Polygon","coordinates":[[[22.2028,57.4831],[22.2428,57.5006],[22.2766,57.5013],[22.282,57.5032],[22.2819,57.5089],[22.272,57.5251],[22.2682,57.5557],[22.2474,57.5721],[22.2437,57.5972],[22.2564,57.6032],[22.2287,57.6278],[22.2079,57.6158],[22.2133,57.6241],[22.2088,57.6264],[22.224,57.6322],[22.1959,57.6571],[22.5099,57.7442],[22.6062,57.7589],[22.5786,57.7173],[22.5746,57.6758],[22.5934,57.63],[22.6292,57.5905],[22.6961,57.5497],[22.7919,57.5139],[22.8123,57.511],[22.8131,57.5045],[22.8464,57.4923],[22.889,57.4566],[22.9027,57.452],[22.9,57.4494],[22.9082,57.4447],[22.9138,57.4326],[22.9409,57.4162],[23.0098,57.3941],[23.0371,57.3784],[23.0886,57.3676],[23.1217,57.3668],[23.1325,57.3598],[23.127,57.3515],[23.1311,57.3403],[23.1269,57.339],[23.1421,57.3352],[23.1371,57.3268],[23.147,57.3162],[23.1175,57.3131],[23.1021,57.3026],[23.1215,57.2523],[23.0954,57.2492],[23.0881,57.2423],[23.0917,57.2307],[23.0595,57.2213],[23.0644,57.2172],[23.0484,57.2051],[23.0259,57.1975],[22.9926,57.1947],[22.9772,57.1843],[22.9812,57.1816],[22.9624,57.1808],[22.9639,57.1762],[22.9441,57.1738],[22.9457,57.1644],[22.9504,57.1621],[22.9364,57.1521],[22.9357,57.1379],[22.928,57.1304],[22.8784,57.1385],[22.8699,57.1446],[22.8535,57.1386],[22.8368,57.1455],[22.8168,57.1372],[22.8054,57.14],[22.7986,57.1301],[22.7727,57.1231],[22.7683,57.1114],[22.7481,57.1123],[22.7431,57.1079],[22.7336,57.1127],[22.7296,57.1072],[22.7087,57.1019],[22.6754,57.1037],[22.6579,57.0952],[22.6391,57.097],[22.634,57.0791],[22.6361,57.0664],[22.6382,57.06],[22.6481,57.0551],[22.6456,57.0434],[22.6552,57.043],[22.6519,57.0404],[22.6554,57.0331],[22.6423,57.0164],[22.6086,57.0191],[22.5944,57.0277],[22.5832,57.0209],[22.5628,57.0226],[22.5619,57.0154],[22.5768,57.0141],[22.5653,57.0049],[22.5486,57.0038],[22.5252,57.0162],[22.501,57.0219],[22.483,57.0189],[22.4777,57.0108],[22.4682,57.0157],[22.4532,57.0143],[22.4479,57.0189],[22.3865,57.0119],[22.3768,57.0353],[22.3597,57.0338],[22.3557,57.0473],[22.3604,57.0566],[22.3801,57.059],[22.3745,57.0805],[22.367,57.08],[22.3578,57.0895],[22.3575,57.1124],[22.3317,57.1206],[22.2986,57.1214],[22.2901,57.1273],[22.273,57.1289],[22.2415,57.1488],[22.2398,57.1564],[22.2521,57.1731],[22.241,57.1707],[22.2058,57.1903],[22.184,57.1901],[22.1789,57.1975],[22.2006,57.1978],[22.1993,57.2024],[22.193,57.2017],[22.1955,57.2101],[22.2048,57.2118],[22.2052,57.2196],[22.2109,57.2175],[22.2111,57.2272],[22.2299,57.2198],[22.2373,57.2287],[22.2335,57.2374],[22.2367,57.2451],[22.2603,57.2499],[22.2574,57.2575],[22.2672,57.2591],[22.2689,57.2667],[22.3121,57.2687],[22.3113,57.2745],[22.32,57.2788],[22.3101,57.2771],[22.3009,57.2827],[22.3031,57.2868],[22.2996,57.2879],[22.3097,57.2899],[22.299,57.321],[22.2795,57.3248],[22.2841,57.345],[22.2896,57.3488],[22.2768,57.3824],[22.2841,57.3844],[22.2782,57.3863],[22.2661,57.3809],[22.2579,57.3846],[22.2463,57.4],[22.2468,57.4076],[22.1929,57.3954],[22.1325,57.4025],[22.0766,57.4245],[22.1295,57.4322],[22.1772,57.45],[22.1881,57.4599],[22.1724,57.4622],[22.1628,57.4718],[22.1655,57.4758],[22.1925,57.4732],[22.2028,57.4831]]]}},{"type":"Feature","properties":{"code":"LV047","name":"Tukuma novads"},"geometry":{"type":"Polygon","coordinates":[[[23.3759,57.0437],[23.4875,57.0347],[23.5248,56.995],[23.5529,56.9799],[23.4806,56.9648],[23.4826,56.9498],[23.4734,56.9465],[23.4812,56.933],[23.4742,56.9273],[23.4943,56.9319],[23.5062,56.8925],[23.4674,56.8849],[23.4894,56.8138],[23.4611,56.7992],[23.3935,56.7926],[23.3887,56.7932],[23.3827,56.8089],[23.374,56.8072],[23.3326,56.7795],[23.319,56.7806],[23.3074,56.7743],[23.3479,56.7523],[23.3369,56.7464],[23.3275,56.7316],[23.315,56.729],[23.2979,56.7156],[23.2753,56.7073],[23.2682,56.7137],[23.244,56.7202],[23.2205,56.7174],[23.1993,56.7222],[23.1839,56.7081],[23.1924,56.6972],[23.1764,56.6913],[23.1306,56.7001],[23.1134,56.6955],[23.1153,56.6887],[23.1008,56.6938],[23.0905,56.6886],[23.0639,56.696],[23.0317,56.6934],[23.019,56.7145],[22.9909,56.7179],[22.9857,56.7122],[22.9006,56.7127],[22.8896,56.7083],[22.8751,56.7121],[22.8709,56.7103],[22.8698,56.6995],[22.8538,56.7051],[22.8493,56.7032],[22.8473,56.6923],[22.8205,56.6934],[22.8254,56.7085],[22.8157,56.7081],[22.8094,56.7147],[22.8193,56.7188],[22.8368,56.7169],[22.8238,56.7357],[22.8278,56.7382],[22.8273,56.7473],[22.8205,56.7502],[22.8267,56.7553],[22.8255,56.7738],[22.82,56.7715],[22.8193,56.7763],[22.8039,56.7856],[22.8013,56.7936],[22.7841,56.7993],[22.7916,56.803],[22.7886,56.8081],[22.778,56.8025],[22.7603,56.8098],[22.7557,56.8048],[22.7239,56.8031],[22.7135,56.7967],[22.6957,56.8022],[22.6925,56.8088],[22.6844,56.8078],[22.682,56.8133],[22.6409,56.8088],[22.647,56.8147],[22.6453,56.8192],[22.6313,56.8257],[22.6096,56.8231],[22.6097,56.8323],[22.6021,56.8397],[22.5204,56.842],[22.4942,56.8543],[22.513,56.8747],[22.5231,56.8734],[22.5141,56.8855],[22.5291,56.885],[22.5236,56.8878],[22.5269,56.8905],[22.5229,56.9007],[22.515,56.8945],[22.5098,56.9019],[22.5202,56.9034],[22.5252,56.9115],[22.5352,56.9091],[22.5384,56.9165],[22.5277,56.9208],[22.4948,56.9195],[22.4804,56.9234],[22.4554,56.9178],[22.4533,56.9298],[22.4427,56.932],[22.4464,56.9427],[22.4643,56.9459],[22.4646,56.9512],[22.4582,56.9547],[22.4682,56.9745],[22.4665,56.9798],[22.483,56.9792],[22.4853,56.9926],[22.5021,57.0057],[22.504,57.0185],[22.5252,57.0162],[22.5486,57.0038],[22.5653,57.0049],[22.5762,57.0128],[22.5732,57.0173],[22.5619,57.0154],[22.5628,57.0226],[22.5832,57.0209],[22.5937,57.0277],[22.6086,57.0191],[22.6428,57.0166],[22.6554,57.0331],[22.6519,57.0404],[22.6552,57.043],[22.6456,57.0434],[22.6481,57.0551],[22.6382,57.06],[22.6361,57.0664],[22.634,57.0791],[22.6391,57.097],[22.6579,57.0952],[22.6754,57.1037],[22.7087,57.1019],[22.7296,57.1072],[22.7336,57.1127],[22.7431,57.1079],[22.7481,57.1123],[22.7683,57.1114],[22.7727,57.1231],[22.7986,57.1301],[22.8054,57.14],[22.8168,57.1372],[22.8368,57.1455],[22.8535,57.1386],[22.8699,57.1446],[22.8784,57.1385],[22.928,57.1304],[22.9357,57.1379],[22.9364,57.1521],[22.9504,57.1621],[22.9457,57.1644],[22.9441,57.1738],[22.9639,57.1762],[22.9624,57.1808],[22.9812,57.1816],[22.9772,57.1843],[22.9926,57.1947],[23.0259,57.1975],[23.0484,57.2051],[23.0644,57.2172],[23.0595,57.2213],[23.0917,57.2307],[23.0881,57.2423],[23.0954,57.2492],[23.1215,57.2523],[23.1021,57.3026],[23.1175,57.3131],[23.147,57.3162],[23.1613,57.3019],[23.1681,57.2744],[23.1806,57.2618],[23.1753,57.2526],[23.1784,57.2342],[23.1998,57.2116],[23.227,57.1709],[23.2385,57.164],[23.2311,57.1584],[23.2299,57.1397],[23.2391,57.1066],[23.2669,57.0842],[23.3032,57.065],[23.3759,57.0437]]]}},{"type":"Feature","properties":{"code":"LV048","name":"Valkas novads"},"geometry":{"type":"Polygon","coordinates":[[[26.3109,57.5227],[26.2909,57.5167],[26.2876,57.5186],[26.2945,57.5202],[26.2827,57.5237],[26.2617,57.5116],[26.2445,57.5185],[26.2394,57.5148],[26.2305,57.5218],[26.2342,57.5323],[26.2556,57.5389],[26.2231,57.5347],[26.1828,57.5451],[26.1725,57.5373],[26.1486,57.5401],[26.1279,57.5611],[26.1122,57.5597],[26.1123,57.5552],[26.0935,57.5497],[26.0687,57.5556],[26.0131,57.5526],[25.9831,57.5486],[25.9758,57.5422],[25.9657,57.5453],[25.9609,57.5355],[25.9101,57.5275],[25.8844,57.5307],[25.8742,57.5407],[25.8893,57.5458],[25.9025,57.5591],[25.9157,57.5592],[25.9119,57.5671],[25.9156,57.5684],[25.9165,57.5866],[25.9004,57.5927],[25.8558,57.596],[25.8522,57.6007],[25.8702,57.6033],[25.8908,57.5983],[25.8974,57.6028],[25.9067,57.5995],[25.9148,57.6055],[25.9134,57.6091],[25.9303,57.6099],[25.9261,57.6144],[25.9361,57.6116],[25.9439,57.6209],[25.9514,57.6176],[25.9494,57.6216],[25.9536,57.6252],[25.9642,57.6231],[25.9613,57.6297],[25.9781,57.6396],[25.9757,57.6487],[25.9799,57.6512],[25.975,57.6614],[25.9889,57.6585],[25.9939,57.6668],[25.9267,57.6731],[25.9286,57.6778],[25.8554,57.6863],[25.8597,57.703],[25.8279,57.7024],[25.8409,57.7341],[25.8363,57.736],[25.8455,57.7417],[25.8394,57.7473],[25.8119,57.737],[25.7224,57.7274],[25.6772,57.7461],[25.6658,57.7457],[25.6355,57.7558],[25.6339,57.7616],[25.6224,57.7685],[25.5771,57.7777],[25.5688,57.7847],[25.5447,57.7873],[25.5491,57.7981],[25.5677,57.8002],[25.5714,57.8083],[25.5601,57.8187],[25.5413,57.8173],[25.5094,57.8423],[25.4901,57.8488],[25.4763,57.8603],[25.4911,57.8771],[25.5034,57.8654],[25.516,57.8634],[25.5302,57.8694],[25.5331,57.8797],[25.5469,57.8775],[25.5576,57.8829],[25.5719,57.8766],[25.5762,57.8847],[25.5831,57.8861],[25.6156,57.8744],[25.6116,57.8725],[25.6228,57.8644],[25.6731,57.8543],[25.6814,57.8578],[25.6769,57.862],[25.6853,57.8744],[25.6759,57.8829],[25.6806,57.887],[25.6918,57.8855],[25.7032,57.9033],[25.7208,57.9131],[25.727,57.9221],[25.7375,57.9242],[25.7883,57.9046],[25.7851,57.8992],[25.8203,57.8649],[25.8591,57.8573],[25.8758,57.865],[25.8768,57.859],[25.8861,57.8564],[25.8836,57.8494],[25.8881,57.8471],[25.9315,57.8534],[25.962,57.8459],[25.9986,57.859],[26.011,57.8582],[26.0207,57.8462],[26.0362,57.8503],[26.0565,57.8484],[26.0587,57.837],[26.0386,57.8101],[26.0329,57.7898],[26.0247,57.7833],[26.0271,57.7747],[26.0204,57.7719],[26.0241,57.7686],[26.0337,57.7717],[26.0591,57.7609],[26.0787,57.7668],[26.1362,57.751],[26.1417,57.745],[26.1374,57.7393],[26.1429,57.7332],[26.1737,57.7292],[26.2057,57.715],[26.1793,57.6876],[26.2123,57.6794],[26.2121,57.6658],[26.2396,57.6581],[26.243,57.6512],[26.232,57.6474],[26.2402,57.6463],[26.2463,57.6393],[26.2475,57.6351],[26.2406,57.6336],[26.2539,57.6259],[26.2485,57.6254],[26.2479,57.6204],[26.2561,57.6212],[26.2523,57.6184],[26.2568,57.6174],[26.2549,57.6141],[26.2664,57.6094],[26.2744,57.6008],[26.2712,57.5995],[26.2846,57.5923],[26.3108,57.5928],[26.3116,57.5868],[26.3167,57.5876],[26.3124,57.5843],[26.3654,57.5715],[26.3362,57.5535],[26.334,57.5452],[26.3438,57.54],[26.3278,57.5348],[26.3493,57.5301],[26.3434,57.5234],[26.3506,57.5178],[26.3478,57.5152],[26.3682,57.5166],[26.3717,57.515],[26.3683,57.5088],[26.3095,57.499],[26.3057,57.5098],[26.3186,57.5135],[26.3155,57.5195],[26.3215,57.5198],[26.3109,57.5227]]]}},{"type":"Feature","properties":{"code":"LV049","name":"Valmieras novads"},"geometry":{"type":"Polygon","coordinates":[[[25.4449,57.9951],[25.4786,57.9825],[25.4859,57.9748],[25.5196,57.9802],[25.5227,57.9745],[25.512,57.9698],[25.5171,57.9675],[25.5253,57.9719],[25.5514,57.9724],[25.557,57.9604],[25.5659,57.9627],[25.5654,57.9675],[25.5747,57.974],[25.5943,57.9596],[25.5805,57.9442],[25.6386,57.9307],[25.6488,57.9166],[25.6778,57.9124],[25.679,57.9044],[25.7033,57.9033],[25.6918,57.8855],[25.6806,57.887],[25.6759,57.8829],[25.6851,57.8786],[25.682,57.8646],[25.6769,57.862],[25.6815,57.858],[25.6676,57.8536],[25.6228,57.8644],[25.6116,57.8725],[25.6156,57.8744],[25.5831,57.8861],[25.5762,57.8847],[25.5719,57.8766],[25.5576,57.8829],[25.5469,57.8775],[25.5331,57.8797],[25.5302,57.8694],[25.516,57.8634],[25.5034,57.8654],[25.4911,57.8771],[25.4766,57.8596],[25.4901,57.8488],[25.5094,57.8423],[25.5413,57.8173],[25.5601,57.8187],[25.5714,57.8083],[25.5677,57.8002],[25.5491,57.7981],[25.5447,57.7873],[25.5688,57.7847],[25.5771,57.7777],[25.6224,57.7685],[25.6339,57.7616],[25.6355,57.7558],[25.6658,57.7457],[25.6772,57.7461],[25.7224,57.7274],[25.8119,57.737],[25.8394,57.7473],[25.8455,57.7417],[25.8363,57.736],[25.8409,57.7341],[25.8279,57.7024],[25.8597,57.703],[25.8554,57.6863],[25.9286,57.6778],[25.9267,57.6731],[25.9942,57.6665],[25.9889,57.6585],[25.9752,57.6617],[25.9799,57.6512],[25.9757,57.6487],[25.9781,57.6396],[25.9613,57.6297],[25.9642,57.6231],[25.9536,57.6252],[25.9494,57.6216],[25.9514,57.6176],[25.9439,57.6209],[25.9361,57.6116],[25.9261,57.6144],[25.9303,57.6099],[25.9134,57.6091],[25.9148,57.6055],[25.9067,57.5995],[25.8974,57.6028],[25.8908,57.5983],[25.8702,57.6033],[25.8522,57.6007],[25.8558,57.596],[25.9004,57.5927],[25.9165,57.5866],[25.9156,57.5684],[25.9119,57.5671],[25.9157,57.5592],[25.9025,57.5591],[25.8893,57.5458],[25.8767,57.5434],[25.873,57.538],[25.8981,57.5274],[25.9443,57.5335],[25.9462,57.5297],[25.9318,57.5261],[25.9414,57.522],[25.9382,57.5117],[25.9565,57.502],[25.9441,57.4954],[25.9486,57.4899],[25.9385,57.4776],[25.9241,57.4785],[25.9145,57.4696],[25.8935,57.4814],[25.9069,57.4895],[25.906,57.4948],[25.8953,57.4949],[25.9055,57.4999],[25.8876,57.4942],[25.896,57.4886],[25.8811,57.4926],[25.8246,57.4893],[25.7367,57.4998],[25.741,57.4945],[25.7246,57.4873],[25.7178,57.4896],[25.7194,57.4952],[25.6809,57.4859],[25.6823,57.4821],[25.6679,57.4735],[25.6753,57.4713],[25.6728,57.468],[25.5937,57.466],[25.5556,57.4521],[25.5564,57.4409],[25.552,57.4358],[25.5373,57.4313],[25.5283,57.4305],[25.5147,57.4511],[25.5061,57.454],[25.4544,57.4376],[25.4502,57.4423],[25.4408,57.4412],[25.4316,57.4466],[25.4273,57.4434],[25.4128,57.4493],[25.3953,57.4402],[25.4077,57.4392],[25.4026,57.4317],[25.3873,57.4285],[25.3938,57.4143],[25.4004,57.411],[25.3921,57.4014],[25.3827,57.3996],[25.3888,57.3877],[25.38,57.3898],[25.3767,57.3839],[25.3608,57.3901],[25.35,57.3835],[25.3454,57.3855],[25.3546,57.3924],[25.3389,57.4011],[25.3267,57.4007],[25.3294,57.4101],[25.3092,57.4081],[25.3122,57.4039],[25.3083,57.3993],[25.2891,57.3949],[25.2861,57.3997],[25.2723,57.3981],[25.2547,57.4164],[25.2466,57.4141],[25.224,57.4244],[25.2205,57.4122],[25.1919,57.4153],[25.1847,57.4306],[25.171,57.4418],[25.1333,57.4533],[25.1372,57.4576],[25.1354,57.4675],[25.1441,57.4793],[25.1418,57.4855],[25.1279,57.4886],[25.121,57.4961],[25.088,57.4897],[25.0759,57.5023],[25.088,57.5],[25.0907,57.5084],[25.0848,57.5146],[25.0789,57.5113],[25.0549,57.5163],[25.0555,57.5101],[25.0463,57.5099],[25.0474,57.5156],[25.041,57.5183],[25.0522,57.5177],[25.0604,57.5294],[25.0482,57.5298],[25.0407,57.544],[25.0273,57.5447],[25.0298,57.5516],[25.0077,57.563],[25.008,57.5707],[24.9165,57.5577],[24.9127,57.5674],[24.8998,57.5669],[24.8946,57.5727],[24.894,57.5866],[24.9055,57.5908],[24.8963,57.6061],[24.9012,57.6076],[24.9023,57.6147],[24.9291,57.6141],[24.9318,57.6093],[24.9755,57.6299],[24.9787,57.6401],[25.012,57.6389],[25.022,57.6431],[25.0229,57.6304],[25.0419,57.6238],[25.0614,57.6229],[25.0654,57.6253],[25.0623,57.6285],[25.0739,57.6325],[25.0776,57.6263],[25.0887,57.6288],[25.0469,57.6543],[25.0919,57.6549],[25.084,57.6604],[25.0859,57.6643],[25.0773,57.6677],[25.083,57.6724],[25.077,57.6778],[25.0996,57.6875],[25.0757,57.7003],[25.0628,57.7017],[25.0696,57.7055],[25.0672,57.7122],[25.076,57.7171],[25.077,57.7231],[25.0907,57.7285],[25.0858,57.7341],[25.1,57.738],[25.0764,57.7571],[25.0776,57.7748],[25.0546,57.7775],[25.0406,57.7874],[25.0241,57.7831],[25.0075,57.8008],[24.9932,57.8003],[24.998,57.8034],[24.975,57.8113],[24.9474,57.8062],[24.9559,57.8158],[24.9493,57.818],[24.9522,57.8245],[24.9467,57.8279],[24.9422,57.8246],[24.9444,57.8185],[24.9357,57.8165],[24.929,57.8228],[24.897,57.8277],[24.8987,57.8515],[24.8877,57.8522],[24.8938,57.8608],[24.8837,57.8685],[24.8881,57.8699],[24.8853,57.8754],[24.8889,57.8766],[24.8859,57.8821],[24.8777,57.8824],[24.8914,57.8945],[24.8739,57.8967],[24.8667,57.9045],[24.8482,57.9059],[24.8524,57.9093],[24.8341,57.9728],[24.9489,58.0094],[24.9947,58.011],[25.0204,58.0178],[25.077,58.0664],[25.1051,58.0662],[25.1058,58.0778],[25.1912,58.076],[25.1894,58.0799],[25.1994,58.0856],[25.2122,58.0808],[25.2166,58.074],[25.2037,58.065],[25.2055,58.0613],[25.2162,58.0596],[25.2175,58.0493],[25.2283,58.0535],[25.2173,58.0412],[25.2201,58.0289],[25.2255,58.0218],[25.2312,58.0249],[25.2446,58.0212],[25.2284,58.0181],[25.2459,58.003],[25.256,58.003],[25.2563,57.9938],[25.2828,57.9896],[25.3026,57.994],[25.2958,57.9998],[25.3024,58.0],[25.2971,58.0146],[25.3006,58.0154],[25.3037,58.0343],[25.2933,58.0464],[25.2649,58.0601],[25.2661,58.0672],[25.2812,58.07],[25.2868,58.0816],[25.3187,58.0695],[25.3639,58.0314],[25.4083,58.0291],[25.4486,58.0171],[25.4668,58.0052],[25.4479,58.0007],[25.4449,57.9951]]]}},{"type":"Feature","properties":{"code":"LV050","name":"Varakļānu novads"},"geometry":{"type":"Polygon","coordinates":[[[26.7664,56.6764],[26.7781,56.6653],[26.7746,56.6568],[26.7893,56.6483],[26.7716,56.6348],[26.777,56.6251],[26.7731,56.6216],[26.7919,56.6087],[26.7623,56.5975],[26.7379,56.5954],[26.7307,56.5895],[26.7355,56.5856],[26.7228,56.5777],[26.752,56.5618],[26.7432,56.5605],[26.7434,56.5433],[26.7355,56.5349],[26.7255,56.5356],[26.7237,56.5417],[26.7138,56.5458],[26.6182,56.5398],[26.6074,56.5579],[26.5843,56.5462],[26.5807,56.5506],[26.5841,56.5535],[26.5768,56.5597],[26.5943,56.5795],[26.5913,56.5903],[26.5985,56.5928],[26.4891,56.5997],[26.4019,56.6327],[26.3909,56.641],[26.3779,56.6415],[26.376,56.6724],[26.5151,56.6723],[26.5689,56.6895],[26.5857,56.6836],[26.606,56.6861],[26.6078,56.6967],[26.6217,56.6995],[26.6348,56.7116],[26.6626,56.7142],[26.6766,56.7097],[26.6964,56.7146],[26.6966,56.6964],[26.7664,56.6764]]]}},{"type":"Feature","properties":{"code":"LV051","name":"Ventspils pilsēta"},"geometry":{"type":"Polygon","coordinates":[[[21.5435,57.3615],[21.5372,57.3709],[21.5174,57.3788],[21.5288,57.3924],[21.53,57.3998],[21.5243,57.4053],[21.5269,57.4081],[21.5505,57.4045],[21.5658,57.4112],[21.5937,57.4303],[21.625,57.4697],[21.6341,57.4706],[21.6371,57.4611],[21.6543,57.4605],[21.6601,57.4406],[21.6529,57.4332],[21.6641,57.4304],[21.6735,57.4039],[21.6172,57.391],[21.6138,57.373],[21.6197,57.3559],[21.5966,57.3623],[21.5973,57.3706],[21.584,57.3666],[21.5841,57.3598],[21.5748,57.3597],[21.5724,57.348],[21.5465,57.358],[21.5331,57.351],[21.5435,57.3615]]]}},{"type":"Feature","properties":{"code":"LV052","name":"Ventspils novads"},"geometry":{"type":"Polygon","coordinates":[[[22.2028,57.4831],[22.1925,57.4732],[22.1655,57.4758],[22.1628,57.4718],[22.1724,57.4622],[22.1881,57.4599],[22.1772,57.45],[22.1295,57.4322],[22.0766,57.4245],[22.1325,57.4025],[22.1929,57.3954],[22.2469,57.4075],[22.2463,57.4],[22.2579,57.3846],[22.2661,57.3809],[22.2782,57.3863],[22.2841,57.3844],[22.2768,57.3824],[22.2896,57.3488],[22.2841,57.345],[22.2795,57.3248],[22.299,57.321],[22.3097,57.2899],[22.2996,57.2879],[22.3031,57.2868],[22.3009,57.2827],[22.3101,57.2771],[22.32,57.2788],[22.3113,57.2745],[22.3121,57.2687],[22.2689,57.2667],[22.2672,57.2591],[22.2574,57.2575],[22.2603,57.2499],[22.2367,57.2451],[22.2335,57.2374],[22.2373,57.2287],[22.2299,57.2198],[22.2111,57.2272],[22.2109,57.2175],[22.2052,57.2196],[22.2048,57.2118],[22.1955,57.2101],[22.193,57.2017],[22.1993,57.2024],[22.2006,57.1978],[22.1793,57.1983],[22.184,57.1901],[22.2101,57.1875],[22.2077,57.1684],[22.1991,57.1648],[22.2012,57.1531],[22.1904,57.1482],[22.1972,57.1413],[22.1884,57.1254],[22.1939,57.124],[22.179,57.1193],[22.1843,57.1159],[22.123,57.1104],[22.1287,57.1026],[22.0973,57.0992],[22.0694,57.0998],[22.0107,57.1174],[21.9975,57.104],[21.9606,57.1015],[21.9547,57.0933],[21.9465,57.0926],[21.9371,57.0982],[21.905,57.0959],[21.9031,57.0994],[21.8924,57.0955],[21.8972,57.094],[21.8941,57.0918],[21.8808,57.1001],[21.8469,57.1028],[21.8347,57.0995],[21.834,57.0923],[21.8273,57.0886],[21.7985,57.0888],[21.8021,57.0839],[21.7924,57.0809],[21.7842,57.0892],[21.7978,57.095],[21.7921,57.097],[21.7904,57.1049],[21.7363,57.1077],[21.7069,57.1228],[21.6943,57.1075],[21.6633,57.1121],[21.6673,57.1148],[21.6586,57.1205],[21.623,57.1129],[21.6304,57.1012],[21.6025,57.0936],[21.5969,57.0841],[21.5749,57.0894],[21.5381,57.0691],[21.5267,57.0767],[21.5079,57.0747],[21.5132,57.0593],[21.4831,57.0563],[21.4945,57.0242],[21.4654,57.021],[21.4843,56.9643],[21.4557,56.9614],[21.4609,56.9456],[21.3947,56.9388],[21.402,56.9471],[21.3843,56.9612],[21.369,56.9656],[21.3748,56.9676],[21.3506,56.9643],[21.35,56.9697],[21.3338,56.9756],[21.3736,57.0015],[21.4115,57.0546],[21.4174,57.0824],[21.4064,57.1749],[21.4144,57.2132],[21.4116,57.2678],[21.4195,57.2913],[21.4968,57.3561],[21.5174,57.3788],[21.539,57.3697],[21.5448,57.3598],[21.5352,57.3496],[21.5465,57.358],[21.5724,57.348],[21.5748,57.3597],[21.5841,57.3598],[21.5822,57.3647],[21.5917,57.3701],[21.5983,57.3706],[21.594,57.3658],[21.5966,57.3623],[21.6197,57.3559],[21.6146,57.3832],[21.6234,57.3946],[21.6735,57.4039],[21.6641,57.4304],[21.6529,57.4332],[21.6601,57.4406],[21.6543,57.4605],[21.6371,57.4611],[21.6341,57.4706],[21.625,57.4697],[21.6613,57.5061],[21.6867,57.5549],[21.7056,57.5699],[21.7237,57.5779],[21.8448,57.5982],[22.0026,57.6052],[22.1959,57.6571],[22.224,57.6322],[22.2088,57.6264],[22.2133,57.6241],[22.2079,57.6158],[22.2287,57.6278],[22.2564,57.6032],[22.2437,57.5972],[22.2474,57.5721],[22.2682,57.5557],[22.272,57.5251],[22.2819,57.5089],[22.282,57.5032],[22.2766,57.5013],[22.2428,57.5006],[22.2028,57.4831]]]}},{"type":"Feature","properties":{"code":"LV801","name":"Gulf of Riga south"},"geometry":{"type":"Polygon","coordinates":[[[23.5429,56.9826],[23.5207,57.0072],[23.1884,57.2883],[23.1628,57.3158],[23.7551,57.3692],[24.3892,57.4154],[24.4006,57.3816],[24.4093,57.2701],[24.391,57.2359],[24.3212,57.1833],[24.2216,57.1289],[24.1389,57.092],[24.0115,57.0528],[23.9401,56.9902],[23.8974,56.9762],[23.6551,56.9618],[23.6194,56.9648],[23.5429,56.9826]]]}},{"type":"Feature","properties":{"code":"LV802","name":"Gulf of Riga east"},"geometry":{"type":"Polygon","coordinates":[[[24.3505,57.8777],[24.3941,57.4445],[24.3892,57.4154],[23.7551,57.3692],[23.7441,57.3994],[23.6208,57.6218],[23.5902,57.6561],[23.5997,57.6928],[23.6156,57.8978],[24.325,57.8728],[24.3505,57.8777]]]}},{"type":"Feature","properties":{"code":"LV803","name":"Central Baltic east"},"geometry":{"type":"Polygon","coordinates":[[[22.0694,57.7709],[22.0618,57.7387],[22.0668,57.6799],[22.075,57.6518],[21.7551,57.5841],[21.7122,57.5713],[21.6788,57.5482],[21.4147,57.2842],[21.0665,56.8468],[21.0531,56.8225],[20.9925,56.5326],[20.9734,56.3806],[20.981,56.2376],[20.9918,56.1992],[21.0487,56.0975],[21.0541,56.0674],[20.3937,56.0306],[20.3595,56.0328],[20.3053,56.2108],[20.3106,56.2584],[20.4,56.6077],[20.5206,56.9793],[20.531,57.0031],[21.037,57.6079],[21.2533,57.7955],[21.298,57.8041],[21.6507,57.8319],[22.0346,57.772],[22.0694,57.7709]]]}},{"type":"Feature","properties":{"code":"LV804","name":"Gulf of Riga west"},"geometry":{"type":"Polygon","coordinates":[[[23.5902,57.6561],[23.6208,57.6218],[23.7441,57.3994],[23.7551,57.3692],[23.1628,57.3158],[22.9273,57.428],[22.6649,57.5699],[22.6299,57.5955],[22.6035,57.6244],[22.5865,57.6533],[22.5784,57.6911],[22.5926,57.7527],[22.5594,57.7522],[22.075,57.6518],[22.0668,57.6799],[22.0618,57.7387],[22.0694,57.7709],[22.3939,57.8626],[22.5487,57.9204],[22.6827,57.9347],[22.7503,57.9053],[22.8749,57.817],[22.9401,57.7346],[22.9607,57.7187],[23.1169,57.6181],[23.1937,57.5896],[23.2397,57.5868],[23.4009,57.5921],[23.5531,57.6474],[23.5902,57.6561]]]}}]}