{"type":"FeatureCollection","features":[{"type":"Feature","properties":{"code":"PL0201","name":"bolesławiecki"},"geometry":{"type":"Polygon","coordinates":[[[15.715,51.5202],[15.7948,51.5037],[15.8229,51.4838],[15.8449,51.4598],[15.8507,51.3829],[15.8179,51.3628],[15.7836,51.3308],[15.7616,51.2976],[15.7493,51.2694],[15.7583,51.2122],[15.721,51.1829],[15.698,51.1551],[15.6388,51.1815],[15.5454,51.1867],[15.5132,51.1744],[15.4603,51.1406],[15.4236,51.1314],[15.3975,51.1676],[15.3586,51.1775],[15.2082,51.1892],[15.2523,51.255],[15.3274,51.2632],[15.3097,51.2922],[15.2646,51.3467],[15.251,51.3749],[15.2644,51.4059],[15.2673,51.432],[15.2992,51.4234],[15.3277,51.4246],[15.3785,51.5167],[15.4098,51.5269],[15.461,51.5269],[15.4938,51.5219],[15.5791,51.4622],[15.6074,51.4516],[15.715,51.5202]]]}},{"type":"Feature","properties":{"code":"PL0202","name":"dzierżoniowski"},"geometry":{"type":"Polygon","coordinates":[[[16.8915,50.8101],[16.8879,50.7649],[16.873,50.6873],[16.8466,50.6743],[16.7595,50.6559],[16.6133,50.6355],[16.5856,50.6255],[16.5096,50.6646],[16.4774,50.6721],[16.4878,50.7064],[16.5241,50.7325],[16.5602,50.7513],[16.5892,50.8175],[16.6751,50.8254],[16.6952,50.8544],[16.72,50.8385],[16.8915,50.8101]]]}},{"type":"Feature","properties":{"code":"PL0203","name":"głogowski"},"geometry":{"type":"Polygon","coordinates":[[[16.2777,51.6623],[16.3316,51.6122],[16.3125,51.5917],[16.2882,51.6081],[16.2266,51.6248],[16.1932,51.6265],[16.0051,51.5471],[15.9924,51.5771],[15.9879,51.6202],[15.9211,51.6622],[15.8797,51.6635],[15.8408,51.6706],[15.8583,51.6963],[15.8833,51.721],[15.9649,51.745],[15.9726,51.7829],[16.0053,51.7989],[16.0368,51.798],[16.176,51.7367],[16.2777,51.6623]]]}},{"type":"Feature","properties":{"code":"PL0204","name":"górowski"},"geometry":{"type":"Polygon","coordinates":[[[16.6713,51.6995],[16.6514,51.663],[16.6914,51.646],[16.7352,51.6448],[16.7755,51.6349],[16.8015,51.6032],[16.8204,51.5663],[16.7664,51.4891],[16.7367,51.4875],[16.4867,51.5155],[16.4508,51.5445],[16.4037,51.5934],[16.3767,51.6095],[16.3316,51.6122],[16.2777,51.6623],[16.4084,51.782],[16.5657,51.7689],[16.6484,51.7241],[16.6713,51.6995]]]}},{"type":"Feature","properties":{"code":"PL0205","name":"jaworski"},"geometry":{"type":"Polygon","coordinates":[[[16.4307,51.1296],[16.4551,51.111],[16.4656,51.0844],[16.4035,51.0609],[16.3558,51.0628],[16.3377,51.0356],[16.3138,51.0263],[16.2539,51.0209],[16.2148,51.0116],[16.1838,50.9795],[16.1644,50.946],[16.1834,50.9134],[16.2111,50.8848],[16.137,50.8577],[16.0939,50.8609],[16.066,50.8846],[15.957,50.8979],[15.9404,50.9192],[15.9669,50.9473],[15.9927,50.9852],[15.9705,51.0209],[15.9405,51.0517],[15.9609,51.0673],[16.0137,51.0832],[16.0386,51.1109],[16.1023,51.1046],[16.1303,51.1225],[16.1618,51.1312],[16.2436,51.1003],[16.3084,51.122],[16.3329,51.1429],[16.4307,51.1296]]]}},{"type":"Feature","properties":{"code":"PL0206","name":"jeleniogórski"},"geometry":{"type":"Polygon","coordinates":[[[15.9404,50.9192],[15.957,50.8979],[15.9579,50.8606],[15.9389,50.8299],[15.8667,50.7512],[15.8359,50.7342],[15.8053,50.7518],[15.7286,50.7333],[15.6109,50.7669],[15.639,50.7989],[15.6642,50.8392],[15.6999,50.853],[15.7827,50.8695],[15.8672,50.8985],[15.8252,50.9187],[15.7859,50.9207],[15.6759,50.9114],[15.6526,50.8923],[15.5847,50.8036],[15.5704,50.7782],[15.5331,50.7774],[15.4592,50.8003],[15.429,50.8021],[15.393,50.7829],[15.3762,50.8127],[15.371,50.8379],[15.5114,50.9319],[15.554,50.9427],[15.6751,50.9588],[15.7029,50.9675],[15.7561,51.0189],[15.7922,50.9903],[15.9404,50.9192]]]}},{"type":"Feature","properties":{"code":"PL0207","name":"kamiennogórski"},"geometry":{"type":"Polygon","coordinates":[[[16.0939,50.8609],[16.0814,50.8204],[16.0851,50.7719],[16.1204,50.724],[16.1638,50.6988],[16.1423,50.6795],[16.113,50.6667],[16.0632,50.6216],[16.0353,50.6063],[16.0039,50.6243],[15.9983,50.6637],[15.9803,50.6869],[15.9542,50.6917],[15.8928,50.6768],[15.8527,50.6922],[15.8359,50.7342],[15.8667,50.7512],[15.9389,50.8299],[15.9579,50.8606],[15.957,50.8979],[16.066,50.8846],[16.0939,50.8609]]]}},{"type":"Feature","properties":{"code":"PL0208","name":"kłodzki"},"geometry":{"type":"Polygon","coordinates":[[[16.5856,50.6255],[16.7969,50.4098],[16.8334,50.403],[16.8714,50.4046],[16.9039,50.3899],[16.9247,50.3738],[16.9942,50.3078],[17.0103,50.2749],[17.0147,50.2325],[16.9728,50.2225],[16.8747,50.2102],[16.8472,50.1996],[16.8142,50.1713],[16.7373,50.1203],[16.6987,50.1009],[16.6179,50.1289],[16.592,50.1428],[16.5508,50.2208],[16.5215,50.2481],[16.3843,50.3531],[16.3568,50.3663],[16.2795,50.3714],[16.2046,50.4389],[16.2298,50.4549],[16.3832,50.5213],[16.4076,50.5358],[16.4283,50.5604],[16.4311,50.5892],[16.3841,50.6336],[16.4774,50.6721],[16.5096,50.6646],[16.5856,50.6255]]]}},{"type":"Feature","properties":{"code":"PL0209","name":"legnicki"},"geometry":{"type":"Polygon","coordinates":[[[16.0234,51.3318],[16.0434,51.315],[16.0789,51.3012],[16.1109,51.2972],[16.3145,51.2944],[16.3421,51.31],[16.3694,51.3181],[16.4062,51.2977],[16.4643,51.2553],[16.4665,51.2164],[16.4528,51.1681],[16.4307,51.1296],[16.3329,51.1429],[16.3084,51.122],[16.2436,51.1003],[16.1618,51.1312],[16.1303,51.1225],[16.1023,51.1046],[16.0386,51.1109],[16.0366,51.153],[16.0405,51.1888],[16.0562,51.2157],[16.0265,51.2237],[15.9442,51.2074],[15.851,51.2469],[15.82,51.2515],[15.7583,51.2122],[15.7493,51.2694],[15.7616,51.2976],[15.7836,51.3308],[15.8179,51.3628],[15.8507,51.3829],[15.9803,51.3373],[16.0234,51.3318]],[[16.1031,51.1903],[16.1328,51.1703],[16.1888,51.1648],[16.2119,51.1839],[16.2268,51.2084],[16.2196,51.2392],[16.1922,51.2431],[16.1571,51.2407],[16.1031,51.1903]]]}},{"type":"Feature","properties":{"code":"PL0210","name":"lubański"},"geometry":{"type":"Polygon","coordinates":[[[15.4236,51.1314],[15.4195,51.097],[15.3988,51.0372],[15.377,51.0018],[15.3352,50.9909],[15.3098,50.9756],[15.339,50.9083],[15.3,50.8957],[15.2722,50.9228],[15.285,50.9476],[15.2702,50.9697],[15.2395,50.9912],[15.1951,50.9845],[15.1659,51.0112],[15.1308,51.1064],[15.152,51.1454],[15.1748,51.1688],[15.2082,51.1892],[15.3586,51.1775],[15.3975,51.1676],[15.4236,51.1314]]]}},{"type":"Feature","properties":{"code":"PL0211","name":"lubiński"},"geometry":{"type":"Polygon","coordinates":[[[16.4867,51.5155],[16.4536,51.4713],[16.4594,51.3426],[16.4386,51.3098],[16.4062,51.2977],[16.3694,51.3181],[16.3421,51.31],[16.3145,51.2944],[16.2714,51.2921],[16.1109,51.2972],[16.0789,51.3012],[16.0434,51.315],[16.0234,51.3318],[16.1019,51.3951],[16.0959,51.4592],[16.157,51.4748],[16.1957,51.4906],[16.295,51.5719],[16.3316,51.6122],[16.3767,51.6095],[16.4037,51.5934],[16.4508,51.5445],[16.4867,51.5155]]]}},{"type":"Feature","properties":{"code":"PL0212","name":"lwówecki"},"geometry":{"type":"Polygon","coordinates":[[[15.698,51.1551],[15.7291,51.1284],[15.749,51.0603],[15.7561,51.0189],[15.7029,50.9675],[15.6751,50.9588],[15.554,50.9427],[15.5114,50.9319],[15.371,50.8379],[15.3148,50.8597],[15.3,50.8957],[15.339,50.9083],[15.3098,50.9756],[15.3352,50.9909],[15.377,51.0018],[15.3988,51.0372],[15.4195,51.097],[15.4236,51.1314],[15.4603,51.1406],[15.5132,51.1744],[15.5454,51.1867],[15.6388,51.1815],[15.698,51.1551]]]}},{"type":"Feature","properties":{"code":"PL0213","name":"milicki"},"geometry":{"type":"Polygon","coordinates":[[[17.5611,51.5779],[17.5729,51.5443],[17.5588,51.5223],[17.5259,51.5097],[17.5214,51.4819],[17.526,51.4565],[17.45,51.4369],[17.4177,51.4224],[17.3794,51.3791],[17.3451,51.3712],[17.3083,51.3741],[17.2684,51.392],[17.1396,51.4278],[17.1187,51.4483],[17.0608,51.5234],[17.024,51.5491],[17.0542,51.5613],[17.2061,51.5726],[17.2225,51.5969],[17.2346,51.6295],[17.2717,51.6406],[17.3061,51.6446],[17.3397,51.6452],[17.5049,51.6113],[17.5611,51.5779]]]}},{"type":"Feature","properties":{"code":"PL0214","name":"oleśnicki"},"geometry":{"type":"Polygon","coordinates":[[[17.7404,51.3997],[17.7149,51.363],[17.7284,51.3396],[17.7546,51.3139],[17.748,51.2517],[17.7879,51.1944],[17.6762,51.1622],[17.6139,51.1851],[17.5827,51.1756],[17.5524,51.1469],[17.5672,51.1084],[17.5732,51.0774],[17.5124,51.0532],[17.4256,51.0947],[17.3938,51.0984],[17.3539,51.093],[17.3478,51.1189],[17.3126,51.2068],[17.283,51.2267],[17.2328,51.2504],[17.2441,51.2742],[17.255,51.3272],[17.2704,51.356],[17.3083,51.3741],[17.3451,51.3712],[17.3794,51.3791],[17.4177,51.4224],[17.45,51.4369],[17.526,51.4565],[17.5642,51.4109],[17.6014,51.4178],[17.6458,51.4135],[17.6908,51.4017],[17.7404,51.3997]]]}},{"type":"Feature","properties":{"code":"PL0215","name":"oławski"},"geometry":{"type":"Polygon","coordinates":[[[17.5124,51.0532],[17.5269,51.0314],[17.5315,50.999],[17.456,50.9692],[17.387,50.8904],[17.3081,50.8148],[17.2456,50.858],[17.2129,50.861],[17.1613,50.8557],[17.1229,50.8623],[17.0759,50.8996],[17.0997,50.9237],[17.3539,51.093],[17.3938,51.0984],[17.4256,51.0947],[17.5124,51.0532]]]}},{"type":"Feature","properties":{"code":"PL0216","name":"polkowicki"},"geometry":{"type":"Polygon","coordinates":[[[16.3125,51.5917],[16.295,51.5719],[16.1957,51.4906],[16.157,51.4748],[16.0959,51.4592],[16.1019,51.3951],[16.0234,51.3318],[15.9803,51.3373],[15.8507,51.3829],[15.8449,51.4598],[15.8229,51.4838],[15.7948,51.5037],[15.715,51.5202],[15.7277,51.5431],[15.7664,51.5598],[15.8116,51.5704],[15.8325,51.6074],[15.8422,51.6416],[15.8408,51.6706],[15.8797,51.6635],[15.9211,51.6622],[15.9879,51.6202],[15.9924,51.5771],[16.0051,51.5471],[16.1932,51.6265],[16.2266,51.6248],[16.2882,51.6081],[16.3125,51.5917]]]}},{"type":"Feature","properties":{"code":"PL0217","name":"strzeliński"},"geometry":{"type":"Polygon","coordinates":[[[17.0759,50.8996],[17.1229,50.8623],[17.1613,50.8557],[17.2129,50.861],[17.2456,50.858],[17.2731,50.8356],[17.3457,50.7923],[17.2731,50.7763],[17.2885,50.7453],[17.2416,50.6663],[17.2185,50.5968],[17.1892,50.6131],[17.1597,50.6177],[17.1295,50.6531],[17.0971,50.6697],[17.0144,50.6925],[16.9047,50.7062],[16.8794,50.7207],[16.8915,50.8101],[16.9439,50.8753],[16.9715,50.9001],[16.9965,50.9112],[17.0759,50.8996]]]}},{"type":"Feature","properties":{"code":"PL0218","name":"średzki"},"geometry":{"type":"Polygon","coordinates":[[[16.8109,51.2528],[16.8715,51.2242],[16.8904,51.2042],[16.8306,51.1758],[16.8155,51.1415],[16.8098,51.1039],[16.7886,51.0835],[16.6338,51.0153],[16.6099,50.9894],[16.5786,50.9988],[16.4986,50.9942],[16.3687,51.0215],[16.3377,51.0356],[16.3558,51.0628],[16.4035,51.0609],[16.4656,51.0844],[16.4551,51.111],[16.4307,51.1296],[16.4528,51.1681],[16.4665,51.2164],[16.5013,51.2271],[16.654,51.2462],[16.7705,51.2557],[16.8109,51.2528]]]}},{"type":"Feature","properties":{"code":"PL0219","name":"świdnicki"},"geometry":{"type":"Polygon","coordinates":[[[16.6099,50.9894],[16.5993,50.9564],[16.5822,50.9256],[16.6105,50.9253],[16.6785,50.9368],[16.6918,50.9026],[16.6952,50.8544],[16.6751,50.8254],[16.5892,50.8175],[16.5602,50.7513],[16.5241,50.7325],[16.4878,50.7064],[16.4691,50.7281],[16.4411,50.7487],[16.3592,50.7882],[16.3327,50.8394],[16.2976,50.8473],[16.2496,50.876],[16.2111,50.8848],[16.1834,50.9134],[16.1644,50.946],[16.1838,50.9795],[16.2148,51.0116],[16.2539,51.0209],[16.3138,51.0263],[16.3377,51.0356],[16.3687,51.0215],[16.4986,50.9942],[16.5786,50.9988],[16.6099,50.9894]]]}},{"type":"Feature","properties":{"code":"PL0220","name":"trzebnicki"},"geometry":{"type":"Polygon","coordinates":[[[17.024,51.5491],[17.0608,51.5234],[17.1187,51.4483],[17.1396,51.4278],[17.2684,51.392],[17.3083,51.3741],[17.2704,51.356],[17.255,51.3272],[17.2441,51.2742],[17.2328,51.2504],[17.2025,51.2647],[17.1706,51.2709],[17.0787,51.2349],[17.0829,51.2087],[17.0984,51.1759],[17.074,51.1656],[16.9343,51.2004],[16.8904,51.2042],[16.8715,51.2242],[16.8109,51.2528],[16.8031,51.2966],[16.8038,51.3444],[16.7713,51.4567],[16.7664,51.4891],[16.8204,51.5663],[16.8526,51.5738],[16.8863,51.5769],[16.9632,51.5573],[17.024,51.5491]]]}},{"type":"Feature","properties":{"code":"PL0221","name":"wałbrzyski"},"geometry":{"type":"Polygon","coordinates":[[[16.2735,50.8634],[16.2445,50.7869],[16.2426,50.7532],[16.2702,50.7221],[16.3082,50.728],[16.3592,50.7882],[16.4411,50.7487],[16.4691,50.7281],[16.4878,50.7064],[16.4774,50.6721],[16.3841,50.6336],[16.3505,50.654],[16.315,50.6633],[16.2609,50.6683],[16.2263,50.6661],[16.1961,50.647],[16.1658,50.6362],[16.1353,50.6498],[16.113,50.6667],[16.1423,50.6795],[16.1638,50.6988],[16.1204,50.724],[16.0851,50.7719],[16.0814,50.8204],[16.0939,50.8609],[16.137,50.8577],[16.2111,50.8848],[16.2496,50.876],[16.2735,50.8634]]]}},{"type":"Feature","properties":{"code":"PL0222","name":"wołowski"},"geometry":{"type":"Polygon","coordinates":[[[16.7664,51.4891],[16.7713,51.4567],[16.8038,51.3444],[16.8031,51.2966],[16.8109,51.2528],[16.7705,51.2557],[16.654,51.2462],[16.5013,51.2271],[16.4665,51.2164],[16.4643,51.2553],[16.4062,51.2977],[16.4386,51.3098],[16.4594,51.3426],[16.4536,51.4713],[16.4867,51.5155],[16.7367,51.4875],[16.7664,51.4891]]]}},{"type":"Feature","properties":{"code":"PL0223","name":"wrocławski"},"geometry":{"type":"Polygon","coordinates":[[[17.2025,51.2647],[17.283,51.2267],[17.3126,51.2068],[17.3478,51.1189],[17.3539,51.093],[17.0997,50.9237],[17.0759,50.8996],[16.9965,50.9112],[16.9715,50.9001],[16.9135,50.8413],[16.8915,50.8101],[16.72,50.8385],[16.6952,50.8544],[16.6918,50.9026],[16.6785,50.9368],[16.6105,50.9253],[16.5822,50.9256],[16.5993,50.9564],[16.6099,50.9894],[16.6338,51.0153],[16.7886,51.0835],[16.8098,51.1039],[16.8387,51.1082],[16.9318,51.0909],[16.9861,51.0571],[17.0361,51.0519],[17.0714,51.0559],[17.11,51.0674],[17.1685,51.1054],[17.1445,51.1262],[17.139,51.1683],[17.0984,51.1759],[17.0829,51.2087],[17.0787,51.2349],[17.1706,51.2709],[17.2025,51.2647]]]}},{"type":"Feature","properties":{"code":"PL0224","name":"ząbkowicki"},"geometry":{"type":"Polygon","coordinates":[[[17.1597,50.6177],[17.1317,50.6083],[17.1105,50.5906],[17.0966,50.569],[17.067,50.4915],[17.0325,50.4762],[16.9754,50.4787],[16.938,50.472],[16.9187,50.449],[16.8919,50.4328],[16.8714,50.4046],[16.8334,50.403],[16.7969,50.4098],[16.5856,50.6255],[16.6133,50.6355],[16.7595,50.6559],[16.8466,50.6743],[16.873,50.6873],[16.8794,50.7207],[16.9047,50.7062],[17.0144,50.6925],[17.0971,50.6697],[17.1295,50.6531],[17.1597,50.6177]]]}},{"type":"Feature","properties":{"code":"PL0225","name":"zgorzelecki"},"geometry":{"type":"Polygon","coordinates":[[[15.2673,51.432],[15.2644,51.4059],[15.251,51.3749],[15.2646,51.3467],[15.3097,51.2922],[15.3274,51.2632],[15.2523,51.255],[15.2082,51.1892],[15.1748,51.1688],[15.152,51.1454],[15.1308,51.1064],[15.1659,51.0112],[15.13,50.9996],[15.0954,51.0041],[15.0604,51.0196],[15.0142,51.0209],[14.9799,51.0007],[15.0105,50.9446],[15.0094,50.9131],[15.004,50.8779],[14.9734,50.8637],[14.8166,50.8721],[14.8352,50.8987],[14.8901,50.938],[14.9134,50.9731],[14.9565,51.0553],[15.0152,51.207],[15.025,51.2563],[15.021,51.3061],[14.9768,51.359],[15.0207,51.375],[15.0763,51.4217],[15.1953,51.4557],[15.2673,51.432]]]}},{"type":"Feature","properties":{"code":"PL0226","name":"złotoryjski"},"geometry":{"type":"Polygon","coordinates":[[[16.0386,51.1109],[16.0137,51.0832],[15.9609,51.0673],[15.9405,51.0517],[15.9705,51.0209],[15.9927,50.9852],[15.9669,50.9473],[15.9404,50.9192],[15.7922,50.9903],[15.7561,51.0189],[15.749,51.0603],[15.7291,51.1284],[15.698,51.1551],[15.721,51.1829],[15.82,51.2515],[15.851,51.2469],[15.9442,51.2074],[16.0265,51.2237],[16.0562,51.2157],[16.0405,51.1888],[16.0366,51.153],[16.0386,51.1109]]]}},{"type":"Feature","properties":{"code":"PL0261","name":"Jelenia Góra"},"geometry":{"type":"Polygon","coordinates":[[[15.6109,50.7669],[15.5704,50.7782],[15.5847,50.8036],[15.6526,50.8923],[15.6759,50.9114],[15.7859,50.9207],[15.8252,50.9187],[15.8672,50.8985],[15.7827,50.8695],[15.6999,50.853],[15.6642,50.8392],[15.639,50.7989],[15.6109,50.7669]]]}},{"type":"Feature","properties":{"code":"PL0262","name":"Legnica"},"geometry":{"type":"Polygon","coordinates":[[[16.1031,51.1903],[16.1571,51.2407],[16.1922,51.2431],[16.2196,51.2392],[16.2268,51.2084],[16.2119,51.1839],[16.1888,51.1648],[16.1328,51.1703],[16.1031,51.1903]]]}},{"type":"Feature","properties":{"code":"PL0264","name":"Wrocław"},"geometry":{"type":"Polygon","coordinates":[[[17.0984,51.1759],[17.139,51.1683],[17.1445,51.1262],[17.1685,51.1054],[17.11,51.0674],[17.0714,51.0559],[17.0361,51.0519],[16.9861,51.0571],[16.9318,51.0909],[16.8387,51.1082],[16.8098,51.1039],[16.8155,51.1415],[16.8306,51.1758],[16.8904,51.2042],[16.9343,51.2004],[17.074,51.1656],[17.0984,51.1759]]]}},{"type":"Feature","properties":{"code":"PL0265","name":"Wałbrzych"},"geometry":{"type":"Polygon","coordinates":[[[16.3592,50.7882],[16.3082,50.728],[16.2702,50.7221],[16.2426,50.7532],[16.2445,50.7869],[16.2735,50.8634],[16.2976,50.8473],[16.3327,50.8394],[16.3592,50.7882]]]}},{"type":"Feature","properties":{"code":"PL0401","name":"aleksandrowski"},"geometry":{"type":"Polygon","coordinates":[[[18.8999,52.8456],[18.9407,52.7771],[18.9119,52.7785],[18.8605,52.7715],[18.8374,52.7557],[18.848,52.7064],[18.8488,52.664],[18.8178,52.6428],[18.7955,52.6661],[18.7441,52.6954],[18.7155,52.7088],[18.678,52.7182],[18.6409,52.7243],[18.4983,52.7056],[18.501,52.7379],[18.5253,52.7486],[18.5772,52.7515],[18.6124,52.7677],[18.593,52.7989],[18.5527,52.8187],[18.5541,52.8664],[18.5829,52.862],[18.6152,52.8716],[18.7163,52.9267],[18.7508,52.9189],[18.8999,52.8456]]]}},{"type":"Feature","properties":{"code":"PL0402","name":"brodnicki"},"geometry":{"type":"Polygon","coordinates":[[[19.7144,53.3049],[19.6918,53.2437],[19.7048,53.2203],[19.7807,53.1533],[19.6521,53.1137],[19.6187,53.1131],[19.5949,53.0966],[19.5628,53.0928],[19.3997,53.1037],[19.3689,53.1103],[19.351,53.1339],[19.3182,53.2094],[19.2465,53.1982],[19.2166,53.2242],[19.1831,53.2288],[19.1479,53.2272],[19.1371,53.2618],[19.1272,53.3276],[19.1091,53.3841],[19.1451,53.4246],[19.1837,53.4461],[19.2258,53.4492],[19.2451,53.4175],[19.2658,53.3968],[19.3682,53.4089],[19.3996,53.3904],[19.4263,53.3639],[19.4649,53.3614],[19.5074,53.3668],[19.5294,53.3302],[19.6572,53.3346],[19.6962,53.3271],[19.7144,53.3049]]]}},{"type":"Feature","properties":{"code":"PL0403","name":"bydgoski"},"geometry":{"type":"Polygon","coordinates":[[[18.0354,53.3966],[18.076,53.3449],[18.2123,53.2774],[18.2729,53.2546],[18.3484,53.1996],[18.3714,53.1766],[18.345,53.1637],[18.1559,53.1006],[18.1386,53.1248],[18.1648,53.1479],[18.1856,53.1763],[18.1442,53.1757],[18.0999,53.1659],[17.9821,53.1767],[17.9699,53.2069],[17.9448,53.1869],[17.9506,53.1533],[17.9169,53.1503],[17.8895,53.1422],[17.9099,53.1253],[18.0172,53.0965],[18.0475,53.0506],[18.1187,53.0557],[18.1405,53.0712],[18.1559,53.1006],[18.3142,53.074],[18.3747,53.051],[18.399,53.0364],[18.377,52.9969],[18.3444,52.9828],[18.1441,52.9503],[18.0361,52.9593],[17.9997,52.9576],[17.988,52.9923],[17.968,53.0224],[17.9305,53.0352],[17.8986,53.0395],[17.873,53.0348],[17.8578,53.0597],[17.7008,53.1988],[17.6768,53.2254],[17.6861,53.2554],[17.7181,53.3152],[17.7106,53.3471],[17.7131,53.3748],[17.7697,53.4017],[17.779,53.4259],[17.8537,53.4189],[17.8865,53.4325],[17.9203,53.4359],[17.9707,53.399],[18.0089,53.391],[18.0354,53.3966]]]}},{"type":"Feature","properties":{"code":"PL0404","name":"chełmiński"},"geometry":{"type":"Polygon","coordinates":[[[18.7193,53.3671],[18.7056,53.3411],[18.7319,53.3096],[18.7311,53.2619],[18.3714,53.1766],[18.3484,53.1996],[18.2729,53.2546],[18.2953,53.2703],[18.3652,53.3432],[18.4639,53.3947],[18.5553,53.4228],[18.6332,53.4292],[18.6174,53.4043],[18.6936,53.3856],[18.7193,53.3671]]]}},{"type":"Feature","properties":{"code":"PL0405","name":"golubsko-dobrzyński"},"geometry":{"type":"Polygon","coordinates":[[[19.2465,53.1982],[19.2207,53.1741],[19.2063,53.1372],[19.2425,53.1043],[19.1949,53.0598],[19.2027,53.0308],[19.2314,53.0034],[19.2053,52.9869],[19.1489,52.9627],[19.1181,52.9642],[19.0454,52.9887],[18.9885,52.981],[18.9538,52.9824],[18.7716,53.137],[18.7536,53.1662],[18.7719,53.201],[18.8251,53.1733],[18.8599,53.1699],[19.0459,53.1761],[19.1479,53.2272],[19.1831,53.2288],[19.2166,53.2242],[19.2465,53.1982]]]}},{"type":"Feature","properties":{"code":"PL0406","name":"grudziądzki"},"geometry":{"type":"Polygon","coordinates":[[[19.1385,53.5855],[19.2107,53.5232],[19.1948,53.5002],[19.2258,53.4492],[19.1837,53.4461],[19.1451,53.4246],[19.1091,53.3841],[19.0722,53.3832],[19.0414,53.3575],[19.0091,53.3505],[18.8999,53.3424],[18.8298,53.3775],[18.7966,53.378],[18.7193,53.3671],[18.6936,53.3856],[18.6174,53.4043],[18.6332,53.4292],[18.7075,53.4566],[18.72,53.4295],[18.7557,53.4256],[18.7945,53.4347],[18.7947,53.4651],[18.8592,53.4979],[18.8334,53.517],[18.7572,53.5128],[18.7622,53.5775],[18.7565,53.6096],[18.7944,53.6012],[18.9298,53.5886],[19.1385,53.5855]]]}},{"type":"Feature","properties":{"code":"PL0407","name":"inowrocławski"},"geometry":{"type":"Polygon","coordinates":[[[18.5541,52.8664],[18.5527,52.8187],[18.593,52.7989],[18.6124,52.7677],[18.5772,52.7515],[18.5253,52.7486],[18.501,52.7379],[18.4983,52.7056],[18.4733,52.6912],[18.4701,52.6609],[18.4733,52.6058],[18.4656,52.5743],[18.3811,52.5389],[18.3416,52.5361],[18.3539,52.5793],[18.3226,52.5958],[18.2523,52.6052],[18.2204,52.7234],[18.1845,52.7143],[18.1369,52.6941],[18.0178,52.6888],[18.0172,52.7397],[18.0224,52.7707],[18.002,52.7946],[18.0422,52.8066],[18.065,52.8376],[18.0554,52.8703],[18.0324,52.9007],[17.9752,52.9243],[17.9997,52.9576],[18.0361,52.9593],[18.1441,52.9503],[18.3444,52.9828],[18.377,52.9969],[18.3982,52.9703],[18.532,52.892],[18.5541,52.8664]]]}},{"type":"Feature","properties":{"code":"PL0408","name":"lipnowski"},"geometry":{"type":"Polygon","coordinates":[[[19.4478,52.934],[19.4718,52.9073],[19.4911,52.8696],[19.4275,52.8299],[19.5003,52.7658],[19.5128,52.7395],[19.5134,52.7084],[19.4721,52.7151],[19.4365,52.7143],[19.4045,52.6539],[19.3807,52.6277],[19.1724,52.6534],[19.1788,52.6894],[19.1662,52.7284],[19.1389,52.74],[19.0652,52.7358],[19.0337,52.7275],[19.0076,52.7117],[18.9581,52.7376],[18.9407,52.7771],[18.8999,52.8456],[18.9332,52.8363],[19.0309,52.8542],[19.0536,52.8831],[19.027,52.9462],[19.0552,52.9588],[19.0778,52.9804],[19.1181,52.9642],[19.1489,52.9627],[19.2053,52.9869],[19.2314,53.0034],[19.2879,52.9738],[19.3038,52.9505],[19.3324,52.943],[19.4478,52.934]]]}},{"type":"Feature","properties":{"code":"PL0409","name":"mogileński"},"geometry":{"type":"Polygon","coordinates":[[[18.002,52.7946],[18.0224,52.7707],[18.0172,52.7397],[18.0178,52.6888],[18.1369,52.6941],[18.1845,52.7143],[18.2204,52.7234],[18.2523,52.6052],[18.3226,52.5958],[18.3539,52.5793],[18.3416,52.5361],[18.265,52.4844],[18.2088,52.4976],[18.1388,52.5069],[18.1015,52.5436],[18.0674,52.5525],[17.9738,52.5501],[17.9507,52.5774],[17.8615,52.634],[17.7779,52.648],[17.8285,52.7099],[17.9038,52.7482],[17.8916,52.8233],[17.9171,52.8334],[17.9436,52.8354],[18.002,52.7946]]]}},{"type":"Feature","properties":{"code":"PL0410","name":"nakielski"},"geometry":{"type":"Polygon","coordinates":[[[17.873,53.0348],[17.8594,53.0115],[17.7694,52.9289],[17.7421,52.9211],[17.5817,52.9036],[17.5087,52.9123],[17.4903,52.9391],[17.4518,52.954],[17.3264,52.9719],[17.3177,52.9995],[17.3262,53.0809],[17.3807,53.1397],[17.3634,53.1757],[17.3382,53.2079],[17.3612,53.226],[17.4182,53.2473],[17.4329,53.2708],[17.4628,53.2684],[17.7002,53.2825],[17.6768,53.2254],[17.7008,53.1988],[17.8578,53.0597],[17.873,53.0348]]]}},{"type":"Feature","properties":{"code":"PL0411","name":"radziejowski"},"geometry":{"type":"Polygon","coordinates":[[[18.8178,52.6428],[18.7498,52.574],[18.7399,52.5424],[18.7213,52.4358],[18.6892,52.425],[18.6506,52.4269],[18.6394,52.4515],[18.5615,52.469],[18.5245,52.4876],[18.4861,52.4991],[18.3905,52.4761],[18.3798,52.5056],[18.3811,52.5389],[18.4656,52.5743],[18.4733,52.6058],[18.4701,52.6609],[18.4733,52.6912],[18.4983,52.7056],[18.6409,52.7243],[18.678,52.7182],[18.7155,52.7088],[18.7441,52.6954],[18.7955,52.6661],[18.8178,52.6428]]]}},{"type":"Feature","properties":{"code":"PL0412","name":"rypiński"},"geometry":{"type":"Polygon","coordinates":[[[19.6521,53.1137],[19.6528,53.0836],[19.6719,53.009],[19.6706,52.9662],[19.5975,52.9624],[19.5351,52.9391],[19.4478,52.934],[19.3324,52.943],[19.3038,52.9505],[19.2879,52.9738],[19.2314,53.0034],[19.2027,53.0308],[19.1949,53.0598],[19.2425,53.1043],[19.2063,53.1372],[19.2207,53.1741],[19.2465,53.1982],[19.2802,53.2055],[19.3182,53.2094],[19.351,53.1339],[19.3689,53.1103],[19.3997,53.1037],[19.5628,53.0928],[19.5949,53.0966],[19.6187,53.1131],[19.6521,53.1137]]]}},{"type":"Feature","properties":{"code":"PL0413","name":"sępoleński"},"geometry":{"type":"Polygon","coordinates":[[[17.5097,53.5974],[17.7115,53.5079],[17.7222,53.4781],[17.7268,53.4427],[17.7497,53.4305],[17.779,53.4259],[17.7697,53.4017],[17.7131,53.3748],[17.7106,53.3471],[17.7181,53.3152],[17.7002,53.2825],[17.4628,53.2684],[17.4329,53.2708],[17.3581,53.3298],[17.3281,53.3482],[17.2584,53.3762],[17.2889,53.4041],[17.3562,53.4506],[17.3843,53.4838],[17.4433,53.5767],[17.4677,53.6073],[17.5097,53.5974]]]}},{"type":"Feature","properties":{"code":"PL0414","name":"świecki"},"geometry":{"type":"Polygon","coordinates":[[[18.7795,53.6947],[18.7491,53.644],[18.7622,53.5775],[18.7572,53.5128],[18.7075,53.4566],[18.6332,53.4292],[18.5553,53.4228],[18.4639,53.3947],[18.3652,53.3432],[18.2953,53.2703],[18.2729,53.2546],[18.2123,53.2774],[18.076,53.3449],[18.0354,53.3966],[18.0738,53.461],[18.2155,53.5562],[18.1823,53.5832],[18.1819,53.6199],[18.2027,53.6874],[18.2648,53.7065],[18.2911,53.6974],[18.3852,53.6888],[18.4948,53.6905],[18.5291,53.682],[18.5462,53.6598],[18.5841,53.6658],[18.66,53.6884],[18.6942,53.7135],[18.7175,53.6879],[18.7795,53.6947]]]}},{"type":"Feature","properties":{"code":"PL0415","name":"toruński"},"geometry":{"type":"Polygon","coordinates":[[[18.7869,53.2276],[18.7536,53.1662],[18.7716,53.137],[18.9538,52.9824],[18.9885,52.981],[19.0454,52.9887],[19.0778,52.9804],[19.0552,52.9588],[19.027,52.9462],[19.0536,52.8831],[19.0309,52.8542],[18.9332,52.8363],[18.8999,52.8456],[18.7508,52.9189],[18.7163,52.9267],[18.6152,52.8716],[18.5829,52.862],[18.5541,52.8664],[18.532,52.892],[18.3982,52.9703],[18.377,52.9969],[18.399,53.0364],[18.3747,53.051],[18.3142,53.074],[18.1559,53.1006],[18.345,53.1637],[18.3714,53.1766],[18.7311,53.2619],[18.7869,53.2276]],[[18.5703,52.9964],[18.6141,52.9782],[18.6524,52.9869],[18.6907,52.9825],[18.7208,53.014],[18.7125,53.0466],[18.6728,53.0563],[18.6278,53.0566],[18.5421,53.0544],[18.5045,53.0394],[18.4697,53.0156],[18.5703,52.9964]]]}},{"type":"Feature","properties":{"code":"PL0416","name":"tucholski"},"geometry":{"type":"Polygon","coordinates":[[[18.2648,53.7065],[18.2027,53.6874],[18.1819,53.6199],[18.1823,53.5832],[18.2155,53.5562],[18.0738,53.461],[18.0354,53.3966],[18.0089,53.391],[17.9707,53.399],[17.9203,53.4359],[17.8865,53.4325],[17.8537,53.4189],[17.8178,53.4199],[17.7497,53.4305],[17.7268,53.4427],[17.7222,53.4781],[17.7115,53.5079],[17.6083,53.556],[17.6268,53.5762],[17.7477,53.6712],[17.7716,53.6841],[17.8688,53.7013],[17.8834,53.7233],[17.8828,53.7535],[18.0233,53.7256],[18.046,53.7454],[18.067,53.7749],[18.0963,53.7743],[18.2729,53.7311],[18.2648,53.7065]]]}},{"type":"Feature","properties":{"code":"PL0417","name":"wąbrzeski"},"geometry":{"type":"Polygon","coordinates":[[[19.1479,53.2272],[19.0459,53.1761],[18.8599,53.1699],[18.8251,53.1733],[18.7719,53.201],[18.7869,53.2276],[18.7311,53.2619],[18.7319,53.3096],[18.7056,53.3411],[18.7193,53.3671],[18.7966,53.378],[18.8298,53.3775],[18.8999,53.3424],[19.0091,53.3505],[19.0414,53.3575],[19.0722,53.3832],[19.1091,53.3841],[19.1272,53.3276],[19.1371,53.2618],[19.1479,53.2272]]]}},{"type":"Feature","properties":{"code":"PL0418","name":"włocławski"},"geometry":{"type":"MultiPolygon","coordinates":[[[[19.1724,52.6534],[19.0362,52.6923],[19.0076,52.7117],[19.0337,52.7275],[19.0652,52.7358],[19.1389,52.74],[19.1662,52.7284],[19.1788,52.6894],[19.1724,52.6534]]],[[[19.1724,52.6534],[19.3807,52.6277],[19.4106,52.605],[19.3463,52.5633],[19.3594,52.529],[19.3773,52.5074],[19.3216,52.4627],[19.2857,52.4458],[19.2692,52.4226],[19.2783,52.3904],[19.1598,52.3486],[19.0423,52.3344],[18.9781,52.3716],[18.9445,52.3718],[18.8133,52.3419],[18.7715,52.3379],[18.6892,52.3934],[18.6892,52.425],[18.7213,52.4358],[18.7399,52.5424],[18.7498,52.574],[18.8178,52.6428],[18.8488,52.664],[18.848,52.7064],[18.8374,52.7557],[18.8605,52.7715],[18.9119,52.7785],[18.9407,52.7771],[18.9581,52.7376],[18.9416,52.7048],[18.9678,52.6882],[19.0068,52.6779],[19.0185,52.5955],[19.0517,52.6058],[19.07,52.6241],[19.0964,52.6153],[19.1341,52.6281],[19.1724,52.6534]]]]}},{"type":"Feature","properties":{"code":"PL0419","name":"żniński"},"geometry":{"type":"Polygon","coordinates":[[[17.9997,52.9576],[17.9752,52.9243],[18.0324,52.9007],[18.0554,52.8703],[18.065,52.8376],[18.0422,52.8066],[18.002,52.7946],[17.9436,52.8354],[17.9171,52.8334],[17.8916,52.8233],[17.9038,52.7482],[17.8285,52.7099],[17.7779,52.648],[17.6958,52.6054],[17.6674,52.6215],[17.6395,52.6514],[17.6339,52.7005],[17.6058,52.7012],[17.5227,52.6756],[17.4799,52.6813],[17.4792,52.7209],[17.4457,52.7331],[17.4309,52.7708],[17.5035,52.8034],[17.5087,52.9123],[17.5817,52.9036],[17.7421,52.9211],[17.7694,52.9289],[17.8594,53.0115],[17.873,53.0348],[17.8986,53.0395],[17.9305,53.0352],[17.968,53.0224],[17.988,52.9923],[17.9997,52.9576]]]}},{"type":"Feature","properties":{"code":"PL0461","name":"Bydgoszcz"},"geometry":{"type":"Polygon","coordinates":[[[18.1559,53.1006],[18.1405,53.0712],[18.1187,53.0557],[18.0475,53.0506],[18.0172,53.0965],[17.9099,53.1253],[17.8895,53.1422],[17.9169,53.1503],[17.9506,53.1533],[17.9448,53.1869],[17.9699,53.2069],[17.9821,53.1767],[18.0999,53.1659],[18.1442,53.1757],[18.1856,53.1763],[18.1648,53.1479],[18.1386,53.1248],[18.1559,53.1006]]]}},{"type":"Feature","properties":{"code":"PL0462","name":"Grudziądz"},"geometry":{"type":"Polygon","coordinates":[[[18.7075,53.4566],[18.7572,53.5128],[18.8334,53.517],[18.8592,53.4979],[18.7947,53.4651],[18.7945,53.4347],[18.7557,53.4256],[18.72,53.4295],[18.7075,53.4566]]]}},{"type":"Feature","properties":{"code":"PL0463","name":"Toruń"},"geometry":{"type":"Polygon","coordinates":[[[18.5703,52.9964],[18.4697,53.0156],[18.5045,53.0394],[18.5421,53.0544],[18.6278,53.0566],[18.6728,53.0563],[18.7125,53.0466],[18.7208,53.014],[18.6907,52.9825],[18.6524,52.9869],[18.6141,52.9782],[18.5703,52.9964]]]}},{"type":"Feature","properties":{"code":"PL0464","name":"Włocławek"},"geometry":{"type":"Polygon","coordinates":[[[18.9581,52.7376],[19.0362,52.6923],[19.1724,52.6534],[19.1341,52.6281],[19.0964,52.6153],[19.07,52.6241],[19.0517,52.6058],[19.0185,52.5955],[19.0068,52.6779],[18.9678,52.6882],[18.9416,52.7048],[18.9581,52.7376]]]}},{"type":"Feature","properties":{"code":"PL0601","name":"bialski"},"geometry":{"type":"Polygon","coordinates":[[[23.185,52.2903],[23.2105,52.2725],[23.4859,52.175],[23.5936,52.1197],[23.6468,52.0853],[23.6726,52.0311],[23.6786,51.995],[23.6353,51.9419],[23.6082,51.8896],[23.5726,51.7587],[23.5598,51.7348],[23.4835,51.7709],[23.4554,51.7722],[23.3237,51.6591],[23.2922,51.6676],[23.0325,51.778],[23.0395,51.8179],[23.0568,51.8561],[23.0261,51.8765],[22.9597,51.8898],[22.7635,51.8194],[22.7354,51.8258],[22.7421,51.8625],[22.7669,51.9268],[22.7415,51.9374],[22.6826,51.9382],[22.6499,51.947],[22.6269,51.9745],[22.6228,52.0108],[22.6316,52.0452],[22.6474,52.0814],[22.6872,52.086],[22.8776,52.0655],[22.9113,52.074],[23.0903,52.2737],[23.1177,52.2955],[23.1535,52.2889],[23.185,52.2903]],[[23.0746,52.0363],[23.0709,52.0099],[23.0973,51.999],[23.1311,51.9986],[23.1693,52.0101],[23.2008,52.0281],[23.2013,52.0566],[23.1581,52.0586],[23.0746,52.0363]]]}},{"type":"Feature","properties":{"code":"PL0602","name":"biłgorajski"},"geometry":{"type":"Polygon","coordinates":[[[22.8722,50.8048],[22.8022,50.7813],[22.7728,50.761],[22.7828,50.7186],[22.8125,50.6456],[22.8413,50.6274],[22.8788,50.6315],[22.9961,50.5298],[23.0344,50.5223],[23.1105,50.5336],[23.1692,50.4957],[23.1458,50.4769],[23.0557,50.4223],[23.1335,50.3644],[23.0396,50.3012],[23.0078,50.2871],[22.8685,50.2995],[22.8219,50.2922],[22.7148,50.2909],[22.6492,50.3019],[22.6172,50.3129],[22.6291,50.3424],[22.5878,50.3519],[22.5202,50.3538],[22.426,50.4003],[22.444,50.4207],[22.4694,50.4357],[22.5124,50.4446],[22.5501,50.4591],[22.5635,50.4888],[22.524,50.5718],[22.5492,50.5929],[22.6299,50.6203],[22.664,50.6411],[22.6215,50.7071],[22.6394,50.7364],[22.6655,50.7644],[22.655,50.7911],[22.6103,50.8401],[22.6939,50.8727],[22.7603,50.8855],[22.7854,50.8646],[22.8054,50.839],[22.8722,50.8048]]]}},{"type":"Feature","properties":{"code":"PL0603","name":"chełmski"},"geometry":{"type":"Polygon","coordinates":[[[23.6547,51.2806],[23.7146,51.2711],[23.8257,51.17],[23.8627,51.108],[23.9135,51.0629],[23.9239,51.0099],[23.9445,50.9808],[23.9186,50.9708],[23.89,50.9511],[23.7802,50.9245],[23.7262,50.9444],[23.6969,50.9443],[23.6066,50.9318],[23.5918,50.909],[23.5816,50.8786],[23.5539,50.8768],[23.4597,50.8912],[23.4481,50.9164],[23.3975,50.9713],[23.4245,50.9962],[23.4482,51.0072],[23.4471,51.0412],[23.3303,51.0479],[23.2014,51.0882],[23.1572,51.0963],[23.1091,51.0886],[23.0695,51.0937],[23.0471,51.1693],[23.0695,51.2135],[23.0877,51.2382],[23.145,51.2384],[23.2466,51.2649],[23.2292,51.2921],[23.2843,51.3528],[23.3575,51.3514],[23.4532,51.3691],[23.4829,51.3643],[23.504,51.3305],[23.5983,51.2686],[23.6304,51.2679],[23.6547,51.2806]],[[23.4448,51.1205],[23.5004,51.1118],[23.5334,51.1175],[23.535,51.1439],[23.4934,51.1572],[23.4524,51.1595],[23.4279,51.1401],[23.4448,51.1205]]]}},{"type":"Feature","properties":{"code":"PL0604","name":"hrubieszowski"},"geometry":{"type":"Polygon","coordinates":[[[23.9881,50.415],[23.8896,50.4675],[23.91,50.4948],[23.9724,50.5425],[23.9447,50.5663],[23.9076,50.5733],[23.8651,50.5584],[23.8272,50.5678],[23.7735,50.5944],[23.7324,50.6726],[23.7096,50.6911],[23.6596,50.6867],[23.6244,50.6889],[23.6466,50.7449],[23.6588,50.798],[23.653,50.8295],[23.64,50.8555],[23.6055,50.8654],[23.5816,50.8786],[23.5918,50.909],[23.6066,50.9318],[23.6969,50.9443],[23.7262,50.9444],[23.7802,50.9245],[23.89,50.9511],[23.9186,50.9708],[23.9445,50.9808],[23.9776,50.9501],[24.1065,50.8871],[24.1348,50.8678],[24.0826,50.8379],[24.0137,50.8359],[23.983,50.8289],[23.961,50.7997],[23.9806,50.7763],[24.0122,50.7521],[24.0281,50.7226],[24.0727,50.706],[24.0861,50.6711],[24.0972,50.6032],[24.0703,50.5064],[24.0388,50.4567],[24.0196,50.4359],[23.9881,50.415]]]}},{"type":"Feature","properties":{"code":"PL0605","name":"janowski"},"geometry":{"type":"Polygon","coordinates":[[[22.6103,50.8401],[22.655,50.7911],[22.6655,50.7644],[22.6394,50.7364],[22.6215,50.7071],[22.664,50.6411],[22.6299,50.6203],[22.5492,50.5929],[22.524,50.5718],[22.4936,50.5791],[22.4599,50.5744],[22.3696,50.6048],[22.2432,50.6277],[22.2281,50.6504],[22.1542,50.6738],[22.1918,50.7454],[22.1619,50.7707],[22.167,50.7987],[22.2166,50.8203],[22.253,50.8309],[22.2872,50.8029],[22.3151,50.7923],[22.3465,50.7906],[22.3999,50.8168],[22.411,50.8755],[22.4408,50.8853],[22.4664,50.911],[22.5287,50.9088],[22.5413,50.8839],[22.5478,50.8515],[22.5749,50.8408],[22.6103,50.8401]]]}},{"type":"Feature","properties":{"code":"PL0606","name":"krasnostawski"},"geometry":{"type":"Polygon","coordinates":[[[23.0695,51.0937],[23.1091,51.0886],[23.1572,51.0963],[23.2014,51.0882],[23.3303,51.0479],[23.4471,51.0412],[23.4482,51.0072],[23.4245,50.9962],[23.3975,50.9713],[23.4481,50.9164],[23.4597,50.8912],[23.3011,50.905],[23.2722,50.8868],[23.2505,50.861],[23.2162,50.861],[23.1874,50.8674],[23.1603,50.864],[23.1285,50.8446],[23.0859,50.8508],[23.0421,50.8652],[23.0161,50.8509],[22.9937,50.8276],[22.9629,50.8181],[22.8722,50.8048],[22.8054,50.839],[22.7854,50.8646],[22.7603,50.8855],[22.7803,50.9167],[22.7896,50.941],[22.8118,50.9662],[22.8913,50.9731],[22.9202,50.9923],[22.9341,51.0172],[22.8977,51.028],[22.8826,51.0499],[22.8941,51.081],[22.9117,51.1032],[22.9323,51.1182],[22.9691,51.1155],[23.0434,51.0905],[23.0695,51.0937]]]}},{"type":"Feature","properties":{"code":"PL0607","name":"kraśnicki"},"geometry":{"type":"Polygon","coordinates":[[[22.2183,51.0377],[22.3745,51.0376],[22.3834,51.0083],[22.4109,50.9927],[22.4436,50.9848],[22.4601,50.9564],[22.4664,50.911],[22.4408,50.8853],[22.411,50.8755],[22.3999,50.8168],[22.3465,50.7906],[22.3151,50.7923],[22.2872,50.8029],[22.253,50.8309],[22.167,50.7987],[22.0581,50.8184],[22.0008,50.7872],[21.9498,50.7777],[21.916,50.7782],[21.886,50.7918],[21.8614,50.8096],[21.8233,50.9611],[21.8612,50.9698],[21.933,50.9641],[21.9633,50.9703],[21.9849,50.9937],[22.028,50.9906],[22.0215,51.0272],[22.0439,51.0531],[22.0738,51.0558],[22.2183,51.0377]]]}},{"type":"Feature","properties":{"code":"PL0608","name":"lubartowski"},"geometry":{"type":"Polygon","coordinates":[[[22.6151,51.6201],[22.7775,51.5621],[22.7844,51.5202],[22.8505,51.521],[22.8869,51.5396],[22.924,51.5486],[23.0102,51.5007],[22.9864,51.4788],[22.9752,51.3986],[22.8606,51.3862],[22.821,51.3906],[22.7897,51.4022],[22.7566,51.4071],[22.6959,51.3829],[22.6717,51.3683],[22.5775,51.3883],[22.5177,51.377],[22.4637,51.4041],[22.4306,51.3969],[22.4007,51.4162],[22.3581,51.4259],[22.312,51.4273],[22.2434,51.4464],[22.2068,51.4626],[22.1951,51.4872],[22.2187,51.5037],[22.2578,51.5162],[22.2463,51.5465],[22.2089,51.6105],[22.1996,51.6493],[22.2392,51.6588],[22.314,51.6584],[22.3561,51.6683],[22.4206,51.7186],[22.4474,51.7],[22.5559,51.6623],[22.6151,51.6201]]]}},{"type":"Feature","properties":{"code":"PL0609","name":"lubelski"},"geometry":{"type":"Polygon","coordinates":[[[22.6717,51.3683],[22.7463,51.3217],[22.7743,51.292],[22.7347,51.267],[22.7186,51.234],[22.6577,51.2457],[22.6361,51.2728],[22.6015,51.2814],[22.537,51.285],[22.5033,51.282],[22.482,51.2641],[22.4685,51.2418],[22.4771,51.2071],[22.5006,51.1789],[22.4786,51.1541],[22.5107,51.1446],[22.5454,51.1473],[22.5615,51.1763],[22.5944,51.1778],[22.6141,51.1976],[22.6523,51.2119],[22.6929,51.1933],[22.6964,51.1587],[22.6921,51.127],[22.6981,51.1009],[22.8044,51.0437],[22.8007,51.0118],[22.7862,50.9897],[22.8118,50.9662],[22.7896,50.941],[22.7803,50.9167],[22.7603,50.8855],[22.6939,50.8727],[22.6103,50.8401],[22.5749,50.8408],[22.5478,50.8515],[22.5413,50.8839],[22.5287,50.9088],[22.4664,50.911],[22.4601,50.9564],[22.4436,50.9848],[22.4109,50.9927],[22.3834,51.0083],[22.3745,51.0376],[22.2183,51.0377],[22.2226,51.1197],[22.1936,51.1419],[22.1366,51.1652],[22.1554,51.1882],[22.1466,51.2291],[22.1574,51.2558],[22.2963,51.2813],[22.2719,51.3193],[22.2694,51.3735],[22.2871,51.4045],[22.312,51.4273],[22.3581,51.4259],[22.4007,51.4162],[22.4306,51.3969],[22.4637,51.4041],[22.5177,51.377],[22.5775,51.3883],[22.6717,51.3683]]]}},{"type":"Feature","properties":{"code":"PL0610","name":"łęczyński"},"geometry":{"type":"Polygon","coordinates":[[[23.0654,51.4124],[23.0784,51.3787],[23.1166,51.3642],[23.1944,51.3574],[23.2222,51.3468],[23.252,51.3213],[23.2292,51.2921],[23.2466,51.2649],[23.145,51.2384],[23.0877,51.2382],[23.0695,51.2135],[23.0471,51.1693],[22.9829,51.1924],[22.9288,51.1761],[22.8984,51.1767],[22.8714,51.1867],[22.8463,51.2564],[22.8022,51.2684],[22.7463,51.3217],[22.6717,51.3683],[22.6959,51.3829],[22.7566,51.4071],[22.7897,51.4022],[22.821,51.3906],[22.8606,51.3862],[22.9752,51.3986],[22.9783,51.4347],[23.0149,51.4201],[23.0654,51.4124]]]}},{"type":"Feature","properties":{"code":"PL0611","name":"łukowski"},"geometry":{"type":"Polygon","coordinates":[[[22.6228,52.0108],[22.6269,51.9745],[22.5839,51.9641],[22.5664,51.9443],[22.569,51.9066],[22.5492,51.8853],[22.4619,51.8451],[22.43,51.8586],[22.397,51.8557],[22.3634,51.8345],[22.3785,51.7998],[22.4235,51.7572],[22.4206,51.7186],[22.3561,51.6683],[22.314,51.6584],[22.2392,51.6588],[22.1996,51.6493],[22.1164,51.7134],[22.0568,51.7168],[22.0424,51.7522],[22.0221,51.7806],[21.9485,51.7946],[21.9311,51.8218],[21.9074,51.8391],[21.8682,51.842],[21.9066,51.8966],[21.8762,51.9389],[21.8857,51.9811],[21.9187,51.9814],[22.03,52.014],[22.0588,52.02],[22.3216,52.0218],[22.3384,52.0026],[22.3761,52.0096],[22.4937,52.0588],[22.5251,52.0631],[22.5887,52.0336],[22.6228,52.0108]]]}},{"type":"Feature","properties":{"code":"PL0612","name":"opolski"},"geometry":{"type":"Polygon","coordinates":[[[22.1574,51.2558],[22.1466,51.2291],[22.1554,51.1882],[22.1366,51.1652],[22.1936,51.1419],[22.2226,51.1197],[22.2183,51.0377],[22.0738,51.0558],[22.0439,51.0531],[22.0215,51.0272],[22.028,50.9906],[21.9849,50.9937],[21.9633,50.9703],[21.933,50.9641],[21.8612,50.9698],[21.8233,50.9611],[21.8013,51.056],[21.7892,51.1597],[21.7892,51.1978],[21.8247,51.2697],[21.8838,51.3041],[21.9172,51.3055],[21.9997,51.2978],[22.1574,51.2558]]]}},{"type":"Feature","properties":{"code":"PL0613","name":"parczewski"},"geometry":{"type":"Polygon","coordinates":[[[23.0325,51.778],[23.2922,51.6676],[23.3237,51.6591],[23.301,51.6297],[23.2179,51.6106],[23.1859,51.583],[23.1621,51.5546],[23.2071,51.5074],[23.1948,51.4722],[23.1646,51.4653],[23.1282,51.4639],[23.0654,51.4124],[23.0149,51.4201],[22.9783,51.4347],[22.9864,51.4788],[23.0102,51.5007],[22.9855,51.5169],[22.924,51.5486],[22.8869,51.5396],[22.8505,51.521],[22.7844,51.5202],[22.7775,51.5621],[22.6875,51.5931],[22.7011,51.6276],[22.723,51.653],[22.9221,51.7768],[22.9533,51.7888],[23.0325,51.778]]]}},{"type":"Feature","properties":{"code":"PL0614","name":"puławski"},"geometry":{"type":"Polygon","coordinates":[[[22.2259,51.5797],[22.2463,51.5465],[22.2578,51.5162],[22.2187,51.5037],[22.1951,51.4872],[22.2068,51.4626],[22.2434,51.4464],[22.312,51.4273],[22.2871,51.4045],[22.2694,51.3735],[22.2719,51.3193],[22.2963,51.2813],[22.1574,51.2558],[21.9997,51.2978],[21.9172,51.3055],[21.8838,51.3041],[21.8247,51.2697],[21.8104,51.3041],[21.8414,51.3551],[21.7767,51.4103],[21.8434,51.4265],[21.8599,51.4538],[21.8648,51.488],[21.834,51.5433],[21.9165,51.5414],[21.9616,51.5458],[22.0436,51.5743],[22.1392,51.573],[22.1703,51.5745],[22.1994,51.582],[22.2259,51.5797]]]}},{"type":"Feature","properties":{"code":"PL0615","name":"radzyński"},"geometry":{"type":"Polygon","coordinates":[[[23.0325,51.778],[22.9533,51.7888],[22.9221,51.7768],[22.723,51.653],[22.7011,51.6276],[22.6875,51.5931],[22.6151,51.6201],[22.5559,51.6623],[22.4474,51.7],[22.4206,51.7186],[22.4235,51.7572],[22.3785,51.7998],[22.3634,51.8345],[22.397,51.8557],[22.43,51.8586],[22.4619,51.8451],[22.5492,51.8853],[22.569,51.9066],[22.5664,51.9443],[22.5839,51.9641],[22.6269,51.9745],[22.6499,51.947],[22.6826,51.9382],[22.7415,51.9374],[22.7669,51.9268],[22.7421,51.8625],[22.7354,51.8258],[22.7635,51.8194],[22.9597,51.8898],[22.9905,51.886],[23.0261,51.8765],[23.0568,51.8561],[23.0395,51.8179],[23.0325,51.778]]]}},{"type":"Feature","properties":{"code":"PL0616","name":"rycki"},"geometry":{"type":"Polygon","coordinates":[[[22.1996,51.6493],[22.2089,51.6105],[22.2259,51.5797],[22.1994,51.582],[22.1703,51.5745],[22.1392,51.573],[22.0436,51.5743],[21.9616,51.5458],[21.9165,51.5414],[21.834,51.5433],[21.7987,51.5663],[21.7609,51.5622],[21.7273,51.5664],[21.648,51.5891],[21.6222,51.6137],[21.6302,51.6445],[21.6566,51.6458],[21.7131,51.6246],[21.7489,51.6234],[21.7887,51.6442],[21.8182,51.6486],[21.8495,51.6619],[21.8924,51.6996],[21.8757,51.7202],[21.8454,51.7422],[21.9485,51.7946],[22.0221,51.7806],[22.0424,51.7522],[22.0568,51.7168],[22.1164,51.7134],[22.1996,51.6493]]]}},{"type":"Feature","properties":{"code":"PL0617","name":"świdnicki"},"geometry":{"type":"Polygon","coordinates":[[[23.0471,51.1693],[23.0695,51.0937],[23.0434,51.0905],[22.9691,51.1155],[22.9323,51.1182],[22.9117,51.1032],[22.8941,51.081],[22.8826,51.0499],[22.8977,51.028],[22.9341,51.0172],[22.9202,50.9923],[22.8913,50.9731],[22.8118,50.9662],[22.7862,50.9897],[22.8007,51.0118],[22.8044,51.0437],[22.6981,51.1009],[22.6921,51.127],[22.6964,51.1587],[22.6929,51.1933],[22.6523,51.2119],[22.6577,51.2457],[22.7186,51.234],[22.7347,51.267],[22.7743,51.292],[22.8022,51.2684],[22.8463,51.2564],[22.8714,51.1867],[22.8984,51.1767],[22.9288,51.1761],[22.9829,51.1924],[23.0471,51.1693]]]}},{"type":"Feature","properties":{"code":"PL0618","name":"tomaszowski"},"geometry":{"type":"Polygon","coordinates":[[[23.9881,50.415],[23.9476,50.4043],[23.6897,50.3619],[23.5508,50.2586],[23.4829,50.3],[23.4208,50.3094],[23.4284,50.3389],[23.3992,50.3691],[23.3631,50.3941],[23.3337,50.3943],[23.2577,50.3669],[23.1962,50.3883],[23.1335,50.3644],[23.0557,50.4223],[23.1458,50.4769],[23.1692,50.4957],[23.2769,50.4782],[23.3032,50.4956],[23.3136,50.6095],[23.407,50.6063],[23.4949,50.5936],[23.5871,50.6113],[23.5983,50.6744],[23.6244,50.6889],[23.6596,50.6867],[23.7096,50.6911],[23.7324,50.6726],[23.7735,50.5944],[23.797,50.5799],[23.8651,50.5584],[23.9076,50.5733],[23.9447,50.5663],[23.9724,50.5425],[23.91,50.4948],[23.8896,50.4675],[23.9881,50.415]]]}},{"type":"Feature","properties":{"code":"PL0619","name":"włodawski"},"geometry":{"type":"Polygon","coordinates":[[[23.5598,51.7348],[23.5606,51.7092],[23.5461,51.6488],[23.5415,51.6074],[23.5548,51.5739],[23.5715,51.5463],[23.6212,51.5001],[23.6587,51.4818],[23.6805,51.4406],[23.6927,51.4025],[23.6432,51.3221],[23.6547,51.2806],[23.6304,51.2679],[23.5983,51.2686],[23.504,51.3305],[23.4829,51.3643],[23.4532,51.3691],[23.3575,51.3514],[23.2843,51.3528],[23.252,51.3213],[23.2222,51.3468],[23.1944,51.3574],[23.1166,51.3642],[23.0784,51.3787],[23.0654,51.4124],[23.0963,51.4411],[23.1282,51.4639],[23.1646,51.4653],[23.1948,51.4722],[23.2071,51.5074],[23.1621,51.5546],[23.1859,51.583],[23.2179,51.6106],[23.301,51.6297],[23.3237,51.6591],[23.4554,51.7722],[23.4835,51.7709],[23.5598,51.7348]]]}},{"type":"Feature","properties":{"code":"PL0620","name":"zamojski"},"geometry":{"type":"Polygon","coordinates":[[[23.4597,50.8912],[23.5539,50.8768],[23.5816,50.8786],[23.6055,50.8654],[23.64,50.8555],[23.653,50.8295],[23.6588,50.798],[23.6466,50.7449],[23.6244,50.6889],[23.5983,50.6744],[23.5871,50.6113],[23.4949,50.5936],[23.407,50.6063],[23.3136,50.6095],[23.3032,50.4956],[23.2769,50.4782],[23.1692,50.4957],[23.1105,50.5336],[23.0344,50.5223],[22.9961,50.5298],[22.8788,50.6315],[22.8413,50.6274],[22.8125,50.6456],[22.7828,50.7186],[22.7728,50.761],[22.8022,50.7813],[22.8722,50.8048],[22.9629,50.8181],[22.9937,50.8276],[23.0161,50.8509],[23.0421,50.8652],[23.0859,50.8508],[23.1285,50.8446],[23.1603,50.864],[23.1874,50.8674],[23.2162,50.861],[23.2505,50.861],[23.2722,50.8868],[23.3011,50.905],[23.4597,50.8912]],[[23.2185,50.7169],[23.2482,50.6943],[23.2913,50.7073],[23.2969,50.7448],[23.2596,50.7432],[23.2185,50.7169]]]}},{"type":"Feature","properties":{"code":"PL0661","name":"Biała Podlaska"},"geometry":{"type":"Polygon","coordinates":[[[23.0746,52.0363],[23.1581,52.0586],[23.2013,52.0566],[23.2008,52.0281],[23.1693,52.0101],[23.1311,51.9986],[23.0973,51.999],[23.0709,52.0099],[23.0746,52.0363]]]}},{"type":"Feature","properties":{"code":"PL0662","name":"Chełm"},"geometry":{"type":"Polygon","coordinates":[[[23.4448,51.1205],[23.4279,51.1401],[23.4524,51.1595],[23.4934,51.1572],[23.535,51.1439],[23.5334,51.1175],[23.5004,51.1118],[23.4448,51.1205]]]}},{"type":"Feature","properties":{"code":"PL0663","name":"Lublin"},"geometry":{"type":"Polygon","coordinates":[[[22.6577,51.2457],[22.6523,51.2119],[22.6141,51.1976],[22.5944,51.1778],[22.5615,51.1763],[22.5454,51.1473],[22.5107,51.1446],[22.4786,51.1541],[22.5006,51.1789],[22.4771,51.2071],[22.4685,51.2418],[22.482,51.2641],[22.5033,51.282],[22.537,51.285],[22.6015,51.2814],[22.6361,51.2728],[22.6577,51.2457]]]}},{"type":"Feature","properties":{"code":"PL0664","name":"Zamość"},"geometry":{"type":"Polygon","coordinates":[[[23.2185,50.7169],[23.2596,50.7432],[23.2969,50.7448],[23.2913,50.7073],[23.2482,50.6943],[23.2185,50.7169]]]}},{"type":"Feature","properties":{"code":"PL0801","name":"gorzowski"},"geometry":{"type":"Polygon","coordinates":[[[15.5958,52.7158],[15.5608,52.7007],[15.5278,52.6931],[15.4321,52.6939],[15.4026,52.6844],[15.3529,52.5973],[15.29,52.5863],[15.2444,52.5856],[15.2057,52.5915],[15.193,52.6187],[15.1716,52.6385],[15.1421,52.639],[15.0733,52.6198],[15.04,52.6378],[14.995,52.6361],[14.7562,52.592],[14.7091,52.5712],[14.6742,52.5698],[14.6338,52.5789],[14.585,52.6277],[14.6274,52.6547],[14.728,52.6381],[14.7561,52.6629],[14.7839,52.6987],[14.8016,52.7443],[14.8237,52.7829],[14.9046,52.8575],[14.9355,52.8746],[15.0788,52.8322],[15.3162,52.9029],[15.3502,52.899],[15.4026,52.8864],[15.4296,52.8691],[15.4295,52.821],[15.4766,52.7651],[15.521,52.757],[15.5636,52.7646],[15.5849,52.7466],[15.5958,52.7158]],[[15.1327,52.7176],[15.2332,52.6823],[15.2712,52.6836],[15.318,52.7249],[15.2985,52.7532],[15.2719,52.7692],[15.1342,52.7763],[15.1293,52.7484],[15.1327,52.7176]]]}},{"type":"Feature","properties":{"code":"PL0802","name":"krośnieński"},"geometry":{"type":"Polygon","coordinates":[[[15.2896,52.1779],[15.286,52.0327],[15.2774,51.9673],[15.2411,51.9131],[15.2076,51.8916],[15.1446,51.8735],[15.1142,51.8585],[14.9703,51.8846],[14.9387,51.8856],[14.7902,51.8588],[14.7451,51.848],[14.6497,51.8001],[14.6309,51.7812],[14.5951,51.8362],[14.6163,51.8633],[14.7075,51.9511],[14.75,52.0624],[14.908,52.2053],[15.1113,52.2275],[15.1463,52.2125],[15.2791,52.2132],[15.2896,52.1779]]]}},{"type":"Feature","properties":{"code":"PL0803","name":"międzyrzecki"},"geometry":{"type":"Polygon","coordinates":[[[15.7922,52.7063],[15.7976,52.603],[15.8872,52.4813],[15.8945,52.446],[15.8602,52.4448],[15.8182,52.4315],[15.8376,52.4073],[15.8964,52.393],[15.8766,52.282],[15.8492,52.3002],[15.8085,52.3141],[15.7704,52.3073],[15.7332,52.2934],[15.6939,52.3014],[15.5734,52.3472],[15.4401,52.3615],[15.4327,52.3865],[15.4066,52.4164],[15.3178,52.4536],[15.2948,52.471],[15.2836,52.5106],[15.2843,52.5554],[15.29,52.5863],[15.3529,52.5973],[15.4026,52.6844],[15.4321,52.6939],[15.5278,52.6931],[15.5608,52.7007],[15.5958,52.7158],[15.6224,52.704],[15.7372,52.7126],[15.7922,52.7063]]]}},{"type":"Feature","properties":{"code":"PL0804","name":"nowosolski"},"geometry":{"type":"Polygon","coordinates":[[[15.9698,52.0314],[15.9785,51.9966],[16.0048,51.973],[15.9812,51.8808],[15.9509,51.8711],[15.8738,51.8584],[15.8343,51.8436],[15.9345,51.805],[15.9726,51.7829],[15.9649,51.745],[15.8833,51.721],[15.8583,51.6963],[15.8408,51.6706],[15.7345,51.646],[15.7019,51.652],[15.5974,51.683],[15.5227,51.7108],[15.4833,51.7421],[15.4488,51.7778],[15.4587,51.8207],[15.4892,51.8257],[15.5216,51.8244],[15.6284,51.8497],[15.6327,51.8771],[15.6457,51.9057],[15.7586,51.8887],[15.7941,51.8906],[15.9051,51.9722],[15.9117,52.0353],[15.9698,52.0314]]]}},{"type":"Feature","properties":{"code":"PL0805","name":"słubicki"},"geometry":{"type":"Polygon","coordinates":[[[14.7091,52.5712],[14.7446,52.5521],[14.7794,52.5449],[14.8096,52.5202],[14.8522,52.5096],[14.9709,52.5218],[14.9921,52.5072],[15.0371,52.445],[15.0183,52.4258],[14.9881,52.4072],[14.9088,52.3717],[14.8817,52.3498],[14.9055,52.237],[14.908,52.2053],[14.75,52.0624],[14.7108,52.0844],[14.6885,52.1052],[14.6972,52.2118],[14.6942,52.2482],[14.5739,52.2817],[14.5705,52.3154],[14.5435,52.3728],[14.5375,52.3984],[14.6014,52.4606],[14.6154,52.4823],[14.6086,52.52],[14.6338,52.5789],[14.6742,52.5698],[14.7091,52.5712]]]}},{"type":"Feature","properties":{"code":"PL0806","name":"strzelecko-drezdenecki"},"geometry":{"type":"Polygon","coordinates":[[[15.9724,53.0529],[15.9575,53.0147],[15.9523,52.98],[15.9749,52.9185],[15.9683,52.8603],[15.942,52.8462],[15.909,52.837],[15.8983,52.8095],[15.9224,52.7796],[15.9379,52.7492],[15.9117,52.7195],[15.8782,52.7124],[15.7922,52.7063],[15.7372,52.7126],[15.6224,52.704],[15.5958,52.7158],[15.5849,52.7466],[15.5636,52.7646],[15.521,52.757],[15.4766,52.7651],[15.4295,52.821],[15.4296,52.8691],[15.4026,52.8864],[15.3162,52.9029],[15.2957,52.9527],[15.3746,52.949],[15.4644,52.9872],[15.5289,53.0054],[15.5623,53.0031],[15.5828,52.9842],[15.6115,52.9818],[15.7132,52.9886],[15.7518,52.9991],[15.7816,53.0166],[15.8599,53.1044],[15.901,53.1191],[15.9543,53.1163],[15.9798,53.1212],[15.9909,53.0834],[15.9724,53.0529]]]}},{"type":"Feature","properties":{"code":"PL0807","name":"sulęciński"},"geometry":{"type":"Polygon","coordinates":[[[15.29,52.5863],[15.2843,52.5554],[15.2836,52.5106],[15.2948,52.471],[15.3178,52.4536],[15.4066,52.4164],[15.4327,52.3865],[15.4401,52.3615],[15.2897,52.3618],[15.2472,52.3538],[15.2054,52.2779],[15.1113,52.2275],[14.908,52.2053],[14.9055,52.237],[14.8817,52.3498],[14.9088,52.3717],[14.9881,52.4072],[15.0183,52.4258],[15.0371,52.445],[14.9921,52.5072],[14.9709,52.5218],[14.8522,52.5096],[14.8096,52.5202],[14.7794,52.5449],[14.7446,52.5521],[14.7091,52.5712],[14.7562,52.592],[14.995,52.6361],[15.04,52.6378],[15.0733,52.6198],[15.1421,52.639],[15.1716,52.6385],[15.193,52.6187],[15.2057,52.5915],[15.2444,52.5856],[15.29,52.5863]]]}},{"type":"Feature","properties":{"code":"PL0808","name":"świebodziński"},"geometry":{"type":"Polygon","coordinates":[[[15.4401,52.3615],[15.5734,52.3472],[15.6939,52.3014],[15.7332,52.2934],[15.7704,52.3073],[15.8085,52.3141],[15.8492,52.3002],[15.8766,52.282],[15.8602,52.2415],[15.853,52.2055],[15.8262,52.2061],[15.7036,52.1702],[15.6558,52.1713],[15.6173,52.1641],[15.496,52.1079],[15.4476,52.1055],[15.2915,52.1391],[15.2896,52.1779],[15.2791,52.2132],[15.1463,52.2125],[15.1113,52.2275],[15.2054,52.2779],[15.2472,52.3538],[15.2897,52.3618],[15.4401,52.3615]]]}},{"type":"Feature","properties":{"code":"PL0809","name":"zielonogórski"},"geometry":{"type":"Polygon","coordinates":[[[15.853,52.2055],[15.8806,52.1806],[15.8439,52.1095],[15.8836,52.0859],[15.9269,52.076],[15.9587,52.0747],[15.9832,52.0573],[15.9698,52.0314],[15.9117,52.0353],[15.9051,51.9722],[15.7941,51.8906],[15.7586,51.8887],[15.6457,51.9057],[15.6284,51.936],[15.6103,51.9978],[15.587,52.0262],[15.5529,52.0296],[15.4468,52.0156],[15.4255,51.9899],[15.4193,51.952],[15.452,51.9292],[15.4629,51.9003],[15.4273,51.8855],[15.4342,51.8486],[15.4587,51.8207],[15.4488,51.7778],[15.4183,51.7675],[15.3877,51.7494],[15.3184,51.7418],[15.2597,51.7559],[15.2351,51.7388],[15.2147,51.7721],[15.1497,51.7584],[15.1287,51.7775],[15.1585,51.8028],[15.1413,51.8308],[15.1142,51.8585],[15.1446,51.8735],[15.2076,51.8916],[15.2411,51.9131],[15.2774,51.9673],[15.286,52.0327],[15.2915,52.1391],[15.4476,52.1055],[15.496,52.1079],[15.6173,52.1641],[15.6558,52.1713],[15.7036,52.1702],[15.8262,52.2061],[15.853,52.2055]]]}},{"type":"Feature","properties":{"code":"PL0810","name":"żagański"},"geometry":{"type":"Polygon","coordinates":[[[15.8408,51.6706],[15.8422,51.6416],[15.8325,51.6074],[15.8116,51.5704],[15.7664,51.5598],[15.7277,51.5431],[15.715,51.5202],[15.6074,51.4516],[15.5791,51.4622],[15.4938,51.5219],[15.461,51.5269],[15.4098,51.5269],[15.3785,51.5167],[15.3277,51.4246],[15.2992,51.4234],[15.1953,51.4557],[15.0763,51.4217],[15.0601,51.4469],[15.0143,51.491],[15.0295,51.5242],[15.0541,51.5528],[15.0833,51.5608],[15.172,51.56],[15.1962,51.5802],[15.2579,51.6546],[15.2624,51.6822],[15.2351,51.7388],[15.2597,51.7559],[15.3184,51.7418],[15.3536,51.7436],[15.3877,51.7494],[15.4183,51.7675],[15.4488,51.7778],[15.4833,51.7421],[15.5227,51.7108],[15.5974,51.683],[15.7019,51.652],[15.7345,51.646],[15.8408,51.6706]]]}},{"type":"Feature","properties":{"code":"PL0811","name":"żarski"},"geometry":{"type":"Polygon","coordinates":[[[15.1142,51.8585],[15.1413,51.8308],[15.1585,51.8028],[15.1287,51.7775],[15.1497,51.7584],[15.2147,51.7721],[15.2624,51.6822],[15.2579,51.6546],[15.1962,51.5802],[15.172,51.56],[15.0833,51.5608],[15.0541,51.5528],[15.0295,51.5242],[15.0143,51.491],[15.0601,51.4469],[15.0763,51.4217],[15.0207,51.375],[14.9768,51.359],[14.9566,51.4497],[14.8973,51.4796],[14.7462,51.5317],[14.7195,51.5563],[14.7592,51.597],[14.7578,51.6618],[14.6898,51.7113],[14.6639,51.7358],[14.6309,51.7812],[14.6497,51.8001],[14.7451,51.848],[14.9387,51.8856],[14.9703,51.8846],[15.1142,51.8585]]]}},{"type":"Feature","properties":{"code":"PL0812","name":"wschowski"},"geometry":{"type":"Polygon","coordinates":[[[16.1326,51.9288],[16.1115,51.8973],[16.1392,51.8871],[16.2057,51.8735],[16.2388,51.8923],[16.2714,51.8947],[16.3037,51.8875],[16.3392,51.8706],[16.3831,51.8463],[16.4054,51.8173],[16.4084,51.782],[16.2777,51.6623],[16.176,51.7367],[16.0368,51.798],[16.0053,51.7989],[15.9726,51.7829],[15.9345,51.805],[15.8343,51.8436],[15.8738,51.8584],[15.9509,51.8711],[15.9812,51.8808],[16.0048,51.973],[16.0372,51.9834],[16.1202,51.9912],[16.1227,51.9622],[16.1326,51.9288]]]}},{"type":"Feature","properties":{"code":"PL0861","name":"Gorzów Wielkopolski"},"geometry":{"type":"Polygon","coordinates":[[[15.1327,52.7176],[15.1293,52.7484],[15.1342,52.7763],[15.2719,52.7692],[15.2985,52.7532],[15.318,52.7249],[15.2712,52.6836],[15.2332,52.6823],[15.1327,52.7176]]]}},{"type":"Feature","properties":{"code":"PL0862","name":"Zielona Góra"},"geometry":{"type":"Polygon","coordinates":[[[15.6457,51.9057],[15.6327,51.8771],[15.6284,51.8497],[15.5216,51.8244],[15.4892,51.8257],[15.4587,51.8207],[15.4342,51.8486],[15.4273,51.8855],[15.4629,51.9003],[15.452,51.9292],[15.4193,51.952],[15.4255,51.9899],[15.4468,52.0156],[15.5529,52.0296],[15.587,52.0262],[15.6103,51.9978],[15.6284,51.936],[15.6457,51.9057]]]}},{"type":"Feature","properties":{"code":"PL1001","name":"bełchatowski"},"geometry":{"type":"Polygon","coordinates":[[[19.4197,51.5218],[19.4796,51.4153],[19.4853,51.3574],[19.4768,51.3011],[19.4363,51.267],[19.3931,51.1997],[19.327,51.1859],[19.2804,51.2016],[19.1768,51.2487],[19.1376,51.251],[19.1043,51.2629],[19.0923,51.2932],[19.0345,51.2793],[18.8734,51.2798],[18.874,51.313],[18.8826,51.3461],[18.899,51.3702],[19.0167,51.3559],[19.0481,51.3596],[19.0763,51.4493],[19.1127,51.464],[19.1726,51.4725],[19.2071,51.4885],[19.2529,51.5414],[19.3197,51.5244],[19.39,51.5278],[19.4197,51.5218]]]}},{"type":"Feature","properties":{"code":"PL1002","name":"kutnowski"},"geometry":{"type":"Polygon","coordinates":[[[19.7411,52.2517],[19.7551,52.2225],[19.7012,52.1482],[19.6658,52.1394],[19.5825,52.1301],[19.5376,52.1172],[19.5002,52.1225],[19.3979,52.1124],[19.3575,52.1203],[19.3235,52.165],[19.2489,52.1704],[19.1868,52.2001],[19.0672,52.2044],[19.0922,52.226],[19.0967,52.2594],[19.0701,52.2697],[19.0371,52.2745],[19.0423,52.3344],[19.1598,52.3486],[19.2783,52.3904],[19.3031,52.3801],[19.3496,52.3458],[19.3832,52.3413],[19.4623,52.342],[19.4915,52.335],[19.5145,52.3109],[19.6197,52.2795],[19.6417,52.2584],[19.674,52.2696],[19.7075,52.273],[19.7411,52.2517]]]}},{"type":"Feature","properties":{"code":"PL1003","name":"łaski"},"geometry":{"type":"Polygon","coordinates":[[[19.2529,51.5414],[19.2071,51.4885],[19.1726,51.4725],[19.1127,51.464],[19.0763,51.4493],[19.0481,51.3596],[19.0167,51.3559],[18.899,51.3702],[18.8584,51.3931],[18.8155,51.4097],[18.8346,51.4442],[18.8705,51.464],[18.9178,51.4746],[18.9531,51.5235],[19.0302,51.5801],[19.0158,51.6405],[19.0364,51.6684],[19.0666,51.6769],[19.0925,51.6952],[19.0595,51.7251],[19.0432,51.7571],[19.0502,51.7823],[19.15,51.7499],[19.1874,51.6967],[19.1972,51.6667],[19.1753,51.638],[19.2439,51.578],[19.2529,51.5414]]]}},{"type":"Feature","properties":{"code":"PL1004","name":"łęczycki"},"geometry":{"type":"Polygon","coordinates":[[[19.0672,52.2044],[19.1868,52.2001],[19.2489,52.1704],[19.3235,52.165],[19.3575,52.1203],[19.3979,52.1124],[19.5002,52.1225],[19.5376,52.1172],[19.554,52.0311],[19.5279,52.0056],[19.4968,52.0032],[19.2665,52.0335],[19.1203,52.0098],[18.9352,52.0033],[18.9032,52.0062],[18.8319,52.0646],[18.8599,52.0838],[18.9272,52.0836],[18.9427,52.1087],[18.9198,52.1288],[18.9137,52.1587],[18.9343,52.193],[18.9698,52.2069],[18.998,52.2114],[19.0264,52.2128],[19.0672,52.2044]]]}},{"type":"Feature","properties":{"code":"PL1005","name":"łowicki"},"geometry":{"type":"Polygon","coordinates":[[[19.9433,52.2935],[19.9641,52.2586],[19.9892,52.249],[20.0448,52.2388],[20.0727,52.2246],[20.0635,52.1931],[20.0812,52.1709],[20.1093,52.1476],[20.1189,52.1181],[20.1218,52.0824],[20.1113,52.0431],[20.0854,52.0197],[20.0209,51.9904],[19.9333,51.9685],[19.893,51.914],[19.8654,51.9189],[19.824,51.9785],[19.7088,52.0141],[19.554,52.0311],[19.5376,52.1172],[19.5825,52.1301],[19.6658,52.1394],[19.7012,52.1482],[19.7551,52.2225],[19.7411,52.2517],[19.7632,52.2676],[19.8754,52.306],[19.91,52.3041],[19.9433,52.2935]]]}},{"type":"Feature","properties":{"code":"PL1006","name":"łódzki wschodni"},"geometry":{"type":"Polygon","coordinates":[[[19.9661,51.7271],[19.9514,51.7041],[19.9251,51.6772],[19.8865,51.6652],[19.8615,51.6859],[19.8293,51.6976],[19.7771,51.7056],[19.7444,51.7002],[19.6979,51.6413],[19.6557,51.64],[19.6271,51.6095],[19.6003,51.5255],[19.5687,51.5133],[19.5311,51.516],[19.4563,51.5423],[19.456,51.5869],[19.4378,51.6589],[19.4381,51.6869],[19.6153,51.7072],[19.6205,51.7783],[19.5913,51.814],[19.5571,51.8298],[19.6138,51.8551],[19.6513,51.8566],[19.6664,51.8275],[19.6915,51.7527],[19.791,51.7681],[19.8818,51.7742],[19.916,51.7665],[19.9349,51.7437],[19.9661,51.7271]]]}},{"type":"Feature","properties":{"code":"PL1007","name":"opoczyński"},"geometry":{"type":"Polygon","coordinates":[[[20.4298,51.3435],[20.3725,51.3113],[20.372,51.2509],[20.337,51.2486],[20.2574,51.2549],[20.2425,51.2233],[20.2048,51.2057],[20.1681,51.196],[20.0642,51.2014],[20.0001,51.1852],[20.0064,51.2193],[20.0208,51.2431],[20.0537,51.2581],[20.042,51.2887],[20.0042,51.3373],[19.9822,51.3569],[19.8768,51.3753],[19.8722,51.4061],[19.9418,51.4266],[20.0078,51.4305],[20.04,51.4415],[20.0629,51.4671],[20.1652,51.4634],[20.2031,51.4729],[20.3139,51.5665],[20.3726,51.5787],[20.3993,51.5905],[20.4154,51.6137],[20.4531,51.546],[20.4627,51.5025],[20.507,51.5077],[20.5239,51.4781],[20.5099,51.4541],[20.4475,51.3994],[20.4264,51.3705],[20.4298,51.3435]]]}},{"type":"Feature","properties":{"code":"PL1008","name":"pabianicki"},"geometry":{"type":"Polygon","coordinates":[[[19.3444,51.7774],[19.365,51.7549],[19.3447,51.729],[19.3664,51.6995],[19.4381,51.6869],[19.4378,51.6589],[19.456,51.5869],[19.4563,51.5423],[19.4197,51.5218],[19.39,51.5278],[19.3197,51.5244],[19.2529,51.5414],[19.2439,51.578],[19.1753,51.638],[19.1972,51.6667],[19.1874,51.6967],[19.15,51.7499],[19.0502,51.7823],[19.0232,51.8117],[19.0473,51.8254],[19.1399,51.8277],[19.1674,51.8143],[19.2865,51.7739],[19.3444,51.7774]]]}},{"type":"Feature","properties":{"code":"PL1009","name":"pajęczański"},"geometry":{"type":"Polygon","coordinates":[[[19.327,51.1859],[19.2929,51.1676],[19.2501,51.1725],[19.2439,51.1448],[19.2723,51.1292],[19.2191,51.0547],[19.2486,51.0371],[19.2443,51.0055],[19.2118,50.9874],[19.1848,50.9893],[19.156,50.9979],[18.9627,51.0798],[18.8784,51.079],[18.7746,51.0676],[18.7732,51.1013],[18.793,51.2276],[18.8052,51.2543],[18.8734,51.2798],[19.0345,51.2793],[19.0923,51.2932],[19.1043,51.2629],[19.1376,51.251],[19.1768,51.2487],[19.2804,51.2016],[19.327,51.1859]]]}},{"type":"Feature","properties":{"code":"PL1010","name":"piotrkowski"},"geometry":{"type":"Polygon","coordinates":[[[19.9418,51.4266],[19.8722,51.4061],[19.8768,51.3753],[19.9822,51.3569],[20.0042,51.3373],[20.042,51.2887],[20.0537,51.2581],[20.0208,51.2431],[20.0064,51.2193],[20.0001,51.1852],[19.9713,51.1967],[19.9458,51.1917],[19.9242,51.1735],[19.9108,51.1384],[19.8933,51.1132],[19.7867,51.1331],[19.7444,51.1558],[19.7089,51.1859],[19.6825,51.163],[19.6474,51.1564],[19.6107,51.1592],[19.5803,51.168],[19.5355,51.2483],[19.5147,51.2703],[19.4555,51.2843],[19.4768,51.3011],[19.4853,51.3574],[19.4796,51.4153],[19.4197,51.5218],[19.4563,51.5423],[19.5311,51.516],[19.5687,51.5133],[19.6003,51.5255],[19.6271,51.6095],[19.6557,51.64],[19.6979,51.6413],[19.714,51.6105],[19.7215,51.5707],[19.7483,51.5539],[19.7789,51.5389],[19.8146,51.5488],[19.8527,51.5684],[19.8833,51.5475],[19.9442,51.4889],[19.9418,51.4266]],[[19.6244,51.386],[19.6495,51.3759],[19.7186,51.3758],[19.7448,51.3862],[19.7566,51.4172],[19.7912,51.4378],[19.7559,51.4488],[19.6501,51.4349],[19.6341,51.4133],[19.6244,51.386]]]}},{"type":"Feature","properties":{"code":"PL1011","name":"poddębicki"},"geometry":{"type":"Polygon","coordinates":[[[18.8319,52.0646],[18.9032,52.0062],[18.9352,52.0033],[19.1203,52.0098],[19.1438,51.979],[19.1474,51.9345],[19.144,51.905],[19.1706,51.8899],[19.1576,51.8533],[19.1399,51.8277],[19.0473,51.8254],[19.0232,51.8117],[19.0502,51.7823],[19.0432,51.7571],[19.0043,51.7661],[18.9739,51.7471],[18.9084,51.7526],[18.8447,51.729],[18.8156,51.7288],[18.6894,51.7425],[18.6587,51.7555],[18.6878,51.8245],[18.7406,51.8958],[18.7417,51.9328],[18.7249,52.0315],[18.7138,52.0713],[18.7444,52.0647],[18.8319,52.0646]]]}},{"type":"Feature","properties":{"code":"PL1012","name":"radomszczański"},"geometry":{"type":"Polygon","coordinates":[[[20.0001,51.1852],[20.0155,51.1577],[19.9921,51.142],[19.9809,51.0724],[20.0383,51.0552],[20.0425,51.0211],[20.0342,50.9839],[20.0117,50.9655],[19.9297,51.0268],[19.9043,51.0383],[19.8782,51.0369],[19.8391,50.9819],[19.8359,50.9325],[19.7512,50.8688],[19.7318,50.8483],[19.7045,50.8436],[19.675,50.8485],[19.5899,50.8958],[19.5582,50.9041],[19.5166,50.8897],[19.4753,50.895],[19.4236,50.9693],[19.3298,51.03],[19.2943,51.0435],[19.2486,51.0371],[19.2191,51.0547],[19.2723,51.1292],[19.2439,51.1448],[19.2501,51.1725],[19.2929,51.1676],[19.327,51.1859],[19.3931,51.1997],[19.4363,51.267],[19.4555,51.2843],[19.5147,51.2703],[19.5355,51.2483],[19.5803,51.168],[19.6107,51.1592],[19.6474,51.1564],[19.6825,51.163],[19.7089,51.1859],[19.7444,51.1558],[19.7867,51.1331],[19.8933,51.1132],[19.9108,51.1384],[19.9242,51.1735],[19.9458,51.1917],[19.9713,51.1967],[20.0001,51.1852]]]}},{"type":"Feature","properties":{"code":"PL1013","name":"rawski"},"geometry":{"type":"Polygon","coordinates":[[[20.6286,51.8361],[20.585,51.7534],[20.6101,51.7383],[20.6481,51.7262],[20.6536,51.6882],[20.6278,51.6618],[20.5904,51.6641],[20.4831,51.6905],[20.4536,51.6884],[20.3898,51.6407],[20.3162,51.6512],[20.2899,51.6615],[20.2749,51.689],[20.2527,51.7131],[20.2087,51.7202],[20.1684,51.7132],[20.11,51.7411],[20.1423,51.7559],[20.176,51.7831],[20.1307,51.8219],[20.1566,51.8328],[20.2236,51.8473],[20.4665,51.8628],[20.4883,51.8913],[20.5558,51.8883],[20.6286,51.8361]]]}},{"type":"Feature","properties":{"code":"PL1014","name":"sieradzki"},"geometry":{"type":"Polygon","coordinates":[[[18.6878,51.8245],[18.6587,51.7555],[18.6894,51.7425],[18.8447,51.729],[18.8406,51.6961],[18.8184,51.6791],[18.8647,51.6129],[18.822,51.5726],[18.8329,51.5458],[18.8629,51.5234],[18.8705,51.464],[18.8346,51.4442],[18.8155,51.4097],[18.7885,51.3929],[18.7704,51.3702],[18.6947,51.353],[18.5719,51.3737],[18.5311,51.3711],[18.4991,51.3894],[18.4704,51.3968],[18.3502,51.3884],[18.3311,51.4131],[18.3743,51.4866],[18.3626,51.526],[18.359,51.572],[18.3618,51.6447],[18.3733,51.6969],[18.464,51.8449],[18.4941,51.8498],[18.5862,51.8476],[18.662,51.8271],[18.6878,51.8245]]]}},{"type":"Feature","properties":{"code":"PL1015","name":"skierniewicki"},"geometry":{"type":"Polygon","coordinates":[[[20.2611,52.1246],[20.2657,52.0931],[20.2563,52.0631],[20.2318,52.0435],[20.2113,52.0191],[20.2834,51.969],[20.249,51.9512],[20.3443,51.9214],[20.4278,51.9399],[20.4656,51.9335],[20.4883,51.8913],[20.4665,51.8628],[20.2236,51.8473],[20.1566,51.8328],[20.1307,51.8219],[20.176,51.7831],[20.1423,51.7559],[20.11,51.7411],[20.0254,51.7677],[19.9933,51.7827],[20.0083,51.8176],[19.9791,51.8347],[19.9162,51.8531],[19.8746,51.8906],[19.8654,51.9189],[19.893,51.914],[19.9333,51.9685],[20.0209,51.9904],[20.0854,52.0197],[20.1113,52.0431],[20.1218,52.0824],[20.1189,52.1181],[20.1093,52.1476],[20.1428,52.1483],[20.1707,52.1365],[20.1953,52.1185],[20.2611,52.1246]],[[20.1831,51.9305],[20.1889,51.9617],[20.209,51.9807],[20.1722,51.9916],[20.1419,51.9827],[20.1158,51.969],[20.1216,51.9375],[20.1831,51.9305]]]}},{"type":"Feature","properties":{"code":"PL1016","name":"tomaszowski"},"geometry":{"type":"Polygon","coordinates":[[[20.11,51.7411],[20.1684,51.7132],[20.2087,51.7202],[20.2527,51.7131],[20.2749,51.689],[20.2899,51.6615],[20.3162,51.6512],[20.3898,51.6407],[20.4154,51.6137],[20.3993,51.5905],[20.3726,51.5787],[20.3139,51.5665],[20.2031,51.4729],[20.1652,51.4634],[20.0629,51.4671],[20.04,51.4415],[20.0078,51.4305],[19.9418,51.4266],[19.9442,51.4889],[19.8833,51.5475],[19.8527,51.5684],[19.8146,51.5488],[19.7789,51.5389],[19.7215,51.5707],[19.714,51.6105],[19.6979,51.6413],[19.7444,51.7002],[19.7771,51.7056],[19.8293,51.6976],[19.8615,51.6859],[19.8865,51.6652],[19.9251,51.6772],[19.9514,51.7041],[19.9661,51.7271],[20.0254,51.7677],[20.11,51.7411]]]}},{"type":"Feature","properties":{"code":"PL1017","name":"wieluński"},"geometry":{"type":"Polygon","coordinates":[[[18.899,51.3702],[18.8826,51.3461],[18.874,51.313],[18.8734,51.2798],[18.8052,51.2543],[18.793,51.2276],[18.7732,51.1013],[18.7746,51.0676],[18.6864,51.0531],[18.6124,51.0719],[18.5737,51.0885],[18.5615,51.117],[18.5448,51.1387],[18.5158,51.1296],[18.5008,51.104],[18.4699,51.106],[18.3418,51.1358],[18.3538,51.1682],[18.3733,51.27],[18.3977,51.3057],[18.4409,51.3094],[18.4885,51.3053],[18.493,51.3325],[18.5314,51.3397],[18.5311,51.3711],[18.5719,51.3737],[18.6947,51.353],[18.7704,51.3702],[18.7885,51.3929],[18.8155,51.4097],[18.8584,51.3931],[18.899,51.3702]]]}},{"type":"Feature","properties":{"code":"PL1018","name":"wieruszowski"},"geometry":{"type":"Polygon","coordinates":[[[18.3311,51.4131],[18.3502,51.3884],[18.4406,51.3966],[18.4704,51.3968],[18.4991,51.3894],[18.5311,51.3711],[18.5314,51.3397],[18.493,51.3325],[18.4885,51.3053],[18.4409,51.3094],[18.3977,51.3057],[18.3733,51.27],[18.3538,51.1682],[18.3418,51.1358],[18.309,51.1355],[18.254,51.1555],[18.2139,51.1565],[18.1707,51.1698],[18.1742,51.2313],[18.1141,51.3337],[18.1077,51.3632],[18.2,51.4028],[18.1995,51.4383],[18.2331,51.4493],[18.3311,51.4131]]]}},{"type":"Feature","properties":{"code":"PL1019","name":"zduńskowolski"},"geometry":{"type":"Polygon","coordinates":[[[19.0432,51.7571],[19.0595,51.7251],[19.0925,51.6952],[19.0666,51.6769],[19.0364,51.6684],[19.0158,51.6405],[19.0302,51.5801],[18.9531,51.5235],[18.9178,51.4746],[18.8705,51.464],[18.8629,51.5234],[18.8329,51.5458],[18.822,51.5726],[18.8647,51.6129],[18.8184,51.6791],[18.8406,51.6961],[18.8447,51.729],[18.9084,51.7526],[18.9739,51.7471],[19.0043,51.7661],[19.0432,51.7571]]]}},{"type":"Feature","properties":{"code":"PL1020","name":"zgierski"},"geometry":{"type":"Polygon","coordinates":[[[19.554,52.0311],[19.7088,52.0141],[19.7397,52.006],[19.824,51.9785],[19.8465,51.9462],[19.8036,51.9499],[19.731,51.9463],[19.7114,51.9285],[19.6795,51.8821],[19.6513,51.8566],[19.6138,51.8551],[19.5571,51.8298],[19.5194,51.8507],[19.4894,51.8584],[19.4636,51.8414],[19.3924,51.8356],[19.3536,51.8255],[19.3444,51.7774],[19.2865,51.7739],[19.1674,51.8143],[19.1399,51.8277],[19.1576,51.8533],[19.1706,51.8899],[19.144,51.905],[19.1474,51.9345],[19.1438,51.979],[19.1203,52.0098],[19.2665,52.0335],[19.4968,52.0032],[19.5279,52.0056],[19.554,52.0311]]]}},{"type":"Feature","properties":{"code":"PL1021","name":"brzeziński"},"geometry":{"type":"Polygon","coordinates":[[[19.8465,51.9462],[19.8654,51.9189],[19.8746,51.8906],[19.8937,51.8699],[19.9162,51.8531],[19.9791,51.8347],[20.0083,51.8176],[19.9933,51.7827],[20.0254,51.7677],[19.9661,51.7271],[19.9349,51.7437],[19.916,51.7665],[19.8818,51.7742],[19.791,51.7681],[19.6915,51.7527],[19.6664,51.8275],[19.6513,51.8566],[19.6795,51.8821],[19.7114,51.9285],[19.731,51.9463],[19.8036,51.9499],[19.8465,51.9462]]]}},{"type":"Feature","properties":{"code":"PL1061","name":"Łódź"},"geometry":{"type":"Polygon","coordinates":[[[19.5194,51.8507],[19.5913,51.814],[19.6205,51.7783],[19.6153,51.7072],[19.4381,51.6869],[19.3664,51.6995],[19.3447,51.729],[19.365,51.7549],[19.3444,51.7774],[19.3536,51.8255],[19.3924,51.8356],[19.4636,51.8414],[19.4894,51.8584],[19.5194,51.8507]]]}},{"type":"Feature","properties":{"code":"PL1062","name":"Piotrków Trybunalski"},"geometry":{"type":"Polygon","coordinates":[[[19.6244,51.386],[19.6341,51.4133],[19.6501,51.4349],[19.7559,51.4488],[19.7912,51.4378],[19.7566,51.4172],[19.7448,51.3862],[19.7186,51.3758],[19.6495,51.3759],[19.6244,51.386]]]}},{"type":"Feature","properties":{"code":"PL1063","name":"Skierniewice"},"geometry":{"type":"Polygon","coordinates":[[[20.1831,51.9305],[20.1216,51.9375],[20.1158,51.969],[20.1419,51.9827],[20.1722,51.9916],[20.209,51.9807],[20.1889,51.9617],[20.1831,51.9305]]]}},{"type":"Feature","properties":{"code":"PL1201","name":"bocheński"},"geometry":{"type":"Polygon","coordinates":[[[20.5093,50.1268],[20.5353,50.0827],[20.5985,50.0637],[20.6153,50.0409],[20.5277,49.9432],[20.5525,49.9246],[20.5697,49.8913],[20.5677,49.8519],[20.5388,49.8351],[20.5205,49.8046],[20.498,49.7911],[20.4723,49.7824],[20.4402,49.7797],[20.3607,49.7827],[20.3479,49.8058],[20.3195,49.8197],[20.2857,49.8127],[20.2467,49.8266],[20.24,49.8606],[20.3003,49.9105],[20.3161,49.9918],[20.3408,50.0189],[20.3762,50.0317],[20.3597,50.0607],[20.3341,50.0874],[20.3354,50.1193],[20.3824,50.1204],[20.4611,50.1312],[20.5093,50.1268]]]}},{"type":"Feature","properties":{"code":"PL1202","name":"brzeski"},"geometry":{"type":"Polygon","coordinates":[[[20.6997,49.8051],[20.6606,49.8027],[20.6115,49.7774],[20.5733,49.7639],[20.5205,49.8046],[20.5388,49.8351],[20.5677,49.8519],[20.5697,49.8913],[20.5525,49.9246],[20.5277,49.9432],[20.6153,50.0409],[20.5985,50.0637],[20.5353,50.0827],[20.5093,50.1268],[20.5344,50.1411],[20.5706,50.146],[20.6206,50.1601],[20.6551,50.1872],[20.6879,50.1981],[20.7333,50.1569],[20.7497,50.1114],[20.7555,50.0427],[20.7337,49.8906],[20.7215,49.8422],[20.6997,49.8051]]]}},{"type":"Feature","properties":{"code":"PL1203","name":"chrzanowski"},"geometry":{"type":"Polygon","coordinates":[[[19.5408,50.2046],[19.5487,50.1689],[19.5879,50.0695],[19.5949,50.0332],[19.5529,50.016],[19.5095,50.0213],[19.4751,50.0097],[19.4411,50.029],[19.3448,50.0543],[19.29,50.0935],[19.2581,50.1248],[19.2921,50.1331],[19.3204,50.1484],[19.4317,50.2229],[19.4887,50.2261],[19.5408,50.2046]]]}},{"type":"Feature","properties":{"code":"PL1204","name":"dąbrowski"},"geometry":{"type":"Polygon","coordinates":[[[21.1617,50.149],[21.0997,50.1158],[21.0014,50.1105],[20.9638,50.1202],[20.8395,50.2155],[20.8119,50.2191],[20.7532,50.2126],[20.735,50.2359],[20.7574,50.2671],[20.7972,50.2859],[21.07,50.3211],[21.1244,50.3536],[21.1572,50.3448],[21.1864,50.3479],[21.2131,50.3575],[21.2177,50.3207],[21.1963,50.2917],[21.1635,50.2679],[21.1608,50.2417],[21.1681,50.2148],[21.1617,50.149]]]}},{"type":"Feature","properties":{"code":"PL1205","name":"gorlicki"},"geometry":{"type":"Polygon","coordinates":[[[21.2497,49.7748],[21.3008,49.7515],[21.3187,49.7223],[21.4053,49.4819],[21.3962,49.4406],[21.2689,49.4564],[21.0781,49.4233],[21.048,49.4224],[21.0145,49.5051],[21.0075,49.5366],[21.0215,49.6181],[21.0464,49.6403],[21.0229,49.6711],[21.002,49.6881],[20.9425,49.6776],[20.9143,49.6967],[20.8902,49.728],[20.9245,49.7389],[21.1309,49.7763],[21.1673,49.7802],[21.2497,49.7748]]]}},{"type":"Feature","properties":{"code":"PL1206","name":"krakowski"},"geometry":{"type":"MultiPolygon","coordinates":[[[[20.1849,50.0861],[20.1928,50.0878],[20.1961,50.1083],[20.2091,50.1156],[20.2347,50.111],[20.2452,50.1156],[20.251,50.1123],[20.2497,50.1154],[20.2575,50.1188],[20.266,50.1163],[20.2628,50.1201],[20.266,50.1345],[20.2791,50.1306],[20.2827,50.1462],[20.2768,50.1584],[20.3066,50.1547],[20.3133,50.1601],[20.3228,50.1589],[20.3324,50.1455],[20.3187,50.1375],[20.3218,50.1223],[20.3411,50.1223],[20.3538,50.1171],[20.3401,50.1104],[20.3481,50.1009],[20.3445,50.0939],[20.3344,50.0915],[20.2957,50.0975],[20.2851,50.0813],[20.26,50.0748],[20.2528,50.0652],[20.235,50.0682],[20.2269,50.0575],[20.2173,50.0534],[20.2064,50.065],[20.193,50.0705],[20.1995,50.0749],[20.1849,50.0861]]],[[[20.0447,50.1103],[20.0374,50.1129],[20.0247,50.104],[19.9807,50.105],[19.9581,50.1083],[19.9473,50.1193],[19.9413,50.119],[19.9249,50.1141],[19.9308,50.1048],[19.9189,50.1002],[19.9059,50.121],[19.8925,50.1261],[19.8807,50.1205],[19.8753,50.111],[19.8618,50.1059],[19.8674,50.0992],[19.8616,50.0927],[19.8431,50.0924],[19.8083,50.0784],[19.8017,50.0692],[19.8045,50.0621],[19.822,50.0582],[19.8106,50.0407],[19.8156,50.0337],[19.8263,50.0324],[19.8291,50.0258],[19.8194,50.0204],[19.8103,50.0264],[19.8031,50.0242],[19.7923,50.0123],[19.7965,49.9946],[19.849,49.9949],[19.8488,49.9852],[19.8624,49.9847],[19.8607,49.9759],[19.8709,49.9717],[19.8794,49.9715],[19.8883,49.9806],[19.9257,49.9813],[19.9554,49.9677],[19.9638,49.9686],[19.9689,49.9604],[19.9823,49.9601],[19.9815,49.9493],[20.0063,49.9493],[20.0071,49.9407],[19.9996,49.9346],[20.0016,49.9312],[19.9803,49.9315],[19.9588,49.9209],[19.9435,49.9238],[19.9327,49.9154],[19.9303,49.9033],[19.9195,49.9038],[19.9153,49.8985],[19.9014,49.9022],[19.8865,49.916],[19.8785,49.9158],[19.883,49.9241],[19.8497,49.9314],[19.8482,49.9225],[19.8534,49.9138],[19.8323,49.9071],[19.8328,49.9021],[19.8103,49.8852],[19.771,49.8939],[19.7577,49.91],[19.7583,49.917],[19.7479,49.9161],[19.744,49.9101],[19.7426,49.9182],[19.7324,49.9176],[19.7287,49.9244],[19.733,49.9261],[19.7177,49.9472],[19.7193,49.9581],[19.698,49.957],[19.6956,49.948],[19.6762,49.9486],[19.6567,49.9564],[19.6595,49.9616],[19.6523,49.9687],[19.6691,49.9787],[19.6527,49.9815],[19.6486,49.9903],[19.6403,49.9903],[19.634,49.9793],[19.624,49.9848],[19.6041,49.981],[19.6007,49.9823],[19.6048,49.9899],[19.5994,50.0004],[19.592,49.9973],[19.5914,49.9891],[19.5809,49.9889],[19.5662,50.0019],[19.5595,50.0199],[19.5849,50.0212],[19.6066,50.0343],[19.6229,50.0291],[19.6289,50.0355],[19.6064,50.0492],[19.6055,50.0623],[19.5781,50.0918],[19.5506,50.099],[19.5394,50.1113],[19.5363,50.1183],[19.5401,50.1229],[19.5319,50.1407],[19.547,50.1397],[19.537,50.1625],[19.5424,50.1699],[19.5599,50.1716],[19.5467,50.1846],[19.5204,50.1886],[19.5333,50.195],[19.5253,50.2007],[19.5384,50.202],[19.5783,50.2017],[19.5998,50.189],[19.6294,50.1919],[19.6481,50.2],[19.6444,50.2085],[19.6563,50.2152],[19.6577,50.2256],[19.672,50.2342],[19.6845,50.2551],[19.6818,50.2572],[19.686,50.2628],[19.6734,50.269],[19.6779,50.2825],[19.6749,50.297],[19.6892,50.2951],[19.7027,50.2997],[19.7128,50.2932],[19.7459,50.2885],[19.7497,50.2917],[19.7556,50.2892],[19.7525,50.285],[19.756,50.2829],[19.7776,50.2761],[19.7746,50.2714],[19.7935,50.2736],[19.8024,50.2691],[19.8145,50.2778],[19.8344,50.2637],[19.8375,50.251],[19.8467,50.2493],[19.848,50.2569],[19.8733,50.2785],[19.879,50.275],[19.8771,50.2719],[19.8936,50.2655],[19.9013,50.276],[19.9113,50.2802],[19.9319,50.2751],[19.9345,50.273],[19.9227,50.2688],[19.9199,50.2612],[19.925,50.2589],[19.9399,50.266],[19.9461,50.2823],[19.995,50.2799],[20.0166,50.2889],[20.0185,50.2935],[20.0343,50.2928],[20.0469,50.2983],[20.0721,50.2937],[20.078,50.2982],[20.0964,50.297],[20.0978,50.3043],[20.0901,50.3066],[20.1173,50.3101],[20.1221,50.3147],[20.1257,50.3132],[20.1216,50.3055],[20.1119,50.3068],[20.1098,50.3029],[20.1214,50.3052],[20.1315,50.3009],[20.1307,50.3044],[20.1425,50.3016],[20.1465,50.2958],[20.1547,50.3],[20.1769,50.2902],[20.1732,50.2758],[20.1382,50.2718],[20.1262,50.2603],[20.135,50.2419],[20.1452,50.2377],[20.1541,50.2267],[20.1786,50.2251],[20.1632,50.2236],[20.1557,50.2042],[20.1656,50.2026],[20.1649,50.1952],[20.1749,50.1908],[20.1749,50.1868],[20.1608,50.1797],[20.1682,50.1756],[20.1696,50.1688],[20.1479,50.162],[20.146,50.155],[20.1815,50.1484],[20.1811,50.1441],[20.1891,50.143],[20.1947,50.1337],[20.2034,50.1321],[20.2013,50.1204],[20.1816,50.1166],[20.1591,50.1216],[20.1469,50.1143],[20.1431,50.1065],[20.1208,50.1085],[20.12,50.1165],[20.0962,50.1193],[20.0783,50.1083],[20.0786,50.1125],[20.0585,50.1147],[20.0447,50.1103]]]]}},{"type":"Feature","properties":{"code":"PL1207","name":"limanowski"},"geometry":{"type":"Polygon","coordinates":[[[20.5205,49.8046],[20.5733,49.7639],[20.5505,49.7264],[20.5793,49.6992],[20.5747,49.673],[20.5333,49.5866],[20.4996,49.5871],[20.3684,49.6199],[20.3648,49.5767],[20.3549,49.537],[20.2982,49.5692],[20.1587,49.5448],[20.0721,49.5547],[20.0418,49.564],[20.0075,49.6088],[19.9958,49.6457],[20.0061,49.6819],[20.0386,49.7362],[20.0773,49.737],[20.1135,49.7446],[20.1624,49.7915],[20.2042,49.8108],[20.2467,49.8266],[20.2857,49.8127],[20.3195,49.8197],[20.3479,49.8058],[20.3607,49.7827],[20.3889,49.7787],[20.4723,49.7824],[20.5205,49.8046]]]}},{"type":"Feature","properties":{"code":"PL1208","name":"miechowski"},"geometry":{"type":"Polygon","coordinates":[[[20.2717,50.4573],[20.2741,50.4178],[20.3053,50.3884],[20.3372,50.3455],[20.3176,50.3208],[20.2846,50.3071],[20.157,50.2854],[20.0734,50.2935],[19.9439,50.2832],[19.9077,50.2929],[19.8842,50.3087],[19.8364,50.3232],[19.8292,50.3535],[19.8388,50.4068],[19.8377,50.4338],[19.9257,50.471],[19.9592,50.5044],[19.9956,50.5175],[20.2453,50.4739],[20.2717,50.4573]]]}},{"type":"Feature","properties":{"code":"PL1209","name":"myślenicki"},"geometry":{"type":"Polygon","coordinates":[[[20.24,49.8606],[20.2467,49.8266],[20.1624,49.7915],[20.1135,49.7446],[20.0773,49.737],[20.0386,49.7362],[20.0061,49.6819],[19.9958,49.6457],[19.9635,49.6582],[19.9446,49.6292],[19.9035,49.6366],[19.9021,49.6796],[19.9077,49.7053],[19.7962,49.7038],[19.7983,49.79],[19.7622,49.7866],[19.7516,49.818],[19.7835,49.8713],[19.8455,49.9114],[19.8775,49.9214],[19.908,49.9017],[19.9462,49.9102],[19.9874,49.9272],[20.0234,49.9244],[20.09,49.9129],[20.1223,49.9023],[20.1544,49.881],[20.24,49.8606]]]}},{"type":"Feature","properties":{"code":"PL1210","name":"nowosądecki"},"geometry":{"type":"Polygon","coordinates":[[[20.8902,49.728],[20.9143,49.6967],[20.9425,49.6776],[21.002,49.6881],[21.0229,49.6711],[21.0464,49.6403],[21.0215,49.6181],[21.0075,49.5366],[21.0145,49.5051],[21.048,49.4224],[21.0479,49.3904],[21.0414,49.3607],[20.9841,49.3118],[20.9512,49.3026],[20.9218,49.3005],[20.7157,49.4081],[20.6852,49.4169],[20.6209,49.3997],[20.6139,49.4289],[20.5979,49.4507],[20.5317,49.4711],[20.4984,49.4681],[20.4697,49.4716],[20.455,49.4951],[20.4335,49.5153],[20.3549,49.537],[20.3648,49.5767],[20.3684,49.6199],[20.4996,49.5871],[20.5333,49.5866],[20.5747,49.673],[20.5793,49.6992],[20.5505,49.7264],[20.5733,49.7639],[20.6115,49.7774],[20.6606,49.8027],[20.6997,49.8051],[20.7441,49.7918],[20.8902,49.728]],[[20.7086,49.5575],[20.7335,49.566],[20.7551,49.5955],[20.7381,49.6335],[20.7038,49.6473],[20.6714,49.6493],[20.673,49.6153],[20.6551,49.5813],[20.7086,49.5575]]]}},{"type":"Feature","properties":{"code":"PL1211","name":"nowotarski"},"geometry":{"type":"Polygon","coordinates":[[[19.9958,49.6457],[20.0075,49.6088],[20.0418,49.564],[20.0721,49.5547],[20.1587,49.5448],[20.2982,49.5692],[20.3549,49.537],[20.4335,49.5153],[20.455,49.4951],[20.4697,49.4716],[20.4984,49.4681],[20.5317,49.4711],[20.5979,49.4507],[20.6139,49.4289],[20.6209,49.3997],[20.5595,49.3774],[20.477,49.4006],[20.4047,49.4066],[20.2314,49.3393],[20.1947,49.3117],[20.1797,49.348],[20.1555,49.3796],[20.1211,49.3984],[20.0693,49.4182],[20.0404,49.4195],[19.9126,49.3358],[19.8776,49.3366],[19.8499,49.35],[19.8125,49.3426],[19.7969,49.3877],[19.7818,49.4106],[19.666,49.4132],[19.6337,49.4178],[19.6032,49.4379],[19.5879,49.4719],[19.51,49.5636],[19.5807,49.5889],[19.5967,49.6221],[19.6279,49.6174],[19.6802,49.5865],[19.725,49.575],[19.7657,49.571],[19.841,49.5919],[19.9035,49.6366],[19.9446,49.6292],[19.9635,49.6582],[19.9958,49.6457]]]}},{"type":"Feature","properties":{"code":"PL1212","name":"olkuski"},"geometry":{"type":"Polygon","coordinates":[[[19.8377,50.4338],[19.8388,50.4068],[19.8292,50.3535],[19.8364,50.3232],[19.8842,50.3087],[19.9077,50.2929],[19.8737,50.2736],[19.8386,50.2719],[19.7479,50.282],[19.6721,50.296],[19.6808,50.2648],[19.67,50.2337],[19.6518,50.2061],[19.6231,50.1938],[19.5908,50.191],[19.5408,50.2046],[19.4887,50.2261],[19.4317,50.2229],[19.3222,50.2592],[19.3919,50.2838],[19.4161,50.3145],[19.4829,50.3233],[19.4849,50.3622],[19.504,50.3936],[19.5299,50.4147],[19.6232,50.4087],[19.6896,50.4354],[19.7351,50.4396],[19.8377,50.4338]]]}},{"type":"Feature","properties":{"code":"PL1213","name":"oświęcimski"},"geometry":{"type":"Polygon","coordinates":[[[19.4751,50.0097],[19.4627,49.9672],[19.4477,49.9389],[19.4157,49.9578],[19.3889,49.9534],[19.3391,49.9278],[19.3132,49.9089],[19.3078,49.8734],[19.2916,49.853],[19.2321,49.8651],[19.1712,49.8623],[19.1934,49.8852],[19.1885,49.9172],[19.1714,49.9471],[19.1262,49.9395],[19.1009,49.9543],[19.1259,49.9727],[19.1487,50.0412],[19.2064,50.0742],[19.2383,50.1],[19.2581,50.1248],[19.29,50.0935],[19.3448,50.0543],[19.4411,50.029],[19.4751,50.0097]]]}},{"type":"Feature","properties":{"code":"PL1214","name":"proszowicki"},"geometry":{"type":"Polygon","coordinates":[[[20.6551,50.1872],[20.6206,50.1601],[20.5706,50.146],[20.5344,50.1411],[20.5093,50.1268],[20.4611,50.1312],[20.3824,50.1204],[20.3354,50.1193],[20.3219,50.1582],[20.2873,50.1571],[20.2782,50.1302],[20.2542,50.1194],[20.2129,50.1167],[20.1886,50.1535],[20.1579,50.2317],[20.1352,50.2556],[20.157,50.2854],[20.2846,50.3071],[20.3176,50.3208],[20.3377,50.294],[20.3518,50.2622],[20.4026,50.2165],[20.5056,50.1869],[20.6232,50.2],[20.6551,50.1872]]]}},{"type":"Feature","properties":{"code":"PL1215","name":"suski"},"geometry":{"type":"Polygon","coordinates":[[[19.9035,49.6366],[19.841,49.5919],[19.7657,49.571],[19.725,49.575],[19.6802,49.5865],[19.6279,49.6174],[19.5967,49.6221],[19.5807,49.5889],[19.51,49.5636],[19.4752,49.6017],[19.4677,49.665],[19.4279,49.679],[19.3846,49.6853],[19.4028,49.7091],[19.4337,49.7317],[19.4217,49.7691],[19.4443,49.7889],[19.4713,49.798],[19.722,49.8113],[19.7516,49.818],[19.7622,49.7866],[19.7983,49.79],[19.7962,49.7038],[19.9077,49.7053],[19.9021,49.6796],[19.9035,49.6366]]]}},{"type":"Feature","properties":{"code":"PL1216","name":"tarnowski"},"geometry":{"type":"Polygon","coordinates":[[[21.1617,50.149],[21.1565,50.1215],[21.1763,50.0196],[21.1635,49.9593],[21.1871,49.9348],[21.2493,49.9262],[21.2806,49.9033],[21.2515,49.8871],[21.2245,49.8831],[21.2342,49.8479],[21.2984,49.8492],[21.3394,49.8163],[21.2497,49.7748],[21.1673,49.7802],[21.1309,49.7763],[20.9245,49.7389],[20.8902,49.728],[20.7441,49.7918],[20.6997,49.8051],[20.7215,49.8422],[20.7337,49.8906],[20.7555,50.0427],[20.7497,50.1114],[20.7333,50.1569],[20.6879,50.1981],[20.7099,50.2243],[20.735,50.2359],[20.7532,50.2126],[20.8119,50.2191],[20.8395,50.2155],[20.9638,50.1202],[21.0014,50.1105],[21.0997,50.1158],[21.1617,50.149]],[[20.9288,49.9905],[20.9633,49.9862],[21.0051,49.9893],[21.0432,50.0167],[21.0246,50.0533],[20.9892,50.0643],[20.9591,50.0652],[20.9283,50.0584],[20.9032,50.0212],[20.9288,49.9905]]]}},{"type":"Feature","properties":{"code":"PL1217","name":"tatrzański"},"geometry":{"type":"Polygon","coordinates":[[[20.1947,49.3117],[20.1485,49.3069],[20.1296,49.2799],[20.0921,49.1871],[20.0598,49.1874],[19.9525,49.2169],[19.925,49.2191],[19.8844,49.1985],[19.7829,49.2072],[19.7929,49.2372],[19.8168,49.2678],[19.8125,49.3426],[19.8499,49.35],[19.8776,49.3366],[19.9126,49.3358],[20.0404,49.4195],[20.0693,49.4182],[20.1211,49.3984],[20.1555,49.3796],[20.1797,49.348],[20.1947,49.3117]]]}},{"type":"Feature","properties":{"code":"PL1218","name":"wadowicki"},"geometry":{"type":"Polygon","coordinates":[[[19.5529,50.016],[19.6793,49.9442],[19.779,49.8984],[19.8124,49.89],[19.7835,49.8713],[19.7516,49.818],[19.722,49.8113],[19.4713,49.798],[19.4443,49.7889],[19.4217,49.7691],[19.3117,49.7891],[19.2916,49.853],[19.3078,49.8734],[19.3132,49.9089],[19.3391,49.9278],[19.3889,49.9534],[19.4157,49.9578],[19.4477,49.9389],[19.4627,49.9672],[19.4751,50.0097],[19.5095,50.0213],[19.5529,50.016]]]}},{"type":"Feature","properties":{"code":"PL1219","name":"wielicki"},"geometry":{"type":"Polygon","coordinates":[[[20.24,49.8606],[20.1544,49.881],[20.1223,49.9023],[20.09,49.9129],[19.9874,49.9272],[19.9742,49.9577],[19.9943,49.9793],[20.0511,50.0036],[20.0673,50.0244],[20.088,50.0408],[20.2314,50.0574],[20.3341,50.0874],[20.3597,50.0607],[20.3762,50.0317],[20.3408,50.0189],[20.3161,49.9918],[20.3003,49.9105],[20.24,49.8606]]]}},{"type":"Feature","properties":{"code":"PL1261","name":"Kraków"},"geometry":{"type":"Polygon","coordinates":[[[20.2129,50.1167],[20.2135,50.0788],[20.2314,50.0574],[20.088,50.0408],[20.0673,50.0244],[20.0511,50.0036],[19.9943,49.9793],[19.9742,49.9577],[19.9313,49.9733],[19.8479,49.9877],[19.8071,50.0],[19.8046,50.0483],[19.8268,50.0878],[19.8889,50.1188],[19.925,50.1213],[20.0242,50.109],[20.1148,50.1063],[20.2129,50.1167]]]}},{"type":"Feature","properties":{"code":"PL1262","name":"Nowy Sącz"},"geometry":{"type":"Polygon","coordinates":[[[20.7086,49.5575],[20.6551,49.5813],[20.673,49.6153],[20.6714,49.6493],[20.7038,49.6473],[20.7381,49.6335],[20.7551,49.5955],[20.7335,49.566],[20.7086,49.5575]]]}},{"type":"Feature","properties":{"code":"PL1263","name":"Tarnów"},"geometry":{"type":"Polygon","coordinates":[[[20.9288,49.9905],[20.9032,50.0212],[20.9283,50.0584],[20.9591,50.0652],[20.9892,50.0643],[21.0246,50.0533],[21.0432,50.0167],[21.0051,49.9893],[20.9633,49.9862],[20.9288,49.9905]]]}},{"type":"Feature","properties":{"code":"PL1401","name":"białobrzeski"},"geometry":{"type":"Polygon","coordinates":[[[21.1265,51.7306],[21.1604,51.7283],[21.1664,51.6865],[21.2013,51.6634],[21.2227,51.6388],[21.216,51.5901],[21.0953,51.5764],[21.0401,51.5296],[21.0059,51.517],[20.9278,51.5111],[20.8238,51.511],[20.7928,51.5054],[20.773,51.5354],[20.7509,51.552],[20.6532,51.5828],[20.6603,51.6078],[20.8133,51.6372],[20.8065,51.6699],[20.7771,51.6887],[20.814,51.7088],[20.8867,51.7381],[20.9248,51.7484],[20.9649,51.7457],[21.0091,51.7003],[21.0434,51.6957],[21.0788,51.7012],[21.1265,51.7306]]]}},{"type":"Feature","properties":{"code":"PL1402","name":"ciechanowski"},"geometry":{"type":"Polygon","coordinates":[[[20.6859,53.0647],[20.692,53.0198],[20.7072,52.9814],[20.8966,52.8616],[20.9662,52.7987],[20.9412,52.7858],[20.9158,52.7618],[20.7834,52.7463],[20.7228,52.6935],[20.6917,52.7104],[20.6239,52.7229],[20.5117,52.7115],[20.2571,52.7811],[20.2258,52.7971],[20.2293,52.8304],[20.2565,52.8469],[20.3286,52.847],[20.3569,52.8516],[20.4358,52.9075],[20.4662,52.9358],[20.5757,53.0773],[20.601,53.0927],[20.6277,53.1004],[20.6586,53.0853],[20.6859,53.0647]]]}},{"type":"Feature","properties":{"code":"PL1403","name":"garwoliński"},"geometry":{"type":"Polygon","coordinates":[[[21.8857,51.9811],[21.8762,51.9389],[21.9066,51.8966],[21.8682,51.842],[21.9074,51.8391],[21.9311,51.8218],[21.9485,51.7946],[21.8454,51.7422],[21.8757,51.7202],[21.8924,51.6996],[21.8495,51.6619],[21.8182,51.6486],[21.7887,51.6442],[21.7489,51.6234],[21.7131,51.6246],[21.6566,51.6458],[21.6302,51.6445],[21.6222,51.6137],[21.5415,51.6592],[21.479,51.6664],[21.4216,51.7348],[21.4294,51.7658],[21.4149,51.7923],[21.3851,51.8169],[21.2899,51.8645],[21.3236,51.9028],[21.4075,51.9032],[21.4642,51.925],[21.4662,51.9516],[21.4759,51.9835],[21.5658,52.0407],[21.6081,52.0316],[21.7769,51.9788],[21.8185,51.9894],[21.8547,51.9923],[21.8857,51.9811]]]}},{"type":"Feature","properties":{"code":"PL1404","name":"gostyniński"},"geometry":{"type":"Polygon","coordinates":[[[19.9641,52.3272],[19.9433,52.2935],[19.91,52.3041],[19.8754,52.306],[19.7632,52.2676],[19.7411,52.2517],[19.7075,52.273],[19.674,52.2696],[19.6417,52.2584],[19.6197,52.2795],[19.5145,52.3109],[19.4915,52.335],[19.4623,52.342],[19.3832,52.3413],[19.3496,52.3458],[19.3031,52.3801],[19.2783,52.3904],[19.2692,52.4226],[19.2857,52.4458],[19.3216,52.4627],[19.3773,52.5074],[19.4869,52.5236],[19.5216,52.5083],[19.5517,52.4856],[19.5607,52.4049],[19.6373,52.4098],[19.6707,52.4024],[19.7134,52.3525],[19.7571,52.347],[19.7999,52.3579],[19.8193,52.3878],[19.9166,52.3504],[19.939,52.3322],[19.9641,52.3272]]]}},{"type":"Feature","properties":{"code":"PL1405","name":"grodziski"},"geometry":{"type":"Polygon","coordinates":[[[20.6405,52.1653],[20.7019,52.1274],[20.7352,52.1172],[20.6989,52.0967],[20.735,52.0717],[20.7473,52.0305],[20.7609,52.0032],[20.6941,51.9742],[20.6716,51.9447],[20.646,51.9459],[20.6217,51.9596],[20.6004,51.9825],[20.6121,52.0194],[20.6084,52.0475],[20.5095,52.0518],[20.4699,52.0612],[20.4129,52.1323],[20.4168,52.1878],[20.4552,52.1852],[20.5161,52.1891],[20.5394,52.1685],[20.6405,52.1653]]]}},{"type":"Feature","properties":{"code":"PL1406","name":"grójecki"},"geometry":{"type":"Polygon","coordinates":[[[21.2311,51.899],[21.2899,51.8645],[21.2668,51.8432],[21.2778,51.8172],[21.175,51.7713],[21.1431,51.7524],[21.1265,51.7306],[21.0788,51.7012],[21.0434,51.6957],[21.0091,51.7003],[20.9649,51.7457],[20.9248,51.7484],[20.8867,51.7381],[20.814,51.7088],[20.7771,51.6887],[20.8065,51.6699],[20.8133,51.6372],[20.6603,51.6078],[20.6532,51.5828],[20.5553,51.5563],[20.5166,51.5603],[20.5348,51.5948],[20.5076,51.6117],[20.4154,51.6137],[20.3898,51.6407],[20.4536,51.6884],[20.4831,51.6905],[20.5904,51.6641],[20.6278,51.6618],[20.6536,51.6882],[20.6481,51.7262],[20.6101,51.7383],[20.585,51.7534],[20.6286,51.8361],[20.6559,51.9145],[20.6716,51.9447],[20.7102,51.9534],[20.7478,51.9523],[20.7973,51.9469],[20.8392,51.9337],[20.9553,51.9159],[20.9889,51.9153],[21.0152,51.9278],[21.0982,51.9375],[21.1466,51.9317],[21.2311,51.899]]]}},{"type":"Feature","properties":{"code":"PL1407","name":"kozienicki"},"geometry":{"type":"Polygon","coordinates":[[[21.6222,51.6137],[21.648,51.5891],[21.6776,51.5789],[21.7609,51.5622],[21.7987,51.5663],[21.834,51.5433],[21.8648,51.488],[21.8599,51.4538],[21.8434,51.4265],[21.7767,51.4103],[21.746,51.4414],[21.733,51.5002],[21.5947,51.454],[21.5583,51.4479],[21.5462,51.4759],[21.551,51.5086],[21.5462,51.5453],[21.5073,51.5516],[21.4527,51.5219],[21.3906,51.5387],[21.3041,51.5521],[21.2511,51.5713],[21.216,51.5901],[21.2227,51.6388],[21.2013,51.6634],[21.1664,51.6865],[21.1604,51.7283],[21.1265,51.7306],[21.1431,51.7524],[21.175,51.7713],[21.2778,51.8172],[21.2668,51.8432],[21.2899,51.8645],[21.3851,51.8169],[21.4149,51.7923],[21.4294,51.7658],[21.4216,51.7348],[21.479,51.6664],[21.5415,51.6592],[21.6222,51.6137]]]}},{"type":"Feature","properties":{"code":"PL1408","name":"legionowski"},"geometry":{"type":"Polygon","coordinates":[[[21.1211,52.5473],[21.1288,52.5193],[21.087,52.4988],[21.1073,52.4407],[21.1142,52.4044],[21.0977,52.3644],[21.0809,52.3393],[21.0588,52.3559],[21.0234,52.3631],[20.8116,52.375],[20.7735,52.3986],[20.7691,52.47],[20.8269,52.4842],[20.8635,52.4842],[20.8982,52.4981],[20.9244,52.5543],[20.9526,52.5538],[21.0449,52.5355],[21.1211,52.5473]]]}},{"type":"Feature","properties":{"code":"PL1409","name":"lipski"},"geometry":{"type":"Polygon","coordinates":[[[21.8247,51.2697],[21.7892,51.1978],[21.7892,51.1597],[21.8013,51.056],[21.7633,51.044],[21.7288,51.0421],[21.7008,51.0464],[21.6827,51.0685],[21.6494,51.074],[21.6166,51.0649],[21.5382,51.0598],[21.4873,51.0298],[21.4536,51.0156],[21.3842,51.0366],[21.3174,51.0792],[21.3202,51.1137],[21.3301,51.1439],[21.3506,51.1751],[21.4067,51.2193],[21.4553,51.2255],[21.4929,51.2672],[21.5193,51.2829],[21.5507,51.292],[21.6383,51.2766],[21.6975,51.2956],[21.795,51.2663],[21.8247,51.2697]]]}},{"type":"Feature","properties":{"code":"PL1410","name":"łosicki"},"geometry":{"type":"Polygon","coordinates":[[[23.1177,52.2955],[23.0903,52.2737],[22.9113,52.074],[22.8776,52.0655],[22.6872,52.086],[22.6474,52.0814],[22.6183,52.1112],[22.5891,52.1323],[22.5954,52.1608],[22.7124,52.3411],[22.7455,52.3737],[22.8433,52.3595],[22.9258,52.3693],[22.9584,52.356],[22.9875,52.3362],[23.1177,52.2955]]]}},{"type":"Feature","properties":{"code":"PL1411","name":"makowski"},"geometry":{"type":"Polygon","coordinates":[[[21.4701,52.7983],[21.4427,52.7762],[21.4082,52.7735],[21.3217,52.7722],[21.1708,52.7911],[21.0308,52.773],[20.9958,52.773],[20.8966,52.8616],[20.9931,52.8924],[21.0147,52.9108],[21.001,52.9931],[21.003,53.0215],[21.0131,53.0545],[21.1096,53.1108],[21.1412,53.1233],[21.171,53.117],[21.2005,53.1256],[21.2201,53.1012],[21.4691,52.9985],[21.4683,52.973],[21.4425,52.9147],[21.4329,52.8747],[21.4701,52.7983]]]}},{"type":"Feature","properties":{"code":"PL1412","name":"miński"},"geometry":{"type":"Polygon","coordinates":[[[21.9367,52.2178],[21.9609,52.1257],[21.9596,52.0843],[21.8757,52.0385],[21.8763,52.0126],[21.8857,51.9811],[21.8547,51.9923],[21.8185,51.9894],[21.7769,51.9788],[21.6081,52.0316],[21.5658,52.0407],[21.5477,52.082],[21.4685,52.1345],[21.3645,52.1918],[21.2611,52.2189],[21.2557,52.2625],[21.3606,52.2703],[21.4312,52.2662],[21.4199,52.2941],[21.4407,52.3128],[21.6977,52.3856],[21.7622,52.3461],[21.7804,52.2891],[21.9367,52.2178]]]}},{"type":"Feature","properties":{"code":"PL1413","name":"mławski"},"geometry":{"type":"Polygon","coordinates":[[[20.6859,53.0647],[20.6586,53.0853],[20.6277,53.1004],[20.601,53.0927],[20.5757,53.0773],[20.4662,52.9358],[20.4358,52.9075],[20.3569,52.8516],[20.3286,52.847],[20.2565,52.8469],[20.1782,52.8913],[20.1398,52.8862],[20.1153,52.8939],[20.0818,52.9089],[20.0434,52.9724],[20.0617,53.0137],[20.1451,53.1367],[20.173,53.1421],[20.2848,53.1419],[20.322,53.1461],[20.382,53.1882],[20.403,53.2115],[20.5307,53.2282],[20.6695,53.2682],[20.6842,53.2382],[20.7086,53.1564],[20.7144,53.1045],[20.6859,53.0647]]]}},{"type":"Feature","properties":{"code":"PL1414","name":"nowodworski"},"geometry":{"type":"Polygon","coordinates":[[[20.9244,52.5543],[20.8982,52.4981],[20.8635,52.4842],[20.8269,52.4842],[20.7691,52.47],[20.7735,52.3986],[20.8116,52.375],[20.7722,52.3329],[20.7331,52.3224],[20.6204,52.3222],[20.4706,52.2941],[20.4363,52.2932],[20.4091,52.3768],[20.4377,52.4092],[20.7218,52.6187],[20.8008,52.6374],[20.8345,52.6375],[20.8663,52.6302],[20.9078,52.5831],[20.9244,52.5543]]]}},{"type":"Feature","properties":{"code":"PL1415","name":"ostrołęcki"},"geometry":{"type":"Polygon","coordinates":[[[21.6012,53.4761],[21.6304,53.4011],[21.7092,53.3274],[21.721,53.3047],[21.6629,53.2728],[21.6407,53.2511],[21.7257,53.1225],[21.7623,53.1107],[21.8013,53.111],[21.8364,53.0891],[21.9335,53.0032],[21.954,52.9789],[21.8499,52.9192],[21.7636,52.9038],[21.6213,52.8928],[21.6082,52.8702],[21.6102,52.8337],[21.5893,52.8073],[21.4701,52.7983],[21.4329,52.8747],[21.4425,52.9147],[21.4683,52.973],[21.4691,52.9985],[21.2201,53.1012],[21.148,53.1806],[21.1718,53.2791],[21.1395,53.3026],[21.0615,53.3338],[21.2699,53.4218],[21.3858,53.425],[21.5068,53.4635],[21.5278,53.4779],[21.6012,53.4761]],[[21.6521,53.1008],[21.6094,53.1082],[21.5602,53.1067],[21.5453,53.0748],[21.5793,53.0548],[21.6126,53.0562],[21.6521,53.1008]]]}},{"type":"Feature","properties":{"code":"PL1416","name":"ostrowski"},"geometry":{"type":"Polygon","coordinates":[[[21.9903,52.9766],[22.0077,52.9489],[22.0349,52.8578],[22.0587,52.8482],[22.091,52.8451],[22.1389,52.8497],[22.1959,52.8774],[22.2832,52.8741],[22.2913,52.8399],[22.2811,52.8102],[22.292,52.7788],[22.3189,52.7563],[22.3781,52.7889],[22.4129,52.7921],[22.4449,52.7885],[22.4511,52.7207],[22.4441,52.6481],[22.4177,52.6166],[22.3748,52.6318],[22.3419,52.6544],[22.3038,52.6678],[22.1708,52.6964],[22.0679,52.6798],[22.0354,52.6672],[22.0017,52.6447],[21.9326,52.6835],[21.8903,52.6977],[21.7859,52.6658],[21.7375,52.6618],[21.6701,52.6974],[21.6731,52.7286],[21.6963,52.7877],[21.6716,52.8075],[21.6102,52.8337],[21.6082,52.8702],[21.6213,52.8928],[21.7636,52.9038],[21.8499,52.9192],[21.954,52.9789],[21.9903,52.9766]]]}},{"type":"Feature","properties":{"code":"PL1417","name":"otwocki"},"geometry":{"type":"Polygon","coordinates":[[[21.5658,52.0407],[21.4759,51.9835],[21.4662,51.9516],[21.4642,51.925],[21.4075,51.9032],[21.3236,51.9028],[21.2899,51.8645],[21.2311,51.899],[21.2684,51.9577],[21.2425,51.9883],[21.2208,52.0036],[21.2183,52.043],[21.2062,52.094],[21.1868,52.1171],[21.1588,52.1364],[21.1955,52.1472],[21.2374,52.1514],[21.2611,52.2189],[21.3645,52.1918],[21.4685,52.1345],[21.5477,52.082],[21.5658,52.0407]]]}},{"type":"Feature","properties":{"code":"PL1418","name":"piaseczyński"},"geometry":{"type":"Polygon","coordinates":[[[21.2311,51.899],[21.1466,51.9317],[21.0982,51.9375],[21.0152,51.9278],[20.9889,51.9153],[20.9553,51.9159],[20.8392,51.9337],[20.7973,51.9469],[20.7478,51.9523],[20.7102,51.9534],[20.6716,51.9447],[20.6941,51.9742],[20.7958,52.0166],[20.8478,52.0696],[20.9193,52.1128],[20.9564,52.1181],[21.0432,52.1048],[21.094,52.1062],[21.1588,52.1364],[21.1868,52.1171],[21.2062,52.094],[21.2183,52.043],[21.2208,52.0036],[21.2425,51.9883],[21.2684,51.9577],[21.2311,51.899]]]}},{"type":"Feature","properties":{"code":"PL1419","name":"płocki"},"geometry":{"type":"Polygon","coordinates":[[[20.2578,52.3873],[20.047,52.3834],[20.0101,52.3754],[19.9857,52.3432],[19.9641,52.3272],[19.939,52.3322],[19.9166,52.3504],[19.8193,52.3878],[19.7999,52.3579],[19.7571,52.347],[19.7134,52.3525],[19.6707,52.4024],[19.6373,52.4098],[19.5607,52.4049],[19.5517,52.4856],[19.5216,52.5083],[19.4869,52.5236],[19.3773,52.5074],[19.3594,52.529],[19.3463,52.5633],[19.4106,52.605],[19.3807,52.6277],[19.4045,52.6539],[19.4365,52.7143],[19.4721,52.7151],[19.5134,52.7084],[19.6319,52.6795],[19.6673,52.6835],[19.7962,52.7101],[19.9354,52.7684],[19.9744,52.7796],[20.0507,52.7503],[20.232,52.5059],[20.2434,52.4669],[20.2479,52.4139],[20.2578,52.3873]],[[19.6441,52.4984],[19.701,52.4755],[19.753,52.4961],[19.7849,52.5161],[19.7641,52.5418],[19.7339,52.5576],[19.7111,52.5794],[19.6829,52.5959],[19.6498,52.5965],[19.6413,52.5358],[19.6441,52.4984]]]}},{"type":"Feature","properties":{"code":"PL1420","name":"płoński"},"geometry":{"type":"Polygon","coordinates":[[[20.2565,52.8469],[20.2293,52.8304],[20.2258,52.7971],[20.2571,52.7811],[20.5117,52.7115],[20.6239,52.7229],[20.6917,52.7104],[20.7228,52.6935],[20.719,52.6494],[20.7218,52.6187],[20.4377,52.4092],[20.4091,52.3768],[20.3751,52.3844],[20.2578,52.3873],[20.2479,52.4139],[20.2434,52.4669],[20.232,52.5059],[20.0507,52.7503],[19.9744,52.7796],[19.9778,52.8167],[19.9955,52.8458],[20.023,52.8482],[20.1179,52.8272],[20.1305,52.8514],[20.1398,52.8862],[20.1782,52.8913],[20.2565,52.8469]]]}},{"type":"Feature","properties":{"code":"PL1421","name":"pruszkowski"},"geometry":{"type":"Polygon","coordinates":[[[20.9971,52.1146],[20.9564,52.1181],[20.9193,52.1128],[20.8478,52.0696],[20.7958,52.0166],[20.7609,52.0032],[20.7473,52.0305],[20.735,52.0717],[20.6989,52.0967],[20.7352,52.1172],[20.7019,52.1274],[20.6405,52.1653],[20.6713,52.1838],[20.816,52.194],[20.8547,52.2034],[20.8769,52.1857],[20.9759,52.1421],[20.9971,52.1146]]]}},{"type":"Feature","properties":{"code":"PL1422","name":"przasnyski"},"geometry":{"type":"Polygon","coordinates":[[[21.0615,53.3338],[21.1395,53.3026],[21.1718,53.2791],[21.148,53.1806],[21.2005,53.1256],[21.171,53.117],[21.1412,53.1233],[21.1096,53.1108],[21.0131,53.0545],[21.003,53.0215],[21.001,52.9931],[21.0147,52.9108],[20.9931,52.8924],[20.8966,52.8616],[20.7072,52.9814],[20.692,53.0198],[20.6859,53.0647],[20.7144,53.1045],[20.7086,53.1564],[20.6842,53.2382],[20.6695,53.2682],[20.7357,53.3039],[20.7976,53.3119],[20.8289,53.2972],[20.8702,53.3035],[20.9655,53.3498],[20.9934,53.3487],[21.0615,53.3338]]]}},{"type":"Feature","properties":{"code":"PL1423","name":"przysuski"},"geometry":{"type":"Polygon","coordinates":[[[20.6532,51.5828],[20.7509,51.552],[20.773,51.5354],[20.7928,51.5054],[20.7701,51.4357],[20.7961,51.4194],[20.8393,51.4209],[20.8724,51.3972],[20.8434,51.3684],[20.8455,51.3404],[20.7468,51.2691],[20.6578,51.2565],[20.6357,51.2339],[20.5964,51.2412],[20.553,51.2316],[20.5285,51.2509],[20.5063,51.2791],[20.5002,51.3201],[20.4298,51.3435],[20.4264,51.3705],[20.4475,51.3994],[20.5099,51.4541],[20.5239,51.4781],[20.507,51.5077],[20.4627,51.5025],[20.4531,51.546],[20.4154,51.6137],[20.5076,51.6117],[20.5348,51.5948],[20.5166,51.5603],[20.5553,51.5563],[20.6532,51.5828]]]}},{"type":"Feature","properties":{"code":"PL1424","name":"pułtuski"},"geometry":{"type":"Polygon","coordinates":[[[21.3217,52.7722],[21.3342,52.7488],[21.3415,52.7178],[21.2426,52.5831],[21.2059,52.5638],[21.0449,52.5355],[20.9526,52.5538],[20.9244,52.5543],[20.9078,52.5831],[20.8663,52.6302],[20.8345,52.6375],[20.8008,52.6374],[20.7218,52.6187],[20.719,52.6494],[20.7228,52.6935],[20.7834,52.7463],[20.9158,52.7618],[20.9412,52.7858],[20.9662,52.7987],[20.9958,52.773],[21.0308,52.773],[21.1708,52.7911],[21.3217,52.7722]]]}},{"type":"Feature","properties":{"code":"PL1425","name":"radomski"},"geometry":{"type":"Polygon","coordinates":[[[21.5583,51.4479],[21.5396,51.4265],[21.3608,51.3311],[21.3469,51.2905],[21.3367,51.241],[21.3628,51.2265],[21.4067,51.2193],[21.3506,51.1751],[21.3301,51.1439],[21.3202,51.1137],[21.3174,51.0792],[21.2805,51.0828],[21.1618,51.0799],[21.1478,51.1275],[21.1212,51.1412],[21.0992,51.2017],[21.0625,51.209],[21.0149,51.2389],[21.0123,51.2741],[21.0364,51.3009],[21.021,51.3331],[20.9441,51.3628],[20.9052,51.3638],[20.8455,51.3404],[20.8434,51.3684],[20.8724,51.3972],[20.8393,51.4209],[20.7961,51.4194],[20.7701,51.4357],[20.7928,51.5054],[20.8238,51.511],[20.9278,51.5111],[21.0059,51.517],[21.0401,51.5296],[21.0953,51.5764],[21.216,51.5901],[21.2511,51.5713],[21.3041,51.5521],[21.3906,51.5387],[21.4527,51.5219],[21.5073,51.5516],[21.5462,51.5453],[21.551,51.5086],[21.5462,51.4759],[21.5583,51.4479]],[[21.0877,51.3521],[21.2006,51.3539],[21.2199,51.3717],[21.2167,51.4125],[21.24,51.4339],[21.187,51.4686],[21.1547,51.4701],[21.1301,51.4414],[21.0736,51.3935],[21.0626,51.368],[21.0877,51.3521]]]}},{"type":"Feature","properties":{"code":"PL1426","name":"siedlecki"},"geometry":{"type":"Polygon","coordinates":[[[22.7455,52.3737],[22.7124,52.3411],[22.5954,52.1608],[22.5891,52.1323],[22.6183,52.1112],[22.6474,52.0814],[22.6316,52.0452],[22.6228,52.0108],[22.5887,52.0336],[22.5251,52.0631],[22.4937,52.0588],[22.3761,52.0096],[22.3384,52.0026],[22.3216,52.0218],[22.0588,52.02],[21.9187,51.9814],[21.8857,51.9811],[21.8763,52.0126],[21.8757,52.0385],[21.9596,52.0843],[21.9609,52.1257],[21.9367,52.2178],[22.0212,52.2106],[22.0608,52.222],[22.0498,52.2688],[22.0819,52.3067],[22.1173,52.3121],[22.2993,52.3007],[22.483,52.3255],[22.5201,52.3427],[22.5621,52.3977],[22.5934,52.4043],[22.7455,52.3737]],[[22.2292,52.1778],[22.2384,52.1346],[22.2741,52.1398],[22.3168,52.16],[22.3008,52.1817],[22.2707,52.1924],[22.2292,52.1778]]]}},{"type":"Feature","properties":{"code":"PL1427","name":"sierpecki"},"geometry":{"type":"Polygon","coordinates":[[[19.9778,52.8167],[19.9744,52.7796],[19.9354,52.7684],[19.7962,52.7101],[19.6319,52.6795],[19.5134,52.7084],[19.5128,52.7395],[19.5003,52.7658],[19.4275,52.8299],[19.4911,52.8696],[19.4718,52.9073],[19.4478,52.934],[19.5351,52.9391],[19.5975,52.9624],[19.6706,52.9662],[19.7582,52.959],[19.9144,52.9033],[19.95,52.8795],[19.9575,52.8389],[19.9778,52.8167]]]}},{"type":"Feature","properties":{"code":"PL1428","name":"sochaczewski"},"geometry":{"type":"Polygon","coordinates":[[[20.4091,52.3768],[20.4243,52.3266],[20.3942,52.318],[20.3568,52.2987],[20.358,52.2377],[20.4417,52.2404],[20.4737,52.2291],[20.487,52.1876],[20.4168,52.1878],[20.4129,52.1323],[20.358,52.1485],[20.3211,52.1443],[20.2611,52.1246],[20.1953,52.1185],[20.1707,52.1365],[20.1428,52.1483],[20.1093,52.1476],[20.0812,52.1709],[20.0635,52.1931],[20.0727,52.2246],[20.0448,52.2388],[19.9892,52.249],[19.9641,52.2586],[19.9433,52.2935],[19.9641,52.3272],[19.9857,52.3432],[20.0101,52.3754],[20.047,52.3834],[20.2578,52.3873],[20.3751,52.3844],[20.4091,52.3768]]]}},{"type":"Feature","properties":{"code":"PL1429","name":"sokołowski"},"geometry":{"type":"Polygon","coordinates":[[[22.4177,52.6166],[22.4496,52.5889],[22.4735,52.5574],[22.5522,52.4263],[22.5621,52.3977],[22.5201,52.3427],[22.483,52.3255],[22.2993,52.3007],[22.1173,52.3121],[22.0819,52.3067],[22.0939,52.3919],[22.1594,52.4574],[22.1333,52.4866],[22.0139,52.5645],[22.0012,52.5963],[22.0017,52.6447],[22.0354,52.6672],[22.0679,52.6798],[22.1708,52.6964],[22.3038,52.6678],[22.3419,52.6544],[22.3748,52.6318],[22.4177,52.6166]]]}},{"type":"Feature","properties":{"code":"PL1430","name":"szydłowiecki"},"geometry":{"type":"Polygon","coordinates":[[[21.0625,51.209],[21.0616,51.1814],[21.0466,51.1576],[21.0101,51.1623],[20.9726,51.1604],[20.9435,51.1839],[20.9122,51.187],[20.884,51.1589],[20.8571,51.1628],[20.828,51.1748],[20.8143,51.1533],[20.7841,51.1532],[20.7466,51.1638],[20.6899,51.1522],[20.6819,51.1821],[20.6664,51.2136],[20.6357,51.2339],[20.6578,51.2565],[20.7468,51.2691],[20.8455,51.3404],[20.9052,51.3638],[20.9441,51.3628],[21.021,51.3331],[21.0364,51.3009],[21.0123,51.2741],[21.0149,51.2389],[21.0625,51.209]]]}},{"type":"Feature","properties":{"code":"PL1432","name":"warszawski zachodni"},"geometry":{"type":"Polygon","coordinates":[[[20.8994,52.3701],[20.9142,52.3351],[20.8834,52.3144],[20.8778,52.2645],[20.8547,52.2034],[20.816,52.194],[20.6713,52.1838],[20.6405,52.1653],[20.5763,52.1644],[20.5394,52.1685],[20.5161,52.1891],[20.487,52.1876],[20.4737,52.2291],[20.4417,52.2404],[20.358,52.2377],[20.3568,52.2987],[20.3942,52.318],[20.4243,52.3266],[20.4363,52.2932],[20.4706,52.2941],[20.6204,52.3222],[20.7331,52.3224],[20.7722,52.3329],[20.8116,52.375],[20.8994,52.3701]]]}},{"type":"Feature","properties":{"code":"PL1433","name":"węgrowski"},"geometry":{"type":"Polygon","coordinates":[[[22.0017,52.6447],[22.0012,52.5963],[22.0139,52.5645],[22.1333,52.4866],[22.1594,52.4574],[22.0939,52.3919],[22.0819,52.3067],[22.0498,52.2688],[22.0608,52.222],[22.0212,52.2106],[21.9367,52.2178],[21.7804,52.2891],[21.7622,52.3461],[21.6977,52.3856],[21.7328,52.4587],[21.7145,52.4797],[21.6222,52.5274],[21.589,52.5553],[21.5829,52.5847],[21.6111,52.6068],[21.7032,52.6379],[21.7375,52.6618],[21.7859,52.6658],[21.8903,52.6977],[21.9326,52.6835],[22.0017,52.6447]]]}},{"type":"Feature","properties":{"code":"PL1434","name":"wołomiński"},"geometry":{"type":"Polygon","coordinates":[[[21.6977,52.3856],[21.4407,52.3128],[21.4199,52.2941],[21.4312,52.2662],[21.3606,52.2703],[21.2557,52.2625],[21.1496,52.2698],[21.112,52.2766],[21.0809,52.3393],[21.0977,52.3644],[21.1142,52.4044],[21.1073,52.4407],[21.087,52.4988],[21.1288,52.5193],[21.2948,52.5315],[21.3277,52.5192],[21.4183,52.4666],[21.4632,52.4694],[21.5006,52.4766],[21.5295,52.4903],[21.5568,52.5528],[21.589,52.5553],[21.6222,52.5274],[21.7145,52.4797],[21.7328,52.4587],[21.6977,52.3856]]]}},{"type":"Feature","properties":{"code":"PL1435","name":"wyszkowski"},"geometry":{"type":"Polygon","coordinates":[[[21.7375,52.6618],[21.7032,52.6379],[21.6111,52.6068],[21.5829,52.5847],[21.589,52.5553],[21.5568,52.5528],[21.5295,52.4903],[21.5006,52.4766],[21.4632,52.4694],[21.4183,52.4666],[21.3277,52.5192],[21.2948,52.5315],[21.1288,52.5193],[21.1211,52.5473],[21.2059,52.5638],[21.2426,52.5831],[21.3415,52.7178],[21.3342,52.7488],[21.3217,52.7722],[21.4427,52.7762],[21.4701,52.7983],[21.5893,52.8073],[21.6102,52.8337],[21.6716,52.8075],[21.6963,52.7877],[21.6731,52.7286],[21.6701,52.6974],[21.7375,52.6618]]]}},{"type":"Feature","properties":{"code":"PL1436","name":"zwoleński"},"geometry":{"type":"Polygon","coordinates":[[[21.746,51.4414],[21.8414,51.3551],[21.8104,51.3041],[21.8247,51.2697],[21.795,51.2663],[21.6975,51.2956],[21.6383,51.2766],[21.5507,51.292],[21.5193,51.2829],[21.4929,51.2672],[21.4553,51.2255],[21.4067,51.2193],[21.3628,51.2265],[21.3367,51.241],[21.3469,51.2905],[21.3608,51.3311],[21.5396,51.4265],[21.5583,51.4479],[21.5947,51.454],[21.733,51.5002],[21.746,51.4414]]]}},{"type":"Feature","properties":{"code":"PL1437","name":"żuromiński"},"geometry":{"type":"Polygon","coordinates":[[[20.1451,53.1367],[20.0617,53.0137],[20.0434,52.9724],[20.0818,52.9089],[20.1398,52.8862],[20.1305,52.8514],[20.1179,52.8272],[20.023,52.8482],[19.9955,52.8458],[19.9778,52.8167],[19.9575,52.8389],[19.95,52.8795],[19.9144,52.9033],[19.7582,52.959],[19.6706,52.9662],[19.6719,53.009],[19.6528,53.0836],[19.6521,53.1137],[19.7807,53.1533],[19.8162,53.1456],[19.8432,53.1475],[19.8563,53.176],[19.8778,53.2008],[19.9125,53.2109],[19.9203,53.1805],[19.9433,53.1603],[19.9705,53.1467],[20.0009,53.1478],[20.0954,53.166],[20.1218,53.158],[20.1451,53.1367]]]}},{"type":"Feature","properties":{"code":"PL1438","name":"żyrardowski"},"geometry":{"type":"Polygon","coordinates":[[[20.4129,52.1323],[20.4699,52.0612],[20.5095,52.0518],[20.6084,52.0475],[20.6121,52.0194],[20.6004,51.9825],[20.6217,51.9596],[20.646,51.9459],[20.6716,51.9447],[20.6559,51.9145],[20.6286,51.8361],[20.5558,51.8883],[20.4883,51.8913],[20.4656,51.9335],[20.4278,51.9399],[20.3443,51.9214],[20.249,51.9512],[20.2834,51.969],[20.2113,52.0191],[20.2318,52.0435],[20.2563,52.0631],[20.2657,52.0931],[20.2611,52.1246],[20.3211,52.1443],[20.358,52.1485],[20.4129,52.1323]]]}},{"type":"Feature","properties":{"code":"PL1461","name":"Ostrołęka"},"geometry":{"type":"Polygon","coordinates":[[[21.6521,53.1008],[21.6126,53.0562],[21.5793,53.0548],[21.5453,53.0748],[21.5602,53.1067],[21.6094,53.1082],[21.6521,53.1008]]]}},{"type":"Feature","properties":{"code":"PL1462","name":"Płock"},"geometry":{"type":"Polygon","coordinates":[[[19.6441,52.4984],[19.6413,52.5358],[19.6498,52.5965],[19.6829,52.5959],[19.7111,52.5794],[19.7339,52.5576],[19.7641,52.5418],[19.7849,52.5161],[19.753,52.4961],[19.701,52.4755],[19.6441,52.4984]]]}},{"type":"Feature","properties":{"code":"PL1463","name":"Radom"},"geometry":{"type":"Polygon","coordinates":[[[21.0877,51.3521],[21.0626,51.368],[21.0736,51.3935],[21.1301,51.4414],[21.1547,51.4701],[21.187,51.4686],[21.24,51.4339],[21.2167,51.4125],[21.2199,51.3717],[21.2006,51.3539],[21.0877,51.3521]]]}},{"type":"Feature","properties":{"code":"PL1464","name":"Siedlce"},"geometry":{"type":"Polygon","coordinates":[[[22.2292,52.1778],[22.2707,52.1924],[22.3008,52.1817],[22.3168,52.16],[22.2741,52.1398],[22.2384,52.1346],[22.2292,52.1778]]]}},{"type":"Feature","properties":{"code":"PL1465","name":"Warszawa"},"geometry":{"type":"Polygon","coordinates":[[[21.0809,52.3393],[21.112,52.2766],[21.1496,52.2698],[21.2557,52.2625],[21.2611,52.2189],[21.2374,52.1514],[21.1955,52.1472],[21.1588,52.1364],[21.094,52.1062],[21.0432,52.1048],[20.9971,52.1146],[20.9759,52.1421],[20.8769,52.1857],[20.8547,52.2034],[20.8778,52.2645],[20.8834,52.3144],[20.9142,52.3351],[20.8994,52.3701],[21.0234,52.3631],[21.0588,52.3559],[21.0809,52.3393]]]}},{"type":"Feature","properties":{"code":"PL1601","name":"brzeski"},"geometry":{"type":"Polygon","coordinates":[[[17.6799,50.9156],[17.6236,50.8745],[17.599,50.8485],[17.6311,50.8228],[17.7117,50.7953],[17.7504,50.7763],[17.7251,50.7477],[17.666,50.6991],[17.6358,50.6838],[17.5389,50.7193],[17.5101,50.7175],[17.4811,50.6499],[17.4752,50.6148],[17.4376,50.6165],[17.4081,50.6302],[17.3849,50.6673],[17.3545,50.6528],[17.2801,50.5889],[17.2483,50.5842],[17.2185,50.5968],[17.2416,50.6663],[17.2885,50.7453],[17.2731,50.7763],[17.3457,50.7923],[17.3081,50.8148],[17.387,50.8904],[17.456,50.9692],[17.5315,50.999],[17.6515,50.984],[17.6664,50.9593],[17.6799,50.9156]]]}},{"type":"Feature","properties":{"code":"PL1602","name":"głubczycki"},"geometry":{"type":"Polygon","coordinates":[[[17.92,50.2743],[17.935,50.2303],[17.9617,50.1968],[18.0466,50.1695],[18.048,50.1263],[18.0354,50.068],[17.9928,50.0181],[17.9632,50.0056],[17.8686,49.9818],[17.8355,49.9967],[17.6339,50.1313],[17.6043,50.1575],[17.6435,50.1738],[17.7264,50.1971],[17.7592,50.2259],[17.7337,50.2561],[17.7423,50.2931],[17.8084,50.3114],[17.8357,50.3041],[17.8865,50.2796],[17.92,50.2743]]]}},{"type":"Feature","properties":{"code":"PL1603","name":"kędzierzyńsko-kozielski"},"geometry":{"type":"Polygon","coordinates":[[[18.147,50.3827],[18.3033,50.3885],[18.3323,50.3743],[18.3805,50.3376],[18.4075,50.31],[18.4288,50.2453],[18.3667,50.2473],[18.2455,50.2167],[18.162,50.1855],[18.0466,50.1695],[17.9617,50.1968],[17.935,50.2303],[17.92,50.2743],[17.9425,50.3092],[17.9765,50.3191],[18.0172,50.3239],[18.0451,50.358],[18.0404,50.3917],[18.0612,50.4094],[18.0875,50.4138],[18.1103,50.4008],[18.1222,50.375],[18.147,50.3827]]]}},{"type":"Feature","properties":{"code":"PL1604","name":"kluczborski"},"geometry":{"type":"Polygon","coordinates":[[[18.309,51.1355],[18.3262,51.096],[18.3361,51.0521],[18.3145,51.016],[18.3573,50.9975],[18.3765,50.9587],[18.3614,50.9356],[18.3366,50.9141],[18.3386,50.8143],[18.3009,50.8079],[18.2602,50.8092],[18.2292,50.7852],[18.1741,50.8276],[18.1401,50.8265],[18.1067,50.8145],[18.0901,50.9041],[18.0363,50.9444],[17.9988,50.9626],[17.9749,50.9851],[17.9359,51.0003],[17.9351,51.042],[17.9506,51.0624],[17.9415,51.097],[17.9635,51.1137],[18.0433,51.1347],[18.0627,51.1523],[18.0879,51.1663],[18.1707,51.1698],[18.2139,51.1565],[18.254,51.1555],[18.309,51.1355]]]}},{"type":"Feature","properties":{"code":"PL1605","name":"krapkowicki"},"geometry":{"type":"Polygon","coordinates":[[[18.1022,50.5408],[18.0855,50.5042],[18.1546,50.448],[18.1563,50.415],[18.147,50.3827],[18.1222,50.375],[18.1103,50.4008],[18.0875,50.4138],[18.0612,50.4094],[18.0404,50.3917],[18.0451,50.358],[18.004,50.3519],[17.8785,50.3862],[17.8282,50.4255],[17.7692,50.4154],[17.7587,50.4495],[17.7636,50.4906],[17.8168,50.5249],[17.8751,50.5065],[17.8958,50.5372],[17.9373,50.5456],[18.0479,50.5557],[18.0739,50.5549],[18.1022,50.5408]]]}},{"type":"Feature","properties":{"code":"PL1606","name":"namysłowski"},"geometry":{"type":"Polygon","coordinates":[[[17.9415,51.097],[17.9506,51.0624],[17.9351,51.042],[17.9359,51.0003],[17.9749,50.9851],[17.9988,50.9626],[17.9676,50.9596],[17.9358,50.8861],[17.9119,50.8511],[17.8708,50.8491],[17.838,50.8595],[17.8127,50.8736],[17.7953,50.8964],[17.7119,50.9139],[17.6799,50.9156],[17.6664,50.9593],[17.6515,50.984],[17.5315,50.999],[17.5269,51.0314],[17.5124,51.0532],[17.5732,51.0774],[17.5672,51.1084],[17.5524,51.1469],[17.5827,51.1756],[17.6139,51.1851],[17.6762,51.1622],[17.7879,51.1944],[17.8153,51.1853],[17.8371,51.163],[17.8168,51.1394],[17.8392,51.1244],[17.8753,51.1074],[17.9114,51.1056],[17.9415,51.097]]]}},{"type":"Feature","properties":{"code":"PL1607","name":"nyski"},"geometry":{"type":"Polygon","coordinates":[[[17.4752,50.6148],[17.6396,50.5556],[17.6812,50.5591],[17.7244,50.5694],[17.7513,50.5458],[17.675,50.4627],[17.6402,50.4476],[17.5246,50.4112],[17.4645,50.3756],[17.4537,50.3454],[17.4489,50.3114],[17.4715,50.2853],[17.43,50.2794],[16.9187,50.449],[16.938,50.472],[16.9754,50.4787],[17.0325,50.4762],[17.067,50.4915],[17.0966,50.569],[17.1105,50.5906],[17.1317,50.6083],[17.1597,50.6177],[17.1892,50.6131],[17.2483,50.5842],[17.2801,50.5889],[17.3545,50.6528],[17.3849,50.6673],[17.4081,50.6302],[17.4376,50.6165],[17.4752,50.6148]]]}},{"type":"Feature","properties":{"code":"PL1608","name":"oleski"},"geometry":{"type":"Polygon","coordinates":[[[18.6864,51.0531],[18.6894,51.0101],[18.6136,50.849],[18.4902,50.7118],[18.4935,50.6817],[18.522,50.6149],[18.4773,50.6228],[18.4531,50.6711],[18.4226,50.6859],[18.3342,50.6925],[18.307,50.7229],[18.2292,50.7852],[18.2602,50.8092],[18.3009,50.8079],[18.3386,50.8143],[18.3366,50.9141],[18.3614,50.9356],[18.3765,50.9587],[18.3573,50.9975],[18.3145,51.016],[18.3361,51.0521],[18.3262,51.096],[18.309,51.1355],[18.3674,51.1318],[18.4699,51.106],[18.5008,51.104],[18.5158,51.1296],[18.5448,51.1387],[18.5615,51.117],[18.5737,51.0885],[18.6124,51.0719],[18.6864,51.0531]]]}},{"type":"Feature","properties":{"code":"PL1609","name":"opolski"},"geometry":{"type":"Polygon","coordinates":[[[18.1741,50.8276],[18.307,50.7229],[18.3342,50.6925],[18.2898,50.6521],[18.251,50.6446],[18.2124,50.645],[18.1783,50.619],[18.1022,50.5408],[18.0739,50.5549],[18.0479,50.5557],[17.9373,50.5456],[17.8958,50.5372],[17.8751,50.5065],[17.8168,50.5249],[17.7811,50.5447],[17.7513,50.5458],[17.7244,50.5694],[17.6812,50.5591],[17.6396,50.5556],[17.4752,50.6148],[17.4811,50.6499],[17.5101,50.7175],[17.5389,50.7193],[17.6358,50.6838],[17.666,50.6991],[17.7251,50.7477],[17.7504,50.7763],[17.7117,50.7953],[17.6311,50.8228],[17.599,50.8485],[17.6236,50.8745],[17.6799,50.9156],[17.7119,50.9139],[17.7953,50.8964],[17.8127,50.8736],[17.838,50.8595],[17.8708,50.8491],[17.9119,50.8511],[17.9358,50.8861],[17.9676,50.9596],[17.9988,50.9626],[18.0363,50.9444],[18.0901,50.9041],[18.1067,50.8145],[18.1401,50.8265],[18.1741,50.8276]],[[17.7964,50.6944],[17.8174,50.6739],[17.8432,50.6673],[17.8604,50.6409],[17.9524,50.6219],[17.964,50.5869],[17.9915,50.593],[18.0231,50.6153],[18.025,50.6528],[17.9375,50.7055],[17.9318,50.7622],[17.8897,50.7652],[17.8708,50.7156],[17.8352,50.7139],[17.7964,50.6944]]]}},{"type":"Feature","properties":{"code":"PL1610","name":"prudnicki"},"geometry":{"type":"Polygon","coordinates":[[[17.8168,50.5249],[17.7636,50.4906],[17.7587,50.4495],[17.7692,50.4154],[17.8282,50.4255],[17.8785,50.3862],[17.9039,50.3762],[18.004,50.3519],[18.0451,50.358],[18.0172,50.3239],[17.9765,50.3191],[17.9425,50.3092],[17.92,50.2743],[17.8865,50.2796],[17.8357,50.3041],[17.8084,50.3114],[17.7423,50.2931],[17.707,50.2951],[17.512,50.2823],[17.4715,50.2853],[17.4489,50.3114],[17.4537,50.3454],[17.4645,50.3756],[17.5246,50.4112],[17.6402,50.4476],[17.675,50.4627],[17.7513,50.5458],[17.7811,50.5447],[17.8168,50.5249]]]}},{"type":"Feature","properties":{"code":"PL1611","name":"strzelecki"},"geometry":{"type":"Polygon","coordinates":[[[18.4773,50.6228],[18.6008,50.6037],[18.6025,50.5757],[18.5979,50.5478],[18.467,50.5505],[18.4427,50.5348],[18.4561,50.5072],[18.4641,50.469],[18.4194,50.4734],[18.3828,50.4829],[18.3686,50.3834],[18.3588,50.3541],[18.3323,50.3743],[18.3033,50.3885],[18.147,50.3827],[18.1563,50.415],[18.1546,50.448],[18.0855,50.5042],[18.1022,50.5408],[18.1783,50.619],[18.2124,50.645],[18.251,50.6446],[18.2898,50.6521],[18.3342,50.6925],[18.4226,50.6859],[18.4531,50.6711],[18.4773,50.6228]]]}},{"type":"Feature","properties":{"code":"PL1661","name":"Opole"},"geometry":{"type":"Polygon","coordinates":[[[17.7964,50.6944],[17.8352,50.7139],[17.8708,50.7156],[17.8897,50.7652],[17.9318,50.7622],[17.9375,50.7055],[18.025,50.6528],[18.0231,50.6153],[17.9915,50.593],[17.964,50.5869],[17.9524,50.6219],[17.8604,50.6409],[17.8432,50.6673],[17.8174,50.6739],[17.7964,50.6944]]]}},{"type":"Feature","properties":{"code":"PL1801","name":"bieszczadzki"},"geometry":{"type":"Polygon","coordinates":[[[22.6791,49.5716],[22.6564,49.5442],[22.6489,49.5121],[22.6863,49.4935],[22.7063,49.4643],[22.7541,49.3506],[22.7532,49.3175],[22.746,49.2821],[22.7349,49.2375],[22.7189,49.201],[22.7159,49.1702],[22.8236,49.1296],[22.8551,49.1085],[22.8664,49.0812],[22.8607,49.0362],[22.8258,49.0278],[22.5899,49.0822],[22.5583,49.0856],[22.5383,49.1664],[22.4827,49.209],[22.4555,49.2433],[22.4695,49.2802],[22.4904,49.3128],[22.4847,49.3539],[22.473,49.3857],[22.4778,49.4173],[22.5237,49.4592],[22.4983,49.4905],[22.4863,49.5251],[22.4148,49.5611],[22.4216,49.5978],[22.449,49.5946],[22.4785,49.6016],[22.5315,49.6351],[22.534,49.6636],[22.5621,49.6669],[22.5892,49.6593],[22.6222,49.6041],[22.6791,49.5716]]]}},{"type":"Feature","properties":{"code":"PL1802","name":"brzozowski"},"geometry":{"type":"Polygon","coordinates":[[[22.2972,49.7382],[22.2656,49.7183],[22.3178,49.6988],[22.2918,49.6768],[22.2347,49.6411],[22.2071,49.6294],[22.1316,49.6492],[22.1057,49.6496],[22.0511,49.6199],[22.023,49.6313],[21.9935,49.6289],[21.9692,49.6195],[21.8908,49.6348],[21.8703,49.6572],[21.9036,49.7173],[21.8854,49.7431],[21.8823,49.7782],[22.029,49.8364],[22.0631,49.8306],[22.2972,49.7382]]]}},{"type":"Feature","properties":{"code":"PL1803","name":"dębicki"},"geometry":{"type":"Polygon","coordinates":[[[21.5292,50.1522],[21.5573,50.1234],[21.4861,50.0261],[21.4699,49.9875],[21.5129,49.905],[21.5054,49.8726],[21.4852,49.8427],[21.4149,49.8294],[21.3831,49.8428],[21.3524,49.8626],[21.3244,49.8616],[21.2984,49.8492],[21.2342,49.8479],[21.2245,49.8831],[21.2515,49.8871],[21.2806,49.9033],[21.2493,49.9262],[21.1871,49.9348],[21.1635,49.9593],[21.1763,50.0196],[21.1565,50.1215],[21.1617,50.149],[21.311,50.1414],[21.4515,50.1659],[21.5292,50.1522]]]}},{"type":"Feature","properties":{"code":"PL1804","name":"jarosławski"},"geometry":{"type":"Polygon","coordinates":[[[23.1325,49.9773],[23.1066,49.9504],[23.0723,49.9255],[22.9816,49.9439],[22.9494,49.942],[22.863,49.8905],[22.8333,49.8916],[22.7402,49.9114],[22.7094,49.9071],[22.6696,49.8906],[22.6369,49.8589],[22.6033,49.8531],[22.5084,49.8465],[22.4471,49.8703],[22.423,49.8869],[22.5092,49.9566],[22.5823,50.0456],[22.5983,50.075],[22.5854,50.1148],[22.6079,50.1276],[22.7339,50.1392],[22.7662,50.1505],[22.7724,50.1767],[22.7524,50.1942],[22.7878,50.209],[22.9154,50.1505],[22.9252,50.1211],[22.9272,50.0957],[23.0255,50.0657],[23.057,50.0449],[23.0159,50.0022],[23.04,49.9927],[23.1325,49.9773]]]}},{"type":"Feature","properties":{"code":"PL1805","name":"jasielski"},"geometry":{"type":"Polygon","coordinates":[[[21.4852,49.8427],[21.5423,49.8287],[21.5609,49.7965],[21.6255,49.7905],[21.6214,49.7444],[21.6043,49.711],[21.588,49.6571],[21.6084,49.5989],[21.6035,49.5661],[21.5714,49.4643],[21.5765,49.4252],[21.5516,49.4192],[21.4979,49.4223],[21.4597,49.4184],[21.4242,49.4265],[21.3962,49.4406],[21.4053,49.4819],[21.3187,49.7223],[21.3008,49.7515],[21.2497,49.7748],[21.3394,49.8163],[21.2984,49.8492],[21.3244,49.8616],[21.3524,49.8626],[21.3831,49.8428],[21.4149,49.8294],[21.4852,49.8427]]]}},{"type":"Feature","properties":{"code":"PL1806","name":"kolbuszowski"},"geometry":{"type":"Polygon","coordinates":[[[21.9879,50.3523],[22.0029,50.3227],[22.0366,50.3038],[22.0755,50.3063],[22.0906,50.2773],[22.0646,50.2539],[22.0277,50.2359],[21.9859,50.2437],[21.9572,50.2398],[21.9334,50.2292],[21.9243,50.2005],[21.8256,50.1605],[21.7972,50.1425],[21.7702,50.1596],[21.6406,50.1951],[21.6043,50.2164],[21.5944,50.2575],[21.5351,50.2946],[21.5523,50.3176],[21.6176,50.3564],[21.6101,50.39],[21.6402,50.3951],[21.6661,50.4258],[21.7075,50.4147],[21.7499,50.3941],[21.7836,50.42],[21.8172,50.4551],[21.8553,50.4628],[21.8767,50.3999],[21.903,50.3857],[21.9636,50.3708],[21.9879,50.3523]]]}},{"type":"Feature","properties":{"code":"PL1807","name":"krośnieński"},"geometry":{"type":"Polygon","coordinates":[[[21.8823,49.7782],[21.8854,49.7431],[21.9036,49.7173],[21.8703,49.6572],[21.8908,49.6348],[21.9324,49.6246],[21.9337,49.5643],[21.9585,49.4921],[21.9616,49.4541],[21.931,49.4363],[21.9354,49.3931],[21.9648,49.3398],[21.7828,49.3643],[21.7577,49.3801],[21.6939,49.4071],[21.6048,49.4161],[21.5765,49.4252],[21.5714,49.4643],[21.6035,49.5661],[21.6084,49.5989],[21.588,49.6571],[21.6043,49.711],[21.6214,49.7444],[21.6255,49.7905],[21.6438,49.8259],[21.6691,49.8371],[21.7204,49.8041],[21.7644,49.7923],[21.8823,49.7782]],[[21.7533,49.6647],[21.7925,49.6567],[21.7923,49.7036],[21.7455,49.7194],[21.7042,49.7225],[21.716,49.6788],[21.7533,49.6647]]]}},{"type":"Feature","properties":{"code":"PL1808","name":"leżajski"},"geometry":{"type":"Polygon","coordinates":[[[22.4551,50.3834],[22.5202,50.3538],[22.5878,50.3519],[22.6291,50.3424],[22.6172,50.3129],[22.6492,50.3019],[22.6258,50.287],[22.5517,50.2108],[22.532,50.1663],[22.5092,50.1294],[22.4754,50.1244],[22.4393,50.1255],[22.2364,50.2412],[22.186,50.3467],[22.2202,50.3491],[22.3002,50.3882],[22.3328,50.382],[22.3644,50.3679],[22.4095,50.3376],[22.4349,50.3416],[22.4587,50.3562],[22.4551,50.3834]]]}},{"type":"Feature","properties":{"code":"PL1809","name":"lubaczowski"},"geometry":{"type":"Polygon","coordinates":[[[23.5508,50.2586],[23.4501,50.2025],[23.298,50.1049],[23.1325,49.9773],[23.04,49.9927],[23.0159,50.0022],[23.057,50.0449],[23.0255,50.0657],[22.9272,50.0957],[22.9252,50.1211],[22.9154,50.1505],[22.7878,50.209],[22.8141,50.2477],[22.8219,50.2922],[22.8685,50.2995],[23.0078,50.2871],[23.0396,50.3012],[23.1335,50.3644],[23.1962,50.3883],[23.2577,50.3669],[23.3337,50.3943],[23.3631,50.3941],[23.3992,50.3691],[23.4284,50.3389],[23.4208,50.3094],[23.4829,50.3],[23.5508,50.2586]]]}},{"type":"Feature","properties":{"code":"PL1810","name":"łańcucki"},"geometry":{"type":"Polygon","coordinates":[[[22.4393,50.1255],[22.432,50.0984],[22.4075,50.0832],[22.3706,50.0491],[22.3035,49.9458],[22.2426,49.9199],[22.2244,49.9699],[22.2036,49.9855],[22.1385,50.0177],[22.1319,50.0536],[22.1519,50.0752],[22.1599,50.1002],[22.1233,50.1194],[22.1048,50.1506],[22.1215,50.174],[22.1488,50.1737],[22.1782,50.1798],[22.1924,50.2161],[22.2364,50.2412],[22.4393,50.1255]]]}},{"type":"Feature","properties":{"code":"PL1811","name":"mielecki"},"geometry":{"type":"Polygon","coordinates":[[[21.6101,50.39],[21.6176,50.3564],[21.5523,50.3176],[21.5351,50.2946],[21.5944,50.2575],[21.6043,50.2164],[21.5865,50.1822],[21.5292,50.1522],[21.4515,50.1659],[21.311,50.1414],[21.1617,50.149],[21.1681,50.2148],[21.1608,50.2417],[21.1635,50.2679],[21.1963,50.2917],[21.2177,50.3207],[21.2131,50.3575],[21.2912,50.4085],[21.3212,50.4232],[21.3642,50.4317],[21.4072,50.4485],[21.4373,50.4779],[21.4948,50.4971],[21.51,50.4748],[21.5595,50.4385],[21.5536,50.4088],[21.5767,50.3968],[21.6101,50.39]]]}},{"type":"Feature","properties":{"code":"PL1812","name":"niżański"},"geometry":{"type":"Polygon","coordinates":[[[22.524,50.5718],[22.5635,50.4888],[22.5501,50.4591],[22.5124,50.4446],[22.4694,50.4357],[22.444,50.4207],[22.426,50.4003],[22.4551,50.3834],[22.4587,50.3562],[22.4349,50.3416],[22.4095,50.3376],[22.3644,50.3679],[22.3328,50.382],[22.3002,50.3882],[22.2202,50.3491],[22.186,50.3467],[22.0947,50.3524],[22.0029,50.3227],[21.9879,50.3523],[22.0502,50.4054],[22.0628,50.4639],[22.0679,50.5164],[22.0869,50.5375],[22.1212,50.5442],[22.2071,50.5434],[22.2311,50.5608],[22.2482,50.5864],[22.2432,50.6277],[22.3696,50.6048],[22.4599,50.5744],[22.4936,50.5791],[22.524,50.5718]]]}},{"type":"Feature","properties":{"code":"PL1813","name":"przemyski"},"geometry":{"type":"Polygon","coordinates":[[[23.0723,49.9255],[22.7817,49.6687],[22.6791,49.5716],[22.6222,49.6041],[22.5892,49.6593],[22.5621,49.6669],[22.534,49.6636],[22.5315,49.6351],[22.4785,49.6016],[22.449,49.5946],[22.4216,49.5978],[22.3442,49.679],[22.3178,49.6988],[22.2656,49.7183],[22.2972,49.7382],[22.323,49.7482],[22.3246,49.7809],[22.3145,49.8397],[22.3161,49.871],[22.3513,49.8811],[22.3867,49.8881],[22.423,49.8869],[22.4471,49.8703],[22.5084,49.8465],[22.5396,49.8464],[22.6369,49.8589],[22.6696,49.8906],[22.7094,49.9071],[22.7402,49.9114],[22.8333,49.8916],[22.863,49.8905],[22.9494,49.942],[22.9816,49.9439],[23.0723,49.9255]],[[22.7253,49.7606],[22.7663,49.7475],[22.7929,49.75],[22.82,49.7575],[22.8372,49.7842],[22.8032,49.8014],[22.7608,49.81],[22.7303,49.7949],[22.7253,49.7606]]]}},{"type":"Feature","properties":{"code":"PL1814","name":"przeworski"},"geometry":{"type":"Polygon","coordinates":[[[22.8219,50.2922],[22.8141,50.2477],[22.7878,50.209],[22.7524,50.1942],[22.7724,50.1767],[22.7662,50.1505],[22.7339,50.1392],[22.6079,50.1276],[22.5854,50.1148],[22.5983,50.075],[22.5823,50.0456],[22.5092,49.9566],[22.423,49.8869],[22.3867,49.8881],[22.3161,49.871],[22.2878,49.8706],[22.262,49.8795],[22.2426,49.9199],[22.3035,49.9458],[22.3706,50.0491],[22.4075,50.0832],[22.432,50.0984],[22.4393,50.1255],[22.4754,50.1244],[22.5092,50.1294],[22.532,50.1663],[22.5517,50.2108],[22.6258,50.287],[22.6492,50.3019],[22.7148,50.2909],[22.8219,50.2922]]]}},{"type":"Feature","properties":{"code":"PL1815","name":"ropczycko-sędziszowski"},"geometry":{"type":"Polygon","coordinates":[[[21.7972,50.1425],[21.7896,50.1035],[21.797,50.0671],[21.8157,50.037],[21.8036,50.0111],[21.7795,49.9843],[21.7182,49.9646],[21.6259,49.9226],[21.5588,49.9024],[21.5129,49.905],[21.4699,49.9875],[21.4861,50.0261],[21.5573,50.1234],[21.5292,50.1522],[21.5865,50.1822],[21.6043,50.2164],[21.6406,50.1951],[21.7702,50.1596],[21.7972,50.1425]]]}},{"type":"Feature","properties":{"code":"PL1816","name":"rzeszowski"},"geometry":{"type":"Polygon","coordinates":[[[22.186,50.3467],[22.2364,50.2412],[22.1924,50.2161],[22.1782,50.1798],[22.1488,50.1737],[22.1215,50.174],[22.1048,50.1506],[22.1233,50.1194],[22.1599,50.1002],[22.1519,50.0752],[22.1319,50.0536],[22.1385,50.0177],[22.2036,49.9855],[22.2244,49.9699],[22.262,49.8795],[22.2878,49.8706],[22.3161,49.871],[22.3145,49.8397],[22.3246,49.7809],[22.323,49.7482],[22.2972,49.7382],[22.0631,49.8306],[22.029,49.8364],[21.9785,49.8563],[21.8746,49.946],[21.8482,49.9626],[21.8063,49.9721],[21.7795,49.9843],[21.8036,50.0111],[21.8157,50.037],[21.797,50.0671],[21.7896,50.1035],[21.7972,50.1425],[21.8256,50.1605],[21.9243,50.2005],[21.9334,50.2292],[21.9572,50.2398],[21.9859,50.2437],[22.0277,50.2359],[22.0646,50.2539],[22.0906,50.2773],[22.0755,50.3063],[22.0366,50.3038],[22.0029,50.3227],[22.0947,50.3524],[22.186,50.3467]],[[21.9759,49.9403],[22.0017,49.9519],[22.0223,49.968],[22.0398,49.9942],[22.079,50.0122],[22.0754,50.0477],[22.0537,50.0698],[21.9463,50.0711],[21.9088,50.0577],[21.8792,50.0374],[21.9151,50.0318],[21.9474,50.018],[21.9759,49.9403]]]}},{"type":"Feature","properties":{"code":"PL1817","name":"sanocki"},"geometry":{"type":"Polygon","coordinates":[[[22.4216,49.5978],[22.4148,49.5611],[22.3958,49.5344],[22.3582,49.5444],[22.3307,49.5372],[22.3058,49.5207],[22.2848,49.4387],[22.1969,49.3183],[22.1909,49.2784],[22.2413,49.2306],[22.227,49.1927],[22.208,49.1676],[22.1784,49.1768],[22.1501,49.1789],[22.1228,49.1941],[22.0958,49.194],[22.0476,49.222],[21.9648,49.3398],[21.9354,49.3931],[21.931,49.4363],[21.9616,49.4541],[21.9585,49.4921],[21.9337,49.5643],[21.9324,49.6246],[21.9692,49.6195],[21.9935,49.6289],[22.023,49.6313],[22.0511,49.6199],[22.1057,49.6496],[22.1316,49.6492],[22.2071,49.6294],[22.2347,49.6411],[22.2918,49.6768],[22.3178,49.6988],[22.3442,49.679],[22.4216,49.5978]]]}},{"type":"Feature","properties":{"code":"PL1818","name":"stalowowolski"},"geometry":{"type":"Polygon","coordinates":[[[22.167,50.7987],[22.1619,50.7707],[22.1918,50.7454],[22.1542,50.6738],[22.2281,50.6504],[22.2432,50.6277],[22.2482,50.5864],[22.2311,50.5608],[22.2071,50.5434],[22.1212,50.5442],[22.0869,50.5375],[22.0679,50.5164],[22.0628,50.4639],[22.0502,50.4054],[21.9879,50.3523],[21.9636,50.3708],[21.903,50.3857],[21.8767,50.3999],[21.8553,50.4628],[21.9431,50.495],[21.9661,50.5097],[21.973,50.5374],[21.9707,50.5637],[21.8801,50.6302],[21.8601,50.6537],[21.8713,50.6813],[21.875,50.7066],[21.8405,50.7279],[21.8614,50.8096],[21.886,50.7918],[21.916,50.7782],[21.9498,50.7777],[22.0008,50.7872],[22.0581,50.8184],[22.167,50.7987]]]}},{"type":"Feature","properties":{"code":"PL1819","name":"strzyżowski"},"geometry":{"type":"Polygon","coordinates":[[[22.029,49.8364],[21.8823,49.7782],[21.7644,49.7923],[21.7204,49.8041],[21.6691,49.8371],[21.6438,49.8259],[21.6255,49.7905],[21.5609,49.7965],[21.5423,49.8287],[21.4852,49.8427],[21.5054,49.8726],[21.5129,49.905],[21.5588,49.9024],[21.6259,49.9226],[21.7182,49.9646],[21.7795,49.9843],[21.8063,49.9721],[21.8482,49.9626],[21.8746,49.946],[21.9785,49.8563],[22.029,49.8364]]]}},{"type":"Feature","properties":{"code":"PL1820","name":"tarnobrzeski"},"geometry":{"type":"Polygon","coordinates":[[[21.8553,50.4628],[21.8172,50.4551],[21.7836,50.42],[21.7499,50.3941],[21.7075,50.4147],[21.6661,50.4258],[21.6402,50.3951],[21.6101,50.39],[21.5767,50.3968],[21.5536,50.4088],[21.5595,50.4385],[21.51,50.4748],[21.4948,50.4971],[21.5209,50.5067],[21.6192,50.525],[21.6834,50.5298],[21.7163,50.5383],[21.7791,50.5982],[21.7907,50.621],[21.7691,50.6505],[21.7984,50.6738],[21.8405,50.7279],[21.875,50.7066],[21.8713,50.6813],[21.8601,50.6537],[21.8801,50.6302],[21.9707,50.5637],[21.973,50.5374],[21.9661,50.5097],[21.9431,50.495],[21.8553,50.4628]]]}},{"type":"Feature","properties":{"code":"PL1821","name":"leski"},"geometry":{"type":"Polygon","coordinates":[[[22.5583,49.0856],[22.4892,49.0879],[22.3361,49.1275],[22.208,49.1676],[22.227,49.1927],[22.2413,49.2306],[22.1909,49.2784],[22.1969,49.3183],[22.2848,49.4387],[22.3058,49.5207],[22.3307,49.5372],[22.3582,49.5444],[22.3958,49.5344],[22.4148,49.5611],[22.4863,49.5251],[22.4983,49.4905],[22.5237,49.4592],[22.4778,49.4173],[22.473,49.3857],[22.4847,49.3539],[22.4904,49.3128],[22.4695,49.2802],[22.4555,49.2433],[22.4827,49.209],[22.5383,49.1664],[22.5583,49.0856]]]}},{"type":"Feature","properties":{"code":"PL1861","name":"Krosno"},"geometry":{"type":"Polygon","coordinates":[[[21.7533,49.6647],[21.716,49.6788],[21.7042,49.7225],[21.7455,49.7194],[21.7923,49.7036],[21.7925,49.6567],[21.7533,49.6647]]]}},{"type":"Feature","properties":{"code":"PL1862","name":"Przemyśl"},"geometry":{"type":"Polygon","coordinates":[[[22.7253,49.7606],[22.7303,49.7949],[22.7608,49.81],[22.8032,49.8014],[22.8372,49.7842],[22.82,49.7575],[22.7929,49.75],[22.7663,49.7475],[22.7253,49.7606]]]}},{"type":"Feature","properties":{"code":"PL1863","name":"Rzeszów"},"geometry":{"type":"Polygon","coordinates":[[[21.9759,49.9403],[21.9474,50.018],[21.9151,50.0318],[21.8792,50.0374],[21.9088,50.0577],[21.9463,50.0711],[22.0537,50.0698],[22.0754,50.0477],[22.079,50.0122],[22.0398,49.9942],[22.0223,49.968],[22.0017,49.9519],[21.9759,49.9403]]]}},{"type":"Feature","properties":{"code":"PL1864","name":"Tarnobrzeg"},"geometry":{"type":"Polygon","coordinates":[[[21.6192,50.525],[21.6802,50.6133],[21.7287,50.6471],[21.7691,50.6505],[21.7907,50.621],[21.7791,50.5982],[21.7163,50.5383],[21.6834,50.5298],[21.6192,50.525]]]}},{"type":"Feature","properties":{"code":"PL2001","name":"augustowski"},"geometry":{"type":"Polygon","coordinates":[[[23.519,53.8916],[23.5726,53.7331],[23.5761,53.6959],[23.2486,53.7113],[23.2052,53.7095],[22.9054,53.5727],[22.893,53.5957],[22.8822,53.648],[22.8683,53.6753],[22.8009,53.6821],[22.7291,53.7021],[22.6937,53.7627],[22.7718,53.9177],[22.8807,53.9676],[22.9075,54.003],[22.9394,54.0123],[23.1002,54.0189],[23.1255,54.0268],[23.1354,53.9605],[23.4939,53.9005],[23.519,53.8916]]]}},{"type":"Feature","properties":{"code":"PL2002","name":"białostocki"},"geometry":{"type":"Polygon","coordinates":[[[23.9056,53.1645],[23.9195,53.1234],[23.9327,52.9014],[23.5319,52.9705],[23.4942,52.9736],[23.4507,52.9677],[23.4145,52.9559],[23.4004,52.9261],[23.3823,52.9024],[23.352,52.897],[23.3289,52.8837],[23.293,52.8956],[22.991,52.9178],[22.9595,52.9164],[22.7682,52.8517],[22.7603,52.883],[22.7473,52.9095],[22.7507,52.9409],[22.8613,53.0713],[22.8351,53.0844],[22.6798,53.1364],[22.6455,53.1327],[22.5727,53.085],[22.5565,53.1134],[22.5001,53.1706],[22.4864,53.2019],[22.5209,53.2096],[22.5927,53.2036],[22.6323,53.2135],[22.679,53.2579],[22.7131,53.2666],[22.7463,53.2572],[22.7741,53.2204],[22.812,53.2227],[22.9646,53.2668],[23.0864,53.3243],[23.1514,53.3743],[23.1965,53.3766],[23.3449,53.3525],[23.3739,53.3364],[23.5284,53.2052],[23.5558,53.1962],[23.7604,53.1562],[23.9056,53.1645]],[[23.08,53.1644],[23.0667,53.1328],[23.0841,53.1137],[23.1096,53.0958],[23.1397,53.0896],[23.2346,53.0829],[23.2411,53.1242],[23.2296,53.1694],[23.188,53.1789],[23.1165,53.1749],[23.08,53.1644]]]}},{"type":"Feature","properties":{"code":"PL2003","name":"bielski"},"geometry":{"type":"Polygon","coordinates":[[[23.3289,52.8837],[23.3375,52.844],[23.3869,52.6901],[23.3718,52.6629],[23.1805,52.565],[22.9842,52.5777],[22.7047,52.6789],[22.619,52.7385],[22.6466,52.7645],[22.7682,52.8517],[22.9595,52.9164],[22.991,52.9178],[23.293,52.8956],[23.3289,52.8837]]]}},{"type":"Feature","properties":{"code":"PL2004","name":"grajewski"},"geometry":{"type":"Polygon","coordinates":[[[22.8009,53.6821],[22.7845,53.6573],[22.5016,53.3571],[22.4675,53.3639],[22.2917,53.4571],[22.1463,53.5422],[22.1815,53.5686],[22.2911,53.6271],[22.6937,53.7627],[22.7291,53.7021],[22.8009,53.6821]]]}},{"type":"Feature","properties":{"code":"PL2005","name":"hajnowski"},"geometry":{"type":"Polygon","coordinates":[[[23.9327,52.9014],[23.9389,52.7963],[23.9309,52.7068],[23.7725,52.6243],[23.7411,52.6131],[23.6365,52.6051],[23.5169,52.5715],[23.4851,52.5586],[23.4285,52.5259],[23.3455,52.4587],[23.3149,52.4437],[23.2064,52.537],[23.1805,52.565],[23.3718,52.6629],[23.3869,52.6901],[23.3375,52.844],[23.3289,52.8837],[23.352,52.897],[23.3823,52.9024],[23.4004,52.9261],[23.4145,52.9559],[23.4507,52.9677],[23.4942,52.9736],[23.5319,52.9705],[23.9327,52.9014]]]}},{"type":"Feature","properties":{"code":"PL2006","name":"kolneński"},"geometry":{"type":"Polygon","coordinates":[[[22.2917,53.4571],[22.2742,53.4375],[22.2478,53.4282],[22.2371,53.3969],[22.2351,53.3686],[22.2441,53.3063],[22.1837,53.3035],[22.0777,53.2668],[21.9626,53.2476],[21.9559,53.2805],[21.8976,53.2774],[21.8222,53.3232],[21.7947,53.3318],[21.721,53.3047],[21.7092,53.3274],[21.6304,53.4011],[21.6012,53.4761],[21.6766,53.4907],[21.8254,53.4647],[21.8667,53.4617],[22.0119,53.5145],[22.1102,53.5381],[22.1463,53.5422],[22.2917,53.4571]]]}},{"type":"Feature","properties":{"code":"PL2007","name":"łomżyński"},"geometry":{"type":"Polygon","coordinates":[[[22.5016,53.3571],[22.4337,53.2253],[22.462,53.2125],[22.4351,53.1917],[22.3909,53.1769],[22.3647,53.1607],[22.2233,53.0438],[22.1375,53.0478],[22.1172,53.0644],[22.1242,53.096],[22.0563,53.106],[22.0401,53.0235],[22.0085,52.9995],[21.9903,52.9766],[21.954,52.9789],[21.9335,53.0032],[21.8364,53.0891],[21.8013,53.111],[21.7623,53.1107],[21.7257,53.1225],[21.6407,53.2511],[21.6629,53.2728],[21.721,53.3047],[21.7947,53.3318],[21.8222,53.3232],[21.8976,53.2774],[21.9559,53.2805],[21.9626,53.2476],[22.0777,53.2668],[22.1837,53.3035],[22.2441,53.3063],[22.2351,53.3686],[22.2371,53.3969],[22.2478,53.4282],[22.2742,53.4375],[22.2917,53.4571],[22.4675,53.3639],[22.5016,53.3571]],[[22.0211,53.1621],[22.0572,53.1462],[22.095,53.1579],[22.0867,53.1936],[22.0542,53.191],[22.0211,53.1621]]]}},{"type":"Feature","properties":{"code":"PL2008","name":"moniecki"},"geometry":{"type":"Polygon","coordinates":[[[22.9445,53.5895],[22.9719,53.5672],[23.1141,53.3487],[23.0864,53.3243],[22.9646,53.2668],[22.812,53.2227],[22.7741,53.2204],[22.7463,53.2572],[22.7131,53.2666],[22.679,53.2579],[22.6323,53.2135],[22.5927,53.2036],[22.5209,53.2096],[22.4864,53.2019],[22.4337,53.2253],[22.5016,53.3571],[22.7845,53.6573],[22.8009,53.6821],[22.8683,53.6753],[22.8822,53.648],[22.893,53.5957],[22.9054,53.5727],[22.9445,53.5895]]]}},{"type":"Feature","properties":{"code":"PL2009","name":"sejneński"},"geometry":{"type":"Polygon","coordinates":[[[23.3174,54.265],[23.3781,54.2306],[23.4781,54.1621],[23.4979,54.1326],[23.5155,54.1],[23.5259,54.063],[23.5207,54.0259],[23.5083,53.9947],[23.5026,53.9648],[23.519,53.8916],[23.4939,53.9005],[23.1354,53.9605],[23.1033,54.1307],[23.1007,54.1652],[23.1237,54.2335],[23.1487,54.2793],[23.1694,54.3094],[23.2139,54.3019],[23.2832,54.2739],[23.3174,54.265]]]}},{"type":"Feature","properties":{"code":"PL2010","name":"siemiatycki"},"geometry":{"type":"Polygon","coordinates":[[[23.1805,52.565],[23.2064,52.537],[23.3149,52.4437],[23.3026,52.4172],[23.2503,52.3661],[23.185,52.2903],[23.1535,52.2889],[23.0171,52.3253],[22.9875,52.3362],[22.9584,52.356],[22.9258,52.3693],[22.8433,52.3595],[22.7455,52.3737],[22.5934,52.4043],[22.5621,52.3977],[22.5522,52.4263],[22.4735,52.5574],[22.4496,52.5889],[22.4765,52.609],[22.5097,52.6188],[22.6705,52.6286],[22.6985,52.6391],[22.7047,52.6789],[22.9842,52.5777],[23.1805,52.565]]]}},{"type":"Feature","properties":{"code":"PL2011","name":"sokólski"},"geometry":{"type":"Polygon","coordinates":[[[23.5761,53.6959],[23.6005,53.6637],[23.6723,53.5029],[23.8154,53.2489],[23.8519,53.2262],[23.8849,53.1939],[23.9056,53.1645],[23.7604,53.1562],[23.5558,53.1962],[23.5284,53.2052],[23.3739,53.3364],[23.3449,53.3525],[23.1965,53.3766],[23.1514,53.3743],[23.1141,53.3487],[22.9719,53.5672],[22.9445,53.5895],[23.2052,53.7095],[23.2486,53.7113],[23.5761,53.6959]]]}},{"type":"Feature","properties":{"code":"PL2012","name":"suwalski"},"geometry":{"type":"Polygon","coordinates":[[[23.1694,54.3094],[23.1237,54.2335],[23.1007,54.1652],[23.1033,54.1307],[23.1255,54.0268],[23.1002,54.0189],[22.9394,54.0123],[22.9075,54.003],[22.8807,53.9676],[22.7718,53.9177],[22.7524,53.9461],[22.7306,53.9613],[22.7093,53.9868],[22.5169,54.168],[22.4937,54.2023],[22.5191,54.2163],[22.7793,54.3133],[22.7729,54.3639],[22.8267,54.3947],[22.8633,54.4021],[22.8905,54.4022],[23.0116,54.3833],[23.1507,54.3274],[23.1694,54.3094]],[[22.886,54.1242],[22.8812,54.09],[22.8944,54.0568],[22.9336,54.0568],[22.9803,54.0698],[22.9798,54.1],[22.9486,54.1526],[22.9152,54.1428],[22.886,54.1242]]]}},{"type":"Feature","properties":{"code":"PL2013","name":"wysokomazowiecki"},"geometry":{"type":"Polygon","coordinates":[[[22.7682,52.8517],[22.6466,52.7645],[22.619,52.7385],[22.7047,52.6789],[22.6985,52.6391],[22.6705,52.6286],[22.5097,52.6188],[22.4765,52.609],[22.4496,52.5889],[22.4177,52.6166],[22.4441,52.6481],[22.4511,52.7207],[22.4449,52.7885],[22.4129,52.7921],[22.3781,52.7889],[22.3189,52.7563],[22.292,52.7788],[22.2811,52.8102],[22.2913,52.8399],[22.2832,52.8741],[22.3125,52.8963],[22.3627,52.9562],[22.545,53.0627],[22.6455,53.1327],[22.6798,53.1364],[22.8351,53.0844],[22.8613,53.0713],[22.7507,52.9409],[22.7473,52.9095],[22.7603,52.883],[22.7682,52.8517]]]}},{"type":"Feature","properties":{"code":"PL2014","name":"zambrowski"},"geometry":{"type":"Polygon","coordinates":[[[22.4864,53.2019],[22.5001,53.1706],[22.5565,53.1134],[22.5727,53.085],[22.545,53.0627],[22.3627,52.9562],[22.3125,52.8963],[22.2832,52.8741],[22.1959,52.8774],[22.1389,52.8497],[22.091,52.8451],[22.0587,52.8482],[22.0349,52.8578],[22.0077,52.9489],[21.9903,52.9766],[22.0085,52.9995],[22.0401,53.0235],[22.0563,53.106],[22.1242,53.096],[22.1172,53.0644],[22.1375,53.0478],[22.2233,53.0438],[22.3647,53.1607],[22.3909,53.1769],[22.4351,53.1917],[22.462,53.2125],[22.4864,53.2019]]]}},{"type":"Feature","properties":{"code":"PL2061","name":"Białystok"},"geometry":{"type":"Polygon","coordinates":[[[23.08,53.1644],[23.1165,53.1749],[23.188,53.1789],[23.2296,53.1694],[23.2411,53.1242],[23.2346,53.0829],[23.1397,53.0896],[23.1096,53.0958],[23.0841,53.1137],[23.0667,53.1328],[23.08,53.1644]]]}},{"type":"Feature","properties":{"code":"PL2062","name":"Łomża"},"geometry":{"type":"Polygon","coordinates":[[[22.0211,53.1621],[22.0542,53.191],[22.0867,53.1936],[22.095,53.1579],[22.0572,53.1462],[22.0211,53.1621]]]}},{"type":"Feature","properties":{"code":"PL2063","name":"Suwałki"},"geometry":{"type":"Polygon","coordinates":[[[22.886,54.1242],[22.9152,54.1428],[22.9486,54.1526],[22.9798,54.1],[22.9803,54.0698],[22.9336,54.0568],[22.8944,54.0568],[22.8812,54.09],[22.886,54.1242]]]}},{"type":"Feature","properties":{"code":"PL2201","name":"bytowski"},"geometry":{"type":"Polygon","coordinates":[[[17.6074,54.4372],[17.7456,54.356],[17.7258,54.2636],[17.7241,54.2225],[17.7937,54.1777],[17.6651,54.0667],[17.6494,54.041],[17.6185,54.028],[17.5137,53.9406],[17.4735,53.9305],[17.3851,53.9294],[17.3017,53.8903],[17.2768,53.8838],[17.1544,53.9821],[17.1221,54.0011],[17.08,53.9807],[17.0111,53.9275],[16.9751,53.9094],[16.7951,53.9887],[16.7977,54.1021],[16.9822,54.1656],[17.0044,54.1809],[17.0424,54.309],[17.3332,54.2942],[17.3612,54.2464],[17.3975,54.2594],[17.4326,54.284],[17.5026,54.4176],[17.5421,54.4329],[17.5765,54.4383],[17.6074,54.4372]]]}},{"type":"Feature","properties":{"code":"PL2202","name":"chojnicki"},"geometry":{"type":"Polygon","coordinates":[[[18.1146,53.9207],[18.1275,53.8923],[18.0763,53.8581],[18.0668,53.8151],[18.067,53.7749],[18.046,53.7454],[18.0233,53.7256],[17.8828,53.7535],[17.8834,53.7233],[17.8688,53.7013],[17.7716,53.6841],[17.7477,53.6712],[17.6268,53.5762],[17.6083,53.556],[17.5097,53.5974],[17.4677,53.6073],[17.5067,53.6968],[17.4783,53.73],[17.2768,53.8838],[17.3017,53.8903],[17.3851,53.9294],[17.4735,53.9305],[17.5137,53.9406],[17.6185,54.028],[17.6494,54.041],[17.8548,53.8723],[17.884,53.8527],[17.9127,53.8466],[17.9503,53.8498],[18.0786,53.912],[18.1146,53.9207]]]}},{"type":"Feature","properties":{"code":"PL2203","name":"człuchowski"},"geometry":{"type":"Polygon","coordinates":[[[17.1544,53.9821],[17.4783,53.73],[17.5067,53.6968],[17.4677,53.6073],[17.4433,53.5767],[17.3843,53.4838],[17.3483,53.5051],[17.3069,53.5198],[16.9717,53.5536],[16.9461,53.562],[16.912,53.6325],[16.8933,53.6504],[16.8888,53.6802],[16.8637,53.7391],[16.8837,53.7633],[16.9278,53.7936],[16.8678,53.8309],[16.8713,53.8678],[16.9754,53.879],[16.9751,53.9094],[17.0111,53.9275],[17.08,53.9807],[17.1221,54.0011],[17.1544,53.9821]]]}},{"type":"Feature","properties":{"code":"PL2204","name":"gdański"},"geometry":{"type":"Polygon","coordinates":[[[18.9317,54.2868],[18.9359,54.2538],[18.9261,54.2234],[18.8443,54.159],[18.7037,54.1453],[18.5709,54.0981],[18.5321,54.1131],[18.3674,54.135],[18.3296,54.1363],[18.2303,54.1892],[18.3687,54.2652],[18.4554,54.3028],[18.4791,54.3174],[18.6461,54.293],[18.7396,54.3248],[18.7733,54.3305],[18.8653,54.3113],[18.9317,54.2868]]]}},{"type":"Feature","properties":{"code":"PL2205","name":"kartuski"},"geometry":{"type":"Polygon","coordinates":[[[18.4452,54.455],[18.4436,54.3928],[18.4489,54.3492],[18.4791,54.3174],[18.4554,54.3028],[18.3687,54.2652],[18.2303,54.1892],[17.7937,54.1777],[17.7241,54.2225],[17.7258,54.2636],[17.7456,54.356],[17.7739,54.3642],[17.871,54.4083],[18.3167,54.4226],[18.3572,54.4332],[18.3801,54.4528],[18.4115,54.4685],[18.4452,54.455]]]}},{"type":"Feature","properties":{"code":"PL2206","name":"kościerski"},"geometry":{"type":"Polygon","coordinates":[[[18.3296,54.1363],[18.345,54.0926],[18.3472,54.0573],[18.3245,54.0411],[18.3027,54.0102],[18.3395,53.9769],[18.1507,53.9343],[18.0786,53.912],[17.9503,53.8498],[17.9127,53.8466],[17.884,53.8527],[17.8548,53.8723],[17.6494,54.041],[17.6651,54.0667],[17.7937,54.1777],[18.2303,54.1892],[18.3296,54.1363]]]}},{"type":"Feature","properties":{"code":"PL2207","name":"kwidzyński"},"geometry":{"type":"Polygon","coordinates":[[[19.328,53.8097],[19.2977,53.7852],[19.1584,53.6229],[19.1385,53.5855],[18.9298,53.5886],[18.7944,53.6012],[18.7565,53.6096],[18.7491,53.644],[18.7795,53.6947],[18.8423,53.7315],[18.841,53.7915],[18.8856,53.9057],[19.0317,53.8568],[19.107,53.8175],[19.2031,53.8369],[19.328,53.8097]]]}},{"type":"Feature","properties":{"code":"PL2208","name":"lęborski"},"geometry":{"type":"Polygon","coordinates":[[[17.7324,54.7972],[17.737,54.7581],[17.8677,54.44],[17.871,54.4083],[17.7739,54.3642],[17.7456,54.356],[17.6074,54.4372],[17.5957,54.4725],[17.5835,54.5967],[17.6072,54.6299],[17.5781,54.6531],[17.4478,54.7197],[17.5156,54.7466],[17.4949,54.7654],[17.523,54.774],[17.6974,54.7979],[17.7324,54.7972]]]}},{"type":"Feature","properties":{"code":"PL2209","name":"malborski"},"geometry":{"type":"Polygon","coordinates":[[[19.2239,54.1098],[19.2514,54.053],[19.2542,54.0249],[18.976,53.9956],[18.8835,53.9561],[18.858,53.9509],[18.8336,54.0035],[18.8167,54.0805],[18.8275,54.123],[18.8443,54.159],[19.0236,54.1769],[19.2239,54.1098]]]}},{"type":"Feature","properties":{"code":"PL2210","name":"nowodworski"},"geometry":{"type":"Polygon","coordinates":[[[19.6267,54.3785],[19.5864,54.3759],[19.4209,54.3218],[19.3063,54.2931],[19.2678,54.2771],[19.3053,54.2358],[19.2976,54.2048],[19.2478,54.1499],[19.2239,54.1098],[19.0236,54.1769],[18.8443,54.159],[18.9261,54.2234],[18.9359,54.2538],[18.9317,54.2868],[18.9454,54.3227],[18.9375,54.3485],[19.1988,54.3535],[19.2948,54.3632],[19.4673,54.396],[19.5743,54.4272],[19.6394,54.455],[19.6267,54.3785]]]}},{"type":"Feature","properties":{"code":"PL2211","name":"pucki"},"geometry":{"type":"MultiPolygon","coordinates":[[[[18.757,54.6564],[18.7922,54.649],[18.8152,54.6335],[18.8163,54.6057],[18.7758,54.6263],[18.757,54.6564]]],[[[18.4248,54.5602],[18.4089,54.5906],[18.3772,54.6277],[18.3394,54.6482],[18.1495,54.6988],[17.9051,54.8236],[17.9818,54.834],[18.0588,54.8373],[18.2901,54.8387],[18.3204,54.8376],[18.4044,54.8086],[18.4281,54.795],[18.4082,54.7681],[18.3997,54.7276],[18.4292,54.7089],[18.4634,54.6965],[18.4866,54.671],[18.5421,54.5787],[18.5164,54.5713],[18.4579,54.5687],[18.4248,54.5602]]]]}},{"type":"Feature","properties":{"code":"PL2212","name":"słupski"},"geometry":{"type":"Polygon","coordinates":[[[17.4949,54.7654],[17.5156,54.7466],[17.4478,54.7197],[17.5781,54.6531],[17.6072,54.6299],[17.5835,54.5967],[17.5957,54.4725],[17.6074,54.4372],[17.5765,54.4383],[17.5421,54.4329],[17.5026,54.4176],[17.4326,54.284],[17.3975,54.2594],[17.3612,54.2464],[17.3332,54.2942],[17.0424,54.309],[17.0044,54.1809],[16.9822,54.1656],[16.7977,54.1021],[16.7784,54.1249],[16.7409,54.1906],[16.7298,54.2288],[16.766,54.2358],[16.8535,54.2701],[16.8563,54.3096],[16.831,54.4404],[16.8136,54.4739],[16.6946,54.5643],[16.7162,54.578],[17.2449,54.731],[17.4627,54.7657],[17.4949,54.7654]],[[16.9616,54.4583],[17.0209,54.4277],[17.058,54.4396],[17.0924,54.4658],[17.0295,54.4882],[16.9948,54.4884],[16.9616,54.4583]]]}},{"type":"Feature","properties":{"code":"PL2213","name":"starogardzki"},"geometry":{"type":"Polygon","coordinates":[[[18.5709,54.0981],[18.5685,54.056],[18.6363,54.0217],[18.6656,53.9977],[18.6557,53.9627],[18.5967,53.8171],[18.6182,53.802],[18.682,53.778],[18.7119,53.7564],[18.6942,53.7135],[18.66,53.6884],[18.5841,53.6658],[18.5462,53.6598],[18.5291,53.682],[18.4948,53.6905],[18.3852,53.6888],[18.2911,53.6974],[18.2648,53.7065],[18.2729,53.7311],[18.0963,53.7743],[18.067,53.7749],[18.0668,53.8151],[18.0763,53.8581],[18.1275,53.8923],[18.1146,53.9207],[18.1507,53.9343],[18.3395,53.9769],[18.3027,54.0102],[18.3245,54.0411],[18.3472,54.0573],[18.345,54.0926],[18.3296,54.1363],[18.3674,54.135],[18.5321,54.1131],[18.5709,54.0981]]]}},{"type":"Feature","properties":{"code":"PL2214","name":"tczewski"},"geometry":{"type":"Polygon","coordinates":[[[18.858,53.9509],[18.8856,53.9057],[18.841,53.7915],[18.8423,53.7315],[18.7795,53.6947],[18.7175,53.6879],[18.6942,53.7135],[18.7119,53.7564],[18.682,53.778],[18.6182,53.802],[18.5967,53.8171],[18.6557,53.9627],[18.6656,53.9977],[18.6363,54.0217],[18.5685,54.056],[18.5709,54.0981],[18.7037,54.1453],[18.8443,54.159],[18.8275,54.123],[18.8167,54.0805],[18.8336,54.0035],[18.858,53.9509]]]}},{"type":"Feature","properties":{"code":"PL2215","name":"wejherowski"},"geometry":{"type":"Polygon","coordinates":[[[18.4248,54.5602],[18.4051,54.5333],[18.4042,54.5021],[18.4115,54.4685],[18.3801,54.4528],[18.3572,54.4332],[18.3167,54.4226],[17.871,54.4083],[17.8677,54.44],[17.737,54.7581],[17.7324,54.7972],[17.7742,54.8084],[17.9051,54.8236],[18.1495,54.6988],[18.3394,54.6482],[18.3772,54.6277],[18.4089,54.5906],[18.4248,54.5602]]]}},{"type":"Feature","properties":{"code":"PL2216","name":"sztumski"},"geometry":{"type":"Polygon","coordinates":[[[19.5863,53.9407],[19.588,53.9113],[19.5469,53.8976],[19.4792,53.7966],[19.443,53.7897],[19.2031,53.8369],[19.107,53.8175],[19.0317,53.8568],[18.8856,53.9057],[18.858,53.9509],[18.8835,53.9561],[18.976,53.9956],[19.2542,54.0249],[19.4009,54.0004],[19.3895,53.9395],[19.5863,53.9407]]]}},{"type":"Feature","properties":{"code":"PL2261","name":"Gdańsk"},"geometry":{"type":"Polygon","coordinates":[[[18.5008,54.4252],[18.5422,54.4234],[18.5834,54.4331],[18.7202,54.3799],[18.8593,54.3531],[18.9375,54.3485],[18.9454,54.3227],[18.9317,54.2868],[18.8653,54.3113],[18.7733,54.3305],[18.7396,54.3248],[18.6461,54.293],[18.4791,54.3174],[18.4489,54.3492],[18.4436,54.3928],[18.4452,54.455],[18.5008,54.4252]]]}},{"type":"Feature","properties":{"code":"PL2262","name":"Gdynia"},"geometry":{"type":"Polygon","coordinates":[[[18.5567,54.4612],[18.5196,54.4482],[18.5008,54.4252],[18.4115,54.4685],[18.4042,54.5021],[18.4051,54.5333],[18.4248,54.5602],[18.4579,54.5687],[18.5164,54.5713],[18.5421,54.5787],[18.5557,54.5548],[18.561,54.5289],[18.564,54.4989],[18.5567,54.4612]]]}},{"type":"Feature","properties":{"code":"PL2263","name":"Słupsk"},"geometry":{"type":"Polygon","coordinates":[[[16.9616,54.4583],[16.9948,54.4884],[17.0295,54.4882],[17.0924,54.4658],[17.058,54.4396],[17.0209,54.4277],[16.9616,54.4583]]]}},{"type":"Feature","properties":{"code":"PL2264","name":"Sopot"},"geometry":{"type":"Polygon","coordinates":[[[18.5834,54.4331],[18.5422,54.4234],[18.5008,54.4252],[18.5196,54.4482],[18.5567,54.4612],[18.5834,54.4331]]]}},{"type":"Feature","properties":{"code":"PL2401","name":"będziński"},"geometry":{"type":"MultiPolygon","coordinates":[[[[19.2808,50.2811],[19.2867,50.2941],[19.2943,50.2931],[19.3006,50.2991],[19.3168,50.2983],[19.3205,50.3049],[19.3458,50.307],[19.3399,50.3112],[19.351,50.316],[19.3479,50.3171],[19.3541,50.3259],[19.3849,50.3205],[19.3955,50.3227],[19.3991,50.3159],[19.4066,50.3174],[19.3984,50.3084],[19.4144,50.2987],[19.4003,50.299],[19.404,50.297],[19.3875,50.2884],[19.3826,50.2735],[19.3618,50.2708],[19.3715,50.2683],[19.3591,50.2592],[19.3522,50.2669],[19.312,50.2581],[19.3116,50.27],[19.318,50.2718],[19.3115,50.2722],[19.3143,50.2774],[19.2808,50.2811]]],[[[18.9576,50.3782],[18.9588,50.3827],[18.9788,50.3875],[18.9811,50.3927],[18.9695,50.4122],[18.9852,50.4156],[18.9846,50.4209],[18.9911,50.4256],[18.988,50.4319],[19.0117,50.4292],[19.0238,50.4489],[19.0219,50.4565],[19.0602,50.4489],[19.0569,50.4439],[19.0638,50.4429],[19.0692,50.4536],[19.0898,50.4571],[19.0899,50.4635],[19.0995,50.4636],[19.1038,50.4702],[19.0988,50.4818],[19.1155,50.4812],[19.1215,50.4911],[19.1141,50.4929],[19.1154,50.5004],[19.1345,50.5043],[19.1309,50.5115],[19.1336,50.5225],[19.1445,50.5281],[19.1827,50.5337],[19.2136,50.5217],[19.2343,50.5211],[19.2681,50.5364],[19.3058,50.5261],[19.3068,50.5211],[19.2909,50.5169],[19.275,50.5034],[19.2699,50.4916],[19.2714,50.4873],[19.2815,50.4851],[19.2754,50.4826],[19.2757,50.4713],[19.2834,50.452],[19.2921,50.4498],[19.2843,50.4503],[19.2868,50.444],[19.2801,50.4409],[19.2942,50.4341],[19.2632,50.4333],[19.246,50.4388],[19.2386,50.448],[19.2385,50.4407],[19.2287,50.4414],[19.2321,50.4308],[19.2265,50.4194],[19.2444,50.4144],[19.2393,50.4119],[19.2395,50.4037],[19.2191,50.4017],[19.1996,50.3908],[19.2003,50.3843],[19.1977,50.3944],[19.1917,50.3983],[19.1793,50.3894],[19.1878,50.3723],[19.1842,50.3651],[19.1895,50.3626],[19.1895,50.3541],[19.155,50.3321],[19.1616,50.3301],[19.1648,50.3184],[19.1612,50.3168],[19.1656,50.3133],[19.1474,50.3089],[19.1445,50.3014],[19.1254,50.3055],[19.1027,50.296],[19.1001,50.2997],[19.0718,50.2943],[19.0525,50.2973],[19.0451,50.301],[19.0498,50.3201],[19.0565,50.3271],[19.0542,50.3384],[19.0605,50.3461],[19.0327,50.3496],[19.0081,50.3647],[18.9576,50.3782]]]]}},{"type":"Feature","properties":{"code":"PL2402","name":"bielski"},"geometry":{"type":"Polygon","coordinates":[[[19.2916,49.853],[19.3117,49.7891],[19.2747,49.7883],[19.2402,49.7955],[19.2085,49.8141],[19.1738,49.8245],[19.1388,49.8038],[19.1242,49.74],[19.104,49.7056],[19.0477,49.6967],[19.019,49.6733],[18.9865,49.6619],[18.96,49.6768],[18.9785,49.6973],[18.9907,49.7291],[19.0143,49.7554],[19.0393,49.7659],[19.0686,49.765],[19.1045,49.7788],[19.1036,49.8753],[19.0667,49.8802],[19.0309,49.8785],[18.9682,49.8336],[18.954,49.7509],[18.9004,49.7672],[18.8485,49.8025],[18.8497,49.879],[18.8801,49.8986],[18.915,49.9168],[19.1009,49.9543],[19.1262,49.9395],[19.1714,49.9471],[19.1885,49.9172],[19.1934,49.8852],[19.1712,49.8623],[19.2321,49.8651],[19.2916,49.853]]]}},{"type":"Feature","properties":{"code":"PL2403","name":"cieszyński"},"geometry":{"type":"Polygon","coordinates":[[[18.8801,49.8986],[18.8497,49.879],[18.8485,49.8025],[18.9004,49.7672],[18.954,49.7509],[18.9907,49.7291],[18.9785,49.6973],[18.96,49.6768],[18.9865,49.6619],[19.0099,49.6267],[18.9909,49.5869],[18.9501,49.5314],[18.9284,49.5114],[18.8524,49.5272],[18.8204,49.6442],[18.8048,49.674],[18.7431,49.6785],[18.6569,49.7071],[18.6319,49.7207],[18.5795,49.8248],[18.5711,49.8563],[18.5784,49.8884],[18.6225,49.8979],[18.6578,49.8887],[18.6954,49.9005],[18.7326,49.9209],[18.7696,49.9233],[18.8435,49.9159],[18.8801,49.8986]]]}},{"type":"Feature","properties":{"code":"PL2404","name":"częstochowski"},"geometry":{"type":"Polygon","coordinates":[[[19.7512,50.8688],[19.7757,50.8499],[19.8149,50.8294],[19.8041,50.8064],[19.748,50.7586],[19.7225,50.7265],[19.744,50.692],[19.7766,50.6663],[19.7516,50.6461],[19.7237,50.6416],[19.6948,50.676],[19.6704,50.659],[19.6363,50.654],[19.4665,50.6782],[19.2645,50.6899],[19.2291,50.6869],[19.1325,50.6331],[19.1068,50.6141],[18.929,50.722],[18.8512,50.7603],[18.8914,50.81],[18.9226,50.8182],[18.9877,50.8209],[19.0206,50.8134],[19.0159,50.7768],[19.0299,50.7526],[19.0628,50.7485],[19.1845,50.7543],[19.2084,50.7821],[19.2233,50.8155],[19.1617,50.8777],[19.134,50.86],[19.0989,50.8647],[19.0975,50.898],[19.1216,50.981],[19.1249,51.0129],[19.1848,50.9893],[19.2118,50.9874],[19.2443,51.0055],[19.2486,51.0371],[19.2943,51.0435],[19.3298,51.03],[19.4236,50.9693],[19.4753,50.895],[19.5166,50.8897],[19.5582,50.9041],[19.5899,50.8958],[19.675,50.8485],[19.7045,50.8436],[19.7318,50.8483],[19.7512,50.8688]]]}},{"type":"Feature","properties":{"code":"PL2405","name":"gliwicki"},"geometry":{"type":"Polygon","coordinates":[[[18.5979,50.5478],[18.6327,50.5409],[18.6477,50.4061],[18.6474,50.3689],[18.6087,50.3579],[18.5804,50.3246],[18.5746,50.263],[18.6407,50.2529],[18.6623,50.2354],[18.693,50.2285],[18.7232,50.2435],[18.7453,50.2658],[18.789,50.2383],[18.7657,50.1992],[18.7157,50.2001],[18.6971,50.1812],[18.6681,50.1756],[18.5998,50.1785],[18.5594,50.1743],[18.494,50.1894],[18.4288,50.2453],[18.4075,50.31],[18.3588,50.3541],[18.3686,50.3834],[18.3828,50.4829],[18.4194,50.4734],[18.4641,50.469],[18.4561,50.5072],[18.4427,50.5348],[18.467,50.5505],[18.5979,50.5478]]]}},{"type":"Feature","properties":{"code":"PL2406","name":"kłobucki"},"geometry":{"type":"Polygon","coordinates":[[[19.1249,51.0129],[19.1216,50.981],[19.0975,50.898],[19.0989,50.8647],[19.0731,50.8542],[19.0206,50.8134],[18.9877,50.8209],[18.9226,50.8182],[18.8914,50.81],[18.8512,50.7603],[18.6509,50.8384],[18.6136,50.849],[18.6894,51.0101],[18.6864,51.0531],[18.7319,51.0629],[18.8784,51.079],[18.9627,51.0798],[19.1249,51.0129]]]}},{"type":"Feature","properties":{"code":"PL2407","name":"lubliniecki"},"geometry":{"type":"Polygon","coordinates":[[[18.8512,50.7603],[18.929,50.722],[19.1068,50.6141],[19.0813,50.516],[19.049,50.5011],[19.0376,50.5353],[19.0186,50.5625],[18.9396,50.5757],[18.867,50.6066],[18.8403,50.6075],[18.8218,50.5889],[18.8518,50.5708],[18.8352,50.5493],[18.7816,50.5834],[18.6803,50.5912],[18.522,50.6149],[18.4935,50.6817],[18.4902,50.7118],[18.6136,50.849],[18.6509,50.8384],[18.8512,50.7603]]]}},{"type":"Feature","properties":{"code":"PL2408","name":"mikołowski"},"geometry":{"type":"Polygon","coordinates":[[[18.925,50.2229],[18.9343,50.1869],[18.9469,50.1637],[18.941,50.0935],[18.8673,50.0964],[18.8571,50.0594],[18.7464,50.0552],[18.7228,50.0664],[18.7444,50.1404],[18.7401,50.1714],[18.7157,50.2001],[18.7657,50.1992],[18.789,50.2383],[18.8229,50.2314],[18.8589,50.2124],[18.925,50.2229]]]}},{"type":"Feature","properties":{"code":"PL2409","name":"myszkowski"},"geometry":{"type":"Polygon","coordinates":[[[19.6363,50.654],[19.6193,50.6223],[19.5632,50.624],[19.4955,50.5912],[19.3845,50.5754],[19.3873,50.55],[19.3787,50.5199],[19.35,50.5083],[19.2769,50.5319],[19.2352,50.5347],[19.1572,50.5274],[19.1258,50.5171],[19.1047,50.4961],[19.0813,50.516],[19.1068,50.6141],[19.1325,50.6331],[19.2291,50.6869],[19.2645,50.6899],[19.4665,50.6782],[19.6363,50.654]]]}},{"type":"Feature","properties":{"code":"PL2410","name":"pszczyński"},"geometry":{"type":"Polygon","coordinates":[[[18.941,50.0935],[18.9726,50.0794],[19.0039,50.0779],[19.0444,50.0874],[19.0405,50.0539],[19.0476,50.0238],[19.0847,50.0247],[19.1487,50.0412],[19.1259,49.9727],[19.1009,49.9543],[18.915,49.9168],[18.8801,49.8986],[18.8435,49.9159],[18.7696,49.9233],[18.7326,49.9209],[18.6954,49.9005],[18.6578,49.8887],[18.6225,49.8979],[18.6416,49.9204],[18.6772,49.9287],[18.6857,49.9535],[18.6576,49.96],[18.6708,49.9981],[18.7036,50.0067],[18.7326,50.004],[18.7579,50.0175],[18.7464,50.0552],[18.8571,50.0594],[18.8673,50.0964],[18.941,50.0935]]]}},{"type":"Feature","properties":{"code":"PL2411","name":"raciborski"},"geometry":{"type":"Polygon","coordinates":[[[18.4288,50.2453],[18.494,50.1894],[18.4648,50.1635],[18.3455,50.1421],[18.2987,50.1205],[18.3189,50.0963],[18.3615,50.0763],[18.3286,50.0589],[18.2883,50.0524],[18.2518,50.0361],[18.3273,49.9534],[18.319,49.9247],[18.2693,49.9639],[18.1762,49.9781],[18.1456,49.9869],[18.0354,50.068],[18.048,50.1263],[18.0466,50.1695],[18.162,50.1855],[18.2455,50.2167],[18.3667,50.2473],[18.4288,50.2453]]]}},{"type":"Feature","properties":{"code":"PL2412","name":"rybnicki"},"geometry":{"type":"MultiPolygon","coordinates":[[[[18.6131,50.0378],[18.5972,49.9861],[18.5683,50.0018],[18.5517,50.0248],[18.5268,50.0446],[18.5551,50.0574],[18.5817,50.0555],[18.6131,50.0378]]],[[[18.4554,50.0715],[18.4279,50.0862],[18.4049,50.0734],[18.3615,50.0763],[18.3189,50.0963],[18.2987,50.1205],[18.3455,50.1421],[18.4648,50.1635],[18.4625,50.1234],[18.4927,50.1196],[18.4793,50.0933],[18.4554,50.0715]]],[[[18.7157,50.2001],[18.7401,50.1714],[18.7444,50.1404],[18.7228,50.0664],[18.645,50.0703],[18.6258,50.115],[18.6052,50.1408],[18.5723,50.1424],[18.5594,50.1743],[18.5998,50.1785],[18.6681,50.1756],[18.6971,50.1812],[18.7157,50.2001]]]]}},{"type":"Feature","properties":{"code":"PL2413","name":"tarnogórski"},"geometry":{"type":"Polygon","coordinates":[[[19.0813,50.516],[19.1047,50.4961],[19.08,50.4675],[19.0481,50.4437],[18.9744,50.4143],[18.9388,50.4183],[18.9102,50.3707],[18.8631,50.4116],[18.8219,50.4068],[18.7976,50.385],[18.7485,50.3573],[18.7366,50.3258],[18.6782,50.3412],[18.6474,50.3689],[18.6477,50.4061],[18.6327,50.5409],[18.5979,50.5478],[18.6025,50.5757],[18.6008,50.6037],[18.715,50.5872],[18.7816,50.5834],[18.8352,50.5493],[18.8518,50.5708],[18.8218,50.5889],[18.8403,50.6075],[18.867,50.6066],[18.9396,50.5757],[19.0186,50.5625],[19.0376,50.5353],[19.049,50.5011],[19.0813,50.516]]]}},{"type":"Feature","properties":{"code":"PL2414","name":"bieruńsko-lędziński"},"geometry":{"type":"Polygon","coordinates":[[[19.2363,50.1598],[19.2581,50.1248],[19.2383,50.1],[19.2064,50.0742],[19.1487,50.0412],[19.0847,50.0247],[19.0476,50.0238],[19.0405,50.0539],[19.0444,50.0874],[19.103,50.1538],[19.1338,50.1603],[19.2363,50.1598]]]}},{"type":"Feature","properties":{"code":"PL2415","name":"wodzisławski"},"geometry":{"type":"Polygon","coordinates":[[[18.4279,50.0862],[18.4935,50.0474],[18.5268,50.0446],[18.5517,50.0248],[18.5683,50.0018],[18.5972,49.9861],[18.5776,49.9625],[18.5444,49.9471],[18.5227,49.9305],[18.5486,49.907],[18.5232,49.8999],[18.4898,49.9061],[18.3273,49.9534],[18.2518,50.0361],[18.2883,50.0524],[18.3286,50.0589],[18.3615,50.0763],[18.4049,50.0734],[18.4279,50.0862]]]}},{"type":"Feature","properties":{"code":"PL2416","name":"zawierciański"},"geometry":{"type":"Polygon","coordinates":[[[19.8931,50.6255],[19.8519,50.6126],[19.8198,50.5832],[19.8058,50.5531],[19.8933,50.54],[19.9592,50.5044],[19.9257,50.471],[19.8377,50.4338],[19.7351,50.4396],[19.6896,50.4354],[19.6232,50.4087],[19.5299,50.4147],[19.504,50.3936],[19.4849,50.3622],[19.4519,50.3571],[19.3956,50.3633],[19.3375,50.3988],[19.2775,50.4242],[19.2926,50.4584],[19.3005,50.4957],[19.3135,50.5177],[19.35,50.5083],[19.3787,50.5199],[19.3873,50.55],[19.3845,50.5754],[19.4955,50.5912],[19.5632,50.624],[19.6193,50.6223],[19.6363,50.654],[19.6704,50.659],[19.6948,50.676],[19.7237,50.6416],[19.7516,50.6461],[19.7766,50.6663],[19.744,50.692],[19.7225,50.7265],[19.7732,50.7261],[19.8177,50.7194],[19.8488,50.6982],[19.8627,50.6744],[19.8437,50.6526],[19.8716,50.646],[19.8931,50.6255]]]}},{"type":"Feature","properties":{"code":"PL2417","name":"żywiecki"},"geometry":{"type":"Polygon","coordinates":[[[19.3117,49.7891],[19.4217,49.7691],[19.4337,49.7317],[19.4028,49.7091],[19.3846,49.6853],[19.4279,49.679],[19.4677,49.665],[19.4752,49.6017],[19.4273,49.5962],[19.3801,49.5512],[19.3409,49.536],[19.2883,49.5303],[19.2561,49.5169],[19.2021,49.4215],[19.1763,49.4132],[19.115,49.4068],[18.9806,49.4023],[18.9605,49.5073],[18.9284,49.5114],[18.9501,49.5314],[18.9909,49.5869],[19.0099,49.6267],[18.9865,49.6619],[19.019,49.6733],[19.0477,49.6967],[19.104,49.7056],[19.1242,49.74],[19.1388,49.8038],[19.1738,49.8245],[19.2085,49.8141],[19.2402,49.7955],[19.2747,49.7883],[19.3117,49.7891]]]}},{"type":"Feature","properties":{"code":"PL2461","name":"Bielsko-Biała"},"geometry":{"type":"Polygon","coordinates":[[[18.9907,49.7291],[18.954,49.7509],[18.9682,49.8336],[19.0309,49.8785],[19.0667,49.8802],[19.1036,49.8753],[19.1045,49.7788],[19.0686,49.765],[19.0393,49.7659],[19.0143,49.7554],[18.9907,49.7291]]]}},{"type":"Feature","properties":{"code":"PL2462","name":"Bytom"},"geometry":{"type":"Polygon","coordinates":[[[18.9102,50.3707],[18.9449,50.3576],[18.953,50.3266],[18.9232,50.3069],[18.8884,50.3249],[18.8545,50.3285],[18.8259,50.3492],[18.7976,50.385],[18.8219,50.4068],[18.8631,50.4116],[18.9102,50.3707]]]}},{"type":"Feature","properties":{"code":"PL2463","name":"Chorzów"},"geometry":{"type":"Polygon","coordinates":[[[19.0059,50.2902],[18.9731,50.2768],[18.9552,50.2384],[18.9282,50.2632],[18.9232,50.3069],[18.953,50.3266],[18.9845,50.3352],[18.9865,50.3087],[19.0059,50.2902]]]}},{"type":"Feature","properties":{"code":"PL2464","name":"Częstochowa"},"geometry":{"type":"Polygon","coordinates":[[[19.0206,50.8134],[19.0731,50.8542],[19.0989,50.8647],[19.134,50.86],[19.1617,50.8777],[19.2233,50.8155],[19.2084,50.7821],[19.1845,50.7543],[19.0628,50.7485],[19.0299,50.7526],[19.0159,50.7768],[19.0206,50.8134]]]}},{"type":"Feature","properties":{"code":"PL2465","name":"Dąbrowa Górnicza"},"geometry":{"type":"Polygon","coordinates":[[[19.2775,50.4242],[19.3375,50.3988],[19.3956,50.3633],[19.4519,50.3571],[19.4849,50.3622],[19.4829,50.3233],[19.4161,50.3145],[19.3532,50.3252],[19.2825,50.2927],[19.2413,50.3045],[19.1975,50.3092],[19.1664,50.3199],[19.1755,50.3583],[19.1945,50.3951],[19.2405,50.4299],[19.2775,50.4242]]]}},{"type":"Feature","properties":{"code":"PL2466","name":"Gliwice"},"geometry":{"type":"Polygon","coordinates":[[[18.7366,50.3258],[18.7476,50.2983],[18.7453,50.2658],[18.7232,50.2435],[18.693,50.2285],[18.6623,50.2354],[18.6407,50.2529],[18.5746,50.263],[18.5804,50.3246],[18.6087,50.3579],[18.6474,50.3689],[18.6782,50.3412],[18.7366,50.3258]]]}},{"type":"Feature","properties":{"code":"PL2467","name":"Jastrzębie-Zdrój"},"geometry":{"type":"Polygon","coordinates":[[[18.6708,49.9981],[18.6576,49.96],[18.6857,49.9535],[18.6772,49.9287],[18.6416,49.9204],[18.6225,49.8979],[18.5784,49.8884],[18.5486,49.907],[18.5227,49.9305],[18.5444,49.9471],[18.5776,49.9625],[18.5972,49.9861],[18.6131,50.0378],[18.6708,49.9981]]]}},{"type":"Feature","properties":{"code":"PL2468","name":"Jaworzno"},"geometry":{"type":"Polygon","coordinates":[[[19.3222,50.2592],[19.4317,50.2229],[19.3204,50.1484],[19.2921,50.1331],[19.2581,50.1248],[19.1851,50.227],[19.2203,50.2561],[19.2481,50.2602],[19.3222,50.2592]]]}},{"type":"Feature","properties":{"code":"PL2469","name":"Katowice"},"geometry":{"type":"Polygon","coordinates":[[[19.0059,50.2902],[19.0914,50.2867],[19.1182,50.2681],[19.0955,50.2159],[19.0943,50.1852],[19.103,50.1538],[19.0754,50.1241],[19.0585,50.1473],[19.0288,50.1696],[19.0027,50.1719],[18.9469,50.1637],[18.9343,50.1869],[18.925,50.2229],[18.9552,50.2384],[18.9731,50.2768],[19.0059,50.2902]]]}},{"type":"Feature","properties":{"code":"PL2470","name":"Mysłowice"},"geometry":{"type":"Polygon","coordinates":[[[19.1851,50.227],[19.2112,50.1871],[19.2363,50.1598],[19.1338,50.1603],[19.103,50.1538],[19.0943,50.1852],[19.0955,50.2159],[19.1182,50.2681],[19.1421,50.2488],[19.1851,50.227]]]}},{"type":"Feature","properties":{"code":"PL2471","name":"Piekary Śląskie"},"geometry":{"type":"Polygon","coordinates":[[[18.9744,50.4143],[18.9708,50.3829],[19.0477,50.3386],[19.0163,50.3318],[18.9845,50.3352],[18.953,50.3266],[18.9449,50.3576],[18.9102,50.3707],[18.9388,50.4183],[18.9744,50.4143]]]}},{"type":"Feature","properties":{"code":"PL2472","name":"Ruda Śląska"},"geometry":{"type":"Polygon","coordinates":[[[18.8884,50.3249],[18.8902,50.2915],[18.9552,50.2384],[18.925,50.2229],[18.8589,50.2124],[18.8229,50.2314],[18.789,50.2383],[18.7985,50.2732],[18.8265,50.2789],[18.8351,50.3106],[18.8545,50.3285],[18.8884,50.3249]]]}},{"type":"Feature","properties":{"code":"PL2473","name":"Rybnik"},"geometry":{"type":"Polygon","coordinates":[[[18.5594,50.1743],[18.5723,50.1424],[18.6052,50.1408],[18.6258,50.115],[18.645,50.0703],[18.6131,50.0378],[18.5817,50.0555],[18.5551,50.0574],[18.5268,50.0446],[18.4935,50.0474],[18.4554,50.0715],[18.4793,50.0933],[18.4927,50.1196],[18.4625,50.1234],[18.4648,50.1635],[18.494,50.1894],[18.5594,50.1743]]]}},{"type":"Feature","properties":{"code":"PL2474","name":"Siemianowice Śląskie"},"geometry":{"type":"Polygon","coordinates":[[[19.0477,50.2887],[19.0059,50.2902],[18.9865,50.3087],[18.9845,50.3352],[19.0163,50.3318],[19.0477,50.3386],[19.0477,50.2887]]]}},{"type":"Feature","properties":{"code":"PL2475","name":"Sosnowiec"},"geometry":{"type":"Polygon","coordinates":[[[19.2825,50.2927],[19.3222,50.2592],[19.2481,50.2602],[19.2203,50.2561],[19.1851,50.227],[19.1421,50.2488],[19.0914,50.2867],[19.1664,50.3199],[19.1975,50.3092],[19.2413,50.3045],[19.2825,50.2927]]]}},{"type":"Feature","properties":{"code":"PL2476","name":"Świętochłowice"},"geometry":{"type":"Polygon","coordinates":[[[18.9232,50.3069],[18.9282,50.2632],[18.8902,50.2915],[18.8884,50.3249],[18.9232,50.3069]]]}},{"type":"Feature","properties":{"code":"PL2477","name":"Tychy"},"geometry":{"type":"Polygon","coordinates":[[[19.0754,50.1241],[19.0444,50.0874],[19.0039,50.0779],[18.9726,50.0794],[18.941,50.0935],[18.9469,50.1637],[19.0027,50.1719],[19.0288,50.1696],[19.0585,50.1473],[19.0754,50.1241]]]}},{"type":"Feature","properties":{"code":"PL2478","name":"Zabrze"},"geometry":{"type":"Polygon","coordinates":[[[18.8545,50.3285],[18.8351,50.3106],[18.8265,50.2789],[18.7985,50.2732],[18.789,50.2383],[18.7453,50.2658],[18.7476,50.2983],[18.7366,50.3258],[18.7485,50.3573],[18.7976,50.385],[18.8259,50.3492],[18.8545,50.3285]]]}},{"type":"Feature","properties":{"code":"PL2479","name":"Żory"},"geometry":{"type":"Polygon","coordinates":[[[18.7228,50.0664],[18.7464,50.0552],[18.7579,50.0175],[18.7326,50.004],[18.7036,50.0067],[18.6708,49.9981],[18.6131,50.0378],[18.645,50.0703],[18.7228,50.0664]]]}},{"type":"Feature","properties":{"code":"PL2601","name":"buski"},"geometry":{"type":"Polygon","coordinates":[[[21.1244,50.3536],[21.07,50.3211],[20.8391,50.2932],[20.7972,50.2859],[20.7574,50.2671],[20.7197,50.2845],[20.6796,50.2942],[20.6173,50.3314],[20.6297,50.3575],[20.642,50.4381],[20.645,50.5137],[20.717,50.5609],[20.7758,50.5469],[20.8237,50.6279],[20.8617,50.6348],[20.9107,50.6289],[20.9332,50.6046],[20.9464,50.5749],[20.9384,50.5433],[20.9687,50.5453],[21.0293,50.5601],[21.0594,50.5568],[21.1048,50.4965],[21.0768,50.4821],[21.0059,50.4808],[20.9875,50.4578],[21.0871,50.4146],[21.1193,50.3933],[21.1244,50.3536]]]}},{"type":"Feature","properties":{"code":"PL2602","name":"jędrzejowski"},"geometry":{"type":"Polygon","coordinates":[[[20.604,50.6761],[20.581,50.6561],[20.513,50.6272],[20.5056,50.5883],[20.4359,50.5336],[20.3525,50.5431],[20.332,50.5125],[20.3579,50.4869],[20.3379,50.4639],[20.3047,50.4558],[20.2717,50.4573],[20.2453,50.4739],[19.9956,50.5175],[19.9592,50.5044],[19.8933,50.54],[19.8058,50.5531],[19.8198,50.5832],[19.8519,50.6126],[19.8931,50.6255],[19.9426,50.6232],[20.0067,50.63],[20.0379,50.6488],[20.0656,50.6849],[20.0907,50.7061],[20.0659,50.7293],[20.1181,50.8219],[20.1511,50.8352],[20.1992,50.8326],[20.2358,50.8485],[20.2677,50.8551],[20.299,50.8491],[20.3207,50.8254],[20.3393,50.7957],[20.3691,50.7778],[20.604,50.6761]]]}},{"type":"Feature","properties":{"code":"PL2603","name":"kazimierski"},"geometry":{"type":"Polygon","coordinates":[[[20.6173,50.3314],[20.6796,50.2942],[20.7197,50.2845],[20.7574,50.2671],[20.735,50.2359],[20.7099,50.2243],[20.6879,50.1981],[20.6551,50.1872],[20.6232,50.2],[20.5056,50.1869],[20.4026,50.2165],[20.3518,50.2622],[20.3377,50.294],[20.3176,50.3208],[20.3372,50.3455],[20.4381,50.3581],[20.4758,50.3832],[20.5071,50.3708],[20.535,50.3451],[20.5734,50.3356],[20.6173,50.3314]]]}},{"type":"Feature","properties":{"code":"PL2604","name":"kielecki"},"geometry":{"type":"Polygon","coordinates":[[[20.5962,51.0507],[20.6765,51.0337],[20.7112,51.0196],[20.7532,50.9636],[20.7805,50.9453],[20.8063,50.9396],[20.8376,50.9394],[20.85,50.9659],[20.8532,51.0053],[20.887,51.0241],[20.9217,51.0248],[20.9939,50.9756],[21.0035,50.9153],[21.0398,50.8992],[21.1295,50.9045],[21.1604,50.9119],[21.1383,50.8324],[21.1353,50.7906],[21.1449,50.6981],[21.1567,50.6466],[21.0223,50.6312],[21.0012,50.6583],[20.9651,50.6709],[20.8869,50.6621],[20.8617,50.6348],[20.8237,50.6279],[20.7758,50.5469],[20.717,50.5609],[20.6814,50.5374],[20.6351,50.5714],[20.6556,50.5971],[20.6382,50.664],[20.3691,50.7778],[20.3393,50.7957],[20.3207,50.8254],[20.299,50.8491],[20.2677,50.8551],[20.2358,50.8485],[20.2158,50.8709],[20.2174,50.9047],[20.1269,50.9514],[20.1055,50.972],[20.1344,50.9779],[20.1904,50.9642],[20.2115,50.986],[20.2467,50.9999],[20.3747,51.0214],[20.4509,51.052],[20.5962,51.0507]],[[20.5585,50.8159],[20.6355,50.8107],[20.6651,50.8342],[20.6741,50.8692],[20.6662,50.8971],[20.596,50.9118],[20.5608,50.9042],[20.5342,50.8845],[20.5201,50.8506],[20.5585,50.8159]]]}},{"type":"Feature","properties":{"code":"PL2605","name":"konecki"},"geometry":{"type":"Polygon","coordinates":[[[20.6357,51.2339],[20.6664,51.2136],[20.6819,51.1821],[20.6899,51.1522],[20.6574,51.1065],[20.6102,51.0807],[20.5962,51.0507],[20.4509,51.052],[20.3747,51.0214],[20.2467,50.9999],[20.2115,50.986],[20.1904,50.9642],[20.1344,50.9779],[20.1055,50.972],[20.068,50.9874],[20.0342,50.9839],[20.0425,51.0211],[20.0383,51.0552],[19.9809,51.0724],[19.9921,51.142],[20.0155,51.1577],[20.0001,51.1852],[20.0642,51.2014],[20.1681,51.196],[20.2048,51.2057],[20.2425,51.2233],[20.2574,51.2549],[20.337,51.2486],[20.372,51.2509],[20.3725,51.3113],[20.4298,51.3435],[20.5002,51.3201],[20.5063,51.2791],[20.5285,51.2509],[20.553,51.2316],[20.5964,51.2412],[20.6357,51.2339]]]}},{"type":"Feature","properties":{"code":"PL2606","name":"opatowski"},"geometry":{"type":"Polygon","coordinates":[[[21.8013,51.056],[21.8428,50.8773],[21.7532,50.8458],[21.7194,50.8218],[21.715,50.7834],[21.68,50.7752],[21.6468,50.7862],[21.607,50.7783],[21.5524,50.7188],[21.5143,50.6909],[21.4802,50.7034],[21.3648,50.6809],[21.1449,50.6981],[21.1353,50.7906],[21.1383,50.8324],[21.1712,50.8246],[21.2636,50.8337],[21.3702,50.8741],[21.4131,50.8836],[21.4519,50.8762],[21.4643,50.8431],[21.4908,50.8289],[21.5246,50.8361],[21.5531,50.8461],[21.5746,50.8606],[21.6044,50.9541],[21.6212,50.9827],[21.6491,50.9982],[21.6695,51.0184],[21.6166,51.0649],[21.6494,51.074],[21.6827,51.0685],[21.7008,51.0464],[21.7288,51.0421],[21.7633,51.044],[21.8013,51.056]]]}},{"type":"Feature","properties":{"code":"PL2607","name":"ostrowiecki"},"geometry":{"type":"Polygon","coordinates":[[[21.1383,50.8324],[21.1604,50.9119],[21.2086,50.9838],[21.2292,51.0021],[21.2969,51.0087],[21.3842,51.0366],[21.4536,51.0156],[21.4873,51.0298],[21.5382,51.0598],[21.5769,51.0648],[21.6166,51.0649],[21.6695,51.0184],[21.6491,50.9982],[21.6212,50.9827],[21.6044,50.9541],[21.5746,50.8606],[21.5531,50.8461],[21.5246,50.8361],[21.4908,50.8289],[21.4643,50.8431],[21.4519,50.8762],[21.4131,50.8836],[21.3702,50.8741],[21.2636,50.8337],[21.1712,50.8246],[21.1383,50.8324]]]}},{"type":"Feature","properties":{"code":"PL2608","name":"pińczowski"},"geometry":{"type":"Polygon","coordinates":[[[20.6814,50.5374],[20.645,50.5137],[20.642,50.4381],[20.6297,50.3575],[20.6173,50.3314],[20.5734,50.3356],[20.535,50.3451],[20.5071,50.3708],[20.4758,50.3832],[20.4381,50.3581],[20.3372,50.3455],[20.3053,50.3884],[20.2741,50.4178],[20.2717,50.4573],[20.3047,50.4558],[20.3379,50.4639],[20.3579,50.4869],[20.332,50.5125],[20.3525,50.5431],[20.4359,50.5336],[20.5056,50.5883],[20.513,50.6272],[20.581,50.6561],[20.604,50.6761],[20.6382,50.664],[20.6556,50.5971],[20.6351,50.5714],[20.6814,50.5374]]]}},{"type":"Feature","properties":{"code":"PL2609","name":"sandomierski"},"geometry":{"type":"Polygon","coordinates":[[[21.8614,50.8096],[21.8405,50.7279],[21.7984,50.6738],[21.7691,50.6505],[21.7287,50.6471],[21.6802,50.6133],[21.6192,50.525],[21.5209,50.5067],[21.3983,50.6055],[21.3742,50.6408],[21.3648,50.6809],[21.4802,50.7034],[21.5143,50.6909],[21.5524,50.7188],[21.607,50.7783],[21.6468,50.7862],[21.68,50.7752],[21.715,50.7834],[21.7194,50.8218],[21.7532,50.8458],[21.8428,50.8773],[21.8614,50.8096]]]}},{"type":"Feature","properties":{"code":"PL2610","name":"skarżyski"},"geometry":{"type":"Polygon","coordinates":[[[20.9726,51.1604],[20.907,51.0872],[20.9071,51.0565],[20.9217,51.0248],[20.887,51.0241],[20.8532,51.0053],[20.85,50.9659],[20.8376,50.9394],[20.8063,50.9396],[20.7805,50.9453],[20.7532,50.9636],[20.7112,51.0196],[20.6765,51.0337],[20.5962,51.0507],[20.6102,51.0807],[20.6574,51.1065],[20.6899,51.1522],[20.7175,51.1605],[20.7466,51.1638],[20.7841,51.1532],[20.8143,51.1533],[20.828,51.1748],[20.8571,51.1628],[20.884,51.1589],[20.9122,51.187],[20.9435,51.1839],[20.9726,51.1604]]]}},{"type":"Feature","properties":{"code":"PL2611","name":"starachowicki"},"geometry":{"type":"Polygon","coordinates":[[[21.3174,51.0792],[21.3842,51.0366],[21.2969,51.0087],[21.2292,51.0021],[21.2086,50.9838],[21.1604,50.9119],[21.0741,50.899],[21.0398,50.8992],[21.0035,50.9153],[20.9939,50.9756],[20.9217,51.0248],[20.9071,51.0565],[20.907,51.0872],[20.9726,51.1604],[21.0101,51.1623],[21.0466,51.1576],[21.0616,51.1814],[21.0625,51.209],[21.0992,51.2017],[21.1212,51.1412],[21.1478,51.1275],[21.1618,51.0799],[21.2805,51.0828],[21.3174,51.0792]]]}},{"type":"Feature","properties":{"code":"PL2612","name":"staszowski"},"geometry":{"type":"Polygon","coordinates":[[[21.3648,50.6809],[21.3742,50.6408],[21.3983,50.6055],[21.5209,50.5067],[21.4373,50.4779],[21.4072,50.4485],[21.3642,50.4317],[21.3212,50.4232],[21.2912,50.4085],[21.2131,50.3575],[21.1864,50.3479],[21.1572,50.3448],[21.1244,50.3536],[21.1193,50.3933],[21.0871,50.4146],[20.9875,50.4578],[21.0059,50.4808],[21.0768,50.4821],[21.1048,50.4965],[21.0594,50.5568],[21.0293,50.5601],[20.9687,50.5453],[20.9384,50.5433],[20.9464,50.5749],[20.9332,50.6046],[20.9107,50.6289],[20.8617,50.6348],[20.8869,50.6621],[20.9651,50.6709],[21.0012,50.6583],[21.0223,50.6312],[21.1567,50.6466],[21.1449,50.6981],[21.3648,50.6809]]]}},{"type":"Feature","properties":{"code":"PL2613","name":"włoszczowski"},"geometry":{"type":"Polygon","coordinates":[[[20.0342,50.9839],[20.068,50.9874],[20.1055,50.972],[20.1269,50.9514],[20.2174,50.9047],[20.2158,50.8709],[20.2358,50.8485],[20.1992,50.8326],[20.1511,50.8352],[20.1181,50.8219],[20.0659,50.7293],[20.0907,50.7061],[20.0656,50.6849],[20.0379,50.6488],[20.0067,50.63],[19.9426,50.6232],[19.8931,50.6255],[19.8716,50.646],[19.8437,50.6526],[19.8627,50.6744],[19.8488,50.6982],[19.8177,50.7194],[19.7732,50.7261],[19.7225,50.7265],[19.748,50.7586],[19.8041,50.8064],[19.8149,50.8294],[19.7757,50.8499],[19.7512,50.8688],[19.8359,50.9325],[19.8391,50.9819],[19.8782,51.0369],[19.9043,51.0383],[19.9297,51.0268],[20.0117,50.9655],[20.0342,50.9839]]]}},{"type":"Feature","properties":{"code":"PL2661","name":"Kielce"},"geometry":{"type":"Polygon","coordinates":[[[20.5585,50.8159],[20.5201,50.8506],[20.5342,50.8845],[20.5608,50.9042],[20.596,50.9118],[20.6662,50.8971],[20.6741,50.8692],[20.6651,50.8342],[20.6355,50.8107],[20.5585,50.8159]]]}},{"type":"Feature","properties":{"code":"PL2801","name":"bartoszycki"},"geometry":{"type":"Polygon","coordinates":[[[21.2231,54.3285],[21.1999,54.3013],[21.1855,54.2734],[21.1556,54.2592],[21.0948,54.2587],[21.0583,54.2476],[21.0401,54.1797],[21.04,54.1428],[21.0906,54.1027],[21.0954,54.0719],[21.0866,54.0301],[21.0539,54.0364],[20.8354,54.0353],[20.7979,54.0413],[20.8106,54.1126],[20.7901,54.1474],[20.7489,54.1941],[20.7258,54.2107],[20.4843,54.1872],[20.3839,54.222],[20.3552,54.2508],[20.2729,54.2762],[20.2808,54.3128],[20.3265,54.3972],[20.6015,54.3735],[21.1882,54.3357],[21.2231,54.3285]]]}},{"type":"Feature","properties":{"code":"PL2802","name":"braniewski"},"geometry":{"type":"Polygon","coordinates":[[[19.7693,54.4508],[19.8099,54.4401],[20.3265,54.3972],[20.2808,54.3128],[20.2729,54.2762],[20.3552,54.2508],[20.3839,54.222],[20.1314,54.171],[20.0866,54.172],[20.0391,54.1884],[20.0011,54.1943],[19.968,54.1769],[19.952,54.1562],[19.9652,54.1328],[19.833,54.1077],[19.7913,54.1044],[19.7423,54.1225],[19.8002,54.1649],[19.7987,54.1988],[19.7841,54.2358],[19.75,54.2557],[19.6486,54.2909],[19.6202,54.3127],[19.6394,54.455],[19.725,54.4475],[19.7693,54.4508]]]}},{"type":"Feature","properties":{"code":"PL2803","name":"działdowski"},"geometry":{"type":"Polygon","coordinates":[[[20.1822,53.4173],[20.1792,53.3298],[20.2842,53.2347],[20.3135,53.2256],[20.403,53.2115],[20.382,53.1882],[20.322,53.1461],[20.2848,53.1419],[20.173,53.1421],[20.1451,53.1367],[20.1218,53.158],[20.0954,53.166],[20.0009,53.1478],[19.9705,53.1467],[19.9433,53.1603],[19.9203,53.1805],[19.9125,53.2109],[19.8778,53.2008],[19.8563,53.176],[19.8432,53.1475],[19.8162,53.1456],[19.7807,53.1533],[19.7048,53.2203],[19.6918,53.2437],[19.7144,53.3049],[19.7417,53.3111],[19.8411,53.3543],[19.8343,53.3844],[19.8572,53.4101],[19.8926,53.4327],[19.9347,53.4388],[20.0642,53.3891],[20.0965,53.3836],[20.1177,53.4064],[20.1429,53.4194],[20.1822,53.4173]]]}},{"type":"Feature","properties":{"code":"PL2804","name":"elbląski"},"geometry":{"type":"Polygon","coordinates":[[[19.9652,54.1328],[19.993,54.1225],[20.0226,54.1012],[20.0438,54.0738],[19.7246,53.9609],[19.6794,53.9484],[19.5863,53.9407],[19.3895,53.9395],[19.4009,54.0004],[19.2542,54.0249],[19.2514,54.053],[19.2239,54.1098],[19.2478,54.1499],[19.2976,54.2048],[19.3053,54.2358],[19.2678,54.2771],[19.3063,54.2931],[19.4209,54.3218],[19.5864,54.3759],[19.6267,54.3785],[19.6202,54.3127],[19.6486,54.2909],[19.75,54.2557],[19.7841,54.2358],[19.7987,54.1988],[19.8002,54.1649],[19.7423,54.1225],[19.7913,54.1044],[19.833,54.1077],[19.9652,54.1328]],[[19.3727,54.1462],[19.4043,54.1425],[19.4578,54.1462],[19.4949,54.1647],[19.4799,54.2061],[19.4961,54.2336],[19.4273,54.2546],[19.4203,54.2216],[19.3812,54.2093],[19.3616,54.1701],[19.3727,54.1462]]]}},{"type":"Feature","properties":{"code":"PL2805","name":"ełcki"},"geometry":{"type":"Polygon","coordinates":[[[22.7306,53.9613],[22.7524,53.9461],[22.7718,53.9177],[22.6937,53.7627],[22.2911,53.6271],[22.258,53.6462],[22.0497,53.8353],[22.0595,53.8692],[22.1121,53.9726],[22.1464,53.9962],[22.1883,54.013],[22.246,53.9636],[22.4655,53.8977],[22.4967,53.8928],[22.7306,53.9613]]]}},{"type":"Feature","properties":{"code":"PL2806","name":"giżycki"},"geometry":{"type":"Polygon","coordinates":[[[22.1883,54.013],[22.1464,53.9962],[22.1121,53.9726],[22.0595,53.8692],[22.0497,53.8353],[21.9923,53.8681],[21.9509,53.8751],[21.766,53.8895],[21.736,53.885],[21.6992,53.8896],[21.5625,53.8617],[21.5194,53.8598],[21.4484,53.929],[21.4317,53.9621],[21.4623,53.9612],[21.539,53.992],[21.5546,54.028],[21.5646,54.0922],[21.5956,54.1098],[21.6332,54.1121],[21.8776,54.0875],[21.9117,54.1026],[22.0124,54.1686],[22.0492,54.1737],[22.1157,54.1767],[22.1201,54.1189],[22.1798,54.0417],[22.1883,54.013]]]}},{"type":"Feature","properties":{"code":"PL2807","name":"iławski"},"geometry":{"type":"Polygon","coordinates":[[[19.9347,53.4388],[19.8926,53.4327],[19.8598,53.4471],[19.8226,53.4532],[19.7215,53.4443],[19.6857,53.4554],[19.4201,53.5649],[19.3864,53.5631],[19.2107,53.5232],[19.1385,53.5855],[19.1584,53.6229],[19.2977,53.7852],[19.328,53.8097],[19.443,53.7897],[19.4792,53.7966],[19.5469,53.8976],[19.588,53.9113],[19.7036,53.868],[19.7273,53.841],[19.748,53.8088],[19.7468,53.7811],[19.7301,53.7285],[19.726,53.6928],[19.9223,53.466],[19.9347,53.4388]]]}},{"type":"Feature","properties":{"code":"PL2808","name":"kętrzyński"},"geometry":{"type":"Polygon","coordinates":[[[21.5578,54.325],[21.5646,54.0922],[21.5546,54.028],[21.539,53.992],[21.4623,53.9612],[21.4317,53.9621],[21.3965,53.9784],[21.342,53.9916],[21.1192,53.9347],[21.1126,53.9687],[21.0866,54.0301],[21.0954,54.0719],[21.0906,54.1027],[21.04,54.1428],[21.0401,54.1797],[21.0583,54.2476],[21.0948,54.2587],[21.1556,54.2592],[21.1855,54.2734],[21.1999,54.3013],[21.2231,54.3285],[21.2658,54.3313],[21.5578,54.325]]]}},{"type":"Feature","properties":{"code":"PL2809","name":"lidzbarski"},"geometry":{"type":"Polygon","coordinates":[[[20.803,54.077],[20.7424,54.0661],[20.6726,54.0131],[20.6464,54.0091],[20.531,54.0085],[20.4957,54.0153],[20.4617,54.0662],[20.3696,54.095],[20.343,54.0775],[20.2777,53.9949],[20.2438,53.9883],[20.1871,53.9889],[20.1558,54.0011],[20.1304,54.0443],[20.0854,54.064],[20.0438,54.0738],[20.0226,54.1012],[19.993,54.1225],[19.9652,54.1328],[19.952,54.1562],[19.968,54.1769],[20.0011,54.1943],[20.0391,54.1884],[20.0866,54.172],[20.1314,54.171],[20.3839,54.222],[20.4843,54.1872],[20.7258,54.2107],[20.7489,54.1941],[20.7901,54.1474],[20.8106,54.1126],[20.803,54.077]]]}},{"type":"Feature","properties":{"code":"PL2810","name":"mrągowski"},"geometry":{"type":"Polygon","coordinates":[[[21.4317,53.9621],[21.4484,53.929],[21.5194,53.8598],[21.5625,53.8617],[21.6992,53.8896],[21.736,53.885],[21.7011,53.78],[21.6741,53.7351],[21.6384,53.7485],[21.6137,53.7646],[21.4689,53.7119],[21.4652,53.6795],[21.4731,53.641],[21.4239,53.6255],[21.3938,53.6351],[21.3399,53.6299],[21.2966,53.6367],[21.1438,53.7252],[21.1215,53.7525],[21.0968,53.77],[21.0928,53.7984],[21.0586,53.8591],[21.0743,53.8886],[21.1192,53.9347],[21.1476,53.9431],[21.342,53.9916],[21.3965,53.9784],[21.4317,53.9621]]]}},{"type":"Feature","properties":{"code":"PL2811","name":"nidzicki"},"geometry":{"type":"Polygon","coordinates":[[[20.7976,53.3119],[20.7357,53.3039],[20.6695,53.2682],[20.5307,53.2282],[20.403,53.2115],[20.3135,53.2256],[20.2842,53.2347],[20.1792,53.3298],[20.1822,53.4173],[20.1956,53.4621],[20.2466,53.4735],[20.2816,53.4658],[20.3805,53.4729],[20.5101,53.5301],[20.601,53.5338],[20.6183,53.5117],[20.8093,53.3395],[20.7976,53.3119]]]}},{"type":"Feature","properties":{"code":"PL2812","name":"nowomiejski"},"geometry":{"type":"Polygon","coordinates":[[[19.8926,53.4327],[19.8572,53.4101],[19.8343,53.3844],[19.8411,53.3543],[19.7417,53.3111],[19.7144,53.3049],[19.6962,53.3271],[19.6572,53.3346],[19.5294,53.3302],[19.5074,53.3668],[19.4649,53.3614],[19.4263,53.3639],[19.3996,53.3904],[19.3682,53.4089],[19.2658,53.3968],[19.2451,53.4175],[19.1948,53.5002],[19.2107,53.5232],[19.3864,53.5631],[19.4201,53.5649],[19.6857,53.4554],[19.7215,53.4443],[19.8226,53.4532],[19.8598,53.4471],[19.8926,53.4327]]]}},{"type":"Feature","properties":{"code":"PL2813","name":"olecki"},"geometry":{"type":"Polygon","coordinates":[[[22.7306,53.9613],[22.4967,53.8928],[22.4655,53.8977],[22.246,53.9636],[22.1883,54.013],[22.1798,54.0417],[22.1201,54.1189],[22.1157,54.1767],[22.4937,54.2023],[22.5169,54.168],[22.7093,53.9868],[22.7306,53.9613]]]}},{"type":"Feature","properties":{"code":"PL2814","name":"olsztyński"},"geometry":{"type":"Polygon","coordinates":[[[20.803,54.077],[20.7979,54.0413],[20.8354,54.0353],[21.0539,54.0364],[21.0866,54.0301],[21.1126,53.9687],[21.1192,53.9347],[21.0743,53.8886],[21.0586,53.8591],[21.0928,53.7984],[21.0968,53.77],[20.9334,53.7774],[20.8995,53.7741],[20.7268,53.6726],[20.601,53.5338],[20.5101,53.5301],[20.3805,53.4729],[20.2816,53.4658],[20.2466,53.4735],[20.2627,53.4951],[20.1759,53.5575],[20.1511,53.5805],[20.1177,53.6778],[20.1109,53.7111],[20.154,53.9623],[20.1558,54.0011],[20.1871,53.9889],[20.2438,53.9883],[20.2777,53.9949],[20.343,54.0775],[20.3696,54.095],[20.4617,54.0662],[20.4957,54.0153],[20.531,54.0085],[20.6464,54.0091],[20.6726,54.0131],[20.7424,54.0661],[20.803,54.077]],[[20.472,53.7362],[20.5021,53.7335],[20.5302,53.7402],[20.5547,53.7772],[20.5312,53.8045],[20.5021,53.8175],[20.4689,53.8219],[20.4341,53.8196],[20.3736,53.7803],[20.472,53.7362]]]}},{"type":"Feature","properties":{"code":"PL2815","name":"ostródzki"},"geometry":{"type":"Polygon","coordinates":[[[20.1558,54.0011],[20.154,53.9623],[20.1109,53.7111],[20.1177,53.6778],[20.1511,53.5805],[20.1759,53.5575],[20.2627,53.4951],[20.2466,53.4735],[20.1956,53.4621],[20.1822,53.4173],[20.1429,53.4194],[20.1177,53.4064],[20.0965,53.3836],[20.0642,53.3891],[19.9347,53.4388],[19.9223,53.466],[19.726,53.6928],[19.7301,53.7285],[19.7468,53.7811],[19.748,53.8088],[19.7273,53.841],[19.7036,53.868],[19.588,53.9113],[19.5863,53.9407],[19.6794,53.9484],[19.7246,53.9609],[20.0438,54.0738],[20.0854,54.064],[20.1304,54.0443],[20.1558,54.0011]]]}},{"type":"Feature","properties":{"code":"PL2816","name":"piski"},"geometry":{"type":"Polygon","coordinates":[[[22.0497,53.8353],[22.258,53.6462],[22.2911,53.6271],[22.1815,53.5686],[22.1463,53.5422],[22.1102,53.5381],[22.0119,53.5145],[21.8667,53.4617],[21.8254,53.4647],[21.6766,53.4907],[21.6012,53.4761],[21.5278,53.4779],[21.4529,53.5168],[21.4239,53.6255],[21.4731,53.641],[21.4652,53.6795],[21.4689,53.7119],[21.6137,53.7646],[21.6384,53.7485],[21.6741,53.7351],[21.7011,53.78],[21.736,53.885],[21.766,53.8895],[21.9509,53.8751],[21.9923,53.8681],[22.0497,53.8353]]]}},{"type":"Feature","properties":{"code":"PL2817","name":"szczycieński"},"geometry":{"type":"Polygon","coordinates":[[[21.0968,53.77],[21.1215,53.7525],[21.1438,53.7252],[21.2966,53.6367],[21.3399,53.6299],[21.3938,53.6351],[21.4239,53.6255],[21.4529,53.5168],[21.5278,53.4779],[21.5068,53.4635],[21.3858,53.425],[21.2699,53.4218],[21.0615,53.3338],[20.9934,53.3487],[20.9655,53.3498],[20.8702,53.3035],[20.8289,53.2972],[20.7976,53.3119],[20.8093,53.3395],[20.6183,53.5117],[20.601,53.5338],[20.7268,53.6726],[20.8995,53.7741],[20.9334,53.7774],[21.0968,53.77]]]}},{"type":"Feature","properties":{"code":"PL2818","name":"gołdapski"},"geometry":{"type":"Polygon","coordinates":[[[22.4937,54.2023],[22.0124,54.1686],[22.0061,54.2072],[21.9545,54.323],[21.9777,54.3337],[22.3001,54.3424],[22.7729,54.3639],[22.7793,54.3133],[22.5191,54.2163],[22.4937,54.2023]]]}},{"type":"Feature","properties":{"code":"PL2819","name":"węgorzewski"},"geometry":{"type":"Polygon","coordinates":[[[21.9545,54.323],[22.0061,54.2072],[22.0124,54.1686],[21.9117,54.1026],[21.8776,54.0875],[21.6332,54.1121],[21.5956,54.1098],[21.5646,54.0922],[21.5578,54.325],[21.9233,54.3325],[21.9545,54.323]]]}},{"type":"Feature","properties":{"code":"PL2861","name":"Elbląg"},"geometry":{"type":"Polygon","coordinates":[[[19.3727,54.1462],[19.3616,54.1701],[19.3812,54.2093],[19.4203,54.2216],[19.4273,54.2546],[19.4961,54.2336],[19.4799,54.2061],[19.4949,54.1647],[19.4578,54.1462],[19.4043,54.1425],[19.3727,54.1462]]]}},{"type":"Feature","properties":{"code":"PL2862","name":"Olsztyn"},"geometry":{"type":"Polygon","coordinates":[[[20.472,53.7362],[20.4046,53.7642],[20.3736,53.7803],[20.4341,53.8196],[20.4689,53.8219],[20.5021,53.8175],[20.5312,53.8045],[20.5547,53.7772],[20.5302,53.7402],[20.5021,53.7335],[20.472,53.7362]]]}},{"type":"Feature","properties":{"code":"PL3001","name":"chodzieski"},"geometry":{"type":"Polygon","coordinates":[[[17.057,52.8373],[16.9483,52.8177],[16.9113,52.827],[16.7949,52.8715],[16.769,52.9376],[16.7399,52.9727],[16.766,53.0142],[16.8038,53.0462],[16.8445,53.0543],[17.2959,53.0764],[17.286,53.0349],[17.2608,53.0224],[17.1953,53.0149],[17.1814,52.9876],[17.164,52.907],[17.057,52.8373]]]}},{"type":"Feature","properties":{"code":"PL3002","name":"czarnkowsko-trzcianecki"},"geometry":{"type":"Polygon","coordinates":[[[16.7399,52.9727],[16.769,52.9376],[16.7949,52.8715],[16.7563,52.8696],[16.7238,52.8545],[16.7704,52.8093],[16.7898,52.7811],[16.743,52.7391],[16.7026,52.7314],[16.2834,52.7732],[16.1648,52.7898],[16.0361,52.7274],[15.9658,52.7474],[15.9379,52.7492],[15.9224,52.7796],[15.8983,52.8095],[15.909,52.837],[15.942,52.8462],[15.9683,52.8603],[15.9749,52.9185],[15.9523,52.98],[15.9575,53.0147],[15.9724,53.0529],[16.0055,53.035],[16.0752,53.0159],[16.1098,53.0185],[16.2193,53.0372],[16.2857,53.0376],[16.3459,53.0704],[16.3665,53.0875],[16.3796,53.1119],[16.4094,53.1366],[16.5095,53.1262],[16.6479,53.124],[16.692,53.1124],[16.673,53.0883],[16.6298,53.0487],[16.6331,53.0109],[16.6447,52.9672],[16.6735,52.9541],[16.7039,52.9559],[16.7399,52.9727]]]}},{"type":"Feature","properties":{"code":"PL3003","name":"gnieźnieński"},"geometry":{"type":"Polygon","coordinates":[[[17.7779,52.648],[17.8615,52.634],[17.9507,52.5774],[17.9738,52.5501],[17.9193,52.5206],[17.9186,52.4818],[17.9057,52.4551],[17.8846,52.4347],[17.8521,52.3906],[17.8266,52.3797],[17.7371,52.3758],[17.7061,52.3703],[17.5819,52.3984],[17.4915,52.4087],[17.4691,52.3933],[17.4371,52.3898],[17.38,52.4202],[17.3649,52.4665],[17.3311,52.5338],[17.2861,52.5454],[17.1853,52.5523],[17.1586,52.5711],[17.1823,52.5867],[17.3611,52.6641],[17.4457,52.7331],[17.4792,52.7209],[17.4799,52.6813],[17.5227,52.6756],[17.6058,52.7012],[17.6339,52.7005],[17.6395,52.6514],[17.6674,52.6215],[17.6958,52.6054],[17.7779,52.648]]]}},{"type":"Feature","properties":{"code":"PL3004","name":"gostyński"},"geometry":{"type":"Polygon","coordinates":[[[17.2047,51.9749],[17.2767,51.9441],[17.3417,51.8851],[17.3342,51.8593],[17.3309,51.8079],[17.3219,51.7783],[17.2925,51.7625],[17.2534,51.7583],[17.2079,51.7784],[17.1749,51.7795],[17.1586,51.7392],[17.1545,51.6977],[17.0864,51.7165],[17.0275,51.7018],[16.9282,51.6958],[16.8967,51.6991],[16.8602,51.7256],[16.8219,51.7345],[16.7313,51.7358],[16.7405,51.7917],[16.8483,51.798],[16.856,51.8439],[16.8851,51.8567],[16.8944,51.885],[16.87,51.9196],[16.9058,51.9384],[16.9713,51.955],[16.9946,51.9754],[17.0456,51.9382],[17.1005,51.9336],[17.1415,51.9437],[17.1671,51.9629],[17.2047,51.9749]]]}},{"type":"Feature","properties":{"code":"PL3005","name":"grodziski"},"geometry":{"type":"Polygon","coordinates":[[[16.5017,52.2771],[16.5798,52.2764],[16.602,52.2593],[16.6042,52.2131],[16.5976,52.1649],[16.4496,52.0364],[16.415,52.0375],[16.276,52.0611],[16.1029,52.1692],[16.0827,52.1885],[16.0706,52.2471],[16.1653,52.2315],[16.1833,52.2631],[16.2195,52.2759],[16.2877,52.2851],[16.433,52.2559],[16.4743,52.2526],[16.5017,52.2771]]]}},{"type":"Feature","properties":{"code":"PL3006","name":"jarociński"},"geometry":{"type":"Polygon","coordinates":[[[17.6922,52.0663],[17.7035,51.9593],[17.6965,51.9193],[17.6616,51.8987],[17.5575,51.8985],[17.5198,51.8901],[17.4912,51.895],[17.4037,51.8744],[17.3737,51.8773],[17.3417,51.8851],[17.2767,51.9441],[17.2047,51.9749],[17.2401,51.984],[17.3113,51.9861],[17.3203,52.0143],[17.3861,52.0121],[17.4155,52.0167],[17.452,52.0323],[17.4859,52.0589],[17.4986,52.0887],[17.5036,52.1167],[17.5385,52.1388],[17.5756,52.1432],[17.6332,52.1418],[17.661,52.1311],[17.6651,52.0941],[17.6922,52.0663]]]}},{"type":"Feature","properties":{"code":"PL3007","name":"kaliski"},"geometry":{"type":"Polygon","coordinates":[[[18.464,51.8449],[18.3733,51.6969],[18.3618,51.6447],[18.359,51.572],[18.3626,51.526],[18.3328,51.5383],[18.2582,51.5462],[18.1828,51.526],[18.1528,51.5266],[18.1778,51.5524],[18.1728,51.5774],[18.1054,51.6053],[18.09,51.6328],[18.0914,51.6656],[18.102,51.6947],[18.1226,51.7201],[18.1483,51.7332],[18.1442,51.7629],[18.1055,51.7867],[18.0436,51.7838],[17.941,51.9305],[17.9652,51.9649],[17.9565,51.9957],[18.0745,51.9796],[18.1118,51.979],[18.2044,52.0265],[18.2361,52.0304],[18.3652,51.9146],[18.4424,51.8683],[18.464,51.8449]]]}},{"type":"Feature","properties":{"code":"PL3008","name":"kępiński"},"geometry":{"type":"Polygon","coordinates":[[[18.1077,51.3632],[18.1141,51.3337],[18.1742,51.2313],[18.1707,51.1698],[18.0879,51.1663],[18.0627,51.1523],[18.0433,51.1347],[17.9635,51.1137],[17.9415,51.097],[17.9114,51.1056],[17.8753,51.1074],[17.8168,51.1394],[17.8371,51.163],[17.8153,51.1853],[17.7879,51.1944],[17.748,51.2517],[17.7546,51.3139],[17.8155,51.2953],[17.8311,51.3209],[17.8664,51.3432],[17.8991,51.3564],[17.9304,51.3584],[17.9649,51.3448],[18.0472,51.3878],[18.1077,51.3632]]]}},{"type":"Feature","properties":{"code":"PL3009","name":"kolski"},"geometry":{"type":"Polygon","coordinates":[[[18.6892,52.425],[18.6892,52.3934],[18.7715,52.3379],[18.8133,52.3419],[18.9445,52.3718],[18.9781,52.3716],[19.0423,52.3344],[19.0371,52.2745],[19.0701,52.2697],[19.0967,52.2594],[19.0922,52.226],[19.0672,52.2044],[19.0264,52.2128],[18.998,52.2114],[18.9698,52.2069],[18.9343,52.193],[18.9137,52.1587],[18.9198,52.1288],[18.9427,52.1087],[18.9272,52.0836],[18.8599,52.0838],[18.8319,52.0646],[18.7444,52.0647],[18.7138,52.0713],[18.6972,52.1039],[18.6757,52.131],[18.639,52.1238],[18.5518,52.132],[18.518,52.1402],[18.4708,52.1707],[18.5257,52.2462],[18.5077,52.2688],[18.5008,52.2945],[18.5925,52.3204],[18.6102,52.3563],[18.6213,52.4239],[18.6892,52.425]]]}},{"type":"Feature","properties":{"code":"PL3010","name":"koniński"},"geometry":{"type":"Polygon","coordinates":[[[18.6506,52.4269],[18.6213,52.4239],[18.6102,52.3563],[18.5925,52.3204],[18.5008,52.2945],[18.5077,52.2688],[18.5257,52.2462],[18.4708,52.1707],[18.2381,52.0996],[18.2292,52.0678],[18.2361,52.0304],[18.2044,52.0265],[18.1118,51.979],[18.0745,51.9796],[17.9565,51.9957],[17.9699,52.041],[17.9438,52.0877],[18.0278,52.1151],[18.024,52.2827],[18.0337,52.3371],[18.0761,52.3905],[18.0616,52.4177],[18.0341,52.4454],[18.0582,52.4651],[18.1388,52.5069],[18.2088,52.4976],[18.265,52.4844],[18.3416,52.5361],[18.3811,52.5389],[18.3798,52.5056],[18.3905,52.4761],[18.4861,52.4991],[18.5245,52.4876],[18.5615,52.469],[18.6394,52.4515],[18.6506,52.4269]],[[18.2313,52.1923],[18.2715,52.1913],[18.3031,52.2171],[18.2977,52.2573],[18.3101,52.2886],[18.2962,52.3178],[18.2261,52.328],[18.2484,52.2653],[18.203,52.2317],[18.2294,52.2189],[18.2313,52.1923]]]}},{"type":"Feature","properties":{"code":"PL3011","name":"kościański"},"geometry":{"type":"Polygon","coordinates":[[[16.7905,52.1791],[16.7989,52.1397],[16.8745,52.0871],[16.9693,52.0098],[16.9946,51.9754],[16.9713,51.955],[16.9058,51.9384],[16.87,51.9196],[16.8356,51.9316],[16.6712,51.9674],[16.4742,51.9492],[16.4409,51.9532],[16.428,51.9765],[16.445,51.9989],[16.4496,52.0364],[16.5976,52.1649],[16.7092,52.2026],[16.7496,52.1948],[16.7905,52.1791]]]}},{"type":"Feature","properties":{"code":"PL3012","name":"krotoszyński"},"geometry":{"type":"Polygon","coordinates":[[[17.5198,51.8901],[17.5368,51.8547],[17.6408,51.7978],[17.6987,51.7503],[17.6792,51.7303],[17.5713,51.6756],[17.5654,51.6404],[17.5684,51.6097],[17.5611,51.5779],[17.5049,51.6113],[17.3397,51.6452],[17.2717,51.6406],[17.2346,51.6295],[17.2334,51.6634],[17.1545,51.6977],[17.1586,51.7392],[17.1749,51.7795],[17.2079,51.7784],[17.2534,51.7583],[17.2925,51.7625],[17.3219,51.7783],[17.3309,51.8079],[17.3342,51.8593],[17.3417,51.8851],[17.4037,51.8744],[17.4912,51.895],[17.5198,51.8901]]]}},{"type":"Feature","properties":{"code":"PL3013","name":"leszczyński"},"geometry":{"type":"Polygon","coordinates":[[[16.428,51.9765],[16.4409,51.9532],[16.4742,51.9492],[16.6712,51.9674],[16.8356,51.9316],[16.87,51.9196],[16.8944,51.885],[16.8851,51.8567],[16.856,51.8439],[16.8483,51.798],[16.7405,51.7917],[16.7313,51.7358],[16.6713,51.6995],[16.6484,51.7241],[16.5657,51.7689],[16.4084,51.782],[16.4054,51.8173],[16.3831,51.8463],[16.3037,51.8875],[16.2714,51.8947],[16.2388,51.8923],[16.2057,51.8735],[16.1392,51.8871],[16.1115,51.8973],[16.1326,51.9288],[16.2494,51.9294],[16.2879,51.9392],[16.3156,51.9697],[16.366,51.9811],[16.428,51.9765]],[[16.5436,51.8121],[16.575,51.811],[16.604,51.8221],[16.6186,51.8554],[16.5965,51.8686],[16.5625,51.8648],[16.5335,51.8358],[16.5436,51.8121]]]}},{"type":"Feature","properties":{"code":"PL3014","name":"międzychodzki"},"geometry":{"type":"Polygon","coordinates":[[[16.0361,52.7274],[16.0646,52.7137],[16.3277,52.6202],[16.2698,52.5994],[16.2831,52.5727],[16.2,52.4914],[16.1474,52.5034],[16.0789,52.5059],[16.0233,52.4636],[15.9907,52.4526],[15.9588,52.4518],[15.9259,52.4746],[15.8872,52.4813],[15.7976,52.603],[15.7922,52.7063],[15.8782,52.7124],[15.9117,52.7195],[15.9379,52.7492],[15.9658,52.7474],[16.0361,52.7274]]]}},{"type":"Feature","properties":{"code":"PL3015","name":"nowotomyski"},"geometry":{"type":"Polygon","coordinates":[[[16.2,52.4914],[16.2411,52.4694],[16.4158,52.3987],[16.4759,52.3639],[16.4993,52.3446],[16.5017,52.2771],[16.4743,52.2526],[16.433,52.2559],[16.2877,52.2851],[16.2195,52.2759],[16.1833,52.2631],[16.1653,52.2315],[16.0706,52.2471],[15.8806,52.1806],[15.853,52.2055],[15.8602,52.2415],[15.8766,52.282],[15.8964,52.393],[15.8376,52.4073],[15.8182,52.4315],[15.8602,52.4448],[15.8945,52.446],[15.8872,52.4813],[15.9259,52.4746],[15.9588,52.4518],[15.9907,52.4526],[16.0233,52.4636],[16.0789,52.5059],[16.1474,52.5034],[16.2,52.4914]]]}},{"type":"Feature","properties":{"code":"PL3016","name":"obornicki"},"geometry":{"type":"Polygon","coordinates":[[[17.0161,52.8277],[17.017,52.7817],[17.0633,52.782],[17.1046,52.7723],[17.1049,52.6849],[16.9519,52.6582],[16.9218,52.6451],[16.8911,52.5967],[16.8608,52.5811],[16.7035,52.5676],[16.6071,52.6632],[16.6256,52.6877],[16.5913,52.7079],[16.5925,52.7415],[16.7026,52.7314],[16.743,52.7391],[16.7689,52.7597],[16.7898,52.7811],[16.7704,52.8093],[16.7238,52.8545],[16.7563,52.8696],[16.7949,52.8715],[16.9113,52.827],[16.9483,52.8177],[17.0161,52.8277]]]}},{"type":"Feature","properties":{"code":"PL3017","name":"ostrowski"},"geometry":{"type":"Polygon","coordinates":[[[18.0134,51.7688],[17.9999,51.7274],[18.0216,51.7109],[18.102,51.6947],[18.0914,51.6656],[18.09,51.6328],[18.1054,51.6053],[18.1728,51.5774],[18.1778,51.5524],[18.1528,51.5266],[18.1266,51.5315],[18.0501,51.5614],[17.9714,51.5672],[17.9395,51.5628],[17.8301,51.4859],[17.7925,51.4916],[17.7611,51.4725],[17.7904,51.4526],[17.7404,51.3997],[17.6908,51.4017],[17.6458,51.4135],[17.6014,51.4178],[17.5642,51.4109],[17.526,51.4565],[17.5214,51.4819],[17.5259,51.5097],[17.5588,51.5223],[17.5729,51.5443],[17.5611,51.5779],[17.5684,51.6097],[17.5654,51.6404],[17.5713,51.6756],[17.6792,51.7303],[17.6987,51.7503],[17.6408,51.7978],[17.7185,51.8134],[17.7544,51.8119],[17.9812,51.7788],[18.0134,51.7688]]]}},{"type":"Feature","properties":{"code":"PL3018","name":"ostrzeszowski"},"geometry":{"type":"Polygon","coordinates":[[[18.1266,51.5315],[18.1828,51.526],[18.2582,51.5462],[18.3328,51.5383],[18.3626,51.526],[18.3743,51.4866],[18.3311,51.4131],[18.2331,51.4493],[18.1995,51.4383],[18.2,51.4028],[18.1077,51.3632],[18.0472,51.3878],[17.9649,51.3448],[17.9304,51.3584],[17.8991,51.3564],[17.8664,51.3432],[17.8311,51.3209],[17.8155,51.2953],[17.7546,51.3139],[17.7284,51.3396],[17.7149,51.363],[17.7404,51.3997],[17.7904,51.4526],[17.7611,51.4725],[17.7925,51.4916],[17.8301,51.4859],[17.9395,51.5628],[17.9714,51.5672],[18.0501,51.5614],[18.1266,51.5315]]]}},{"type":"Feature","properties":{"code":"PL3019","name":"pilski"},"geometry":{"type":"Polygon","coordinates":[[[17.4329,53.2708],[17.4182,53.2473],[17.3612,53.226],[17.3382,53.2079],[17.3634,53.1757],[17.3807,53.1397],[17.3262,53.0809],[16.8445,53.0543],[16.8038,53.0462],[16.766,53.0142],[16.7399,52.9727],[16.7039,52.9559],[16.6735,52.9541],[16.6447,52.9672],[16.6331,53.0109],[16.6298,53.0487],[16.673,53.0883],[16.692,53.1124],[16.6479,53.124],[16.5095,53.1262],[16.4094,53.1366],[16.5062,53.1931],[16.5399,53.2062],[16.6135,53.2137],[16.6819,53.2959],[16.7794,53.2586],[16.8102,53.2344],[16.7955,53.1988],[16.8473,53.1797],[16.9201,53.1817],[17.0351,53.234],[17.1544,53.2554],[17.2443,53.3116],[17.2584,53.3762],[17.3281,53.3482],[17.3581,53.3298],[17.4329,53.2708]]]}},{"type":"Feature","properties":{"code":"PL3020","name":"pleszewski"},"geometry":{"type":"Polygon","coordinates":[[[17.9565,51.9957],[17.9652,51.9649],[17.941,51.9305],[18.0436,51.7838],[18.0134,51.7688],[17.9812,51.7788],[17.7544,51.8119],[17.7185,51.8134],[17.6408,51.7978],[17.5368,51.8547],[17.5198,51.8901],[17.5575,51.8985],[17.6616,51.8987],[17.6965,51.9193],[17.7035,51.9593],[17.6922,52.0663],[17.7569,52.0696],[17.7931,52.0855],[17.8256,52.0803],[17.9438,52.0877],[17.9699,52.041],[17.9565,51.9957]]]}},{"type":"Feature","properties":{"code":"PL3021","name":"poznański"},"geometry":{"type":"Polygon","coordinates":[[[17.1586,52.5711],[17.1853,52.5523],[17.2861,52.5454],[17.3311,52.5338],[17.3649,52.4665],[17.38,52.4202],[17.3695,52.3847],[17.3785,52.3401],[17.3477,52.3387],[17.2678,52.315],[17.1818,52.2324],[17.0918,52.1765],[17.0515,52.1609],[16.9453,52.1784],[16.7905,52.1791],[16.7496,52.1948],[16.7092,52.2026],[16.5976,52.1649],[16.6042,52.2131],[16.602,52.2593],[16.5798,52.2764],[16.5017,52.2771],[16.4993,52.3446],[16.4759,52.3639],[16.5616,52.3909],[16.5877,52.4053],[16.6444,52.5052],[16.6679,52.5314],[16.7224,52.5438],[16.7035,52.5676],[16.8608,52.5811],[16.8911,52.5967],[16.9218,52.6451],[16.9519,52.6582],[17.053,52.6734],[17.1586,52.5711]],[[16.7405,52.4599],[16.8062,52.4147],[16.8335,52.3588],[16.8596,52.3386],[16.9622,52.3111],[17.0028,52.3135],[17.0492,52.3502],[17.0615,52.3867],[17.0541,52.4196],[16.9747,52.4408],[16.9698,52.5019],[16.8975,52.495],[16.8891,52.4702],[16.7721,52.4783],[16.7405,52.4599]]]}},{"type":"Feature","properties":{"code":"PL3022","name":"rawicki"},"geometry":{"type":"Polygon","coordinates":[[[17.1545,51.6977],[17.2334,51.6634],[17.2346,51.6295],[17.2225,51.5969],[17.2061,51.5726],[17.0542,51.5613],[17.024,51.5491],[16.9632,51.5573],[16.8863,51.5769],[16.8204,51.5663],[16.8015,51.6032],[16.7755,51.6349],[16.7352,51.6448],[16.6914,51.646],[16.6514,51.663],[16.6713,51.6995],[16.7313,51.7358],[16.8219,51.7345],[16.8602,51.7256],[16.8967,51.6991],[16.9282,51.6958],[17.0275,51.7018],[17.0864,51.7165],[17.1545,51.6977]]]}},{"type":"Feature","properties":{"code":"PL3023","name":"słupecki"},"geometry":{"type":"Polygon","coordinates":[[[18.1388,52.5069],[18.0582,52.4651],[18.0341,52.4454],[18.0616,52.4177],[18.0761,52.3905],[18.0337,52.3371],[18.024,52.2827],[18.0278,52.1151],[17.9438,52.0877],[17.8256,52.0803],[17.7931,52.0855],[17.7721,52.1168],[17.8225,52.1813],[17.792,52.1947],[17.7661,52.1999],[17.748,52.2204],[17.769,52.2438],[17.7032,52.2873],[17.7271,52.3192],[17.719,52.3477],[17.7061,52.3703],[17.7371,52.3758],[17.8266,52.3797],[17.8521,52.3906],[17.8846,52.4347],[17.9057,52.4551],[17.9186,52.4818],[17.9193,52.5206],[17.9738,52.5501],[18.0674,52.5525],[18.1015,52.5436],[18.1388,52.5069]]]}},{"type":"Feature","properties":{"code":"PL3024","name":"szamotulski"},"geometry":{"type":"Polygon","coordinates":[[[16.5925,52.7415],[16.5913,52.7079],[16.6256,52.6877],[16.6071,52.6632],[16.7224,52.5438],[16.6679,52.5314],[16.6444,52.5052],[16.5877,52.4053],[16.5616,52.3909],[16.4759,52.3639],[16.4158,52.3987],[16.2411,52.4694],[16.2,52.4914],[16.2831,52.5727],[16.2698,52.5994],[16.3277,52.6202],[16.0646,52.7137],[16.0361,52.7274],[16.1648,52.7898],[16.2834,52.7732],[16.5925,52.7415]]]}},{"type":"Feature","properties":{"code":"PL3025","name":"średzki"},"geometry":{"type":"Polygon","coordinates":[[[17.5036,52.1167],[17.4986,52.0887],[17.4859,52.0589],[17.452,52.0323],[17.4155,52.0167],[17.3861,52.0121],[17.3203,52.0143],[17.2866,52.048],[17.3047,52.0824],[17.265,52.0955],[17.1608,52.0992],[17.1306,52.1163],[17.1166,52.1488],[17.0918,52.1765],[17.1818,52.2324],[17.2678,52.315],[17.3477,52.3387],[17.3785,52.3401],[17.4118,52.326],[17.4385,52.271],[17.4765,52.2565],[17.4403,52.2077],[17.4367,52.1738],[17.4475,52.1438],[17.4651,52.115],[17.5036,52.1167]]]}},{"type":"Feature","properties":{"code":"PL3026","name":"śremski"},"geometry":{"type":"Polygon","coordinates":[[[17.0918,52.1765],[17.1166,52.1488],[17.1306,52.1163],[17.1608,52.0992],[17.265,52.0955],[17.3047,52.0824],[17.2866,52.048],[17.3203,52.0143],[17.3113,51.9861],[17.2401,51.984],[17.1671,51.9629],[17.1415,51.9437],[17.1005,51.9336],[17.0456,51.9382],[16.9946,51.9754],[16.9693,52.0098],[16.8745,52.0871],[16.7989,52.1397],[16.7905,52.1791],[16.9453,52.1784],[17.0515,52.1609],[17.0918,52.1765]]]}},{"type":"Feature","properties":{"code":"PL3027","name":"turecki"},"geometry":{"type":"Polygon","coordinates":[[[18.7138,52.0713],[18.7249,52.0315],[18.7417,51.9328],[18.7406,51.8958],[18.6878,51.8245],[18.662,51.8271],[18.5862,51.8476],[18.4941,51.8498],[18.464,51.8449],[18.4424,51.8683],[18.3652,51.9146],[18.2361,52.0304],[18.2292,52.0678],[18.2381,52.0996],[18.4708,52.1707],[18.518,52.1402],[18.5518,52.132],[18.639,52.1238],[18.6757,52.131],[18.6972,52.1039],[18.7138,52.0713]]]}},{"type":"Feature","properties":{"code":"PL3028","name":"wągrowiecki"},"geometry":{"type":"Polygon","coordinates":[[[17.5087,52.9123],[17.5035,52.8034],[17.4309,52.7708],[17.4457,52.7331],[17.3611,52.6641],[17.1823,52.5867],[17.1586,52.5711],[17.053,52.6734],[17.1049,52.6849],[17.1046,52.7723],[17.0633,52.782],[17.017,52.7817],[17.0161,52.8277],[17.057,52.8373],[17.164,52.907],[17.1814,52.9876],[17.1953,53.0149],[17.2608,53.0224],[17.286,53.0349],[17.2959,53.0764],[17.3262,53.0809],[17.3177,52.9995],[17.3264,52.9719],[17.4518,52.954],[17.4903,52.9391],[17.5087,52.9123]]]}},{"type":"Feature","properties":{"code":"PL3029","name":"wolsztyński"},"geometry":{"type":"Polygon","coordinates":[[[16.4496,52.0364],[16.445,51.9989],[16.428,51.9765],[16.366,51.9811],[16.3156,51.9697],[16.2879,51.9392],[16.2494,51.9294],[16.1326,51.9288],[16.1227,51.9622],[16.1202,51.9912],[16.0372,51.9834],[16.0048,51.973],[15.9785,51.9966],[15.9698,52.0314],[15.9832,52.0573],[15.9587,52.0747],[15.9269,52.076],[15.8836,52.0859],[15.8439,52.1095],[15.8806,52.1806],[16.0706,52.2471],[16.0827,52.1885],[16.1029,52.1692],[16.276,52.0611],[16.415,52.0375],[16.4496,52.0364]]]}},{"type":"Feature","properties":{"code":"PL3030","name":"wrzesiński"},"geometry":{"type":"Polygon","coordinates":[[[17.7061,52.3703],[17.719,52.3477],[17.7271,52.3192],[17.7032,52.2873],[17.769,52.2438],[17.748,52.2204],[17.7661,52.1999],[17.792,52.1947],[17.8225,52.1813],[17.7721,52.1168],[17.7931,52.0855],[17.7569,52.0696],[17.6922,52.0663],[17.6651,52.0941],[17.661,52.1311],[17.6332,52.1418],[17.5756,52.1432],[17.5385,52.1388],[17.5036,52.1167],[17.4651,52.115],[17.4475,52.1438],[17.4367,52.1738],[17.4403,52.2077],[17.4765,52.2565],[17.4385,52.271],[17.4118,52.326],[17.3785,52.3401],[17.3695,52.3847],[17.38,52.4202],[17.4371,52.3898],[17.4691,52.3933],[17.4915,52.4087],[17.5334,52.4065],[17.6732,52.3802],[17.7061,52.3703]]]}},{"type":"Feature","properties":{"code":"PL3031","name":"złotowski"},"geometry":{"type":"Polygon","coordinates":[[[17.3843,53.4838],[17.3562,53.4506],[17.2889,53.4041],[17.2584,53.3762],[17.2443,53.3116],[17.1544,53.2554],[17.0351,53.234],[16.9201,53.1817],[16.8844,53.1778],[16.8473,53.1797],[16.7955,53.1988],[16.8102,53.2344],[16.7794,53.2586],[16.6819,53.2959],[16.655,53.3118],[16.4936,53.3805],[16.4683,53.3972],[16.4478,53.43],[16.4403,53.4632],[16.4665,53.4862],[16.4985,53.4705],[16.6122,53.481],[16.6518,53.4961],[16.7518,53.6086],[16.7863,53.6231],[16.8933,53.6504],[16.912,53.6325],[16.9461,53.562],[16.9717,53.5536],[17.3069,53.5198],[17.3483,53.5051],[17.3843,53.4838]]]}},{"type":"Feature","properties":{"code":"PL3061","name":"Kalisz"},"geometry":{"type":"Polygon","coordinates":[[[18.102,51.6947],[18.0216,51.7109],[17.9999,51.7274],[18.0134,51.7688],[18.0436,51.7838],[18.1055,51.7867],[18.1442,51.7629],[18.1483,51.7332],[18.1226,51.7201],[18.102,51.6947]]]}},{"type":"Feature","properties":{"code":"PL3062","name":"Konin"},"geometry":{"type":"Polygon","coordinates":[[[18.2313,52.1923],[18.2294,52.2189],[18.203,52.2317],[18.2484,52.2653],[18.2261,52.328],[18.2962,52.3178],[18.3101,52.2886],[18.2977,52.2573],[18.3031,52.2171],[18.2715,52.1913],[18.2313,52.1923]]]}},{"type":"Feature","properties":{"code":"PL3063","name":"Leszno"},"geometry":{"type":"Polygon","coordinates":[[[16.5436,51.8121],[16.5335,51.8358],[16.5625,51.8648],[16.5965,51.8686],[16.6186,51.8554],[16.604,51.8221],[16.575,51.811],[16.5436,51.8121]]]}},{"type":"Feature","properties":{"code":"PL3064","name":"Poznań"},"geometry":{"type":"Polygon","coordinates":[[[16.7405,52.4599],[16.7721,52.4783],[16.8891,52.4702],[16.8975,52.495],[16.9698,52.5019],[16.9747,52.4408],[17.0541,52.4196],[17.0615,52.3867],[17.0492,52.3502],[17.0028,52.3135],[16.9622,52.3111],[16.8596,52.3386],[16.8335,52.3588],[16.8062,52.4147],[16.7405,52.4599]]]}},{"type":"Feature","properties":{"code":"PL3201","name":"białogardzki"},"geometry":{"type":"Polygon","coordinates":[[[16.4476,53.905],[16.3793,53.9063],[16.2525,53.8489],[16.2093,53.8163],[16.1738,53.8127],[16.1534,53.8351],[16.1376,53.8703],[16.1081,53.8834],[15.9287,53.9138],[15.7935,53.8941],[15.8003,53.9216],[15.7783,53.9391],[15.7493,53.9507],[15.7297,53.9731],[15.7662,54.0612],[15.8008,54.0917],[15.8605,54.1334],[15.9068,54.1401],[15.9209,54.0756],[16.0083,54.078],[16.0353,54.0988],[16.0664,54.11],[16.3681,53.9869],[16.4052,53.965],[16.4223,53.9343],[16.4476,53.905]]]}},{"type":"Feature","properties":{"code":"PL3202","name":"choszczeński"},"geometry":{"type":"Polygon","coordinates":[[[16.0144,53.2235],[15.9803,53.1649],[15.9798,53.1212],[15.9543,53.1163],[15.901,53.1191],[15.8599,53.1044],[15.7816,53.0166],[15.7518,52.9991],[15.7132,52.9886],[15.6115,52.9818],[15.5828,52.9842],[15.5623,53.0031],[15.5289,53.0054],[15.4644,52.9872],[15.3746,52.949],[15.2957,52.9527],[15.2706,52.9799],[15.2115,53.0743],[15.2401,53.0997],[15.3555,53.1632],[15.3312,53.1818],[15.2606,53.2182],[15.2792,53.2418],[15.3117,53.2491],[15.4816,53.2425],[15.4759,53.3037],[15.5621,53.3349],[15.5887,53.3375],[15.6151,53.3103],[15.6423,53.2911],[15.7443,53.2951],[15.7822,53.2771],[15.8056,53.2413],[15.8395,53.225],[15.9166,53.2142],[16.0144,53.2235]]]}},{"type":"Feature","properties":{"code":"PL3203","name":"drawski"},"geometry":{"type":"Polygon","coordinates":[[[16.2468,53.6794],[16.4665,53.4862],[16.393,53.4293],[16.1573,53.3771],[16.0259,53.3998],[15.9999,53.3964],[15.9798,53.3674],[15.9973,53.3232],[16.0374,53.3149],[16.0673,53.2884],[16.0448,53.2536],[16.0144,53.2235],[15.9166,53.2142],[15.8395,53.225],[15.8056,53.2413],[15.7822,53.2771],[15.7443,53.2951],[15.6423,53.2911],[15.6151,53.3103],[15.5887,53.3375],[15.5975,53.4076],[15.6092,53.4331],[15.6667,53.4638],[15.687,53.4892],[15.7198,53.4957],[15.7627,53.5727],[15.7714,53.6008],[15.755,53.6674],[16.2468,53.6794]]]}},{"type":"Feature","properties":{"code":"PL3204","name":"goleniowski"},"geometry":{"type":"Polygon","coordinates":[[[15.1139,53.8057],[15.2169,53.7296],[15.2919,53.6601],[15.3104,53.6294],[15.2115,53.5895],[15.1804,53.5652],[15.2652,53.5187],[15.2169,53.4926],[15.1904,53.4859],[14.9064,53.4406],[14.7714,53.4014],[14.709,53.4304],[14.6915,53.5081],[14.6304,53.5391],[14.5544,53.6535],[14.4028,53.772],[14.4381,53.7765],[14.4675,53.7714],[14.6685,53.7681],[14.8723,53.8089],[14.9049,53.808],[14.9637,53.7792],[15.0079,53.7759],[15.0832,53.7881],[15.1139,53.8057]]]}},{"type":"Feature","properties":{"code":"PL3205","name":"gryficki"},"geometry":{"type":"Polygon","coordinates":[[[15.3716,54.1247],[15.3705,54.082],[15.401,54.0641],[15.4433,54.0509],[15.4636,53.8871],[15.4426,53.8599],[15.246,53.741],[15.2169,53.7296],[15.0615,53.848],[15.0599,53.885],[15.0682,53.9261],[15.0469,53.9518],[14.917,54.0394],[14.9398,54.0542],[15.3268,54.1278],[15.3716,54.1247]]]}},{"type":"Feature","properties":{"code":"PL3206","name":"gryfiński"},"geometry":{"type":"Polygon","coordinates":[[[14.7622,53.3457],[14.7982,53.3205],[14.832,53.3102],[14.8674,53.2914],[14.862,53.2514],[14.8333,53.251],[14.7604,53.2645],[14.7169,53.2609],[14.6903,53.1621],[14.7419,53.1105],[14.7323,53.0198],[14.6763,52.8649],[14.5643,52.7534],[14.4454,52.6853],[14.1981,52.8013],[14.1643,52.8225],[14.1705,52.8652],[14.2068,52.9573],[14.2269,52.9899],[14.3051,53.0255],[14.3339,53.0436],[14.3665,53.0763],[14.4395,53.2641],[14.4606,53.2862],[14.5296,53.3361],[14.5653,53.3345],[14.6011,53.3522],[14.6391,53.3623],[14.7285,53.3376],[14.7622,53.3457]]]}},{"type":"Feature","properties":{"code":"PL3207","name":"kamieński"},"geometry":{"type":"Polygon","coordinates":[[[14.917,54.0394],[15.0469,53.9518],[15.0682,53.9261],[15.0599,53.885],[15.0615,53.848],[15.1139,53.8057],[15.0832,53.7881],[15.0079,53.7759],[14.9637,53.7792],[14.9049,53.808],[14.8723,53.8089],[14.6685,53.7681],[14.4675,53.7714],[14.4381,53.7765],[14.3744,53.942],[14.3974,53.9558],[14.5948,53.9873],[14.8728,54.0413],[14.917,54.0394]]]}},{"type":"Feature","properties":{"code":"PL3208","name":"kołobrzeski"},"geometry":{"type":"Polygon","coordinates":[[[15.8605,54.1334],[15.8008,54.0917],[15.7662,54.0612],[15.7297,53.9731],[15.559,53.8873],[15.5361,53.8704],[15.4636,53.8871],[15.4433,54.0509],[15.401,54.0641],[15.3705,54.082],[15.3716,54.1247],[15.4057,54.1427],[15.7797,54.2122],[15.8131,54.2153],[15.8564,54.1676],[15.8605,54.1334]]]}},{"type":"Feature","properties":{"code":"PL3209","name":"koszaliński"},"geometry":{"type":"Polygon","coordinates":[[[16.7298,54.2288],[16.7409,54.1906],[16.7784,54.1249],[16.7977,54.1021],[16.7951,53.9887],[16.7374,53.8964],[16.7062,53.8917],[16.4476,53.905],[16.4223,53.9343],[16.4052,53.965],[16.3681,53.9869],[16.0664,54.11],[16.0353,54.0988],[16.0083,54.078],[15.9209,54.0756],[15.9068,54.1401],[15.8605,54.1334],[15.8564,54.1676],[15.8131,54.2153],[16.1199,54.2794],[16.2518,54.3349],[16.4497,54.2328],[16.4786,54.2224],[16.7298,54.2288]],[[16.1804,54.2666],[16.1447,54.2441],[16.1183,54.2156],[16.1762,54.1454],[16.2067,54.1507],[16.2765,54.1784],[16.3089,54.1966],[16.2797,54.2199],[16.2149,54.2586],[16.1804,54.2666]]]}},{"type":"Feature","properties":{"code":"PL3210","name":"myśliborski"},"geometry":{"type":"Polygon","coordinates":[[[15.2957,52.9527],[15.3162,52.9029],[15.0788,52.8322],[14.9355,52.8746],[14.9046,52.8575],[14.8237,52.7829],[14.8016,52.7443],[14.7839,52.6987],[14.7561,52.6629],[14.728,52.6381],[14.6274,52.6547],[14.585,52.6277],[14.5525,52.6305],[14.4454,52.6853],[14.5643,52.7534],[14.6763,52.8649],[14.7323,53.0198],[14.8161,53.0147],[14.8412,53.0518],[14.8732,53.0546],[14.9073,53.0339],[14.9085,52.992],[14.9488,52.982],[15.0229,52.9878],[15.0341,53.0209],[15.0359,53.0531],[15.113,53.0341],[15.1511,53.0378],[15.1841,53.0645],[15.2115,53.0743],[15.2706,52.9799],[15.2957,52.9527]]]}},{"type":"Feature","properties":{"code":"PL3211","name":"policki"},"geometry":{"type":"Polygon","coordinates":[[[14.4028,53.772],[14.5544,53.6535],[14.6304,53.5391],[14.6021,53.5264],[14.5167,53.5081],[14.4712,53.4881],[14.4753,53.4513],[14.489,53.3995],[14.558,53.363],[14.5296,53.3361],[14.4606,53.2862],[14.4395,53.2641],[14.4322,53.2956],[14.4055,53.3267],[14.4072,53.3554],[14.2751,53.7923],[14.3067,53.7827],[14.4028,53.772]]]}},{"type":"Feature","properties":{"code":"PL3212","name":"pyrzycki"},"geometry":{"type":"Polygon","coordinates":[[[14.8333,53.251],[14.8943,53.2484],[15.029,53.2585],[15.0479,53.2323],[15.0581,53.1964],[15.0889,53.1779],[15.2017,53.1401],[15.2115,53.0743],[15.1841,53.0645],[15.1511,53.0378],[15.113,53.0341],[15.0359,53.0531],[15.0341,53.0209],[15.0229,52.9878],[14.9488,52.982],[14.9085,52.992],[14.9073,53.0339],[14.8732,53.0546],[14.8412,53.0518],[14.8161,53.0147],[14.7323,53.0198],[14.7419,53.1105],[14.6903,53.1621],[14.7169,53.2609],[14.7604,53.2645],[14.8333,53.251]]]}},{"type":"Feature","properties":{"code":"PL3213","name":"sławieński"},"geometry":{"type":"Polygon","coordinates":[[[16.7298,54.2288],[16.4786,54.2224],[16.4497,54.2328],[16.2518,54.3349],[16.2988,54.3675],[16.4366,54.4898],[16.5104,54.53],[16.5394,54.5425],[16.6223,54.5602],[16.6946,54.5643],[16.8136,54.4739],[16.831,54.4404],[16.8563,54.3096],[16.8535,54.2701],[16.766,54.2358],[16.7298,54.2288]]]}},{"type":"Feature","properties":{"code":"PL3214","name":"stargardzki"},"geometry":{"type":"Polygon","coordinates":[[[15.687,53.4892],[15.6667,53.4638],[15.6092,53.4331],[15.5975,53.4076],[15.5887,53.3375],[15.5621,53.3349],[15.4759,53.3037],[15.4816,53.2425],[15.3117,53.2491],[15.2792,53.2418],[15.2606,53.2182],[15.3312,53.1818],[15.3555,53.1632],[15.2401,53.0997],[15.2115,53.0743],[15.2017,53.1401],[15.0889,53.1779],[15.0581,53.1964],[15.0479,53.2323],[15.029,53.2585],[14.8943,53.2484],[14.862,53.2514],[14.8674,53.2914],[14.832,53.3102],[14.7982,53.3205],[14.7622,53.3457],[14.7459,53.3801],[14.7714,53.4014],[14.9064,53.4406],[15.1904,53.4859],[15.2169,53.4926],[15.2652,53.5187],[15.3854,53.5461],[15.4157,53.5333],[15.507,53.475],[15.5421,53.4828],[15.5788,53.4997],[15.6122,53.5014],[15.687,53.4892]]]}},{"type":"Feature","properties":{"code":"PL3215","name":"szczecinecki"},"geometry":{"type":"Polygon","coordinates":[[[16.9751,53.9094],[16.9754,53.879],[16.8713,53.8678],[16.8678,53.8309],[16.9278,53.7936],[16.8837,53.7633],[16.8637,53.7391],[16.8888,53.6802],[16.8933,53.6504],[16.7863,53.6231],[16.7518,53.6086],[16.6518,53.4961],[16.6122,53.481],[16.4985,53.4705],[16.4665,53.4862],[16.2468,53.6794],[16.2501,53.7179],[16.2093,53.8163],[16.2525,53.8489],[16.3793,53.9063],[16.7062,53.8917],[16.7374,53.8964],[16.7951,53.9887],[16.9751,53.9094]]]}},{"type":"Feature","properties":{"code":"PL3216","name":"świdwiński"},"geometry":{"type":"Polygon","coordinates":[[[16.2093,53.8163],[16.2501,53.7179],[16.2468,53.6794],[15.755,53.6674],[15.6111,53.7489],[15.5879,53.7767],[15.5361,53.8704],[15.559,53.8873],[15.7297,53.9731],[15.7493,53.9507],[15.7783,53.9391],[15.8003,53.9216],[15.7935,53.8941],[15.9287,53.9138],[16.1081,53.8834],[16.1376,53.8703],[16.1534,53.8351],[16.1738,53.8127],[16.2093,53.8163]]]}},{"type":"Feature","properties":{"code":"PL3217","name":"wałecki"},"geometry":{"type":"Polygon","coordinates":[[[16.6819,53.2959],[16.6135,53.2137],[16.5399,53.2062],[16.5062,53.1931],[16.4094,53.1366],[16.3796,53.1119],[16.3665,53.0875],[16.3459,53.0704],[16.2857,53.0376],[16.2193,53.0372],[16.0752,53.0159],[16.0055,53.035],[15.9724,53.0529],[15.9909,53.0834],[15.9798,53.1212],[15.9803,53.1649],[16.0144,53.2235],[16.0448,53.2536],[16.0673,53.2884],[16.0374,53.3149],[15.9973,53.3232],[15.9798,53.3674],[15.9999,53.3964],[16.0259,53.3998],[16.1573,53.3771],[16.393,53.4293],[16.4403,53.4632],[16.4478,53.43],[16.4683,53.3972],[16.4936,53.3805],[16.655,53.3118],[16.6819,53.2959]]]}},{"type":"Feature","properties":{"code":"PL3218","name":"łobeski"},"geometry":{"type":"Polygon","coordinates":[[[15.5361,53.8704],[15.5879,53.7767],[15.6111,53.7489],[15.755,53.6674],[15.7714,53.6008],[15.7627,53.5727],[15.7198,53.4957],[15.687,53.4892],[15.6122,53.5014],[15.5788,53.4997],[15.5421,53.4828],[15.507,53.475],[15.4157,53.5333],[15.3854,53.5461],[15.2652,53.5187],[15.1804,53.5652],[15.2115,53.5895],[15.3104,53.6294],[15.2919,53.6601],[15.2169,53.7296],[15.246,53.741],[15.4426,53.8599],[15.4636,53.8871],[15.5361,53.8704]]]}},{"type":"Feature","properties":{"code":"PL3261","name":"Koszalin"},"geometry":{"type":"Polygon","coordinates":[[[16.1804,54.2666],[16.2149,54.2586],[16.2797,54.2199],[16.3089,54.1966],[16.2765,54.1784],[16.2067,54.1507],[16.1762,54.1454],[16.1183,54.2156],[16.1447,54.2441],[16.1804,54.2666]]]}},{"type":"Feature","properties":{"code":"PL3262","name":"Szczecin"},"geometry":{"type":"Polygon","coordinates":[[[14.7714,53.4014],[14.7459,53.3801],[14.7622,53.3457],[14.7285,53.3376],[14.6391,53.3623],[14.6011,53.3522],[14.5653,53.3345],[14.5296,53.3361],[14.558,53.363],[14.489,53.3995],[14.4753,53.4513],[14.4712,53.4881],[14.5167,53.5081],[14.6021,53.5264],[14.6304,53.5391],[14.6915,53.5081],[14.709,53.4304],[14.7714,53.4014]]]}},{"type":"Feature","properties":{"code":"PL3263","name":"Świnoujście"},"geometry":{"type":"Polygon","coordinates":[[[14.3744,53.942],[14.4381,53.7765],[14.4028,53.772],[14.3067,53.7827],[14.2751,53.7923],[14.2413,53.9025],[14.236,53.9348],[14.3449,53.9475],[14.3744,53.942]]]}},{"type":"Feature","properties":{"code":"PL801","name":"Strefa brzegowa wschodnia"},"geometry":{"type":"Polygon","coordinates":[[[19.7693,54.4508],[19.725,54.4475],[19.6394,54.455],[19.5743,54.4272],[19.4673,54.396],[19.3691,54.3747],[19.2249,54.3552],[19.0689,54.3482],[18.8945,54.3493],[18.7202,54.3799],[18.5834,54.4331],[18.5567,54.4612],[18.564,54.4989],[18.5557,54.5548],[18.4866,54.671],[18.4634,54.6965],[18.4292,54.7089],[18.3997,54.7276],[18.4082,54.7681],[18.4281,54.795],[18.6462,54.7114],[18.7062,54.6835],[18.757,54.6564],[18.7758,54.6263],[18.8163,54.6057],[18.8152,54.6335],[18.7922,54.649],[18.757,54.6564],[18.6462,54.7114],[18.456,54.7815],[18.4281,54.795],[18.4044,54.8086],[18.3204,54.8376],[17.9818,54.834],[17.7742,54.8084],[17.7324,54.7972],[17.6974,54.7979],[17.523,54.774],[17.4949,54.7654],[17.4627,54.7657],[17.3669,54.7524],[17.2202,54.7247],[16.7162,54.578],[16.6946,54.5643],[16.5486,54.7047],[16.5319,54.7335],[17.1652,54.9175],[17.4884,54.9544],[17.7794,54.9996],[18.1232,55.0242],[18.5105,54.9929],[18.8766,54.8838],[18.9099,54.8702],[19.3462,54.6674],[19.6048,54.5579],[19.6464,54.537],[19.7301,54.4841],[19.7693,54.4508]]]}},{"type":"Feature","properties":{"code":"PL802","name":"Strefa brzegowa zachodnia"},"geometry":{"type":"Polygon","coordinates":[[[16.6946,54.5643],[16.6223,54.5602],[16.5394,54.5425],[16.5104,54.53],[16.4366,54.4898],[16.2988,54.3675],[16.2518,54.3349],[16.1199,54.2794],[16.0791,54.2684],[15.8131,54.2153],[15.4057,54.1427],[15.3716,54.1247],[15.3268,54.1278],[14.9398,54.0542],[14.917,54.0394],[14.8728,54.0413],[14.5948,53.9873],[14.3974,53.9558],[14.3744,53.942],[14.3449,53.9475],[14.236,53.9348],[14.4168,54.2116],[14.4498,54.2086],[14.5591,54.1852],[14.6025,54.1908],[15.3113,54.3445],[16.0022,54.4621],[16.0882,54.5345],[16.3133,54.6816],[16.5319,54.7335],[16.5486,54.7047],[16.6946,54.5643]]]}},{"type":"Feature","properties":{"code":"PL803","name":"Coastal Zone West"},"geometry":{"type":"Polygon","coordinates":[[[16.0552,54.4701],[16.209,54.3177],[16.118,54.2791],[16.0302,54.2584],[15.8485,54.2411],[15.6762,54.2012],[15.5787,54.1863],[15.554,54.187],[15.524,54.1746],[15.4849,54.1661],[15.4287,54.1653],[15.2842,54.1466],[14.9296,54.0615],[14.7294,54.0225],[14.6679,54.0033],[14.4982,53.9633],[14.4516,53.9341],[14.3964,53.9167],[14.3348,53.9106],[14.2782,53.9243],[14.2562,53.922],[14.2283,53.9278],[14.2494,54.0076],[14.2268,54.0815],[14.276,54.1069],[14.3386,54.1088],[15.235,54.313],[15.3566,54.3223],[15.4729,54.3504],[15.63,54.3651],[15.7952,54.4006],[15.9553,54.4172],[16.0215,54.4465],[16.0552,54.4701]]]}},{"type":"Feature","properties":{"code":"PL804","name":"Coastal Zone Center"},"geometry":{"type":"Polygon","coordinates":[[[18.2619,55.0076],[18.2651,54.8338],[18.0712,54.8339],[17.917,54.8262],[17.6125,54.7743],[17.4654,54.7561],[17.3568,54.7498],[17.2434,54.7299],[17.0501,54.6695],[16.9644,54.6183],[16.8939,54.5924],[16.8507,54.5891],[16.7615,54.5691],[16.6754,54.5681],[16.6216,54.5606],[16.5297,54.5404],[16.4341,54.489],[16.3977,54.4503],[16.3744,54.4389],[16.3149,54.3841],[16.209,54.3177],[16.055,54.4703],[16.2091,54.5909],[16.3836,54.6878],[16.573,54.7295],[16.7619,54.7428],[16.9426,54.817],[17.0776,54.8571],[17.4554,54.9256],[17.98,55.0019],[18.2619,55.0076]]]}},{"type":"Feature","properties":{"code":"PL805","name":"Coastal Zone East"},"geometry":{"type":"Polygon","coordinates":[[[19.6134,54.4454],[19.5096,54.4058],[19.379,54.3745],[19.2276,54.3543],[19.0625,54.3449],[18.9809,54.346],[18.9645,54.3516],[18.9549,54.3608],[18.9462,54.3578],[18.9473,54.3628],[18.9371,54.3517],[18.924,54.3469],[18.8596,54.3503],[18.7838,54.3692],[18.7262,54.3764],[18.7113,54.3832],[18.6945,54.4024],[18.6623,54.4126],[18.6487,54.408],[18.6204,54.4153],[18.5846,54.4346],[18.5636,54.4559],[18.5616,54.474],[18.5695,54.4858],[18.5502,54.5148],[18.5607,54.5176],[18.5598,54.5304],[18.5494,54.5302],[18.5483,54.5354],[18.5523,54.5407],[18.5606,54.5409],[18.5597,54.5502],[18.5456,54.5786],[18.5143,54.6095],[18.5121,54.634],[18.4864,54.6302],[18.469,54.6332],[18.4693,54.6431],[18.475,54.6495],[18.4637,54.6608],[18.4652,54.6842],[18.4724,54.6944],[18.4209,54.7208],[18.3935,54.7297],[18.4001,54.7539],[18.4193,54.7715],[18.4209,54.7866],[18.4267,54.7881],[18.5229,54.755],[18.5295,54.7485],[18.6147,54.7234],[18.6562,54.6993],[18.6677,54.6995],[18.6767,54.6928],[18.6887,54.6943],[18.7185,54.6768],[18.7703,54.6309],[18.7803,54.6157],[18.7984,54.6087],[18.809,54.5934],[18.8207,54.5973],[18.8289,54.6071],[18.8256,54.6219],[18.7802,54.6556],[18.6938,54.6972],[18.4416,54.7852],[18.4163,54.7986],[18.3573,54.8182],[18.3378,54.8328],[18.2651,54.8338],[18.2619,55.0076],[18.3276,55.009],[18.3887,55.0015],[18.434,54.9873],[18.5047,54.9491],[18.8844,54.8185],[19.02,54.7462],[19.1882,54.678],[19.381,54.5843],[19.6134,54.4454]]]}}]}